[0;34m[INFO][0m === FineWeb Elasticsearch Indexing Started ===
[0;34m[INFO][0m Timestamp: Wed Oct  1 19:30:12 CEST 2025
[0;34m[INFO][0m Script: /var/spool/slurmd/job915744/slurm_script
[0;34m[INFO][0m Working directory: /capstor/scratch/cscs/inesaltemir
[0;34m[INFO][0m === SLURM Job Configuration ===
Job ID: 915744
Node: nid006804
CPUs: 8
Memory: 262144MB
=============================
[0;34m[INFO][0m === Indexing Configuration ===
Data Directory: /capstor/scratch/cscs/inesaltemir/detokenized_output/poison
Batch Size: 12500
Elasticsearch: localhost:9200
Index Name: poison
File Start Range: 
File End Range: 
Log Level: INFO
ES Java Opts: 
ES Java Opts: 
ES Data Path: /usr/share/elasticsearch/data
ES Logs Path: /usr/share/elasticsearch/logs
============================
[0;34m[INFO][0m System resource monitoring:
Memory usage:
              total        used        free      shared  buff/cache   available
Mem:          854Gi        19Gi       813Gi       5.9Gi        21Gi       778Gi
Swap:            0B          0B          0B
Disk usage:
Filesystem                                                                              Size  Used Avail Use% Mounted on
fuse-overlayfs-1.13                                                                     428G  4.0M  428G   1% /
devtmpfs                                                                                4.0M     0  4.0M   0% /dev
tmpfs                                                                                   405G  203M  405G   1% /dev/shm
tmpfs                                                                                   428G  4.0M  428G   1% /dev/shm/inesaltemir/enrootrun
tmpfs                                                                                   428G     0  428G   0% /tmp
tmpfs                                                                                   428G     0  428G   0% /run
tmpfs                                                                                   428G     0  428G   0% /run/lock
none                                                                                    239G  5.4G  233G   3% /etc/hosts
none                                                                                    239G  5.4G  233G   3% /etc/motd
[0;34m[INFO][0m Validating data directory: /capstor/scratch/cscs/inesaltemir/detokenized_output/poison
[0;32m[SUCCESS][0m Found 1 parquet files in data directory
[0;34m[INFO][0m Starting Elasticsearch server with Java environment fix
[0;34m[INFO][0m === Configuring Java Environment ===
[0;34m[INFO][0m Testing Java installation...
[0;32m[SUCCESS][0m Java test successful
[0;34m[INFO][0m Testing Elasticsearch binary...
Version: 7.17.28, Build: default/docker/139cb5a961d8de68b8e02c45cc47f5289a3623af/2025-02-20T09:05:31.349013687Z, JVM: 22.0.2
[0;32m[SUCCESS][0m Elasticsearch binary test successful
[0;34m[INFO][0m Using heap settings: -Xms30g -Xmx30g -XX:+UseG1GC -XX:MaxGCPauseMillis=200
[0;34m[INFO][0m === Starting Elasticsearch ===
[0;34m[INFO][0m ES Data Directory: /iopsstor/scratch/cscs/inesaltemir/es-data-septemberv1-poison-915744
[0;34m[INFO][0m ES Logs Directory: /iopsstor/scratch/cscs/inesaltemir/es-logs-septemberv1-poison-915744
[0;34m[INFO][0m Elasticsearch started with PID: 139151
[0;34m[INFO][0m Using index config: 
[0;34m[INFO][0m Waiting for Elasticsearch to be ready...
[0;32m[SUCCESS][0m Elasticsearch is ready at 127.0.0.1:9200
<!-- IE friendly error message walkround.        
     if error message from server is less than   
     512 bytes IE v5+ will use its own error     
     message instead of the one returned by      
     server.                                 --> 
                                                 
                                                 
                                                 
                                                 
                                                 
[0;34m[INFO][0m Starting FineWeb dataset indexing...
[0;34m[INFO][0m Processing all files (no file range specified)
Error occurred during initialization of VM
Multiple garbage collectors selected
{"type": "server", "timestamp": "2025-10-01T19:30:20,469+02:00", "level": "INFO", "component": "o.e.n.Node", "cluster.name": "docker-cluster", "node.name": "nid006804", "message": "version[7.17.28], pid[139151], build[default/docker/139cb5a961d8de68b8e02c45cc47f5289a3623af/2025-02-20T09:05:31.349013687Z], OS[Linux/5.14.21-150500.55.65_13.0.74-cray_shasta_c_64k/aarch64], JVM[Oracle Corporation/OpenJDK 64-Bit Server VM/22.0.2/22.0.2+9-70]" }
{"type": "server", "timestamp": "2025-10-01T19:30:20,472+02:00", "level": "INFO", "component": "o.e.n.Node", "cluster.name": "docker-cluster", "node.name": "nid006804", "message": "JVM home [/usr/share/elasticsearch/jdk], using bundled JDK [true]" }
{"type": "server", "timestamp": "2025-10-01T19:30:20,472+02:00", "level": "INFO", "component": "o.e.n.Node", "cluster.name": "docker-cluster", "node.name": "nid006804", "message": "JVM arguments [-Xshare:auto, -Des.networkaddress.cache.ttl=60, -Des.networkaddress.cache.negative.ttl=10, -XX:+AlwaysPreTouch, -Xss1m, -Djava.awt.headless=true, -Dfile.encoding=UTF-8, -Djna.nosys=true, -XX:-OmitStackTraceInFastThrow, -XX:+ShowCodeDetailsInExceptionMessages, -Dio.netty.noUnsafe=true, -Dio.netty.noKeySetOptimization=true, -Dio.netty.recycler.maxCapacityPerThread=0, -Dio.netty.allocator.numDirectArenas=0, -Dlog4j.shutdownHookEnabled=false, -Dlog4j2.disable.jmx=true, -Dlog4j2.formatMsgNoLookups=true, -Djava.locale.providers=SPI,COMPAT, --add-opens=java.base/java.io=ALL-UNNAMED, -Djava.security.manager=allow, -XX:+UseG1GC, -Djava.io.tmpdir=/tmp/elasticsearch-3791675595053733688, -XX:+HeapDumpOnOutOfMemoryError, -XX:+ExitOnOutOfMemoryError, -XX:HeapDumpPath=data, -XX:ErrorFile=logs/hs_err_pid%p.log, -Xlog:gc*,gc+age=trace,safepoint:file=logs/gc.log:utctime,pid,tags:filecount=32,filesize=64m, -XX:+UnlockDiagnosticVMOptions, -XX:G1NumCollectionsKeepPinned=10000000, -Des.cgroups.hierarchy.override=/, -Xms30g, -Xmx30g, -XX:+UseG1GC, -XX:MaxGCPauseMillis=200, -XX:MaxDirectMemorySize=16106127360, -XX:InitiatingHeapOccupancyPercent=30, -XX:G1ReservePercent=25, -Des.path.home=/usr/share/elasticsearch, -Des.path.conf=/usr/share/elasticsearch/config, -Des.distribution.flavor=default, -Des.distribution.type=docker, -Des.bundled_jdk=true]" }
2025-10-01 19:30:20,686 - INFO - === ENHANCED HARDWARE METRICS AT START ===
2025-10-01 19:30:20,687 - INFO - Process Memory:
2025-10-01 19:30:20,687 - INFO -   RSS: 0.12 GB
2025-10-01 19:30:20,687 - INFO -   VMS: 2.28 GB
2025-10-01 19:30:20,687 - INFO -   Percent: 0.0%
2025-10-01 19:30:20,687 - INFO - System Memory:
2025-10-01 19:30:20,687 - INFO -   Used: 12.8%
2025-10-01 19:30:20,687 - INFO -   Available: 744.97 GB
2025-10-01 19:30:20,687 - INFO -   Cached: 22.08 GB
2025-10-01 19:30:20,687 - INFO - CPU Usage:
2025-10-01 19:30:20,687 - INFO -   Process: 0.0%
2025-10-01 19:30:20,688 - INFO -   System: 0.6%
2025-10-01 19:30:20,688 - INFO -   Per Core: [1.0, 0.0, 0.0, 0.0, 0.0, 0.0, 0.0, 0.0, 0.0, 1.0, 0.0, 0.0, 0.0, 0.0, 0.0, 0.0, 0.0, 0.0, 0.0, 0.0, 0.0, 2.0, 1.0, 0.0, 0.0, 0.0, 0.0, 0.0, 0.0, 1.0, 0.0, 1.0, 0.0, 0.0, 0.0, 0.0, 0.0, 0.0, 0.0, 0.0, 0.0, 0.0, 0.0, 0.0, 0.0, 0.0, 0.0, 0.0, 0.0, 0.0, 0.0, 1.0, 0.0, 2.0, 31.2, 6.9, 27.3, 4.0, 8.9, 16.0, 16.5, 25.0, 5.8, 4.0, 0.0, 1.0, 0.0, 0.0, 0.0, 0.0, 0.0, 0.0, 4.0, 0.0, 0.0, 0.0, 0.0, 0.0, 0.0, 0.0, 0.0, 0.0, 0.0, 0.0, 0.0, 0.0, 0.0, 0.0, 0.0, 0.0, 0.0, 0.0, 0.0, 0.0, 0.0, 0.0, 0.0, 0.0, 0.0, 0.0, 0.0, 0.0, 0.0, 0.0, 0.0, 0.0, 0.0, 0.0, 0.0, 0.0, 0.0, 0.0, 0.0, 0.0, 1.0, 0.0, 1.0, 1.0, 0.0, 0.0, 0.0, 0.0, 0.0, 0.0, 0.0, 0.0, 0.0, 0.0, 0.0, 0.0, 1.0, 1.0, 0.0, 0.0, 0.0, 0.0, 0.0, 0.0, 0.0, 0.0, 0.0, 0.0, 0.0, 0.0, 1.0, 0.0, 0.0, 0.0, 0.0, 0.0, 0.0, 0.0, 0.0, 0.0, 0.0, 0.0, 0.0, 0.0, 0.0, 0.0, 0.0, 0.0, 0.0, 0.0, 0.0, 0.0, 0.0, 0.0, 0.0, 0.0, 0.0, 0.0, 0.0, 0.0, 0.0, 0.0, 0.0, 0.0, 0.0, 0.0, 0.0, 0.0, 0.0, 0.0, 0.0, 0.0, 0.0, 0.0, 0.0, 0.0, 0.0, 0.0, 3.9, 0.0, 1.0, 0.0, 0.0, 0.0, 0.0, 0.0, 0.0, 0.0, 0.0, 0.0, 0.0, 0.0, 0.0, 0.0, 0.0, 0.0, 1.0, 0.0, 0.0, 0.0, 0.0, 0.0, 0.0, 0.0, 0.0, 0.0, 0.0, 0.0, 0.0, 0.0, 0.0, 0.0, 0.0, 0.0, 0.0, 0.0, 0.0, 0.0, 0.0, 0.0, 0.0, 0.0, 0.0, 0.0, 0.0, 0.0, 0.0, 0.0, 0.0, 0.0, 0.0, 0.0, 0.0, 0.0, 0.0, 0.0, 0.0, 0.0, 0.0, 0.0, 0.0, 0.0, 0.0, 0.0, 0.0, 0.0, 0.0, 0.0, 0.0, 0.0, 6.8, 1.0, 0.0, 0.0, 0.0, 0.0, 0.0, 0.0, 0.0, 0.0, 0.0, 0.0, 0.0, 0.0, 0.0, 0.0, 0.0, 0.0, 0.0, 0.0, 0.0, 0.0, 0.0, 0.0]
2025-10-01 19:30:20,688 - INFO - Disk I/O:
2025-10-01 19:30:20,688 - INFO -   Read: 44.49 GB
2025-10-01 19:30:20,688 - INFO -   Write: 0.00 GB
2025-10-01 19:30:20,688 - INFO -   Read Rate: 458722 ops
2025-10-01 19:30:20,688 - INFO -   Write Rate: 0 ops
2025-10-01 19:30:20,688 - INFO - Network I/O:
2025-10-01 19:30:20,688 - INFO -   Sent: 347.97 GB
2025-10-01 19:30:20,688 - INFO -   Received: 4551.35 GB
2025-10-01 19:30:20,688 - INFO - ==================================================
2025-10-01 19:30:20,690 - INFO - Processing all 1 files
2025-10-01 19:30:20,690 - INFO - Total raw data size: 0.61 GB
2025-10-01 19:30:20,690 - INFO - === FineWeb Dataset Indexing Started with SIZE-BASED Dynamic Sharding ===
2025-10-01 19:30:20,690 - INFO - Data directory: /capstor/scratch/cscs/inesaltemir/detokenized_output/poison
2025-10-01 19:30:20,690 - INFO - Files to process: 1
2025-10-01 19:30:20,690 - INFO - Batch size: 12500
2025-10-01 19:30:20,690 - INFO - Chunk size: 12000
2025-10-01 19:30:20,690 - INFO - Max chunk bytes: 75
2025-10-01 19:30:20,690 - INFO - Elasticsearch: localhost:9200
2025-10-01 19:30:20,691 - INFO - Index name: poison
2025-10-01 19:30:20,691 - INFO - Thread counts: 8
2025-10-01 19:30:20,691 - INFO - Queue size: 8
2025-10-01 19:30:20,691 - INFO - Shard size range: 10.0-50.0 GB
2025-10-01 19:30:20,691 - INFO - ES expansion factor: 3.0x
2025-10-01 19:30:20,731 - WARNING - GET http://localhost:9200/ [status:N/A request:0.040s]
Traceback (most recent call last):
  File "/usr/local/lib/python3.8/dist-packages/urllib3/connection.py", line 174, in _new_conn
    conn = connection.create_connection(
  File "/usr/local/lib/python3.8/dist-packages/urllib3/util/connection.py", line 95, in create_connection
    raise err
  File "/usr/local/lib/python3.8/dist-packages/urllib3/util/connection.py", line 85, in create_connection
    sock.connect(sa)
ConnectionRefusedError: [Errno 111] Connection refused

During handling of the above exception, another exception occurred:

Traceback (most recent call last):
  File "/usr/local/lib/python3.8/dist-packages/elasticsearch/connection/http_urllib3.py", line 255, in perform_request
    response = self.pool.urlopen(
  File "/usr/local/lib/python3.8/dist-packages/urllib3/connectionpool.py", line 802, in urlopen
    retries = retries.increment(
  File "/usr/local/lib/python3.8/dist-packages/urllib3/util/retry.py", line 527, in increment
    raise six.reraise(type(error), error, _stacktrace)
  File "/usr/local/lib/python3.8/dist-packages/urllib3/packages/six.py", line 770, in reraise
    raise value
  File "/usr/local/lib/python3.8/dist-packages/urllib3/connectionpool.py", line 716, in urlopen
    httplib_response = self._make_request(
  File "/usr/local/lib/python3.8/dist-packages/urllib3/connectionpool.py", line 416, in _make_request
    conn.request(method, url, **httplib_request_kw)
  File "/usr/local/lib/python3.8/dist-packages/urllib3/connection.py", line 244, in request
    super(HTTPConnection, self).request(method, url, body=body, headers=headers)
  File "/usr/lib/python3.8/http/client.py", line 1256, in request
    self._send_request(method, url, body, headers, encode_chunked)
  File "/usr/lib/python3.8/http/client.py", line 1302, in _send_request
    self.endheaders(body, encode_chunked=encode_chunked)
  File "/usr/lib/python3.8/http/client.py", line 1251, in endheaders
    self._send_output(message_body, encode_chunked=encode_chunked)
  File "/usr/lib/python3.8/http/client.py", line 1011, in _send_output
    self.send(msg)
  File "/usr/lib/python3.8/http/client.py", line 951, in send
    self.connect()
  File "/usr/local/lib/python3.8/dist-packages/urllib3/connection.py", line 205, in connect
    conn = self._new_conn()
  File "/usr/local/lib/python3.8/dist-packages/urllib3/connection.py", line 186, in _new_conn
    raise NewConnectionError(
urllib3.exceptions.NewConnectionError: <urllib3.connection.HTTPConnection object at 0x40004acbe550>: Failed to establish a new connection: [Errno 111] Connection refused
2025-10-01 19:30:20,735 - WARNING - Connection attempt 1 failed: ConnectionError(<urllib3.connection.HTTPConnection object at 0x40004acbe550>: Failed to establish a new connection: [Errno 111] Connection refused) caused by: NewConnectionError(<urllib3.connection.HTTPConnection object at 0x40004acbe550>: Failed to establish a new connection: [Errno 111] Connection refused). Retrying in 10s...
{"type": "server", "timestamp": "2025-10-01T19:30:22,558+02:00", "level": "INFO", "component": "o.e.p.PluginsService", "cluster.name": "docker-cluster", "node.name": "nid006804", "message": "loaded module [aggs-matrix-stats]" }
{"type": "server", "timestamp": "2025-10-01T19:30:22,559+02:00", "level": "INFO", "component": "o.e.p.PluginsService", "cluster.name": "docker-cluster", "node.name": "nid006804", "message": "loaded module [analysis-common]" }
{"type": "server", "timestamp": "2025-10-01T19:30:22,559+02:00", "level": "INFO", "component": "o.e.p.PluginsService", "cluster.name": "docker-cluster", "node.name": "nid006804", "message": "loaded module [constant-keyword]" }
{"type": "server", "timestamp": "2025-10-01T19:30:22,559+02:00", "level": "INFO", "component": "o.e.p.PluginsService", "cluster.name": "docker-cluster", "node.name": "nid006804", "message": "loaded module [frozen-indices]" }
{"type": "server", "timestamp": "2025-10-01T19:30:22,560+02:00", "level": "INFO", "component": "o.e.p.PluginsService", "cluster.name": "docker-cluster", "node.name": "nid006804", "message": "loaded module [ingest-common]" }
{"type": "server", "timestamp": "2025-10-01T19:30:22,560+02:00", "level": "INFO", "component": "o.e.p.PluginsService", "cluster.name": "docker-cluster", "node.name": "nid006804", "message": "loaded module [ingest-geoip]" }
{"type": "server", "timestamp": "2025-10-01T19:30:22,560+02:00", "level": "INFO", "component": "o.e.p.PluginsService", "cluster.name": "docker-cluster", "node.name": "nid006804", "message": "loaded module [ingest-user-agent]" }
{"type": "server", "timestamp": "2025-10-01T19:30:22,560+02:00", "level": "INFO", "component": "o.e.p.PluginsService", "cluster.name": "docker-cluster", "node.name": "nid006804", "message": "loaded module [kibana]" }
{"type": "server", "timestamp": "2025-10-01T19:30:22,560+02:00", "level": "INFO", "component": "o.e.p.PluginsService", "cluster.name": "docker-cluster", "node.name": "nid006804", "message": "loaded module [lang-expression]" }
{"type": "server", "timestamp": "2025-10-01T19:30:22,560+02:00", "level": "INFO", "component": "o.e.p.PluginsService", "cluster.name": "docker-cluster", "node.name": "nid006804", "message": "loaded module [lang-mustache]" }
{"type": "server", "timestamp": "2025-10-01T19:30:22,560+02:00", "level": "INFO", "component": "o.e.p.PluginsService", "cluster.name": "docker-cluster", "node.name": "nid006804", "message": "loaded module [lang-painless]" }
{"type": "server", "timestamp": "2025-10-01T19:30:22,561+02:00", "level": "INFO", "component": "o.e.p.PluginsService", "cluster.name": "docker-cluster", "node.name": "nid006804", "message": "loaded module [legacy-geo]" }
{"type": "server", "timestamp": "2025-10-01T19:30:22,561+02:00", "level": "INFO", "component": "o.e.p.PluginsService", "cluster.name": "docker-cluster", "node.name": "nid006804", "message": "loaded module [mapper-extras]" }
{"type": "server", "timestamp": "2025-10-01T19:30:22,561+02:00", "level": "INFO", "component": "o.e.p.PluginsService", "cluster.name": "docker-cluster", "node.name": "nid006804", "message": "loaded module [mapper-version]" }
{"type": "server", "timestamp": "2025-10-01T19:30:22,561+02:00", "level": "INFO", "component": "o.e.p.PluginsService", "cluster.name": "docker-cluster", "node.name": "nid006804", "message": "loaded module [parent-join]" }
{"type": "server", "timestamp": "2025-10-01T19:30:22,561+02:00", "level": "INFO", "component": "o.e.p.PluginsService", "cluster.name": "docker-cluster", "node.name": "nid006804", "message": "loaded module [percolator]" }
{"type": "server", "timestamp": "2025-10-01T19:30:22,561+02:00", "level": "INFO", "component": "o.e.p.PluginsService", "cluster.name": "docker-cluster", "node.name": "nid006804", "message": "loaded module [rank-eval]" }
{"type": "server", "timestamp": "2025-10-01T19:30:22,562+02:00", "level": "INFO", "component": "o.e.p.PluginsService", "cluster.name": "docker-cluster", "node.name": "nid006804", "message": "loaded module [reindex]" }
{"type": "server", "timestamp": "2025-10-01T19:30:22,562+02:00", "level": "INFO", "component": "o.e.p.PluginsService", "cluster.name": "docker-cluster", "node.name": "nid006804", "message": "loaded module [repositories-metering-api]" }
{"type": "server", "timestamp": "2025-10-01T19:30:22,562+02:00", "level": "INFO", "component": "o.e.p.PluginsService", "cluster.name": "docker-cluster", "node.name": "nid006804", "message": "loaded module [repository-encrypted]" }
{"type": "server", "timestamp": "2025-10-01T19:30:22,562+02:00", "level": "INFO", "component": "o.e.p.PluginsService", "cluster.name": "docker-cluster", "node.name": "nid006804", "message": "loaded module [repository-url]" }
{"type": "server", "timestamp": "2025-10-01T19:30:22,562+02:00", "level": "INFO", "component": "o.e.p.PluginsService", "cluster.name": "docker-cluster", "node.name": "nid006804", "message": "loaded module [runtime-fields-common]" }
{"type": "server", "timestamp": "2025-10-01T19:30:22,562+02:00", "level": "INFO", "component": "o.e.p.PluginsService", "cluster.name": "docker-cluster", "node.name": "nid006804", "message": "loaded module [search-business-rules]" }
{"type": "server", "timestamp": "2025-10-01T19:30:22,562+02:00", "level": "INFO", "component": "o.e.p.PluginsService", "cluster.name": "docker-cluster", "node.name": "nid006804", "message": "loaded module [searchable-snapshots]" }
{"type": "server", "timestamp": "2025-10-01T19:30:22,563+02:00", "level": "INFO", "component": "o.e.p.PluginsService", "cluster.name": "docker-cluster", "node.name": "nid006804", "message": "loaded module [snapshot-repo-test-kit]" }
{"type": "server", "timestamp": "2025-10-01T19:30:22,563+02:00", "level": "INFO", "component": "o.e.p.PluginsService", "cluster.name": "docker-cluster", "node.name": "nid006804", "message": "loaded module [spatial]" }
{"type": "server", "timestamp": "2025-10-01T19:30:22,563+02:00", "level": "INFO", "component": "o.e.p.PluginsService", "cluster.name": "docker-cluster", "node.name": "nid006804", "message": "loaded module [transform]" }
{"type": "server", "timestamp": "2025-10-01T19:30:22,563+02:00", "level": "INFO", "component": "o.e.p.PluginsService", "cluster.name": "docker-cluster", "node.name": "nid006804", "message": "loaded module [transport-netty4]" }
{"type": "server", "timestamp": "2025-10-01T19:30:22,563+02:00", "level": "INFO", "component": "o.e.p.PluginsService", "cluster.name": "docker-cluster", "node.name": "nid006804", "message": "loaded module [unsigned-long]" }
{"type": "server", "timestamp": "2025-10-01T19:30:22,563+02:00", "level": "INFO", "component": "o.e.p.PluginsService", "cluster.name": "docker-cluster", "node.name": "nid006804", "message": "loaded module [vector-tile]" }
{"type": "server", "timestamp": "2025-10-01T19:30:22,563+02:00", "level": "INFO", "component": "o.e.p.PluginsService", "cluster.name": "docker-cluster", "node.name": "nid006804", "message": "loaded module [vectors]" }
{"type": "server", "timestamp": "2025-10-01T19:30:22,564+02:00", "level": "INFO", "component": "o.e.p.PluginsService", "cluster.name": "docker-cluster", "node.name": "nid006804", "message": "loaded module [wildcard]" }
{"type": "server", "timestamp": "2025-10-01T19:30:22,564+02:00", "level": "INFO", "component": "o.e.p.PluginsService", "cluster.name": "docker-cluster", "node.name": "nid006804", "message": "loaded module [x-pack-aggregate-metric]" }
{"type": "server", "timestamp": "2025-10-01T19:30:22,564+02:00", "level": "INFO", "component": "o.e.p.PluginsService", "cluster.name": "docker-cluster", "node.name": "nid006804", "message": "loaded module [x-pack-analytics]" }
{"type": "server", "timestamp": "2025-10-01T19:30:22,564+02:00", "level": "INFO", "component": "o.e.p.PluginsService", "cluster.name": "docker-cluster", "node.name": "nid006804", "message": "loaded module [x-pack-async]" }
{"type": "server", "timestamp": "2025-10-01T19:30:22,564+02:00", "level": "INFO", "component": "o.e.p.PluginsService", "cluster.name": "docker-cluster", "node.name": "nid006804", "message": "loaded module [x-pack-async-search]" }
{"type": "server", "timestamp": "2025-10-01T19:30:22,564+02:00", "level": "INFO", "component": "o.e.p.PluginsService", "cluster.name": "docker-cluster", "node.name": "nid006804", "message": "loaded module [x-pack-autoscaling]" }
{"type": "server", "timestamp": "2025-10-01T19:30:22,564+02:00", "level": "INFO", "component": "o.e.p.PluginsService", "cluster.name": "docker-cluster", "node.name": "nid006804", "message": "loaded module [x-pack-ccr]" }
{"type": "server", "timestamp": "2025-10-01T19:30:22,564+02:00", "level": "INFO", "component": "o.e.p.PluginsService", "cluster.name": "docker-cluster", "node.name": "nid006804", "message": "loaded module [x-pack-core]" }
{"type": "server", "timestamp": "2025-10-01T19:30:22,565+02:00", "level": "INFO", "component": "o.e.p.PluginsService", "cluster.name": "docker-cluster", "node.name": "nid006804", "message": "loaded module [x-pack-data-streams]" }
{"type": "server", "timestamp": "2025-10-01T19:30:22,565+02:00", "level": "INFO", "component": "o.e.p.PluginsService", "cluster.name": "docker-cluster", "node.name": "nid006804", "message": "loaded module [x-pack-deprecation]" }
{"type": "server", "timestamp": "2025-10-01T19:30:22,565+02:00", "level": "INFO", "component": "o.e.p.PluginsService", "cluster.name": "docker-cluster", "node.name": "nid006804", "message": "loaded module [x-pack-enrich]" }
{"type": "server", "timestamp": "2025-10-01T19:30:22,565+02:00", "level": "INFO", "component": "o.e.p.PluginsService", "cluster.name": "docker-cluster", "node.name": "nid006804", "message": "loaded module [x-pack-eql]" }
{"type": "server", "timestamp": "2025-10-01T19:30:22,565+02:00", "level": "INFO", "component": "o.e.p.PluginsService", "cluster.name": "docker-cluster", "node.name": "nid006804", "message": "loaded module [x-pack-fleet]" }
{"type": "server", "timestamp": "2025-10-01T19:30:22,565+02:00", "level": "INFO", "component": "o.e.p.PluginsService", "cluster.name": "docker-cluster", "node.name": "nid006804", "message": "loaded module [x-pack-graph]" }
{"type": "server", "timestamp": "2025-10-01T19:30:22,565+02:00", "level": "INFO", "component": "o.e.p.PluginsService", "cluster.name": "docker-cluster", "node.name": "nid006804", "message": "loaded module [x-pack-identity-provider]" }
{"type": "server", "timestamp": "2025-10-01T19:30:22,566+02:00", "level": "INFO", "component": "o.e.p.PluginsService", "cluster.name": "docker-cluster", "node.name": "nid006804", "message": "loaded module [x-pack-ilm]" }
{"type": "server", "timestamp": "2025-10-01T19:30:22,566+02:00", "level": "INFO", "component": "o.e.p.PluginsService", "cluster.name": "docker-cluster", "node.name": "nid006804", "message": "loaded module [x-pack-logstash]" }
{"type": "server", "timestamp": "2025-10-01T19:30:22,566+02:00", "level": "INFO", "component": "o.e.p.PluginsService", "cluster.name": "docker-cluster", "node.name": "nid006804", "message": "loaded module [x-pack-ml]" }
{"type": "server", "timestamp": "2025-10-01T19:30:22,566+02:00", "level": "INFO", "component": "o.e.p.PluginsService", "cluster.name": "docker-cluster", "node.name": "nid006804", "message": "loaded module [x-pack-monitoring]" }
{"type": "server", "timestamp": "2025-10-01T19:30:22,566+02:00", "level": "INFO", "component": "o.e.p.PluginsService", "cluster.name": "docker-cluster", "node.name": "nid006804", "message": "loaded module [x-pack-ql]" }
{"type": "server", "timestamp": "2025-10-01T19:30:22,566+02:00", "level": "INFO", "component": "o.e.p.PluginsService", "cluster.name": "docker-cluster", "node.name": "nid006804", "message": "loaded module [x-pack-rollup]" }
{"type": "server", "timestamp": "2025-10-01T19:30:22,566+02:00", "level": "INFO", "component": "o.e.p.PluginsService", "cluster.name": "docker-cluster", "node.name": "nid006804", "message": "loaded module [x-pack-security]" }
{"type": "server", "timestamp": "2025-10-01T19:30:22,566+02:00", "level": "INFO", "component": "o.e.p.PluginsService", "cluster.name": "docker-cluster", "node.name": "nid006804", "message": "loaded module [x-pack-shutdown]" }
{"type": "server", "timestamp": "2025-10-01T19:30:22,567+02:00", "level": "INFO", "component": "o.e.p.PluginsService", "cluster.name": "docker-cluster", "node.name": "nid006804", "message": "loaded module [x-pack-sql]" }
{"type": "server", "timestamp": "2025-10-01T19:30:22,567+02:00", "level": "INFO", "component": "o.e.p.PluginsService", "cluster.name": "docker-cluster", "node.name": "nid006804", "message": "loaded module [x-pack-stack]" }
{"type": "server", "timestamp": "2025-10-01T19:30:22,567+02:00", "level": "INFO", "component": "o.e.p.PluginsService", "cluster.name": "docker-cluster", "node.name": "nid006804", "message": "loaded module [x-pack-text-structure]" }
{"type": "server", "timestamp": "2025-10-01T19:30:22,567+02:00", "level": "INFO", "component": "o.e.p.PluginsService", "cluster.name": "docker-cluster", "node.name": "nid006804", "message": "loaded module [x-pack-voting-only-node]" }
{"type": "server", "timestamp": "2025-10-01T19:30:22,567+02:00", "level": "INFO", "component": "o.e.p.PluginsService", "cluster.name": "docker-cluster", "node.name": "nid006804", "message": "loaded module [x-pack-watcher]" }
{"type": "server", "timestamp": "2025-10-01T19:30:22,567+02:00", "level": "INFO", "component": "o.e.p.PluginsService", "cluster.name": "docker-cluster", "node.name": "nid006804", "message": "no plugins loaded" }
{"type": "server", "timestamp": "2025-10-01T19:30:22,729+02:00", "level": "INFO", "component": "o.e.e.NodeEnvironment", "cluster.name": "docker-cluster", "node.name": "nid006804", "message": "using [1] data paths, mounts [[/iopsstor/scratch/cscs/inesaltemir (172.28.2.66@tcp,172.28.2.67@tcp:172.28.2.68@tcp,172.28.2.69@tcp:/iopsstor/scratch/cscs)]], net usable_space [1017.8tb], net total_space [2.9pb], types [lustre]" }
{"type": "server", "timestamp": "2025-10-01T19:30:22,729+02:00", "level": "INFO", "component": "o.e.e.NodeEnvironment", "cluster.name": "docker-cluster", "node.name": "nid006804", "message": "heap size [30gb], compressed ordinary object pointers [true]" }
{"type": "server", "timestamp": "2025-10-01T19:30:22,745+02:00", "level": "INFO", "component": "o.e.n.Node", "cluster.name": "docker-cluster", "node.name": "nid006804", "message": "node name [nid006804], node ID [5ya-YxEaTC22boRWwlIkFA], cluster name [docker-cluster], roles [transform, data_frozen, master, remote_cluster_client, data, ml, data_content, data_hot, data_warm, data_cold, ingest]" }
{"type": "server", "timestamp": "2025-10-01T19:30:25,735+02:00", "level": "INFO", "component": "o.e.x.m.p.l.CppLogMessageHandler", "cluster.name": "docker-cluster", "node.name": "nid006804", "message": "[controller/139641] [Main.cc@122] controller (64 bit): Version 7.17.28 (Build 733d78ce56c25b) Copyright (c) 2025 Elasticsearch BV" }
{"type": "server", "timestamp": "2025-10-01T19:30:26,062+02:00", "level": "INFO", "component": "o.e.i.g.ConfigDatabases", "cluster.name": "docker-cluster", "node.name": "nid006804", "message": "initialized default databases [[GeoLite2-Country.mmdb, GeoLite2-City.mmdb, GeoLite2-ASN.mmdb]], config databases [[]] and watching [/usr/share/elasticsearch/config/ingest-geoip] for changes" }
{"type": "server", "timestamp": "2025-10-01T19:30:26,063+02:00", "level": "INFO", "component": "o.e.i.g.DatabaseNodeService", "cluster.name": "docker-cluster", "node.name": "nid006804", "message": "initialized database registry, using geoip-databases directory [/tmp/elasticsearch-3791675595053733688/geoip-databases/5ya-YxEaTC22boRWwlIkFA]" }
{"type": "server", "timestamp": "2025-10-01T19:30:26,471+02:00", "level": "INFO", "component": "o.e.t.NettyAllocator", "cluster.name": "docker-cluster", "node.name": "nid006804", "message": "creating NettyAllocator with the following configs: [name=elasticsearch_configured, chunk_size=1mb, suggested_max_allocation_size=1mb, factors={es.unsafe.use_netty_default_chunk_and_page_size=false, g1gc_enabled=true, g1gc_region_size=16mb}]" }
{"type": "server", "timestamp": "2025-10-01T19:30:26,493+02:00", "level": "INFO", "component": "o.e.i.r.RecoverySettings", "cluster.name": "docker-cluster", "node.name": "nid006804", "message": "using rate limit [40mb] with [default=40mb, read=0b, write=0b, max=0b]" }
{"type": "server", "timestamp": "2025-10-01T19:30:26,525+02:00", "level": "INFO", "component": "o.e.d.DiscoveryModule", "cluster.name": "docker-cluster", "node.name": "nid006804", "message": "using discovery type [single-node] and seed hosts providers [settings]" }
{"type": "server", "timestamp": "2025-10-01T19:30:26,875+02:00", "level": "INFO", "component": "o.e.g.DanglingIndicesState", "cluster.name": "docker-cluster", "node.name": "nid006804", "message": "gateway.auto_import_dangling_indices is disabled, dangling indices will not be automatically detected or imported and must be managed manually" }
{"type": "server", "timestamp": "2025-10-01T19:30:27,326+02:00", "level": "INFO", "component": "o.e.n.Node", "cluster.name": "docker-cluster", "node.name": "nid006804", "message": "initialized" }
{"type": "server", "timestamp": "2025-10-01T19:30:27,326+02:00", "level": "INFO", "component": "o.e.n.Node", "cluster.name": "docker-cluster", "node.name": "nid006804", "message": "starting ..." }
{"type": "server", "timestamp": "2025-10-01T19:30:27,389+02:00", "level": "INFO", "component": "o.e.x.s.c.f.PersistentCache", "cluster.name": "docker-cluster", "node.name": "nid006804", "message": "persistent cache index loaded" }
{"type": "server", "timestamp": "2025-10-01T19:30:27,390+02:00", "level": "INFO", "component": "o.e.x.d.l.DeprecationIndexingComponent", "cluster.name": "docker-cluster", "node.name": "nid006804", "message": "deprecation component started" }
{"type": "server", "timestamp": "2025-10-01T19:30:27,633+02:00", "level": "INFO", "component": "o.e.t.TransportService", "cluster.name": "docker-cluster", "node.name": "nid006804", "message": "publish_address {127.0.0.1:9300}, bound_addresses {127.0.0.1:9300}" }
{"type": "server", "timestamp": "2025-10-01T19:30:27,640+02:00", "level": "INFO", "component": "o.e.x.m.Monitoring", "cluster.name": "docker-cluster", "node.name": "nid006804", "message": "creating template [.monitoring-alerts-7] with version [7]" }
{"type": "server", "timestamp": "2025-10-01T19:30:27,644+02:00", "level": "INFO", "component": "o.e.x.m.Monitoring", "cluster.name": "docker-cluster", "node.name": "nid006804", "message": "creating template [.monitoring-es] with version [7]" }
{"type": "server", "timestamp": "2025-10-01T19:30:27,645+02:00", "level": "INFO", "component": "o.e.x.m.Monitoring", "cluster.name": "docker-cluster", "node.name": "nid006804", "message": "creating template [.monitoring-kibana] with version [7]" }
{"type": "server", "timestamp": "2025-10-01T19:30:27,646+02:00", "level": "INFO", "component": "o.e.x.m.Monitoring", "cluster.name": "docker-cluster", "node.name": "nid006804", "message": "creating template [.monitoring-logstash] with version [7]" }
{"type": "server", "timestamp": "2025-10-01T19:30:27,649+02:00", "level": "INFO", "component": "o.e.x.m.Monitoring", "cluster.name": "docker-cluster", "node.name": "nid006804", "message": "creating template [.monitoring-beats] with version [7]" }
{"type": "server", "timestamp": "2025-10-01T19:30:27,852+02:00", "level": "INFO", "component": "o.e.c.c.Coordinator", "cluster.name": "docker-cluster", "node.name": "nid006804", "message": "setting initial configuration to VotingConfiguration{5ya-YxEaTC22boRWwlIkFA}" }
{"type": "server", "timestamp": "2025-10-01T19:30:27,951+02:00", "level": "INFO", "component": "o.e.c.s.MasterService", "cluster.name": "docker-cluster", "node.name": "nid006804", "message": "elected-as-master ([1] nodes joined)[{nid006804}{5ya-YxEaTC22boRWwlIkFA}{4juhZCZVTAaVoWrsFYFo0A}{127.0.0.1}{127.0.0.1:9300}{cdfhilmrstw} elect leader, _BECOME_MASTER_TASK_, _FINISH_ELECTION_], term: 1, version: 1, delta: master node changed {previous [], current [{nid006804}{5ya-YxEaTC22boRWwlIkFA}{4juhZCZVTAaVoWrsFYFo0A}{127.0.0.1}{127.0.0.1:9300}{cdfhilmrstw}]}" }
{"type": "server", "timestamp": "2025-10-01T19:30:27,996+02:00", "level": "INFO", "component": "o.e.c.c.CoordinationState", "cluster.name": "docker-cluster", "node.name": "nid006804", "message": "cluster UUID set to [E-O7a8BdTcWdXbNOfjTzZA]" }
{"type": "server", "timestamp": "2025-10-01T19:30:28,032+02:00", "level": "INFO", "component": "o.e.c.s.ClusterApplierService", "cluster.name": "docker-cluster", "node.name": "nid006804", "message": "master node changed {previous [], current [{nid006804}{5ya-YxEaTC22boRWwlIkFA}{4juhZCZVTAaVoWrsFYFo0A}{127.0.0.1}{127.0.0.1:9300}{cdfhilmrstw}]}, term: 1, version: 1, reason: Publication{term=1, version=1}" }
{"type": "server", "timestamp": "2025-10-01T19:30:28,065+02:00", "level": "INFO", "component": "o.e.h.AbstractHttpServerTransport", "cluster.name": "docker-cluster", "node.name": "nid006804", "message": "publish_address {127.0.0.1:9200}, bound_addresses {127.0.0.1:9200}", "cluster.uuid": "E-O7a8BdTcWdXbNOfjTzZA", "node.id": "5ya-YxEaTC22boRWwlIkFA"  }
{"type": "server", "timestamp": "2025-10-01T19:30:28,065+02:00", "level": "INFO", "component": "o.e.n.Node", "cluster.name": "docker-cluster", "node.name": "nid006804", "message": "started", "cluster.uuid": "E-O7a8BdTcWdXbNOfjTzZA", "node.id": "5ya-YxEaTC22boRWwlIkFA"  }
{"type": "server", "timestamp": "2025-10-01T19:30:28,112+02:00", "level": "INFO", "component": "o.e.g.GatewayService", "cluster.name": "docker-cluster", "node.name": "nid006804", "message": "recovered [0] indices into cluster_state", "cluster.uuid": "E-O7a8BdTcWdXbNOfjTzZA", "node.id": "5ya-YxEaTC22boRWwlIkFA"  }
{"type": "server", "timestamp": "2025-10-01T19:30:28,246+02:00", "level": "INFO", "component": "o.e.c.m.MetadataIndexTemplateService", "cluster.name": "docker-cluster", "node.name": "nid006804", "message": "adding index template [.ml-notifications-000002] for index patterns [.ml-notifications-000002]", "cluster.uuid": "E-O7a8BdTcWdXbNOfjTzZA", "node.id": "5ya-YxEaTC22boRWwlIkFA"  }
{"type": "server", "timestamp": "2025-10-01T19:30:28,307+02:00", "level": "INFO", "component": "o.e.c.m.MetadataIndexTemplateService", "cluster.name": "docker-cluster", "node.name": "nid006804", "message": "adding index template [.ml-state] for index patterns [.ml-state*]", "cluster.uuid": "E-O7a8BdTcWdXbNOfjTzZA", "node.id": "5ya-YxEaTC22boRWwlIkFA"  }
{"type": "server", "timestamp": "2025-10-01T19:30:28,370+02:00", "level": "INFO", "component": "o.e.c.m.MetadataIndexTemplateService", "cluster.name": "docker-cluster", "node.name": "nid006804", "message": "adding index template [.ml-stats] for index patterns [.ml-stats-*]", "cluster.uuid": "E-O7a8BdTcWdXbNOfjTzZA", "node.id": "5ya-YxEaTC22boRWwlIkFA"  }
{"type": "server", "timestamp": "2025-10-01T19:30:28,447+02:00", "level": "INFO", "component": "o.e.c.m.MetadataIndexTemplateService", "cluster.name": "docker-cluster", "node.name": "nid006804", "message": "adding index template [.ml-anomalies-] for index patterns [.ml-anomalies-*]", "cluster.uuid": "E-O7a8BdTcWdXbNOfjTzZA", "node.id": "5ya-YxEaTC22boRWwlIkFA"  }
{"type": "server", "timestamp": "2025-10-01T19:30:28,491+02:00", "level": "INFO", "component": "o.e.c.m.MetadataIndexTemplateService", "cluster.name": "docker-cluster", "node.name": "nid006804", "message": "adding component template [synthetics-settings]", "cluster.uuid": "E-O7a8BdTcWdXbNOfjTzZA", "node.id": "5ya-YxEaTC22boRWwlIkFA"  }
{"type": "server", "timestamp": "2025-10-01T19:30:28,534+02:00", "level": "INFO", "component": "o.e.c.m.MetadataIndexTemplateService", "cluster.name": "docker-cluster", "node.name": "nid006804", "message": "adding component template [synthetics-mappings]", "cluster.uuid": "E-O7a8BdTcWdXbNOfjTzZA", "node.id": "5ya-YxEaTC22boRWwlIkFA"  }
{"type": "server", "timestamp": "2025-10-01T19:30:28,580+02:00", "level": "INFO", "component": "o.e.c.m.MetadataIndexTemplateService", "cluster.name": "docker-cluster", "node.name": "nid006804", "message": "adding component template [metrics-settings]", "cluster.uuid": "E-O7a8BdTcWdXbNOfjTzZA", "node.id": "5ya-YxEaTC22boRWwlIkFA"  }
{"type": "server", "timestamp": "2025-10-01T19:30:28,627+02:00", "level": "INFO", "component": "o.e.c.m.MetadataIndexTemplateService", "cluster.name": "docker-cluster", "node.name": "nid006804", "message": "adding component template [data-streams-mappings]", "cluster.uuid": "E-O7a8BdTcWdXbNOfjTzZA", "node.id": "5ya-YxEaTC22boRWwlIkFA"  }
{"type": "server", "timestamp": "2025-10-01T19:30:28,691+02:00", "level": "INFO", "component": "o.e.c.m.MetadataIndexTemplateService", "cluster.name": "docker-cluster", "node.name": "nid006804", "message": "adding component template [logs-settings]", "cluster.uuid": "E-O7a8BdTcWdXbNOfjTzZA", "node.id": "5ya-YxEaTC22boRWwlIkFA"  }
{"type": "server", "timestamp": "2025-10-01T19:30:28,732+02:00", "level": "INFO", "component": "o.e.c.m.MetadataIndexTemplateService", "cluster.name": "docker-cluster", "node.name": "nid006804", "message": "adding component template [logs-mappings]", "cluster.uuid": "E-O7a8BdTcWdXbNOfjTzZA", "node.id": "5ya-YxEaTC22boRWwlIkFA"  }
{"type": "server", "timestamp": "2025-10-01T19:30:28,772+02:00", "level": "INFO", "component": "o.e.c.m.MetadataIndexTemplateService", "cluster.name": "docker-cluster", "node.name": "nid006804", "message": "adding component template [metrics-mappings]", "cluster.uuid": "E-O7a8BdTcWdXbNOfjTzZA", "node.id": "5ya-YxEaTC22boRWwlIkFA"  }
{"type": "server", "timestamp": "2025-10-01T19:30:28,819+02:00", "level": "INFO", "component": "o.e.c.m.MetadataIndexTemplateService", "cluster.name": "docker-cluster", "node.name": "nid006804", "message": "adding index template [.watch-history-13] for index patterns [.watcher-history-13*]", "cluster.uuid": "E-O7a8BdTcWdXbNOfjTzZA", "node.id": "5ya-YxEaTC22boRWwlIkFA"  }
{"type": "server", "timestamp": "2025-10-01T19:30:28,870+02:00", "level": "INFO", "component": "o.e.c.m.MetadataIndexTemplateService", "cluster.name": "docker-cluster", "node.name": "nid006804", "message": "adding index template [ilm-history] for index patterns [ilm-history-5*]", "cluster.uuid": "E-O7a8BdTcWdXbNOfjTzZA", "node.id": "5ya-YxEaTC22boRWwlIkFA"  }
{"type": "server", "timestamp": "2025-10-01T19:30:28,924+02:00", "level": "INFO", "component": "o.e.c.m.MetadataIndexTemplateService", "cluster.name": "docker-cluster", "node.name": "nid006804", "message": "adding index template [.slm-history] for index patterns [.slm-history-5*]", "cluster.uuid": "E-O7a8BdTcWdXbNOfjTzZA", "node.id": "5ya-YxEaTC22boRWwlIkFA"  }
{"type": "server", "timestamp": "2025-10-01T19:30:28,967+02:00", "level": "INFO", "component": "o.e.c.m.MetadataIndexTemplateService", "cluster.name": "docker-cluster", "node.name": "nid006804", "message": "adding component template [.deprecation-indexing-settings]", "cluster.uuid": "E-O7a8BdTcWdXbNOfjTzZA", "node.id": "5ya-YxEaTC22boRWwlIkFA"  }
{"type": "server", "timestamp": "2025-10-01T19:30:29,008+02:00", "level": "INFO", "component": "o.e.c.m.MetadataIndexTemplateService", "cluster.name": "docker-cluster", "node.name": "nid006804", "message": "adding component template [.deprecation-indexing-mappings]", "cluster.uuid": "E-O7a8BdTcWdXbNOfjTzZA", "node.id": "5ya-YxEaTC22boRWwlIkFA"  }
{"type": "server", "timestamp": "2025-10-01T19:30:29,049+02:00", "level": "INFO", "component": "o.e.c.m.MetadataIndexTemplateService", "cluster.name": "docker-cluster", "node.name": "nid006804", "message": "adding index template [synthetics] for index patterns [synthetics-*-*]", "cluster.uuid": "E-O7a8BdTcWdXbNOfjTzZA", "node.id": "5ya-YxEaTC22boRWwlIkFA"  }
{"type": "server", "timestamp": "2025-10-01T19:30:29,093+02:00", "level": "INFO", "component": "o.e.c.m.MetadataIndexTemplateService", "cluster.name": "docker-cluster", "node.name": "nid006804", "message": "adding index template [logs] for index patterns [logs-*-*]", "cluster.uuid": "E-O7a8BdTcWdXbNOfjTzZA", "node.id": "5ya-YxEaTC22boRWwlIkFA"  }
{"type": "server", "timestamp": "2025-10-01T19:30:29,140+02:00", "level": "INFO", "component": "o.e.c.m.MetadataIndexTemplateService", "cluster.name": "docker-cluster", "node.name": "nid006804", "message": "adding index template [metrics] for index patterns [metrics-*-*]", "cluster.uuid": "E-O7a8BdTcWdXbNOfjTzZA", "node.id": "5ya-YxEaTC22boRWwlIkFA"  }
{"type": "server", "timestamp": "2025-10-01T19:30:29,178+02:00", "level": "INFO", "component": "o.e.c.m.MetadataIndexTemplateService", "cluster.name": "docker-cluster", "node.name": "nid006804", "message": "adding index template [.deprecation-indexing-template] for index patterns [.logs-deprecation.*]", "cluster.uuid": "E-O7a8BdTcWdXbNOfjTzZA", "node.id": "5ya-YxEaTC22boRWwlIkFA"  }
{"type": "server", "timestamp": "2025-10-01T19:30:29,217+02:00", "level": "INFO", "component": "o.e.x.i.a.TransportPutLifecycleAction", "cluster.name": "docker-cluster", "node.name": "nid006804", "message": "adding index lifecycle policy [ml-size-based-ilm-policy]", "cluster.uuid": "E-O7a8BdTcWdXbNOfjTzZA", "node.id": "5ya-YxEaTC22boRWwlIkFA"  }
{"type": "server", "timestamp": "2025-10-01T19:30:29,285+02:00", "level": "INFO", "component": "o.e.x.i.a.TransportPutLifecycleAction", "cluster.name": "docker-cluster", "node.name": "nid006804", "message": "adding index lifecycle policy [logs]", "cluster.uuid": "E-O7a8BdTcWdXbNOfjTzZA", "node.id": "5ya-YxEaTC22boRWwlIkFA"  }
{"type": "server", "timestamp": "2025-10-01T19:30:29,323+02:00", "level": "INFO", "component": "o.e.x.i.a.TransportPutLifecycleAction", "cluster.name": "docker-cluster", "node.name": "nid006804", "message": "adding index lifecycle policy [metrics]", "cluster.uuid": "E-O7a8BdTcWdXbNOfjTzZA", "node.id": "5ya-YxEaTC22boRWwlIkFA"  }
{"type": "server", "timestamp": "2025-10-01T19:30:29,361+02:00", "level": "INFO", "component": "o.e.x.i.a.TransportPutLifecycleAction", "cluster.name": "docker-cluster", "node.name": "nid006804", "message": "adding index lifecycle policy [synthetics]", "cluster.uuid": "E-O7a8BdTcWdXbNOfjTzZA", "node.id": "5ya-YxEaTC22boRWwlIkFA"  }
{"type": "server", "timestamp": "2025-10-01T19:30:29,395+02:00", "level": "INFO", "component": "o.e.x.i.a.TransportPutLifecycleAction", "cluster.name": "docker-cluster", "node.name": "nid006804", "message": "adding index lifecycle policy [180-days-default]", "cluster.uuid": "E-O7a8BdTcWdXbNOfjTzZA", "node.id": "5ya-YxEaTC22boRWwlIkFA"  }
{"type": "server", "timestamp": "2025-10-01T19:30:29,443+02:00", "level": "INFO", "component": "o.e.x.i.a.TransportPutLifecycleAction", "cluster.name": "docker-cluster", "node.name": "nid006804", "message": "adding index lifecycle policy [7-days-default]", "cluster.uuid": "E-O7a8BdTcWdXbNOfjTzZA", "node.id": "5ya-YxEaTC22boRWwlIkFA"  }
{"type": "server", "timestamp": "2025-10-01T19:30:29,492+02:00", "level": "INFO", "component": "o.e.x.i.a.TransportPutLifecycleAction", "cluster.name": "docker-cluster", "node.name": "nid006804", "message": "adding index lifecycle policy [30-days-default]", "cluster.uuid": "E-O7a8BdTcWdXbNOfjTzZA", "node.id": "5ya-YxEaTC22boRWwlIkFA"  }
{"type": "server", "timestamp": "2025-10-01T19:30:29,529+02:00", "level": "INFO", "component": "o.e.x.i.a.TransportPutLifecycleAction", "cluster.name": "docker-cluster", "node.name": "nid006804", "message": "adding index lifecycle policy [365-days-default]", "cluster.uuid": "E-O7a8BdTcWdXbNOfjTzZA", "node.id": "5ya-YxEaTC22boRWwlIkFA"  }
{"type": "server", "timestamp": "2025-10-01T19:30:29,569+02:00", "level": "INFO", "component": "o.e.x.i.a.TransportPutLifecycleAction", "cluster.name": "docker-cluster", "node.name": "nid006804", "message": "adding index lifecycle policy [90-days-default]", "cluster.uuid": "E-O7a8BdTcWdXbNOfjTzZA", "node.id": "5ya-YxEaTC22boRWwlIkFA"  }
{"type": "server", "timestamp": "2025-10-01T19:30:29,625+02:00", "level": "INFO", "component": "o.e.x.i.a.TransportPutLifecycleAction", "cluster.name": "docker-cluster", "node.name": "nid006804", "message": "adding index lifecycle policy [watch-history-ilm-policy]", "cluster.uuid": "E-O7a8BdTcWdXbNOfjTzZA", "node.id": "5ya-YxEaTC22boRWwlIkFA"  }
{"type": "server", "timestamp": "2025-10-01T19:30:29,665+02:00", "level": "INFO", "component": "o.e.x.i.a.TransportPutLifecycleAction", "cluster.name": "docker-cluster", "node.name": "nid006804", "message": "adding index lifecycle policy [ilm-history-ilm-policy]", "cluster.uuid": "E-O7a8BdTcWdXbNOfjTzZA", "node.id": "5ya-YxEaTC22boRWwlIkFA"  }
{"type": "server", "timestamp": "2025-10-01T19:30:29,702+02:00", "level": "INFO", "component": "o.e.x.i.a.TransportPutLifecycleAction", "cluster.name": "docker-cluster", "node.name": "nid006804", "message": "adding index lifecycle policy [slm-history-ilm-policy]", "cluster.uuid": "E-O7a8BdTcWdXbNOfjTzZA", "node.id": "5ya-YxEaTC22boRWwlIkFA"  }
{"type": "server", "timestamp": "2025-10-01T19:30:29,740+02:00", "level": "INFO", "component": "o.e.x.i.a.TransportPutLifecycleAction", "cluster.name": "docker-cluster", "node.name": "nid006804", "message": "adding index lifecycle policy [.deprecation-indexing-ilm-policy]", "cluster.uuid": "E-O7a8BdTcWdXbNOfjTzZA", "node.id": "5ya-YxEaTC22boRWwlIkFA"  }
{"type": "server", "timestamp": "2025-10-01T19:30:29,801+02:00", "level": "INFO", "component": "o.e.x.i.a.TransportPutLifecycleAction", "cluster.name": "docker-cluster", "node.name": "nid006804", "message": "adding index lifecycle policy [.fleet-actions-results-ilm-policy]", "cluster.uuid": "E-O7a8BdTcWdXbNOfjTzZA", "node.id": "5ya-YxEaTC22boRWwlIkFA"  }
{"type": "server", "timestamp": "2025-10-01T19:30:29,879+02:00", "level": "INFO", "component": "o.e.i.g.GeoIpDownloader", "cluster.name": "docker-cluster", "node.name": "nid006804", "message": "updating geoip databases", "cluster.uuid": "E-O7a8BdTcWdXbNOfjTzZA", "node.id": "5ya-YxEaTC22boRWwlIkFA"  }
{"type": "server", "timestamp": "2025-10-01T19:30:29,880+02:00", "level": "INFO", "component": "o.e.i.g.GeoIpDownloader", "cluster.name": "docker-cluster", "node.name": "nid006804", "message": "fetching geoip databases overview from [https://geoip.elastic.co/v1/database?elastic_geoip_service_tos=agree]", "cluster.uuid": "E-O7a8BdTcWdXbNOfjTzZA", "node.id": "5ya-YxEaTC22boRWwlIkFA"  }
{"type": "server", "timestamp": "2025-10-01T19:30:29,961+02:00", "level": "INFO", "component": "o.e.l.LicenseService", "cluster.name": "docker-cluster", "node.name": "nid006804", "message": "license [42bcc7a7-bf3b-4a65-8130-1d679e37af4e] mode [basic] - valid", "cluster.uuid": "E-O7a8BdTcWdXbNOfjTzZA", "node.id": "5ya-YxEaTC22boRWwlIkFA"  }
2025-10-01 19:30:30,793 - INFO - GET http://localhost:9200/ [status:200 request:0.054s]
2025-10-01 19:30:30,796 - INFO - GET http://localhost:9200/ [status:200 request:0.001s]
2025-10-01 19:30:30,796 - INFO - Successfully connected to Elasticsearch at localhost:9200
2025-10-01 19:30:30,796 - INFO - Elasticsearch version: 7.17.28
{"type": "server", "timestamp": "2025-10-01T19:30:31,414+02:00", "level": "INFO", "component": "o.e.c.m.MetadataCreateIndexService", "cluster.name": "docker-cluster", "node.name": "nid006804", "message": "[.geoip_databases] creating index, cause [auto(bulk api)], templates [], shards [1]/[0]", "cluster.uuid": "E-O7a8BdTcWdXbNOfjTzZA", "node.id": "5ya-YxEaTC22boRWwlIkFA"  }
{"type": "server", "timestamp": "2025-10-01T19:30:31,653+02:00", "level": "INFO", "component": "o.e.c.r.a.AllocationService", "cluster.name": "docker-cluster", "node.name": "nid006804", "message": "Cluster health status changed from [YELLOW] to [GREEN] (reason: [shards started [[.geoip_databases][0]]]).", "cluster.uuid": "E-O7a8BdTcWdXbNOfjTzZA", "node.id": "5ya-YxEaTC22boRWwlIkFA"  }
{"type": "server", "timestamp": "2025-10-01T19:30:32,204+02:00", "level": "INFO", "component": "o.e.i.g.DatabaseNodeService", "cluster.name": "docker-cluster", "node.name": "nid006804", "message": "retrieve geoip database [GeoLite2-ASN.mmdb] from [.geoip_databases] to [/tmp/elasticsearch-3791675595053733688/geoip-databases/5ya-YxEaTC22boRWwlIkFA/GeoLite2-ASN.mmdb.tmp.gz]", "cluster.uuid": "E-O7a8BdTcWdXbNOfjTzZA", "node.id": "5ya-YxEaTC22boRWwlIkFA"  }
{"type": "server", "timestamp": "2025-10-01T19:30:32,212+02:00", "level": "INFO", "component": "o.e.i.g.GeoIpDownloader", "cluster.name": "docker-cluster", "node.name": "nid006804", "message": "successfully downloaded geoip database [GeoLite2-ASN.mmdb]", "cluster.uuid": "E-O7a8BdTcWdXbNOfjTzZA", "node.id": "5ya-YxEaTC22boRWwlIkFA"  }
{"type": "server", "timestamp": "2025-10-01T19:30:32,325+02:00", "level": "INFO", "component": "o.e.i.g.DatabaseNodeService", "cluster.name": "docker-cluster", "node.name": "nid006804", "message": "successfully reloaded changed geoip database file [/tmp/elasticsearch-3791675595053733688/geoip-databases/5ya-YxEaTC22boRWwlIkFA/GeoLite2-ASN.mmdb]", "cluster.uuid": "E-O7a8BdTcWdXbNOfjTzZA", "node.id": "5ya-YxEaTC22boRWwlIkFA"  }
2025-10-01 19:30:32,932 - INFO - === ENHANCED HARDWARE METRICS AFTER ES CONNECTION ===
2025-10-01 19:30:32,932 - INFO - Process Memory:
2025-10-01 19:30:32,932 - INFO -   RSS: 0.13 GB
2025-10-01 19:30:32,932 - INFO -   VMS: 2.28 GB
2025-10-01 19:30:32,932 - INFO -   Percent: 0.0%
2025-10-01 19:30:32,932 - INFO - System Memory:
2025-10-01 19:30:32,932 - INFO -   Used: 12.9%
2025-10-01 19:30:32,932 - INFO -   Available: 743.92 GB
2025-10-01 19:30:32,932 - INFO -   Cached: 22.28 GB
2025-10-01 19:30:32,933 - INFO - CPU Usage:
2025-10-01 19:30:32,933 - INFO -   Process: 0.0%
2025-10-01 19:30:32,933 - INFO -   System: 1.2%
2025-10-01 19:30:32,933 - INFO -   Per Core: [3.0, 12.1, 1.0, 1.0, 1.0, 1.0, 1.0, 1.0, 0.0, 0.0, 1.0, 1.0, 1.0, 1.0, 1.0, 1.0, 1.0, 1.0, 1.0, 1.0, 1.0, 1.0, 0.0, 0.0, 0.0, 0.0, 0.0, 0.0, 0.0, 0.0, 0.0, 0.0, 0.0, 0.0, 0.0, 0.0, 0.0, 0.0, 0.0, 0.0, 0.0, 0.0, 1.0, 0.0, 1.0, 0.0, 1.0, 1.0, 1.0, 1.0, 0.0, 1.0, 0.0, 1.0, 1.0, 4.9, 8.9, 5.0, 8.9, 4.0, 11.0, 1.0, 2.0, 0.0, 2.0, 0.0, 7.9, 11.9, 3.0, 0.0, 1.0, 1.0, 0.0, 1.0, 1.0, 1.0, 1.0, 0.0, 1.0, 1.0, 1.0, 1.0, 1.0, 1.0, 1.0, 1.0, 0.0, 1.0, 1.0, 1.0, 1.0, 1.0, 1.0, 1.0, 1.0, 1.0, 1.0, 1.0, 1.0, 1.0, 1.0, 1.0, 1.0, 1.0, 1.0, 1.0, 1.0, 1.0, 1.0, 1.0, 1.0, 1.0, 1.0, 1.0, 0.0, 0.0, 1.0, 0.0, 0.0, 0.0, 0.0, 0.0, 0.0, 0.0, 1.0, 1.0, 1.0, 1.0, 0.0, 0.0, 1.0, 0.0, 0.0, 1.0, 0.0, 1.0, 0.0, 1.0, 1.0, 1.0, 0.0, 1.0, 1.0, 1.0, 1.0, 1.0, 1.0, 2.0, 0.0, 1.0, 1.0, 1.0, 1.0, 1.0, 0.0, 1.0, 1.0, 0.0, 0.0, 2.0, 1.0, 1.0, 1.0, 1.0, 0.0, 0.0, 0.0, 0.0, 1.0, 0.0, 0.0, 0.0, 0.0, 0.0, 0.0, 0.0, 1.0, 0.0, 0.0, 0.0, 0.0, 0.0, 0.0, 1.0, 1.0, 1.0, 1.0, 1.0, 1.0, 1.0, 1.0, 1.0, 0.0, 1.0, 0.0, 0.0, 0.0, 1.0, 0.0, 1.0, 1.0, 0.0, 1.0, 1.0, 0.0, 0.0, 0.0, 0.0, 0.0, 0.0, 0.0, 0.0, 1.0, 1.0, 1.0, 0.0, 1.0, 1.0, 1.0, 1.0, 1.0, 1.0, 1.0, 1.0, 2.9, 1.0, 1.0, 2.9, 2.9, 2.9, 2.9, 2.9, 2.9, 2.9, 2.9, 2.9, 2.9, 2.9, 2.9, 2.0, 1.9, 2.9, 2.0, 2.9, 2.9, 2.9, 2.9, 2.9, 2.9, 2.9, 2.0, 2.9, 2.0, 2.9, 2.9, 2.9, 2.9, 2.0, 2.9, 2.9, 2.9, 2.9, 2.9, 2.9, 2.0, 2.9, 2.9, 2.9, 2.9, 2.9, 2.9, 3.0, 1.0, 1.0, 1.0, 0.0, 1.0, 1.0, 1.0, 1.0, 1.0, 1.0, 1.0, 1.0, 1.0, 1.0, 1.0, 1.0]
2025-10-01 19:30:32,933 - INFO - Disk I/O:
2025-10-01 19:30:32,933 - INFO -   Read: 44.49 GB
2025-10-01 19:30:32,933 - INFO -   Write: 0.00 GB
2025-10-01 19:30:32,933 - INFO -   Read Rate: 458722 ops
2025-10-01 19:30:32,933 - INFO -   Write Rate: 0 ops
2025-10-01 19:30:32,933 - INFO - Network I/O:
2025-10-01 19:30:32,933 - INFO -   Sent: 347.98 GB
2025-10-01 19:30:32,933 - INFO -   Received: 4551.36 GB
2025-10-01 19:30:32,933 - INFO - ==================================================
2025-10-01 19:30:32,933 - INFO - Creating Elasticsearch index with size-based dynamic sharding...
2025-10-01 19:30:32,941 - INFO - === SHARD CALCULATION (SIZE-BASED ONLY) ===
2025-10-01 19:30:32,941 - INFO - Raw data size: 0.61 GB
2025-10-01 19:30:32,941 - INFO - Estimated ES indexed size: 1.82 GB (factor: 3.0x)
2025-10-01 19:30:32,941 - INFO - Target shard size range: 10.0-50.0 GB
2025-10-01 19:30:32,942 - INFO - Calculation results:
2025-10-01 19:30:32,942 - INFO -   Target shard size: 30.0 GB
2025-10-01 19:30:32,942 - INFO -   Calculated shards: 1
2025-10-01 19:30:32,942 - INFO -   Actual size per shard: 1.8 GB
2025-10-01 19:30:32,942 - WARNING - INFO: Size per shard (1.8GB) below min (10.0GB) - this is OK for smaller datasets
2025-10-01 19:30:32,942 - INFO - =============================================
2025-10-01 19:30:32,942 - INFO - Using default index configuration
2025-10-01 19:30:32,942 - INFO - Creating index 'poison' with:
2025-10-01 19:30:32,942 - INFO -   Shards: 1
2025-10-01 19:30:32,942 - INFO -   Replicas: 0
2025-10-01 19:30:32,942 - INFO -   Refresh interval: -1
{"type": "server", "timestamp": "2025-10-01T19:30:32,969+02:00", "level": "INFO", "component": "o.e.c.m.MetadataCreateIndexService", "cluster.name": "docker-cluster", "node.name": "nid006804", "message": "[poison] creating index, cause [api], templates [], shards [1]/[0]", "cluster.uuid": "E-O7a8BdTcWdXbNOfjTzZA", "node.id": "5ya-YxEaTC22boRWwlIkFA"  }
{"type": "server", "timestamp": "2025-10-01T19:30:33,114+02:00", "level": "INFO", "component": "o.e.c.r.a.AllocationService", "cluster.name": "docker-cluster", "node.name": "nid006804", "message": "Cluster health status changed from [YELLOW] to [GREEN] (reason: [shards started [[poison][0]]]).", "cluster.uuid": "E-O7a8BdTcWdXbNOfjTzZA", "node.id": "5ya-YxEaTC22boRWwlIkFA"  }
2025-10-01 19:30:33,156 - INFO - PUT http://localhost:9200/poison [status:200 request:0.213s]
2025-10-01 19:30:33,156 - INFO - Created index 'poison' with configuration
{"type": "server", "timestamp": "2025-10-01T19:30:35,188+02:00", "level": "INFO", "component": "o.e.i.g.DatabaseNodeService", "cluster.name": "docker-cluster", "node.name": "nid006804", "message": "retrieve geoip database [GeoLite2-City.mmdb] from [.geoip_databases] to [/tmp/elasticsearch-3791675595053733688/geoip-databases/5ya-YxEaTC22boRWwlIkFA/GeoLite2-City.mmdb.tmp.gz]", "cluster.uuid": "E-O7a8BdTcWdXbNOfjTzZA", "node.id": "5ya-YxEaTC22boRWwlIkFA"  }
{"type": "server", "timestamp": "2025-10-01T19:30:35,196+02:00", "level": "INFO", "component": "o.e.i.g.GeoIpDownloader", "cluster.name": "docker-cluster", "node.name": "nid006804", "message": "successfully downloaded geoip database [GeoLite2-City.mmdb]", "cluster.uuid": "E-O7a8BdTcWdXbNOfjTzZA", "node.id": "5ya-YxEaTC22boRWwlIkFA"  }
2025-10-01 19:30:35,264 - INFO - === ENHANCED HARDWARE METRICS AFTER INDEX CREATION ===
2025-10-01 19:30:35,265 - INFO - Process Memory:
2025-10-01 19:30:35,265 - INFO -   RSS: 0.13 GB
2025-10-01 19:30:35,265 - INFO -   VMS: 2.29 GB
2025-10-01 19:30:35,265 - INFO -   Percent: 0.0%
2025-10-01 19:30:35,265 - INFO - System Memory:
2025-10-01 19:30:35,265 - INFO -   Used: 12.9%
2025-10-01 19:30:35,265 - INFO -   Available: 743.85 GB
2025-10-01 19:30:35,265 - INFO -   Cached: 22.29 GB
2025-10-01 19:30:35,265 - INFO - CPU Usage:
2025-10-01 19:30:35,265 - INFO -   Process: 0.0%
2025-10-01 19:30:35,265 - INFO -   System: 0.4%
2025-10-01 19:30:35,265 - INFO -   Per Core: [3.0, 0.0, 0.0, 0.0, 0.0, 0.0, 0.0, 0.0, 0.0, 0.0, 0.0, 0.0, 0.0, 0.0, 0.0, 0.0, 0.0, 0.0, 0.0, 0.0, 0.0, 0.0, 0.0, 0.0, 0.0, 0.0, 0.0, 0.0, 0.0, 0.0, 0.0, 0.0, 0.0, 0.0, 0.0, 0.0, 0.0, 0.0, 0.0, 0.0, 0.0, 0.0, 0.0, 0.0, 0.0, 0.0, 0.0, 0.0, 0.0, 0.0, 1.0, 0.0, 0.0, 0.0, 0.0, 0.0, 5.0, 7.0, 0.0, 0.0, 24.8, 0.0, 0.0, 0.0, 1.0, 7.1, 14.7, 11.9, 5.0, 1.0, 1.0, 1.0, 1.0, 0.0, 0.0, 0.0, 0.0, 0.0, 0.0, 0.0, 0.0, 0.0, 1.0, 0.0, 0.0, 0.0, 0.0, 0.0, 0.0, 0.0, 0.0, 0.0, 0.0, 0.0, 0.0, 0.0, 0.0, 0.0, 0.0, 0.0, 1.0, 0.0, 0.0, 0.0, 0.0, 0.0, 0.0, 0.0, 0.0, 0.0, 0.0, 0.0, 0.0, 0.0, 1.0, 0.0, 0.0, 0.0, 0.0, 0.0, 0.0, 0.0, 0.0, 0.0, 0.0, 0.0, 0.0, 0.0, 0.0, 0.0, 0.0, 0.0, 0.0, 0.0, 0.0, 0.0, 0.0, 0.0, 0.0, 0.0, 0.0, 0.0, 0.0, 0.0, 0.0, 0.0, 0.0, 0.0, 0.0, 0.0, 0.0, 0.0, 0.0, 0.0, 0.0, 0.0, 0.0, 0.0, 0.0, 0.0, 0.0, 0.0, 0.0, 0.0, 0.0, 30.0, 0.0, 0.0, 0.0, 1.0, 0.0, 0.0, 0.0, 0.0, 0.0, 0.0, 0.0, 0.0, 0.0, 0.0, 0.0, 0.0, 0.0, 0.0, 0.0, 0.0, 0.0, 0.0, 0.0, 0.0, 0.0, 1.0, 0.0, 1.0, 1.0, 0.0, 0.0, 0.0, 1.0, 0.0, 0.0, 0.0, 0.0, 0.0, 0.0, 0.0, 0.0, 0.0, 0.0, 0.0, 0.0, 0.0, 0.0, 0.0, 0.0, 0.0, 0.0, 0.0, 0.0, 0.0, 0.0, 0.0, 0.0, 0.0, 0.0, 0.0, 0.0, 0.0, 0.0, 0.0, 0.0, 0.0, 0.0, 0.0, 0.0, 0.0, 0.0, 0.0, 1.0, 0.0, 0.0, 0.0, 0.0, 0.0, 0.0, 0.0, 0.0, 0.0, 0.0, 0.0, 0.0, 0.0, 0.0, 0.0, 0.0, 0.0, 0.0, 0.0, 0.0, 0.0, 0.0, 0.0, 0.0, 0.0, 0.0, 0.0, 0.0, 0.0, 0.0, 0.0, 0.0, 0.0, 0.0, 0.0, 0.0, 0.0, 0.0, 0.0, 0.0, 0.0, 0.0, 0.0, 0.0, 0.0, 0.0, 0.0, 0.0, 0.0]
2025-10-01 19:30:35,266 - INFO - Disk I/O:
2025-10-01 19:30:35,266 - INFO -   Read: 44.49 GB
2025-10-01 19:30:35,266 - INFO -   Write: 0.00 GB
2025-10-01 19:30:35,266 - INFO -   Read Rate: 458728 ops
2025-10-01 19:30:35,266 - INFO -   Write Rate: 0 ops
2025-10-01 19:30:35,266 - INFO - Network I/O:
2025-10-01 19:30:35,266 - INFO -   Sent: 348.04 GB
2025-10-01 19:30:35,266 - INFO -   Received: 4551.40 GB
2025-10-01 19:30:35,266 - INFO - ==================================================
2025-10-01 19:30:35,266 - INFO - Starting document indexing...
2025-10-01 19:30:35,266 - INFO - Processing 1 parquet files
2025-10-01 19:30:35,266 - INFO - Processing file 1/1: 00000_tokens.parquet
{"type": "server", "timestamp": "2025-10-01T19:30:35,558+02:00", "level": "INFO", "component": "o.e.i.g.DatabaseNodeService", "cluster.name": "docker-cluster", "node.name": "nid006804", "message": "successfully reloaded changed geoip database file [/tmp/elasticsearch-3791675595053733688/geoip-databases/5ya-YxEaTC22boRWwlIkFA/GeoLite2-City.mmdb]", "cluster.uuid": "E-O7a8BdTcWdXbNOfjTzZA", "node.id": "5ya-YxEaTC22boRWwlIkFA"  }
{"type": "server", "timestamp": "2025-10-01T19:30:36,396+02:00", "level": "INFO", "component": "o.e.i.g.DatabaseNodeService", "cluster.name": "docker-cluster", "node.name": "nid006804", "message": "retrieve geoip database [GeoLite2-Country.mmdb] from [.geoip_databases] to [/tmp/elasticsearch-3791675595053733688/geoip-databases/5ya-YxEaTC22boRWwlIkFA/GeoLite2-Country.mmdb.tmp.gz]", "cluster.uuid": "E-O7a8BdTcWdXbNOfjTzZA", "node.id": "5ya-YxEaTC22boRWwlIkFA"  }
{"type": "server", "timestamp": "2025-10-01T19:30:36,404+02:00", "level": "INFO", "component": "o.e.i.g.GeoIpDownloader", "cluster.name": "docker-cluster", "node.name": "nid006804", "message": "successfully downloaded geoip database [GeoLite2-Country.mmdb]", "cluster.uuid": "E-O7a8BdTcWdXbNOfjTzZA", "node.id": "5ya-YxEaTC22boRWwlIkFA"  }
{"type": "server", "timestamp": "2025-10-01T19:30:36,457+02:00", "level": "INFO", "component": "o.e.i.g.DatabaseNodeService", "cluster.name": "docker-cluster", "node.name": "nid006804", "message": "successfully reloaded changed geoip database file [/tmp/elasticsearch-3791675595053733688/geoip-databases/5ya-YxEaTC22boRWwlIkFA/GeoLite2-Country.mmdb]", "cluster.uuid": "E-O7a8BdTcWdXbNOfjTzZA", "node.id": "5ya-YxEaTC22boRWwlIkFA"  }
2025-10-01 19:30:37,378 - INFO - === ENHANCED HARDWARE METRICS BEFORE FILE 1 ===
2025-10-01 19:30:37,378 - INFO - Process Memory:
2025-10-01 19:30:37,378 - INFO -   RSS: 0.13 GB
2025-10-01 19:30:37,378 - INFO -   VMS: 2.29 GB
2025-10-01 19:30:37,378 - INFO -   Percent: 0.0%
2025-10-01 19:30:37,378 - INFO - System Memory:
2025-10-01 19:30:37,378 - INFO -   Used: 12.8%
2025-10-01 19:30:37,378 - INFO -   Available: 744.71 GB
2025-10-01 19:30:37,378 - INFO -   Cached: 22.31 GB
2025-10-01 19:30:37,378 - INFO - CPU Usage:
2025-10-01 19:30:37,378 - INFO -   Process: 0.0%
2025-10-01 19:30:37,379 - INFO -   System: 0.1%
2025-10-01 19:30:37,379 - INFO -   Per Core: [1.0, 0.0, 0.0, 0.0, 0.0, 0.0, 0.0, 0.0, 0.0, 0.0, 0.0, 0.0, 0.0, 0.0, 0.0, 0.0, 0.0, 0.0, 0.0, 0.0, 0.0, 0.0, 0.0, 0.0, 0.0, 0.0, 0.0, 0.0, 0.0, 0.0, 0.0, 0.0, 0.0, 0.0, 0.0, 0.0, 1.0, 0.0, 0.0, 0.0, 0.0, 0.0, 0.0, 0.0, 0.0, 1.0, 0.0, 0.0, 0.0, 0.0, 1.0, 0.0, 0.0, 0.0, 1.0, 1.0, 5.9, 0.0, 1.0, 0.0, 2.0, 1.0, 0.0, 0.0, 0.0, 1.0, 0.0, 3.0, 0.0, 2.0, 0.0, 0.0, 0.0, 0.0, 0.0, 0.0, 0.0, 1.0, 0.0, 0.0, 0.0, 0.0, 0.0, 0.0, 1.0, 0.0, 0.0, 0.0, 0.0, 0.0, 0.0, 0.0, 0.0, 0.0, 0.0, 0.0, 0.0, 1.0, 0.0, 0.0, 0.0, 0.0, 0.0, 0.0, 0.0, 0.0, 0.0, 0.0, 0.0, 0.0, 0.0, 1.0, 0.0, 0.0, 1.0, 0.0, 1.0, 0.0, 0.0, 0.0, 0.0, 0.0, 0.0, 0.0, 0.0, 0.0, 0.0, 0.0, 0.0, 0.0, 0.0, 0.0, 0.0, 0.0, 0.0, 1.0, 0.0, 0.0, 0.0, 0.0, 0.0, 0.0, 0.0, 0.0, 0.0, 0.0, 0.0, 0.0, 1.0, 0.0, 0.0, 0.0, 0.0, 0.0, 0.0, 0.0, 0.0, 1.0, 0.0, 0.0, 0.0, 0.0, 0.0, 0.0, 2.0, 1.0, 1.0, 0.0, 0.0, 0.0, 0.0, 0.0, 0.0, 0.0, 0.0, 0.0, 0.0, 0.0, 0.0, 0.0, 0.0, 0.0, 0.0, 0.0, 0.0, 0.0, 0.0, 0.0, 0.0, 0.0, 1.0, 0.0, 0.0, 0.0, 1.0, 0.0, 0.0, 0.0, 1.0, 0.0, 0.0, 0.0, 0.0, 0.0, 0.0, 0.0, 0.0, 0.0, 0.0, 0.0, 0.0, 0.0, 0.0, 0.0, 0.0, 0.0, 0.0, 0.0, 0.0, 0.0, 0.0, 0.0, 0.0, 0.0, 0.0, 0.0, 0.0, 0.0, 0.0, 0.0, 0.0, 0.0, 0.0, 0.0, 0.0, 0.0, 0.0, 0.0, 0.0, 0.0, 0.0, 0.0, 0.0, 0.0, 1.0, 0.0, 0.0, 0.0, 0.0, 0.0, 0.0, 0.0, 0.0, 0.0, 0.0, 0.0, 0.0, 0.0, 0.0, 0.0, 0.0, 0.0, 0.0, 0.0, 0.0, 0.0, 0.0, 0.0, 0.0, 0.0, 0.0, 0.0, 0.0, 0.0, 0.0, 0.0, 0.0, 0.0, 0.0, 0.0, 0.0, 0.0, 0.0, 0.0, 0.0, 0.0, 0.0, 0.0]
2025-10-01 19:30:37,379 - INFO - Disk I/O:
2025-10-01 19:30:37,379 - INFO -   Read: 44.49 GB
2025-10-01 19:30:37,379 - INFO -   Write: 0.00 GB
2025-10-01 19:30:37,379 - INFO -   Read Rate: 458728 ops
2025-10-01 19:30:37,379 - INFO -   Write Rate: 0 ops
2025-10-01 19:30:37,379 - INFO - Network I/O:
2025-10-01 19:30:37,379 - INFO -   Sent: 348.05 GB
2025-10-01 19:30:37,379 - INFO -   Received: 4551.40 GB
2025-10-01 19:30:37,379 - INFO - ==================================================
2025-10-01 19:30:37,428 - INFO - Opening parquet file for streaming: 00000_tokens.parquet
2025-10-01 19:30:37,487 - INFO - File has 416,250 rows in 209 row groups
2025-10-01 19:30:46,745 - INFO - POST http://localhost:9200/_bulk [status:200 request:7.736s]
2025-10-01 19:30:46,912 - INFO - Progress: 10,000 indexed, 0 failed, Rate: 858.7 docs/sec, Elapsed: 11.6s
2025-10-01 19:30:46,934 - INFO - POST http://localhost:9200/_bulk [status:200 request:6.461s]
2025-10-01 19:30:49,589 - INFO - POST http://localhost:9200/_bulk [status:200 request:7.645s]
2025-10-01 19:30:50,952 - INFO - POST http://localhost:9200/_bulk [status:200 request:7.452s]
2025-10-01 19:30:51,138 - INFO - POST http://localhost:9200/_bulk [status:200 request:6.076s]
2025-10-01 19:30:51,561 - INFO - === ENHANCED HARDWARE METRICS BULK INDEXING AT 10000 DOCS ===
2025-10-01 19:30:51,567 - INFO - Process Memory:
2025-10-01 19:30:51,572 - INFO -   RSS: 1.93 GB
2025-10-01 19:30:51,577 - INFO -   VMS: 4.90 GB
2025-10-01 19:30:51,598 - INFO -   Percent: 0.2%
2025-10-01 19:30:51,603 - INFO - System Memory:
2025-10-01 19:30:51,608 - INFO -   Used: 13.2%
2025-10-01 19:30:51,613 - INFO -   Available: 742.10 GB
2025-10-01 19:30:51,618 - INFO -   Cached: 22.71 GB
2025-10-01 19:30:51,623 - INFO - CPU Usage:
2025-10-01 19:30:51,629 - INFO -   Process: 99.4%
2025-10-01 19:30:51,634 - INFO -   System: 2.1%
2025-10-01 19:30:51,639 - INFO -   Per Core: [1.9, 0.0, 1.0, 0.0, 0.0, 0.0, 0.0, 0.0, 0.0, 0.0, 0.0, 0.0, 0.0, 0.0, 0.0, 0.0, 0.0, 0.0, 0.0, 0.0, 0.0, 0.0, 1.0, 0.0, 0.0, 0.0, 0.0, 0.0, 0.0, 0.0, 0.0, 0.0, 0.0, 0.0, 0.0, 0.0, 0.0, 0.0, 0.0, 0.0, 0.0, 0.0, 0.0, 0.0, 0.0, 0.0, 0.0, 0.0, 0.0, 0.0, 0.0, 0.0, 0.0, 0.0, 0.0, 0.0, 4.9, 1.0, 53.4, 0.0, 100.0, 100.0, 2.9, 0.0, 0.0, 4.9, 92.3, 2.9, 1.0, 0.0, 0.0, 0.0, 1.9, 0.0, 0.0, 0.0, 0.0, 0.0, 0.0, 1.0, 0.0, 0.0, 1.0, 0.0, 0.0, 1.0, 1.0, 0.0, 0.0, 0.0, 0.0, 0.0, 0.0, 0.0, 1.0, 0.0, 0.0, 0.0, 0.0, 0.0, 0.0, 0.0, 0.0, 0.0, 0.0, 0.0, 0.0, 0.0, 0.0, 0.0, 0.0, 0.0, 0.0, 0.0, 1.9, 0.0, 0.0, 0.0, 0.0, 0.0, 0.0, 0.0, 0.0, 0.0, 0.0, 0.0, 1.0, 1.0, 0.0, 0.0, 0.0, 1.0, 0.0, 0.0, 0.0, 0.0, 0.0, 0.0, 0.0, 0.0, 0.0, 0.0, 0.0, 0.0, 67.0, 0.0, 0.0, 0.0, 0.0, 0.0, 0.0, 0.0, 0.0, 0.0, 0.0, 0.0, 0.0, 0.0, 0.0, 0.0, 1.0, 0.0, 0.0, 0.0, 0.0, 0.0, 0.0, 0.0, 33.0, 0.0, 0.0, 0.0, 1.0, 0.0, 0.0, 0.0, 0.0, 0.0, 0.0, 0.0, 0.0, 0.0, 0.0, 0.0, 0.0, 1.0, 0.0, 0.0, 0.0, 0.0, 0.0, 0.0, 1.0, 0.0, 0.0, 0.0, 0.0, 0.0, 0.0, 0.0, 0.0, 0.0, 0.0, 0.0, 0.0, 0.0, 0.0, 0.0, 0.0, 0.0, 1.0, 0.0, 0.0, 0.0, 1.0, 0.0, 100.0, 1.0, 0.0, 0.0, 0.0, 0.0, 0.0, 0.0, 0.0, 0.0, 0.0, 0.0, 0.0, 0.0, 0.0, 0.0, 0.0, 0.0, 0.0, 0.0, 0.0, 0.0, 1.0, 0.0, 0.0, 0.0, 0.0, 0.0, 1.0, 0.0, 0.0, 0.0, 0.0, 0.0, 0.0, 0.0, 0.0, 0.0, 0.0, 0.0, 0.0, 0.0, 0.0, 1.0, 0.0, 0.0, 0.0, 1.0, 0.0, 0.0, 0.0, 0.0, 0.0, 0.0, 0.0, 0.0, 0.0, 0.0, 0.0, 0.0, 0.0, 0.0, 0.0, 0.0, 0.0, 0.0, 0.0, 0.0, 1.0, 0.0, 0.0, 1.0]
2025-10-01 19:30:51,644 - INFO - Disk I/O:
2025-10-01 19:30:51,649 - INFO -   Read: 44.49 GB
2025-10-01 19:30:51,654 - INFO -   Write: 0.00 GB
2025-10-01 19:30:51,660 - INFO -   Read Rate: 458728 ops
2025-10-01 19:30:51,665 - INFO -   Write Rate: 0 ops
2025-10-01 19:30:51,670 - INFO - Network I/O:
2025-10-01 19:30:51,675 - INFO -   Sent: 348.77 GB
2025-10-01 19:30:51,680 - INFO -   Received: 4551.79 GB
2025-10-01 19:30:51,685 - INFO - ==================================================
2025-10-01 19:30:51,792 - INFO - Progress: 20,000 indexed, 0 failed, Rate: 1210.2 docs/sec, Elapsed: 16.5s
2025-10-01 19:30:52,766 - INFO - POST http://localhost:9200/_bulk [status:200 request:6.153s]
2025-10-01 19:30:55,269 - INFO - POST http://localhost:9200/_bulk [status:200 request:6.707s]
2025-10-01 19:30:55,623 - INFO - === ENHANCED HARDWARE METRICS BULK INDEXING AT 20000 DOCS ===
2025-10-01 19:30:55,628 - INFO - Process Memory:
2025-10-01 19:30:55,633 - INFO -   RSS: 1.80 GB
2025-10-01 19:30:55,638 - INFO -   VMS: 4.74 GB
2025-10-01 19:30:55,659 - INFO -   Percent: 0.2%
2025-10-01 19:30:55,664 - INFO - System Memory:
2025-10-01 19:30:55,669 - INFO -   Used: 13.1%
2025-10-01 19:30:55,674 - INFO -   Available: 742.64 GB
2025-10-01 19:30:55,679 - INFO -   Cached: 22.82 GB
2025-10-01 19:30:55,685 - INFO - CPU Usage:
2025-10-01 19:30:55,690 - INFO -   Process: 101.8%
2025-10-01 19:30:55,695 - INFO -   System: 1.4%
2025-10-01 19:30:55,700 - INFO -   Per Core: [0.0, 0.0, 0.0, 0.0, 0.0, 0.0, 0.0, 0.0, 0.0, 0.0, 0.0, 0.0, 0.0, 0.0, 0.0, 0.0, 0.0, 0.0, 0.0, 0.0, 0.0, 0.0, 0.0, 0.0, 0.0, 0.0, 0.0, 0.0, 0.0, 0.0, 0.0, 0.0, 0.0, 0.0, 0.9, 0.0, 0.0, 0.0, 0.0, 0.0, 0.0, 0.0, 0.0, 0.0, 0.0, 0.0, 1.0, 0.0, 0.0, 0.0, 0.0, 0.0, 0.0, 0.0, 0.0, 0.0, 0.0, 0.0, 100.0, 0.0, 0.0, 0.0, 1.0, 0.0, 0.9, 0.0, 97.2, 1.0, 3.7, 0.0, 0.0, 0.0, 0.0, 0.0, 0.0, 0.0, 0.0, 0.0, 0.0, 1.0, 0.0, 0.0, 0.0, 0.0, 0.0, 0.0, 0.0, 0.0, 0.0, 0.0, 0.0, 0.0, 0.0, 0.0, 0.0, 0.0, 0.0, 0.0, 0.0, 0.0, 0.0, 0.0, 0.0, 0.0, 0.0, 0.0, 0.0, 0.0, 0.0, 0.0, 0.0, 0.0, 0.0, 0.0, 1.0, 0.0, 0.0, 0.0, 0.0, 0.0, 0.0, 0.0, 0.0, 0.0, 0.0, 0.0, 0.0, 0.0, 0.0, 0.0, 0.0, 0.0, 0.0, 0.0, 0.0, 0.0, 0.0, 0.0, 0.0, 0.0, 0.0, 0.0, 0.0, 0.0, 0.0, 100.0, 0.0, 0.0, 0.0, 0.0, 0.0, 0.0, 0.0, 0.0, 0.0, 0.0, 0.0, 0.0, 0.0, 0.0, 0.0, 0.0, 0.0, 0.0, 0.0, 0.0, 0.0, 0.0, 0.0, 0.0, 0.0, 0.0, 0.0, 0.0, 0.0, 0.0, 0.0, 0.0, 0.0, 0.0, 0.0, 0.0, 0.0, 0.0, 0.0, 0.0, 0.0, 0.0, 0.0, 0.0, 0.0, 0.0, 0.0, 0.0, 0.0, 0.0, 0.0, 0.0, 0.0, 0.0, 0.0, 0.0, 0.0, 0.0, 0.0, 0.0, 0.0, 0.9, 0.0, 0.0, 0.0, 0.0, 0.0, 0.0, 0.0, 0.0, 100.0, 0.0, 0.0, 0.0, 0.0, 0.0, 0.0, 0.0, 0.0, 0.0, 0.0, 0.0, 0.0, 0.0, 0.0, 0.0, 0.0, 0.0, 0.0, 0.0, 0.0, 0.0, 0.0, 0.0, 0.0, 0.0, 0.0, 0.0, 0.0, 0.0, 0.0, 0.0, 0.0, 0.0, 0.0, 0.0, 0.0, 0.0, 0.0, 0.0, 0.0, 0.0, 0.0, 0.0, 0.0, 0.0, 0.0, 0.0, 0.0, 0.0, 0.0, 0.0, 0.0, 0.0, 0.0, 0.0, 0.0, 0.0, 0.0, 0.0, 1.0, 0.0, 0.0, 0.0, 0.0, 0.0, 0.0, 0.0, 0.0, 0.0, 0.0, 0.0]
2025-10-01 19:30:55,705 - INFO - Disk I/O:
2025-10-01 19:30:55,710 - INFO -   Read: 44.49 GB
2025-10-01 19:30:55,715 - INFO -   Write: 0.00 GB
2025-10-01 19:30:55,721 - INFO -   Read Rate: 458728 ops
2025-10-01 19:30:55,726 - INFO -   Write Rate: 0 ops
2025-10-01 19:30:55,731 - INFO - Network I/O:
2025-10-01 19:30:55,736 - INFO -   Sent: 349.00 GB
2025-10-01 19:30:55,741 - INFO -   Received: 4551.88 GB
2025-10-01 19:30:55,746 - INFO - ==================================================
2025-10-01 19:30:55,870 - INFO - Progress: 30,000 indexed, 0 failed, Rate: 1456.1 docs/sec, Elapsed: 20.6s
2025-10-01 19:30:57,262 - INFO - POST http://localhost:9200/_bulk [status:200 request:6.774s]
2025-10-01 19:30:58,732 - INFO - POST http://localhost:9200/_bulk [status:200 request:6.143s]
2025-10-01 19:30:59,912 - INFO - === ENHANCED HARDWARE METRICS BULK INDEXING AT 30000 DOCS ===
2025-10-01 19:30:59,917 - INFO - Process Memory:
2025-10-01 19:30:59,923 - INFO -   RSS: 1.84 GB
2025-10-01 19:30:59,928 - INFO -   VMS: 4.75 GB
2025-10-01 19:30:59,948 - INFO -   Percent: 0.2%
2025-10-01 19:30:59,953 - INFO - System Memory:
2025-10-01 19:30:59,959 - INFO -   Used: 13.1%
2025-10-01 19:30:59,964 - INFO -   Available: 742.34 GB
2025-10-01 19:30:59,969 - INFO -   Cached: 23.10 GB
2025-10-01 19:30:59,974 - INFO - CPU Usage:
2025-10-01 19:30:59,979 - INFO -   Process: 101.4%
2025-10-01 19:30:59,984 - INFO -   System: 1.5%
2025-10-01 19:30:59,989 - INFO -   Per Core: [1.9, 0.0, 0.0, 0.0, 0.0, 0.0, 0.0, 0.0, 0.0, 0.0, 0.0, 0.0, 0.0, 0.0, 0.0, 0.0, 0.0, 0.0, 0.0, 0.0, 0.0, 0.0, 0.0, 0.0, 0.0, 0.0, 0.0, 0.0, 0.0, 0.0, 0.0, 0.0, 0.0, 0.0, 0.0, 0.0, 0.0, 0.0, 0.0, 0.0, 0.0, 0.0, 0.0, 0.0, 0.0, 0.0, 1.0, 0.0, 0.0, 0.0, 0.0, 0.0, 0.0, 0.0, 0.0, 0.0, 1.0, 95.1, 95.1, 81.6, 13.7, 0.0, 4.9, 4.9, 0.0, 16.3, 82.2, 2.9, 0.0, 0.0, 0.0, 0.0, 0.0, 0.0, 0.0, 0.0, 0.0, 0.0, 0.0, 0.0, 0.0, 0.0, 0.0, 0.0, 0.0, 0.0, 0.0, 1.0, 0.0, 0.0, 0.0, 0.0, 0.0, 0.0, 0.0, 0.0, 0.0, 0.0, 0.0, 0.0, 0.0, 0.0, 0.0, 0.0, 0.0, 0.0, 0.0, 0.0, 0.0, 0.0, 0.0, 0.0, 0.0, 0.0, 1.0, 0.0, 0.0, 1.9, 0.0, 0.0, 0.0, 0.0, 0.0, 0.0, 0.0, 0.0, 0.0, 0.0, 0.0, 0.0, 0.0, 0.0, 0.0, 0.0, 0.0, 0.0, 0.0, 0.0, 0.0, 0.0, 0.0, 0.0, 0.0, 0.0, 0.0, 0.0, 0.0, 0.0, 0.0, 0.0, 0.0, 0.0, 0.0, 0.0, 0.0, 0.0, 0.0, 0.0, 0.0, 0.0, 0.0, 0.0, 0.0, 0.0, 1.0, 0.0, 0.0, 0.0, 0.0, 0.0, 0.0, 0.0, 0.0, 0.0, 0.0, 0.0, 0.0, 0.0, 0.0, 0.0, 0.0, 0.0, 0.0, 0.0, 0.0, 0.0, 0.0, 0.0, 0.0, 0.0, 0.0, 0.0, 0.0, 0.0, 0.0, 0.0, 0.0, 0.0, 0.0, 0.0, 0.0, 0.0, 0.0, 0.0, 0.0, 0.0, 0.0, 0.0, 0.0, 0.0, 0.0, 0.0, 0.0, 0.0, 0.0, 0.0, 13.6, 0.0, 0.0, 0.0, 0.0, 0.0, 0.0, 0.0, 0.0, 0.0, 0.0, 0.0, 0.0, 0.0, 0.0, 0.0, 0.0, 0.0, 0.0, 0.0, 0.0, 0.0, 0.0, 0.0, 0.0, 0.0, 0.0, 0.0, 0.0, 0.0, 0.0, 0.0, 0.0, 0.0, 0.0, 0.0, 0.0, 0.0, 0.0, 0.0, 0.0, 0.0, 0.0, 0.0, 0.0, 0.0, 0.0, 0.0, 0.0, 0.0, 0.0, 0.0, 0.0, 0.0, 0.0, 0.0, 0.0, 0.0, 0.0, 0.0, 0.0, 0.0, 0.0, 0.0, 0.0, 0.0, 0.0, 0.0, 0.0, 0.0, 0.0, 0.0]
2025-10-01 19:30:59,995 - INFO - Disk I/O:
2025-10-01 19:31:00,000 - INFO -   Read: 44.49 GB
2025-10-01 19:31:00,005 - INFO -   Write: 0.00 GB
2025-10-01 19:31:00,010 - INFO -   Read Rate: 458728 ops
2025-10-01 19:31:00,015 - INFO -   Write Rate: 0 ops
2025-10-01 19:31:00,020 - INFO - Network I/O:
2025-10-01 19:31:00,025 - INFO -   Sent: 349.21 GB
2025-10-01 19:31:00,031 - INFO -   Received: 4551.97 GB
2025-10-01 19:31:00,036 - INFO - ==================================================
2025-10-01 19:31:00,171 - INFO - Progress: 40,000 indexed, 0 failed, Rate: 1606.1 docs/sec, Elapsed: 24.9s
2025-10-01 19:31:00,393 - INFO - POST http://localhost:9200/_bulk [status:200 request:5.979s]
2025-10-01 19:31:02,116 - INFO - POST http://localhost:9200/_bulk [status:200 request:5.634s]
2025-10-01 19:31:05,278 - INFO - === ENHANCED HARDWARE METRICS BULK INDEXING AT 40000 DOCS ===
2025-10-01 19:31:05,279 - INFO - Process Memory:
2025-10-01 19:31:05,284 - INFO -   RSS: 1.87 GB
2025-10-01 19:31:05,290 - INFO -   VMS: 4.77 GB
2025-10-01 19:31:05,305 - INFO -   Percent: 0.2%
2025-10-01 19:31:05,310 - INFO - System Memory:
2025-10-01 19:31:05,316 - INFO -   Used: 13.1%
2025-10-01 19:31:05,321 - INFO -   Available: 742.16 GB
2025-10-01 19:31:05,326 - INFO -   Cached: 23.25 GB
2025-10-01 19:31:05,331 - INFO - CPU Usage:
2025-10-01 19:31:05,336 - INFO -   Process: 92.8%
2025-10-01 19:31:05,341 - INFO -   System: 2.1%
2025-10-01 19:31:05,347 - INFO -   Per Core: [4.9, 1.0, 1.0, 28.2, 6.8, 0.0, 1.0, 0.0, 0.0, 0.0, 0.0, 0.0, 0.0, 0.0, 0.0, 0.0, 0.0, 0.0, 0.0, 0.0, 0.0, 1.0, 0.0, 0.0, 0.0, 0.0, 0.0, 0.0, 0.0, 0.0, 0.0, 0.0, 0.0, 0.0, 0.0, 0.0, 0.0, 0.0, 0.0, 0.0, 0.0, 0.0, 0.0, 0.0, 0.0, 0.0, 1.0, 0.0, 0.0, 0.0, 0.0, 0.0, 0.0, 0.0, 0.0, 0.0, 11.0, 54.4, 97.1, 45.1, 53.9, 14.7, 28.2, 26.7, 14.6, 13.0, 71.6, 8.8, 7.0, 9.8, 13.9, 8.8, 0.0, 0.0, 0.0, 0.0, 0.0, 0.0, 0.0, 0.0, 0.0, 0.0, 0.0, 0.0, 0.0, 0.0, 0.0, 0.0, 1.0, 1.0, 0.0, 0.0, 0.0, 0.0, 0.0, 0.0, 0.0, 0.0, 0.0, 0.0, 0.0, 0.0, 0.0, 0.0, 0.0, 0.0, 0.0, 0.0, 0.0, 0.0, 0.0, 0.0, 0.0, 0.0, 0.0, 0.0, 0.0, 0.0, 0.0, 1.0, 2.9, 0.0, 0.0, 0.0, 0.0, 0.0, 0.0, 0.0, 0.0, 0.0, 1.0, 0.0, 0.0, 0.0, 0.0, 0.0, 0.0, 0.0, 0.0, 0.0, 0.0, 0.0, 0.0, 0.0, 59.4, 0.0, 0.0, 1.0, 0.0, 0.0, 0.0, 0.0, 0.0, 0.0, 0.0, 1.0, 0.0, 1.0, 0.0, 0.0, 0.0, 0.0, 0.0, 0.0, 0.0, 0.0, 0.0, 0.0, 0.0, 0.0, 0.0, 0.0, 1.0, 0.0, 0.0, 0.0, 0.0, 0.0, 1.0, 0.0, 0.0, 0.0, 0.0, 0.0, 0.0, 0.0, 0.0, 0.0, 0.0, 0.0, 0.0, 0.0, 0.0, 0.0, 0.0, 0.0, 0.0, 0.0, 0.0, 0.0, 0.0, 0.0, 0.0, 0.0, 0.0, 0.0, 0.0, 0.0, 0.0, 0.0, 0.0, 0.0, 0.0, 0.0, 0.0, 0.0, 0.0, 0.0, 0.0, 0.0, 0.0, 0.0, 0.0, 0.0, 0.0, 0.0, 0.0, 0.0, 0.0, 0.0, 0.0, 0.0, 0.0, 0.0, 0.0, 0.0, 0.0, 0.0, 0.0, 0.0, 0.0, 0.0, 0.0, 0.0, 0.0, 0.0, 0.0, 0.0, 0.0, 0.0, 0.0, 0.0, 0.0, 0.0, 0.0, 0.0, 0.0, 0.0, 0.0, 0.0, 0.0, 0.0, 0.0, 0.0, 0.0, 0.0, 0.0, 0.0, 0.0, 0.0, 0.0, 0.0, 0.0, 0.0, 0.0, 0.0, 0.0, 0.0, 0.0, 0.0, 0.0, 0.0, 0.0, 0.0, 1.0, 0.0, 0.0, 0.0]
2025-10-01 19:31:05,352 - INFO - Disk I/O:
2025-10-01 19:31:05,357 - INFO -   Read: 44.49 GB
2025-10-01 19:31:05,362 - INFO -   Write: 0.00 GB
2025-10-01 19:31:05,367 - INFO -   Read Rate: 458728 ops
2025-10-01 19:31:05,373 - INFO -   Write Rate: 0 ops
2025-10-01 19:31:05,378 - INFO - Network I/O:
2025-10-01 19:31:05,383 - INFO -   Sent: 349.75 GB
2025-10-01 19:31:05,388 - INFO -   Received: 4552.07 GB
2025-10-01 19:31:05,393 - INFO - ==================================================
2025-10-01 19:31:05,533 - INFO - Progress: 50,000 indexed, 0 failed, Rate: 1652.0 docs/sec, Elapsed: 30.3s
2025-10-01 19:31:06,791 - INFO - POST http://localhost:9200/_bulk [status:200 request:8.159s]
2025-10-01 19:31:09,813 - INFO - POST http://localhost:9200/_bulk [status:200 request:8.858s]
2025-10-01 19:31:10,958 - INFO - POST http://localhost:9200/_bulk [status:200 request:7.947s]
2025-10-01 19:31:11,786 - INFO - POST http://localhost:9200/_bulk [status:200 request:6.140s]
2025-10-01 19:31:12,013 - INFO - === ENHANCED HARDWARE METRICS BULK INDEXING AT 50000 DOCS ===
2025-10-01 19:31:12,019 - INFO - Process Memory:
2025-10-01 19:31:12,024 - INFO -   RSS: 1.86 GB
2025-10-01 19:31:12,029 - INFO -   VMS: 4.78 GB
2025-10-01 19:31:12,045 - INFO -   Percent: 0.2%
2025-10-01 19:31:12,050 - INFO - System Memory:
2025-10-01 19:31:12,055 - INFO -   Used: 13.2%
2025-10-01 19:31:12,060 - INFO -   Available: 741.71 GB
2025-10-01 19:31:12,065 - INFO -   Cached: 23.66 GB
2025-10-01 19:31:12,071 - INFO - CPU Usage:
2025-10-01 19:31:12,076 - INFO -   Process: 99.8%
2025-10-01 19:31:12,081 - INFO -   System: 1.4%
2025-10-01 19:31:12,086 - INFO -   Per Core: [1.0, 0.0, 0.0, 0.0, 0.0, 0.0, 1.0, 0.0, 0.0, 0.0, 0.0, 0.0, 0.0, 0.0, 0.0, 0.0, 0.0, 0.0, 0.0, 0.0, 0.0, 0.0, 0.0, 0.0, 0.0, 0.0, 0.0, 0.0, 0.0, 0.0, 0.0, 0.0, 0.0, 0.0, 0.0, 0.0, 0.0, 0.0, 0.0, 0.0, 0.0, 0.0, 0.0, 0.0, 0.0, 0.0, 1.0, 0.0, 0.0, 0.0, 0.0, 0.0, 0.0, 0.0, 0.0, 1.0, 0.0, 0.0, 0.0, 100.0, 0.0, 0.0, 0.0, 0.0, 0.0, 15.7, 0.0, 2.0, 1.0, 0.0, 0.0, 0.0, 0.0, 0.0, 0.0, 0.0, 0.0, 0.0, 0.0, 0.0, 0.0, 0.0, 0.0, 0.0, 0.0, 0.0, 0.0, 0.0, 1.0, 0.0, 0.0, 0.0, 0.0, 0.0, 0.0, 0.0, 0.0, 1.0, 0.0, 0.0, 0.0, 0.0, 0.0, 0.0, 0.0, 0.0, 0.0, 0.0, 0.0, 0.0, 0.0, 0.0, 0.0, 0.0, 0.0, 0.0, 0.0, 0.0, 0.0, 0.0, 0.0, 0.0, 0.0, 0.0, 0.0, 0.0, 0.0, 0.0, 0.0, 0.0, 0.0, 0.0, 0.0, 0.0, 0.0, 0.0, 0.0, 0.0, 0.0, 0.0, 0.0, 0.0, 0.0, 0.0, 0.0, 100.0, 0.0, 0.0, 0.0, 0.0, 0.0, 0.0, 0.0, 0.0, 0.0, 1.0, 0.0, 1.0, 0.0, 0.0, 0.0, 0.0, 0.0, 0.0, 0.0, 0.0, 0.0, 0.0, 0.0, 0.0, 0.0, 0.0, 0.0, 0.0, 0.0, 1.0, 0.0, 0.0, 0.0, 0.0, 0.0, 0.0, 0.0, 0.0, 0.0, 0.0, 0.0, 0.0, 0.0, 0.0, 0.0, 0.0, 1.0, 0.0, 0.0, 0.0, 0.0, 0.0, 0.0, 0.0, 0.0, 1.0, 0.0, 0.0, 0.0, 0.0, 0.0, 0.0, 0.0, 0.0, 0.0, 0.0, 0.0, 0.0, 0.0, 0.0, 100.0, 81.4, 1.0, 0.0, 0.0, 0.0, 0.0, 0.0, 0.0, 0.0, 0.0, 0.0, 0.0, 0.0, 0.0, 0.0, 0.0, 0.0, 0.0, 0.0, 0.0, 0.0, 0.0, 0.0, 0.0, 0.0, 0.0, 0.0, 0.0, 0.0, 0.0, 0.0, 0.0, 0.0, 0.0, 0.0, 0.0, 0.0, 0.0, 0.0, 0.0, 0.0, 0.0, 0.0, 0.0, 0.0, 0.0, 0.0, 0.0, 0.0, 0.0, 0.0, 0.0, 0.0, 0.0, 0.0, 0.0, 0.0, 0.0, 0.0, 0.0, 0.0, 0.0, 0.0, 0.0, 0.0, 0.0, 0.0, 0.0, 0.0, 0.0, 0.0]
2025-10-01 19:31:12,092 - INFO - Disk I/O:
2025-10-01 19:31:12,097 - INFO -   Read: 44.49 GB
2025-10-01 19:31:12,102 - INFO -   Write: 0.00 GB
2025-10-01 19:31:12,107 - INFO -   Read Rate: 458728 ops
2025-10-01 19:31:12,112 - INFO -   Write Rate: 0 ops
2025-10-01 19:31:12,117 - INFO - Network I/O:
2025-10-01 19:31:12,123 - INFO -   Sent: 350.05 GB
2025-10-01 19:31:12,128 - INFO -   Received: 4552.17 GB
2025-10-01 19:31:12,133 - INFO - ==================================================
2025-10-01 19:31:12,312 - INFO - Progress: 60,000 indexed, 0 failed, Rate: 1619.6 docs/sec, Elapsed: 37.0s
2025-10-01 19:31:13,951 - INFO - POST http://localhost:9200/_bulk [status:200 request:4.995s]
2025-10-01 19:31:17,760 - INFO - === ENHANCED HARDWARE METRICS BULK INDEXING AT 60000 DOCS ===
2025-10-01 19:31:17,766 - INFO - Process Memory:
2025-10-01 19:31:17,771 - INFO -   RSS: 1.55 GB
2025-10-01 19:31:17,776 - INFO -   VMS: 4.44 GB
2025-10-01 19:31:17,792 - INFO -   Percent: 0.2%
2025-10-01 19:31:17,797 - INFO - System Memory:
2025-10-01 19:31:17,802 - INFO -   Used: 13.2%
2025-10-01 19:31:17,807 - INFO -   Available: 741.26 GB
2025-10-01 19:31:17,812 - INFO -   Cached: 24.00 GB
2025-10-01 19:31:17,818 - INFO - CPU Usage:
2025-10-01 19:31:17,823 - INFO -   Process: 100.2%
2025-10-01 19:31:17,828 - INFO -   System: 0.9%
2025-10-01 19:31:17,833 - INFO -   Per Core: [2.3, 0.0, 0.8, 0.8, 0.0, 0.0, 0.8, 0.0, 0.0, 0.0, 0.0, 0.0, 0.0, 0.0, 0.0, 0.0, 0.0, 0.0, 0.0, 0.0, 0.0, 0.0, 0.0, 0.0, 0.0, 0.0, 0.0, 0.0, 0.0, 0.0, 0.0, 0.0, 0.0, 0.0, 0.0, 0.0, 0.0, 0.0, 0.0, 0.0, 0.0, 0.0, 0.0, 0.0, 0.0, 0.0, 0.8, 0.0, 0.0, 0.0, 0.0, 0.0, 0.0, 0.0, 0.8, 0.0, 0.0, 96.1, 31.0, 0.0, 0.8, 0.0, 1.6, 0.0, 0.0, 17.1, 0.0, 1.6, 0.0, 0.0, 0.0, 1.6, 0.8, 0.0, 0.8, 0.0, 0.0, 0.0, 0.0, 0.0, 0.0, 0.0, 0.0, 0.0, 0.0, 0.0, 0.0, 0.0, 0.8, 0.0, 0.0, 0.0, 0.0, 0.0, 0.8, 0.0, 0.0, 0.0, 0.0, 0.0, 0.0, 0.0, 0.0, 0.0, 0.0, 0.0, 0.0, 0.0, 0.0, 0.0, 0.0, 0.0, 0.0, 0.0, 0.0, 0.0, 0.0, 0.0, 0.8, 0.0, 0.0, 0.0, 0.0, 0.0, 0.0, 0.0, 0.0, 0.0, 0.0, 0.0, 0.8, 0.0, 0.0, 0.0, 0.0, 0.0, 0.0, 0.0, 0.0, 0.0, 0.0, 0.0, 0.0, 0.0, 0.8, 0.0, 0.0, 0.0, 0.0, 0.0, 0.0, 0.0, 0.0, 0.0, 0.0, 0.0, 0.0, 0.0, 0.0, 0.0, 0.0, 0.0, 0.0, 0.0, 0.0, 0.0, 0.0, 0.0, 0.0, 0.0, 0.0, 0.0, 0.0, 0.0, 0.0, 0.0, 0.0, 0.0, 0.0, 0.0, 0.0, 0.0, 0.0, 0.0, 0.0, 0.0, 0.0, 0.0, 0.0, 0.0, 0.0, 0.0, 0.0, 0.0, 0.0, 0.0, 0.0, 0.8, 0.0, 0.0, 0.0, 0.0, 0.0, 0.0, 0.8, 0.0, 0.0, 0.0, 0.0, 0.0, 0.0, 0.0, 0.0, 0.0, 0.0, 0.0, 0.0, 83.9, 0.0, 0.0, 0.0, 0.0, 0.0, 0.0, 0.0, 0.0, 0.0, 0.0, 0.0, 0.0, 0.0, 0.0, 0.0, 0.0, 0.0, 0.0, 0.0, 0.0, 0.0, 0.0, 0.0, 0.0, 0.0, 0.0, 0.0, 0.0, 0.0, 0.0, 0.0, 0.0, 0.0, 0.0, 0.0, 0.0, 0.0, 0.0, 0.0, 0.0, 0.0, 0.0, 0.0, 0.0, 0.0, 0.0, 0.8, 0.0, 0.0, 0.0, 0.0, 0.0, 0.0, 0.0, 0.0, 0.0, 0.0, 0.0, 0.0, 0.0, 0.0, 0.0, 0.0, 0.0, 0.0, 0.0, 0.0, 0.0, 0.0, 0.0]
2025-10-01 19:31:17,838 - INFO - Disk I/O:
2025-10-01 19:31:17,844 - INFO -   Read: 44.49 GB
2025-10-01 19:31:17,849 - INFO -   Write: 0.00 GB
2025-10-01 19:31:17,854 - INFO -   Read Rate: 458728 ops
2025-10-01 19:31:17,859 - INFO -   Write Rate: 0 ops
2025-10-01 19:31:17,864 - INFO - Network I/O:
2025-10-01 19:31:17,869 - INFO -   Sent: 350.23 GB
2025-10-01 19:31:17,875 - INFO -   Received: 4552.26 GB
2025-10-01 19:31:17,880 - INFO - ==================================================
2025-10-01 19:31:18,075 - INFO - Progress: 70,000 indexed, 0 failed, Rate: 1635.2 docs/sec, Elapsed: 42.8s
2025-10-01 19:31:18,399 - INFO - POST http://localhost:9200/_bulk [status:200 request:5.649s]
2025-10-01 19:31:21,351 - INFO - POST http://localhost:9200/_bulk [status:200 request:5.477s]
2025-10-01 19:31:23,535 - INFO - === ENHANCED HARDWARE METRICS BULK INDEXING AT 70000 DOCS ===
2025-10-01 19:31:23,540 - INFO - Process Memory:
2025-10-01 19:31:23,545 - INFO -   RSS: 1.77 GB
2025-10-01 19:31:23,551 - INFO -   VMS: 4.65 GB
2025-10-01 19:31:23,571 - INFO -   Percent: 0.2%
2025-10-01 19:31:23,576 - INFO - System Memory:
2025-10-01 19:31:23,582 - INFO -   Used: 13.2%
2025-10-01 19:31:23,587 - INFO -   Available: 741.39 GB
2025-10-01 19:31:23,592 - INFO -   Cached: 24.07 GB
2025-10-01 19:31:23,597 - INFO - CPU Usage:
2025-10-01 19:31:23,602 - INFO -   Process: 100.4%
2025-10-01 19:31:23,608 - INFO -   System: 1.9%
2025-10-01 19:31:23,613 - INFO -   Per Core: [0.0, 0.0, 0.9, 0.0, 1.8, 1.8, 0.9, 1.8, 0.0, 0.0, 0.9, 1.8, 0.9, 1.8, 0.9, 1.8, 0.9, 0.0, 0.9, 0.9, 0.9, 1.8, 0.0, 0.0, 0.0, 0.0, 0.0, 0.0, 0.0, 0.0, 0.9, 0.0, 0.0, 0.0, 0.0, 0.0, 0.0, 0.0, 0.0, 0.0, 0.0, 0.0, 1.8, 0.0, 1.8, 0.0, 0.9, 1.8, 1.8, 1.8, 0.0, 1.8, 0.0, 0.9, 0.9, 4.5, 0.0, 82.1, 1.8, 99.1, 1.8, 1.8, 0.9, 0.0, 0.0, 4.6, 0.0, 0.9, 0.0, 0.0, 0.0, 0.9, 3.7, 0.9, 1.8, 0.0, 0.9, 0.0, 1.8, 0.0, 1.8, 1.8, 1.8, 1.8, 1.8, 1.8, 1.8, 0.9, 1.8, 1.8, 1.8, 0.9, 0.9, 1.8, 1.8, 1.8, 0.9, 1.8, 0.9, 1.8, 2.7, 1.8, 1.8, 1.8, 0.9, 0.0, 1.8, 0.9, 1.8, 1.8, 0.9, 1.8, 1.8, 1.8, 0.9, 0.9, 0.0, 0.0, 0.0, 0.9, 0.0, 0.0, 0.9, 0.0, 1.8, 1.8, 1.8, 1.8, 0.0, 0.0, 2.7, 0.0, 0.9, 1.8, 0.0, 0.9, 0.0, 1.8, 0.9, 0.0, 0.9, 1.8, 1.8, 1.8, 0.0, 1.8, 0.9, 0.0, 0.9, 1.8, 1.8, 0.9, 1.8, 0.9, 0.9, 0.9, 0.9, 0.0, 0.0, 1.8, 0.9, 0.9, 0.9, 0.9, 0.0, 0.0, 0.0, 0.0, 0.0, 0.0, 0.0, 0.0, 0.0, 0.0, 0.0, 0.0, 1.8, 0.0, 0.0, 0.0, 0.0, 0.0, 0.0, 0.9, 0.9, 0.9, 1.8, 0.9, 0.9, 1.8, 0.9, 0.0, 0.0, 0.9, 0.0, 0.0, 0.0, 1.8, 0.0, 1.8, 1.8, 0.0, 0.9, 0.0, 0.0, 0.0, 0.0, 0.0, 0.0, 0.0, 0.0, 0.0, 1.8, 0.9, 0.9, 0.0, 0.9, 94.5, 1.8, 1.8, 1.8, 1.8, 0.0, 1.8, 1.8, 0.9, 1.8, 1.8, 1.8, 0.9, 1.8, 1.8, 1.8, 0.9, 0.0, 1.8, 0.9, 0.9, 0.9, 1.8, 1.8, 1.8, 0.0, 1.8, 1.8, 0.9, 0.9, 0.9, 1.8, 1.8, 0.0, 1.8, 0.0, 0.9, 1.8, 1.8, 1.8, 0.0, 1.8, 0.9, 0.0, 1.8, 1.8, 1.8, 0.9, 1.8, 0.9, 0.9, 0.9, 0.9, 1.8, 1.8, 1.8, 0.9, 0.9, 0.0, 1.8, 1.8, 0.0, 0.9, 1.8, 1.8, 1.8, 0.9, 0.9, 0.9, 1.8, 1.8]
2025-10-01 19:31:23,618 - INFO - Disk I/O:
2025-10-01 19:31:23,623 - INFO -   Read: 44.49 GB
2025-10-01 19:31:23,628 - INFO -   Write: 0.00 GB
2025-10-01 19:31:23,634 - INFO -   Read Rate: 458728 ops
2025-10-01 19:31:23,639 - INFO -   Write Rate: 0 ops
2025-10-01 19:31:23,644 - INFO - Network I/O:
2025-10-01 19:31:23,650 - INFO -   Sent: 350.43 GB
2025-10-01 19:31:23,655 - INFO -   Received: 4552.35 GB
2025-10-01 19:31:23,660 - INFO - ==================================================
2025-10-01 19:31:23,862 - INFO - Progress: 80,000 indexed, 0 failed, Rate: 1646.2 docs/sec, Elapsed: 48.6s
2025-10-01 19:31:24,194 - INFO - POST http://localhost:9200/_bulk [status:200 request:4.904s]
2025-10-01 19:31:28,836 - INFO - POST http://localhost:9200/_bulk [status:200 request:5.755s]
2025-10-01 19:31:30,026 - INFO - === ENHANCED HARDWARE METRICS BULK INDEXING AT 80000 DOCS ===
2025-10-01 19:31:30,031 - INFO - Process Memory:
2025-10-01 19:31:30,037 - INFO -   RSS: 1.79 GB
2025-10-01 19:31:30,042 - INFO -   VMS: 4.66 GB
2025-10-01 19:31:30,063 - INFO -   Percent: 0.2%
2025-10-01 19:31:30,068 - INFO - System Memory:
2025-10-01 19:31:30,073 - INFO -   Used: 13.2%
2025-10-01 19:31:30,078 - INFO -   Available: 741.26 GB
2025-10-01 19:31:30,084 - INFO -   Cached: 24.27 GB
2025-10-01 19:31:30,089 - INFO - CPU Usage:
2025-10-01 19:31:30,094 - INFO -   Process: 101.3%
2025-10-01 19:31:30,099 - INFO -   System: 0.7%
2025-10-01 19:31:30,105 - INFO -   Per Core: [0.9, 0.0, 0.0, 0.0, 0.0, 0.0, 0.9, 0.0, 0.0, 0.0, 0.0, 0.0, 0.0, 0.0, 0.0, 0.0, 0.0, 0.0, 0.0, 0.0, 0.0, 0.0, 0.0, 0.0, 0.0, 0.0, 0.0, 0.0, 0.0, 0.0, 0.0, 0.0, 0.0, 0.0, 0.0, 0.0, 0.0, 0.0, 0.0, 0.0, 0.0, 0.9, 0.0, 0.0, 0.0, 0.0, 0.0, 0.0, 0.0, 0.0, 0.0, 0.0, 0.0, 0.0, 0.0, 0.0, 0.0, 0.0, 0.0, 100.0, 0.0, 0.0, 0.0, 0.0, 0.0, 0.0, 0.0, 0.9, 0.0, 0.0, 0.0, 0.0, 0.0, 0.0, 0.0, 0.0, 0.0, 0.0, 0.0, 0.0, 0.0, 0.0, 0.0, 0.0, 0.0, 0.0, 0.0, 0.0, 0.9, 0.0, 0.0, 0.0, 0.0, 0.0, 0.0, 0.0, 0.0, 0.0, 0.0, 0.0, 0.0, 0.0, 0.0, 0.0, 0.0, 0.0, 0.0, 0.0, 0.0, 0.0, 0.0, 0.0, 0.0, 0.0, 0.0, 0.0, 0.0, 0.0, 0.0, 0.0, 0.0, 0.0, 0.0, 0.0, 0.0, 0.0, 0.0, 0.0, 0.0, 0.9, 0.0, 0.0, 0.0, 0.0, 0.0, 0.0, 0.0, 0.0, 0.0, 0.0, 0.0, 0.0, 0.0, 0.0, 0.0, 0.0, 0.0, 0.0, 0.0, 0.0, 0.0, 0.0, 0.0, 0.9, 0.0, 0.0, 0.0, 0.0, 0.0, 0.0, 0.0, 0.0, 0.0, 0.0, 0.0, 0.0, 0.0, 0.0, 0.0, 0.0, 0.0, 0.0, 0.9, 0.0, 0.0, 0.0, 0.0, 0.0, 0.0, 0.0, 0.0, 0.0, 0.0, 0.0, 0.0, 0.0, 0.0, 0.0, 0.0, 0.0, 0.0, 0.0, 0.0, 0.0, 0.0, 0.0, 0.0, 0.9, 0.0, 0.0, 0.0, 0.0, 0.0, 0.0, 0.0, 0.0, 0.0, 0.0, 0.0, 0.0, 0.0, 0.0, 0.0, 0.0, 0.0, 0.0, 0.0, 99.1, 0.0, 0.0, 0.0, 0.0, 0.0, 0.0, 0.0, 0.0, 0.0, 0.0, 0.0, 0.0, 0.9, 0.0, 0.0, 0.0, 0.0, 0.0, 0.0, 0.9, 0.0, 0.0, 0.0, 0.0, 0.0, 0.9, 0.0, 0.0, 0.0, 0.0, 0.0, 0.0, 0.0, 0.0, 0.0, 0.0, 0.0, 0.0, 0.0, 0.0, 0.0, 0.0, 0.0, 0.0, 0.0, 0.0, 0.0, 0.9, 0.0, 0.0, 0.0, 0.0, 0.0, 0.0, 0.0, 0.0, 0.0, 0.0, 0.0, 0.0, 0.0, 0.0, 0.0, 0.0, 0.0, 0.0, 0.0, 0.0, 0.0, 0.0]
2025-10-01 19:31:30,110 - INFO - Disk I/O:
2025-10-01 19:31:30,115 - INFO -   Read: 44.49 GB
2025-10-01 19:31:30,120 - INFO -   Write: 0.00 GB
2025-10-01 19:31:30,125 - INFO -   Read Rate: 458728 ops
2025-10-01 19:31:30,131 - INFO -   Write Rate: 0 ops
2025-10-01 19:31:30,136 - INFO - Network I/O:
2025-10-01 19:31:30,141 - INFO -   Sent: 350.60 GB
2025-10-01 19:31:30,164 - INFO -   Received: 4552.40 GB
2025-10-01 19:31:30,204 - INFO - ==================================================
2025-10-01 19:31:30,426 - INFO - Progress: 90,000 indexed, 0 failed, Rate: 1631.6 docs/sec, Elapsed: 55.2s
2025-10-01 19:31:32,206 - INFO - POST http://localhost:9200/_bulk [status:200 request:5.473s]
2025-10-01 19:31:35,202 - INFO - POST http://localhost:9200/_bulk [status:200 request:4.971s]
2025-10-01 19:31:36,897 - INFO - === ENHANCED HARDWARE METRICS BULK INDEXING AT 90000 DOCS ===
2025-10-01 19:31:36,902 - INFO - Process Memory:
2025-10-01 19:31:36,908 - INFO -   RSS: 1.84 GB
2025-10-01 19:31:36,913 - INFO -   VMS: 4.68 GB
2025-10-01 19:31:36,933 - INFO -   Percent: 0.2%
2025-10-01 19:31:36,939 - INFO - System Memory:
2025-10-01 19:31:36,944 - INFO -   Used: 13.3%
2025-10-01 19:31:36,949 - INFO -   Available: 741.11 GB
2025-10-01 19:31:36,954 - INFO -   Cached: 24.34 GB
2025-10-01 19:31:36,960 - INFO - CPU Usage:
2025-10-01 19:31:36,965 - INFO -   Process: 99.5%
2025-10-01 19:31:36,970 - INFO -   System: 0.8%
2025-10-01 19:31:36,975 - INFO -   Per Core: [0.0, 0.0, 0.8, 0.0, 0.0, 0.0, 0.0, 0.0, 0.0, 0.0, 0.0, 0.0, 0.0, 0.0, 0.0, 0.0, 0.0, 0.0, 0.0, 0.0, 0.0, 0.0, 0.0, 0.0, 0.0, 0.0, 0.0, 0.0, 0.0, 0.0, 0.0, 0.0, 0.0, 0.0, 0.0, 0.0, 0.0, 0.0, 0.0, 0.0, 0.0, 0.0, 0.0, 0.0, 0.0, 0.0, 0.0, 0.0, 0.0, 0.0, 0.0, 0.0, 0.8, 0.0, 0.0, 0.0, 0.0, 14.0, 0.0, 100.0, 0.0, 0.0, 0.0, 0.0, 0.0, 17.9, 0.0, 0.8, 0.8, 0.0, 0.0, 1.6, 0.0, 0.0, 0.0, 0.0, 0.0, 0.0, 0.0, 0.0, 0.0, 0.0, 0.0, 0.0, 0.0, 0.0, 0.8, 0.0, 0.0, 0.0, 0.0, 0.0, 0.0, 0.0, 0.0, 0.0, 0.0, 0.0, 0.0, 0.0, 0.0, 0.0, 0.0, 0.0, 0.0, 0.0, 0.0, 0.0, 0.0, 0.0, 0.0, 0.0, 0.0, 0.0, 0.0, 0.0, 0.0, 0.0, 0.0, 0.0, 0.0, 0.0, 0.0, 0.0, 0.0, 0.0, 0.0, 0.0, 0.0, 0.0, 0.0, 0.0, 0.0, 0.0, 0.0, 0.0, 0.0, 0.0, 0.0, 0.0, 0.0, 0.0, 0.0, 0.0, 0.0, 0.0, 0.0, 0.0, 0.0, 0.0, 0.0, 0.0, 0.0, 0.0, 0.0, 0.0, 0.0, 0.0, 0.0, 0.0, 0.0, 0.0, 0.0, 0.0, 0.8, 0.0, 0.0, 0.0, 0.0, 0.0, 0.0, 0.0, 0.0, 0.0, 0.0, 0.0, 0.0, 0.0, 0.0, 0.8, 0.0, 0.0, 0.0, 0.0, 0.0, 0.0, 0.0, 0.0, 0.0, 0.0, 0.0, 0.0, 0.0, 0.0, 0.0, 0.0, 0.0, 0.8, 0.0, 0.0, 0.0, 0.0, 0.0, 0.0, 0.0, 0.0, 0.0, 0.0, 0.0, 0.0, 0.0, 0.0, 0.0, 0.0, 0.0, 0.0, 0.0, 82.5, 0.0, 0.0, 0.0, 0.0, 0.0, 0.0, 0.0, 0.0, 0.0, 0.0, 0.0, 0.0, 0.0, 0.0, 0.0, 0.0, 0.0, 0.0, 0.0, 1.6, 0.0, 0.0, 0.0, 0.0, 0.0, 0.0, 0.0, 0.0, 0.0, 0.0, 0.0, 0.0, 0.0, 0.0, 0.0, 0.0, 0.0, 0.0, 0.0, 0.0, 0.0, 0.0, 0.0, 0.0, 0.0, 0.0, 0.0, 0.0, 0.0, 0.0, 0.0, 0.0, 0.0, 0.0, 0.0, 0.0, 0.0, 0.0, 0.0, 0.0, 0.0, 0.0, 0.0, 0.0, 0.0, 0.0, 0.0, 0.0, 0.0, 0.0]
2025-10-01 19:31:36,981 - INFO - Disk I/O:
2025-10-01 19:31:36,986 - INFO -   Read: 44.49 GB
2025-10-01 19:31:36,991 - INFO -   Write: 0.00 GB
2025-10-01 19:31:36,996 - INFO -   Read Rate: 458728 ops
2025-10-01 19:31:37,001 - INFO -   Write Rate: 0 ops
2025-10-01 19:31:37,007 - INFO - Network I/O:
2025-10-01 19:31:37,012 - INFO -   Sent: 350.81 GB
2025-10-01 19:31:37,017 - INFO -   Received: 4552.50 GB
2025-10-01 19:31:37,022 - INFO - ==================================================
2025-10-01 19:31:37,222 - INFO - Progress: 100,000 indexed, 0 failed, Rate: 1614.0 docs/sec, Elapsed: 62.0s
2025-10-01 19:31:39,578 - INFO - POST http://localhost:9200/_bulk [status:200 request:5.598s]
2025-10-01 19:31:43,397 - INFO - POST http://localhost:9200/_bulk [status:200 request:4.873s]
2025-10-01 19:31:44,141 - INFO - === ENHANCED HARDWARE METRICS BULK INDEXING AT 100000 DOCS ===
2025-10-01 19:31:44,146 - INFO - Process Memory:
2025-10-01 19:31:44,151 - INFO -   RSS: 1.64 GB
2025-10-01 19:31:44,157 - INFO -   VMS: 4.48 GB
2025-10-01 19:31:44,172 - INFO -   Percent: 0.2%
2025-10-01 19:31:44,177 - INFO - System Memory:
2025-10-01 19:31:44,183 - INFO -   Used: 13.3%
2025-10-01 19:31:44,188 - INFO -   Available: 741.18 GB
2025-10-01 19:31:44,193 - INFO -   Cached: 24.51 GB
2025-10-01 19:31:44,198 - INFO - CPU Usage:
2025-10-01 19:31:44,203 - INFO -   Process: 99.5%
2025-10-01 19:31:44,209 - INFO -   System: 1.6%
2025-10-01 19:31:44,214 - INFO -   Per Core: [0.9, 0.0, 0.9, 0.9, 0.9, 0.9, 2.6, 0.9, 0.0, 0.0, 0.9, 0.9, 0.9, 0.9, 0.9, 0.9, 0.9, 0.9, 0.9, 0.9, 0.9, 0.9, 0.0, 0.0, 0.0, 0.0, 0.0, 0.0, 0.0, 0.0, 0.9, 0.9, 0.0, 0.0, 0.0, 0.0, 0.0, 0.0, 0.0, 0.0, 0.0, 0.0, 0.9, 0.0, 0.9, 0.0, 0.9, 0.9, 0.9, 0.9, 0.0, 0.9, 0.0, 0.9, 0.9, 0.0, 3.5, 77.9, 2.6, 85.1, 0.9, 0.9, 0.0, 0.0, 0.0, 7.0, 0.0, 1.8, 0.0, 0.0, 0.0, 0.0, 0.0, 0.9, 1.8, 0.9, 0.9, 0.0, 0.9, 0.0, 0.0, 0.9, 0.9, 0.9, 0.9, 0.9, 0.9, 0.9, 1.8, 1.8, 0.9, 0.9, 0.9, 0.9, 0.9, 0.9, 0.9, 0.9, 0.9, 0.9, 0.9, 0.9, 0.9, 0.9, 0.9, 1.8, 0.9, 0.9, 0.9, 0.9, 0.9, 0.9, 0.9, 0.9, 0.0, 0.0, 0.0, 0.0, 0.0, 0.0, 0.0, 0.0, 0.0, 0.0, 0.9, 0.9, 0.9, 0.9, 0.0, 0.0, 0.9, 0.0, 0.0, 0.9, 0.0, 0.9, 0.0, 0.9, 0.9, 0.9, 0.0, 0.9, 0.9, 0.9, 0.0, 0.9, 0.9, 0.9, 0.9, 0.9, 0.9, 0.9, 0.9, 0.9, 0.9, 0.9, 0.9, 0.9, 0.0, 0.9, 0.9, 0.9, 0.9, 0.9, 0.0, 9.7, 0.0, 0.0, 0.0, 0.0, 0.0, 0.0, 0.0, 0.9, 0.0, 0.0, 0.9, 0.0, 0.0, 0.0, 0.0, 0.0, 0.9, 0.9, 0.9, 0.9, 0.9, 0.9, 0.9, 0.9, 0.9, 0.9, 0.0, 0.9, 0.0, 0.9, 0.0, 0.9, 0.0, 0.9, 0.9, 0.0, 0.9, 0.9, 0.0, 0.0, 0.0, 0.0, 0.0, 0.0, 0.0, 0.0, 0.9, 0.9, 0.9, 0.0, 0.9, 93.8, 0.9, 4.4, 1.8, 0.9, 0.9, 0.9, 1.8, 0.9, 0.9, 0.9, 0.9, 0.9, 0.9, 0.9, 0.9, 0.9, 1.8, 0.9, 0.9, 0.9, 0.9, 0.9, 0.9, 0.9, 0.0, 0.9, 0.9, 0.9, 1.8, 0.9, 1.8, 0.9, 0.0, 0.9, 0.0, 0.9, 0.9, 0.9, 0.9, 0.0, 0.9, 0.9, 0.0, 0.9, 0.9, 0.9, 0.0, 0.9, 0.9, 0.9, 0.9, 0.9, 0.9, 0.9, 0.9, 0.9, 0.9, 0.0, 0.9, 0.9, 0.9, 0.9, 0.9, 0.9, 0.9, 0.9, 0.9, 0.9, 0.9, 0.9]
2025-10-01 19:31:44,219 - INFO - Disk I/O:
2025-10-01 19:31:44,224 - INFO -   Read: 44.49 GB
2025-10-01 19:31:44,230 - INFO -   Write: 0.00 GB
2025-10-01 19:31:44,235 - INFO -   Read Rate: 458728 ops
2025-10-01 19:31:44,240 - INFO -   Write Rate: 0 ops
2025-10-01 19:31:44,245 - INFO - Network I/O:
2025-10-01 19:31:44,250 - INFO -   Sent: 351.01 GB
2025-10-01 19:31:44,256 - INFO -   Received: 4552.59 GB
2025-10-01 19:31:44,261 - INFO - ==================================================
2025-10-01 19:31:44,500 - INFO - Progress: 110,000 indexed, 0 failed, Rate: 1588.8 docs/sec, Elapsed: 69.2s
2025-10-01 19:31:50,617 - INFO - === ENHANCED HARDWARE METRICS BULK INDEXING AT 110000 DOCS ===
2025-10-01 19:31:50,623 - INFO - Process Memory:
2025-10-01 19:31:50,628 - INFO -   RSS: 1.67 GB
2025-10-01 19:31:50,634 - INFO -   VMS: 4.50 GB
2025-10-01 19:31:50,644 - INFO -   Percent: 0.2%
2025-10-01 19:31:50,649 - INFO - System Memory:
2025-10-01 19:31:50,655 - INFO -   Used: 13.3%
2025-10-01 19:31:50,660 - INFO -   Available: 741.07 GB
2025-10-01 19:31:50,665 - INFO -   Cached: 24.65 GB
2025-10-01 19:31:50,670 - INFO - CPU Usage:
2025-10-01 19:31:50,675 - INFO -   Process: 99.4%
2025-10-01 19:31:50,681 - INFO -   System: 1.2%
2025-10-01 19:31:50,686 - INFO -   Per Core: [1.8, 0.0, 0.0, 0.0, 0.0, 0.0, 0.0, 0.0, 0.9, 0.0, 0.9, 0.0, 0.0, 0.0, 0.0, 0.0, 0.0, 0.0, 0.0, 0.9, 0.0, 0.0, 0.0, 0.0, 0.0, 0.0, 0.9, 0.0, 0.0, 0.0, 0.0, 0.0, 0.9, 0.0, 0.9, 0.0, 0.0, 0.0, 0.0, 0.0, 0.0, 0.0, 0.0, 0.0, 0.0, 0.0, 0.0, 0.0, 0.0, 0.0, 0.0, 0.9, 0.0, 0.0, 0.0, 0.0, 4.3, 99.1, 0.0, 31.0, 95.7, 0.0, 0.0, 0.0, 0.0, 0.0, 0.0, 2.6, 0.9, 0.0, 0.0, 7.6, 1.7, 0.0, 0.0, 0.0, 0.0, 0.0, 0.0, 0.0, 0.0, 0.9, 0.0, 0.0, 0.0, 0.0, 0.0, 0.0, 1.7, 0.0, 0.0, 0.0, 0.0, 0.0, 0.0, 0.0, 0.0, 0.0, 0.0, 0.0, 0.0, 0.0, 0.0, 0.0, 0.0, 0.0, 0.0, 0.0, 0.0, 0.0, 0.0, 0.0, 0.0, 0.0, 0.0, 0.0, 0.0, 0.0, 0.0, 0.0, 0.0, 0.0, 0.0, 0.0, 0.0, 0.0, 0.0, 0.0, 0.0, 0.0, 1.7, 0.0, 0.0, 0.0, 0.0, 0.0, 0.0, 0.0, 0.0, 0.0, 0.0, 0.0, 0.0, 0.0, 0.9, 0.0, 0.0, 0.0, 0.0, 0.0, 0.0, 0.0, 0.0, 0.0, 0.0, 0.9, 0.0, 0.0, 0.0, 0.0, 0.0, 0.0, 0.0, 0.0, 0.0, 0.0, 0.0, 0.0, 0.0, 0.0, 0.0, 0.0, 0.0, 0.0, 0.0, 0.0, 0.0, 0.0, 0.0, 0.0, 0.0, 0.0, 0.0, 0.0, 0.0, 0.0, 0.0, 0.0, 0.0, 0.0, 0.0, 0.0, 0.9, 0.0, 0.0, 0.0, 0.0, 0.9, 0.0, 0.0, 0.0, 0.0, 0.0, 0.0, 0.0, 0.0, 0.0, 0.0, 0.0, 0.0, 0.0, 0.0, 0.0, 0.0, 0.0, 0.0, 0.9, 93.9, 0.0, 0.9, 0.0, 0.0, 0.0, 0.9, 0.0, 0.0, 0.0, 0.0, 0.0, 0.0, 0.0, 0.0, 0.0, 0.0, 0.0, 0.0, 0.0, 0.0, 0.0, 0.0, 0.0, 0.0, 0.0, 0.0, 0.9, 0.0, 0.0, 0.0, 0.0, 0.0, 0.0, 0.0, 0.0, 0.0, 0.0, 0.0, 0.0, 0.0, 0.0, 0.0, 0.0, 0.0, 0.0, 0.0, 0.0, 0.0, 0.0, 0.0, 0.0, 0.0, 0.0, 0.0, 0.0, 0.0, 0.0, 0.0, 0.0, 0.0, 0.0, 0.0, 0.0, 0.0, 0.0, 0.0, 0.0, 0.0, 0.0, 0.0]
2025-10-01 19:31:50,691 - INFO - Disk I/O:
2025-10-01 19:31:50,696 - INFO -   Read: 44.49 GB
2025-10-01 19:31:50,702 - INFO -   Write: 0.00 GB
2025-10-01 19:31:50,707 - INFO -   Read Rate: 458728 ops
2025-10-01 19:31:50,712 - INFO -   Write Rate: 0 ops
2025-10-01 19:31:50,717 - INFO - Network I/O:
2025-10-01 19:31:50,722 - INFO -   Sent: 351.55 GB
2025-10-01 19:31:50,728 - INFO -   Received: 4552.68 GB
2025-10-01 19:31:50,733 - INFO - ==================================================
2025-10-01 19:31:51,159 - INFO - Progress: 120,000 indexed, 0 failed, Rate: 1581.2 docs/sec, Elapsed: 75.9s
2025-10-01 19:31:51,919 - INFO - POST http://localhost:9200/_bulk [status:200 request:5.395s]
2025-10-01 19:31:52,062 - INFO - POST http://localhost:9200/_bulk [status:200 request:9.683s]
2025-10-01 19:31:55,589 - INFO - POST http://localhost:9200/_bulk [status:200 request:5.361s]
2025-10-01 19:31:58,252 - INFO - === ENHANCED HARDWARE METRICS BULK INDEXING AT 120000 DOCS ===
2025-10-01 19:31:58,257 - INFO - Process Memory:
2025-10-01 19:31:58,263 - INFO -   RSS: 2.10 GB
2025-10-01 19:31:58,268 - INFO -   VMS: 4.93 GB
2025-10-01 19:31:58,278 - INFO -   Percent: 0.2%
2025-10-01 19:31:58,284 - INFO - System Memory:
2025-10-01 19:31:58,289 - INFO -   Used: 13.4%
2025-10-01 19:31:58,294 - INFO -   Available: 740.28 GB
2025-10-01 19:31:58,299 - INFO -   Cached: 24.85 GB
2025-10-01 19:31:58,304 - INFO - CPU Usage:
2025-10-01 19:31:58,310 - INFO -   Process: 102.0%
2025-10-01 19:31:58,315 - INFO -   System: 0.7%
2025-10-01 19:31:58,320 - INFO -   Per Core: [0.8, 0.0, 0.0, 0.0, 0.0, 0.0, 1.7, 0.0, 0.0, 0.0, 0.0, 0.0, 0.0, 0.0, 0.0, 0.0, 0.0, 0.0, 0.0, 0.0, 0.0, 0.0, 0.0, 0.0, 0.0, 0.0, 0.0, 0.0, 0.0, 0.0, 0.0, 0.0, 0.0, 0.0, 0.0, 0.0, 0.0, 0.0, 0.0, 0.0, 0.0, 0.0, 0.0, 0.0, 0.0, 0.0, 0.0, 0.0, 0.0, 0.0, 0.0, 0.0, 0.0, 0.0, 0.0, 0.0, 0.8, 0.0, 100.0, 0.0, 0.0, 0.0, 0.0, 0.0, 0.0, 5.0, 0.0, 0.8, 0.0, 0.0, 0.0, 0.0, 0.0, 0.0, 0.0, 0.0, 0.0, 0.0, 0.0, 0.0, 0.0, 0.0, 0.0, 0.0, 0.0, 0.0, 0.0, 0.0, 0.0, 0.0, 0.0, 0.0, 0.0, 0.0, 0.0, 0.0, 0.0, 0.0, 0.0, 0.0, 0.0, 0.0, 0.0, 0.0, 0.0, 0.0, 0.0, 0.0, 0.0, 0.0, 0.0, 0.0, 0.0, 0.0, 0.0, 0.0, 0.0, 0.0, 0.0, 0.0, 0.0, 0.0, 0.0, 0.0, 0.0, 0.8, 0.8, 0.0, 0.0, 0.0, 0.0, 0.0, 0.0, 0.0, 0.0, 0.0, 0.0, 0.0, 0.0, 0.0, 0.0, 0.0, 0.0, 0.0, 0.0, 0.0, 0.0, 0.0, 0.0, 0.0, 0.0, 0.0, 0.0, 0.0, 0.0, 0.0, 0.0, 0.0, 0.0, 0.0, 0.0, 0.0, 0.0, 0.0, 0.0, 0.0, 0.0, 0.0, 0.0, 0.0, 0.0, 0.8, 0.0, 0.0, 0.0, 0.0, 0.0, 0.0, 0.0, 0.0, 0.0, 0.0, 0.0, 0.0, 0.0, 0.0, 0.0, 0.0, 0.0, 0.0, 0.0, 0.0, 0.0, 0.0, 0.0, 0.0, 0.0, 0.8, 0.0, 0.0, 0.0, 0.0, 0.0, 0.0, 0.0, 0.0, 0.0, 0.0, 0.0, 0.0, 0.0, 0.0, 0.0, 0.0, 0.0, 0.0, 0.0, 94.1, 0.8, 0.0, 0.0, 0.0, 0.0, 0.0, 0.0, 0.0, 0.0, 0.0, 0.0, 0.0, 0.8, 0.0, 0.0, 0.0, 0.0, 0.0, 0.0, 0.8, 0.0, 0.0, 0.0, 0.0, 0.0, 0.0, 0.0, 0.0, 0.0, 0.0, 0.0, 0.0, 0.0, 0.0, 0.0, 0.0, 0.0, 0.0, 0.0, 0.0, 0.0, 0.0, 0.0, 0.0, 0.0, 0.0, 0.0, 0.0, 0.0, 0.0, 0.0, 0.0, 0.0, 0.0, 0.0, 0.0, 0.0, 0.0, 0.0, 0.0, 0.0, 0.0, 0.0, 0.0, 0.0, 0.0, 0.8, 0.0, 0.0, 0.0]
2025-10-01 19:31:58,325 - INFO - Disk I/O:
2025-10-01 19:31:58,331 - INFO -   Read: 44.49 GB
2025-10-01 19:31:58,336 - INFO -   Write: 0.00 GB
2025-10-01 19:31:58,341 - INFO -   Read Rate: 458728 ops
2025-10-01 19:31:58,346 - INFO -   Write Rate: 0 ops
2025-10-01 19:31:58,351 - INFO - Network I/O:
2025-10-01 19:31:58,356 - INFO -   Sent: 351.73 GB
2025-10-01 19:31:58,362 - INFO -   Received: 4552.73 GB
2025-10-01 19:31:58,367 - INFO - ==================================================
2025-10-01 19:31:58,831 - INFO - Progress: 130,000 indexed, 0 failed, Rate: 1555.7 docs/sec, Elapsed: 83.6s
2025-10-01 19:32:01,410 - INFO - POST http://localhost:9200/_bulk [status:200 request:5.589s]
2025-10-01 19:32:05,040 - INFO - POST http://localhost:9200/_bulk [status:200 request:4.692s]
2025-10-01 19:32:06,863 - INFO - === ENHANCED HARDWARE METRICS BULK INDEXING AT 130000 DOCS ===
2025-10-01 19:32:06,864 - INFO - Process Memory:
2025-10-01 19:32:06,869 - INFO -   RSS: 1.71 GB
2025-10-01 19:32:06,875 - INFO -   VMS: 4.52 GB
2025-10-01 19:32:06,885 - INFO -   Percent: 0.2%
2025-10-01 19:32:06,890 - INFO - System Memory:
2025-10-01 19:32:06,896 - INFO -   Used: 13.3%
2025-10-01 19:32:06,901 - INFO -   Available: 740.82 GB
2025-10-01 19:32:06,906 - INFO -   Cached: 24.46 GB
2025-10-01 19:32:06,911 - INFO - CPU Usage:
2025-10-01 19:32:06,916 - INFO -   Process: 100.0%
2025-10-01 19:32:06,922 - INFO -   System: 1.1%
2025-10-01 19:32:06,927 - INFO -   Per Core: [0.0, 0.0, 0.8, 0.0, 0.0, 0.8, 1.7, 0.0, 0.0, 0.0, 0.0, 0.0, 0.0, 0.0, 0.0, 0.0, 0.0, 0.0, 0.0, 0.0, 0.0, 0.0, 0.0, 0.0, 0.0, 0.0, 0.8, 0.8, 0.0, 0.8, 0.0, 0.0, 0.0, 0.8, 0.0, 0.0, 0.0, 0.0, 0.0, 0.8, 0.0, 0.8, 0.0, 0.0, 0.0, 0.0, 0.0, 0.0, 0.0, 0.0, 0.0, 0.0, 0.0, 0.0, 0.0, 4.2, 0.8, 71.7, 80.5, 0.0, 0.8, 0.0, 0.0, 0.0, 0.0, 4.2, 0.0, 1.7, 0.0, 0.0, 0.0, 0.0, 0.0, 0.0, 0.8, 0.0, 0.8, 0.0, 0.0, 0.0, 0.0, 0.0, 0.8, 0.0, 0.0, 0.0, 0.0, 0.0, 0.8, 0.0, 0.0, 0.0, 0.0, 0.8, 0.8, 0.0, 0.0, 0.0, 0.0, 0.0, 0.0, 0.0, 1.7, 0.8, 0.8, 0.0, 0.0, 0.8, 0.0, 0.0, 0.0, 0.0, 0.0, 0.8, 0.0, 0.0, 0.0, 0.8, 0.0, 0.0, 0.0, 0.0, 0.8, 0.8, 0.0, 0.0, 0.0, 0.0, 0.0, 0.8, 0.0, 0.0, 0.0, 0.0, 0.0, 0.0, 0.0, 0.8, 0.0, 0.0, 0.0, 0.0, 0.0, 0.0, 0.0, 0.8, 0.0, 0.0, 0.0, 0.0, 0.0, 0.8, 1.7, 0.0, 0.0, 0.0, 0.8, 0.8, 0.8, 0.0, 0.0, 0.0, 0.0, 0.0, 0.0, 8.4, 0.0, 0.8, 0.0, 0.0, 0.0, 0.0, 0.8, 0.0, 0.0, 0.8, 0.8, 0.0, 0.8, 0.0, 0.0, 0.0, 0.0, 0.0, 0.0, 0.0, 0.0, 0.0, 0.0, 0.0, 0.0, 0.0, 0.0, 0.0, 0.0, 0.8, 0.8, 0.0, 0.0, 0.8, 0.0, 0.0, 0.8, 0.0, 0.0, 0.0, 0.0, 0.8, 0.0, 0.0, 0.0, 0.0, 0.0, 0.0, 0.0, 0.0, 0.0, 94.1, 0.8, 0.0, 0.0, 0.0, 0.0, 0.0, 0.0, 0.0, 0.0, 0.0, 0.0, 0.0, 0.0, 0.0, 0.0, 0.0, 0.8, 0.0, 0.8, 0.8, 0.0, 0.0, 0.0, 0.0, 0.0, 0.0, 0.0, 0.0, 0.0, 0.0, 0.0, 0.0, 0.0, 0.0, 0.0, 0.0, 0.0, 0.0, 0.0, 0.0, 0.0, 0.0, 0.0, 0.0, 0.0, 0.0, 0.0, 0.0, 0.0, 0.0, 0.0, 0.0, 0.0, 0.0, 0.0, 0.0, 0.0, 0.8, 0.0, 0.0, 0.0, 0.0, 0.0, 0.8, 0.0, 0.0, 0.0, 0.0, 0.0, 0.0]
2025-10-01 19:32:06,932 - INFO - Disk I/O:
2025-10-01 19:32:06,937 - INFO -   Read: 44.49 GB
2025-10-01 19:32:06,943 - INFO -   Write: 0.00 GB
2025-10-01 19:32:06,948 - INFO -   Read Rate: 458728 ops
2025-10-01 19:32:06,953 - INFO -   Write Rate: 0 ops
2025-10-01 19:32:06,958 - INFO - Network I/O:
2025-10-01 19:32:06,963 - INFO -   Sent: 351.96 GB
2025-10-01 19:32:06,969 - INFO -   Received: 4552.82 GB
2025-10-01 19:32:06,974 - INFO - ==================================================
2025-10-01 19:32:07,456 - INFO - Progress: 140,000 indexed, 0 failed, Rate: 1518.6 docs/sec, Elapsed: 92.2s
2025-10-01 19:32:09,150 - INFO - POST http://localhost:9200/_bulk [status:200 request:4.585s]
2025-10-01 19:32:14,637 - INFO - POST http://localhost:9200/_bulk [status:200 request:4.993s]
2025-10-01 19:32:15,525 - INFO - === ENHANCED HARDWARE METRICS BULK INDEXING AT 140000 DOCS ===
2025-10-01 19:32:15,530 - INFO - Process Memory:
2025-10-01 19:32:15,536 - INFO -   RSS: 1.73 GB
2025-10-01 19:32:15,541 - INFO -   VMS: 4.53 GB
2025-10-01 19:32:15,551 - INFO -   Percent: 0.2%
2025-10-01 19:32:15,557 - INFO - System Memory:
2025-10-01 19:32:15,562 - INFO -   Used: 13.3%
2025-10-01 19:32:15,567 - INFO -   Available: 740.76 GB
2025-10-01 19:32:15,573 - INFO -   Cached: 24.55 GB
2025-10-01 19:32:15,578 - INFO - CPU Usage:
2025-10-01 19:32:15,583 - INFO -   Process: 99.3%
2025-10-01 19:32:15,589 - INFO -   System: 0.6%
2025-10-01 19:32:15,594 - INFO -   Per Core: [1.0, 0.0, 0.0, 0.0, 0.0, 0.0, 0.0, 0.0, 0.0, 0.0, 0.0, 0.0, 0.0, 0.0, 1.0, 0.0, 0.0, 0.0, 0.0, 0.0, 0.0, 0.0, 0.0, 0.0, 0.0, 0.0, 0.0, 0.0, 0.0, 0.0, 0.0, 0.0, 0.0, 0.0, 0.0, 0.0, 0.0, 0.0, 0.0, 0.0, 0.0, 0.0, 0.0, 0.0, 0.0, 0.0, 0.0, 0.0, 0.0, 0.0, 0.0, 0.0, 0.0, 0.0, 0.0, 0.0, 0.0, 49.5, 0.0, 0.0, 0.0, 1.0, 1.0, 0.0, 0.0, 1.0, 0.0, 15.7, 1.0, 0.0, 0.0, 0.0, 0.0, 0.0, 0.0, 0.0, 0.0, 0.0, 0.0, 0.0, 0.0, 0.0, 0.0, 0.0, 0.0, 0.0, 0.0, 0.0, 0.0, 0.0, 0.0, 0.0, 0.0, 0.0, 0.0, 0.0, 0.0, 0.0, 0.0, 0.0, 0.0, 0.0, 0.0, 0.0, 0.0, 0.0, 0.0, 0.0, 0.0, 0.0, 0.0, 0.0, 0.0, 0.0, 0.0, 0.0, 0.0, 0.0, 0.0, 0.0, 0.0, 0.0, 0.0, 0.0, 0.0, 0.0, 0.0, 0.0, 0.0, 0.0, 0.0, 0.0, 0.0, 0.0, 0.0, 0.0, 0.0, 0.0, 0.0, 0.0, 0.0, 0.0, 0.0, 0.0, 0.0, 0.0, 0.0, 0.0, 0.0, 0.0, 0.0, 0.0, 0.0, 0.0, 0.0, 0.0, 0.0, 1.0, 0.0, 0.0, 0.0, 0.0, 0.0, 0.0, 0.0, 0.0, 0.0, 0.0, 0.0, 0.0, 0.0, 1.0, 0.0, 0.0, 0.0, 0.0, 0.0, 0.0, 0.0, 0.0, 0.0, 0.0, 0.0, 0.0, 0.0, 0.0, 0.0, 0.0, 0.0, 0.0, 0.0, 0.0, 0.0, 0.0, 0.0, 0.0, 0.0, 0.0, 1.0, 0.0, 0.0, 0.0, 0.0, 0.0, 0.0, 0.0, 0.0, 1.0, 0.0, 0.0, 0.0, 0.0, 0.0, 0.0, 0.0, 0.0, 0.0, 81.3, 0.0, 1.9, 0.0, 0.0, 0.0, 0.0, 0.0, 0.0, 0.0, 1.0, 0.0, 0.0, 0.0, 0.0, 0.0, 0.0, 0.0, 0.0, 0.0, 0.0, 0.0, 0.0, 0.0, 0.0, 0.0, 0.0, 0.0, 0.0, 0.0, 0.0, 0.0, 0.0, 0.0, 0.0, 0.0, 0.0, 0.0, 0.0, 0.0, 0.0, 0.0, 0.0, 0.0, 0.0, 0.0, 0.0, 0.0, 0.0, 0.0, 0.0, 0.0, 0.0, 0.0, 0.0, 0.0, 0.0, 0.0, 0.0, 0.0, 0.0, 0.0, 0.0, 0.0, 0.0, 0.0, 0.0, 0.0, 0.0, 0.0, 0.0]
2025-10-01 19:32:15,599 - INFO - Disk I/O:
2025-10-01 19:32:15,604 - INFO -   Read: 44.49 GB
2025-10-01 19:32:15,610 - INFO -   Write: 0.00 GB
2025-10-01 19:32:15,615 - INFO -   Read Rate: 458728 ops
2025-10-01 19:32:15,620 - INFO -   Write Rate: 0 ops
2025-10-01 19:32:15,625 - INFO - Network I/O:
2025-10-01 19:32:15,631 - INFO -   Sent: 352.17 GB
2025-10-01 19:32:15,636 - INFO -   Received: 4552.91 GB
2025-10-01 19:32:15,641 - INFO - ==================================================
2025-10-01 19:32:16,109 - INFO - Progress: 150,000 indexed, 0 failed, Rate: 1487.5 docs/sec, Elapsed: 100.8s
2025-10-01 19:32:19,675 - INFO - POST http://localhost:9200/_bulk [status:200 request:4.830s]
2025-10-01 19:32:21,732 - INFO - Completed streaming processing of 00000_tokens.parquet: 416,250 rows
2025-10-01 19:32:22,238 - INFO - === ENHANCED HARDWARE METRICS BULK INDEXING AT 150000 DOCS ===
2025-10-01 19:32:22,239 - INFO - Process Memory:
2025-10-01 19:32:22,239 - INFO -   RSS: 1.76 GB
2025-10-01 19:32:22,239 - INFO -   VMS: 4.55 GB
2025-10-01 19:32:22,239 - INFO -   Percent: 0.2%
2025-10-01 19:32:22,239 - INFO - System Memory:
2025-10-01 19:32:22,239 - INFO -   Used: 13.3%
2025-10-01 19:32:22,239 - INFO -   Available: 740.76 GB
2025-10-01 19:32:22,240 - INFO -   Cached: 24.68 GB
2025-10-01 19:32:22,240 - INFO - CPU Usage:
2025-10-01 19:32:22,240 - INFO -   Process: 100.1%
2025-10-01 19:32:22,240 - INFO -   System: 0.7%
2025-10-01 19:32:22,240 - INFO -   Per Core: [0.0, 0.0, 0.0, 0.0, 0.0, 0.0, 0.6, 0.0, 0.0, 0.0, 0.0, 0.0, 0.0, 0.0, 0.0, 0.0, 0.0, 0.0, 0.0, 0.0, 0.0, 0.0, 0.0, 0.0, 0.0, 0.0, 0.0, 0.6, 0.0, 0.0, 0.0, 0.0, 0.0, 0.0, 0.0, 0.0, 0.0, 0.0, 0.0, 0.0, 0.0, 0.0, 0.0, 0.0, 0.0, 0.0, 0.6, 0.0, 0.0, 0.0, 0.0, 0.0, 0.0, 0.0, 0.0, 0.0, 0.0, 100.0, 0.0, 0.0, 0.0, 1.2, 0.0, 0.0, 0.0, 0.0, 0.0, 0.0, 1.2, 0.0, 0.0, 0.0, 0.0, 0.0, 0.0, 0.0, 0.0, 0.0, 0.0, 0.0, 0.6, 0.0, 0.0, 0.0, 0.0, 0.0, 0.0, 0.0, 0.0, 0.0, 0.0, 0.0, 0.0, 0.0, 0.0, 0.0, 0.0, 0.0, 0.0, 0.0, 0.0, 0.0, 0.6, 0.0, 0.0, 0.0, 0.0, 0.0, 0.0, 0.0, 0.0, 0.0, 0.0, 0.0, 0.0, 0.0, 0.0, 0.6, 0.0, 0.0, 0.0, 0.0, 0.0, 0.0, 0.0, 0.0, 0.0, 0.0, 0.0, 0.0, 0.0, 0.0, 0.0, 0.0, 0.0, 0.0, 0.0, 0.0, 0.0, 0.0, 0.0, 0.0, 0.0, 0.0, 0.0, 0.0, 0.0, 0.0, 0.0, 0.0, 0.0, 0.0, 0.0, 0.0, 0.0, 0.0, 0.0, 0.6, 0.0, 0.0, 0.0, 0.6, 0.0, 0.0, 0.0, 0.0, 0.0, 0.0, 0.0, 0.0, 0.0, 0.0, 0.0, 0.0, 0.0, 0.0, 0.0, 0.0, 0.0, 0.0, 0.0, 0.0, 0.0, 0.0, 0.0, 0.0, 0.0, 0.0, 0.0, 0.0, 0.0, 0.6, 0.0, 0.6, 0.0, 0.0, 0.6, 0.0, 0.0, 0.6, 0.0, 0.0, 0.0, 0.0, 0.0, 0.0, 0.0, 0.6, 0.0, 0.0, 0.0, 0.0, 0.0, 0.0, 0.0, 0.0, 0.0, 98.8, 0.6, 0.0, 0.0, 0.0, 0.0, 0.0, 0.0, 0.0, 0.6, 0.0, 0.0, 0.0, 0.6, 0.0, 0.0, 0.0, 0.0, 0.0, 0.0, 0.6, 0.0, 0.0, 0.0, 0.0, 0.0, 0.0, 0.0, 0.0, 0.0, 0.0, 0.0, 0.0, 0.0, 0.0, 0.0, 0.0, 0.0, 0.0, 0.0, 0.0, 0.0, 0.0, 0.0, 0.0, 0.0, 0.0, 0.0, 0.0, 0.0, 0.6, 0.0, 0.0, 0.0, 0.0, 0.0, 0.0, 0.0, 0.0, 0.0, 0.0, 0.0, 0.0, 0.0, 0.0, 0.0, 0.0, 0.0, 0.0, 0.0, 0.0]
2025-10-01 19:32:22,240 - INFO - Disk I/O:
2025-10-01 19:32:22,240 - INFO -   Read: 44.49 GB
2025-10-01 19:32:22,240 - INFO -   Write: 0.00 GB
2025-10-01 19:32:22,240 - INFO -   Read Rate: 458728 ops
2025-10-01 19:32:22,240 - INFO -   Write Rate: 0 ops
2025-10-01 19:32:22,240 - INFO - Network I/O:
2025-10-01 19:32:22,240 - INFO -   Sent: 352.31 GB
2025-10-01 19:32:22,240 - INFO -   Received: 4552.97 GB
2025-10-01 19:32:22,241 - INFO - ==================================================
2025-10-01 19:32:22,759 - INFO - Progress: 160,000 indexed, 0 failed, Rate: 1488.5 docs/sec, Elapsed: 107.5s
2025-10-01 19:32:23,637 - INFO - POST http://localhost:9200/_bulk [status:200 request:1.451s]
2025-10-01 19:32:24,731 - INFO - POST http://localhost:9200/_bulk [status:200 request:4.692s]
2025-10-01 19:32:25,044 - INFO - === ENHANCED HARDWARE METRICS BULK INDEXING AT 160000 DOCS ===
2025-10-01 19:32:25,044 - INFO - Process Memory:
2025-10-01 19:32:25,044 - INFO -   RSS: 1.86 GB
2025-10-01 19:32:25,044 - INFO -   VMS: 4.67 GB
2025-10-01 19:32:25,045 - INFO -   Percent: 0.2%
2025-10-01 19:32:25,045 - INFO - System Memory:
2025-10-01 19:32:25,045 - INFO -   Used: 13.3%
2025-10-01 19:32:25,045 - INFO -   Available: 740.62 GB
2025-10-01 19:32:25,045 - INFO -   Cached: 24.74 GB
2025-10-01 19:32:25,045 - INFO - CPU Usage:
2025-10-01 19:32:25,045 - INFO -   Process: 7.0%
2025-10-01 19:32:25,045 - INFO -   System: 0.4%
2025-10-01 19:32:25,045 - INFO -   Per Core: [0.0, 0.0, 0.0, 0.0, 0.0, 0.0, 0.0, 0.0, 0.0, 0.0, 0.0, 0.0, 0.0, 0.0, 0.0, 0.0, 0.0, 0.0, 0.0, 0.0, 0.0, 0.0, 0.0, 0.0, 0.0, 0.0, 0.0, 0.0, 0.0, 0.0, 0.0, 0.0, 0.0, 0.0, 0.0, 0.0, 0.0, 0.0, 0.0, 0.0, 0.0, 0.9, 0.0, 0.0, 0.0, 0.0, 0.0, 0.0, 0.0, 0.0, 0.0, 0.0, 0.0, 0.0, 0.0, 0.0, 0.0, 82.7, 0.0, 0.0, 0.0, 0.0, 0.0, 0.0, 0.0, 0.0, 0.0, 0.0, 0.0, 0.0, 0.0, 13.6, 0.0, 0.0, 0.0, 0.0, 0.0, 0.0, 0.0, 0.0, 0.0, 0.0, 0.0, 0.0, 0.0, 0.0, 0.0, 0.0, 0.0, 0.0, 0.0, 0.0, 0.0, 0.0, 0.0, 0.0, 0.0, 0.0, 0.0, 0.0, 0.0, 0.0, 0.0, 0.0, 0.0, 0.0, 0.0, 0.9, 0.0, 0.0, 0.0, 0.0, 0.0, 0.0, 0.9, 0.0, 0.0, 0.0, 0.0, 0.0, 0.0, 0.0, 0.0, 0.0, 0.0, 0.0, 0.0, 0.0, 0.0, 0.0, 0.0, 0.0, 0.0, 0.0, 0.0, 0.0, 0.0, 0.0, 0.0, 0.0, 0.0, 0.0, 0.0, 0.0, 0.0, 0.0, 0.0, 0.0, 0.0, 0.0, 0.0, 0.9, 0.0, 0.0, 0.0, 0.0, 0.0, 0.0, 0.0, 0.0, 0.0, 0.0, 0.0, 0.0, 0.0, 0.0, 0.0, 0.0, 0.0, 0.0, 0.0, 0.0, 0.0, 0.0, 0.0, 0.0, 0.0, 0.0, 0.0, 0.0, 0.0, 0.0, 0.0, 0.0, 0.0, 0.0, 0.0, 0.0, 0.0, 0.0, 0.0, 0.0, 0.0, 0.0, 0.0, 0.0, 0.9, 0.0, 0.0, 0.0, 0.0, 0.0, 0.0, 0.0, 0.0, 0.0, 0.0, 0.9, 0.0, 0.0, 0.0, 0.0, 0.0, 0.0, 0.0, 0.0, 0.0, 0.0, 0.0, 0.0, 0.0, 0.0, 0.0, 0.0, 0.0, 0.0, 0.0, 0.0, 0.0, 0.0, 0.0, 0.0, 0.0, 0.0, 0.0, 0.0, 0.0, 0.0, 0.0, 0.0, 0.0, 0.0, 0.0, 0.0, 0.0, 0.0, 0.0, 0.0, 0.0, 0.0, 0.0, 0.0, 0.0, 0.0, 0.0, 0.0, 0.0, 0.0, 0.0, 0.0, 0.0, 0.0, 0.0, 0.0, 0.0, 0.0, 0.0, 0.0, 0.0, 0.0, 0.0, 0.0, 0.0, 0.0, 0.9, 0.0, 0.0, 0.0, 0.0, 0.0, 0.0, 0.0, 0.0, 0.0, 0.9, 0.0, 0.0, 0.0]
2025-10-01 19:32:25,045 - INFO - Disk I/O:
2025-10-01 19:32:25,045 - INFO -   Read: 44.49 GB
2025-10-01 19:32:25,046 - INFO -   Write: 0.00 GB
2025-10-01 19:32:25,046 - INFO -   Read Rate: 458728 ops
2025-10-01 19:32:25,046 - INFO -   Write Rate: 0 ops
2025-10-01 19:32:25,046 - INFO - Network I/O:
2025-10-01 19:32:25,046 - INFO -   Sent: 352.35 GB
2025-10-01 19:32:25,046 - INFO -   Received: 4552.97 GB
2025-10-01 19:32:25,046 - INFO - ==================================================
2025-10-01 19:32:25,568 - INFO - Progress: 170,000 indexed, 0 failed, Rate: 1541.2 docs/sec, Elapsed: 110.3s
2025-10-01 19:32:27,700 - INFO - === ENHANCED HARDWARE METRICS BULK INDEXING AT 170000 DOCS ===
2025-10-01 19:32:27,700 - INFO - Process Memory:
2025-10-01 19:32:27,700 - INFO -   RSS: 1.59 GB
2025-10-01 19:32:27,700 - INFO -   VMS: 4.40 GB
2025-10-01 19:32:27,700 - INFO -   Percent: 0.2%
2025-10-01 19:32:27,701 - INFO - System Memory:
2025-10-01 19:32:27,701 - INFO -   Used: 13.3%
2025-10-01 19:32:27,701 - INFO -   Available: 740.85 GB
2025-10-01 19:32:27,701 - INFO -   Cached: 24.82 GB
2025-10-01 19:32:27,701 - INFO - CPU Usage:
2025-10-01 19:32:27,701 - INFO -   Process: 0.0%
2025-10-01 19:32:27,701 - INFO -   System: 0.2%
2025-10-01 19:32:27,701 - INFO -   Per Core: [0.0, 0.0, 0.0, 0.0, 0.0, 0.0, 1.0, 0.0, 0.0, 0.0, 0.0, 0.0, 0.0, 1.0, 0.0, 0.0, 0.0, 0.0, 0.0, 0.0, 0.0, 0.0, 0.0, 0.0, 0.0, 0.0, 0.0, 0.0, 0.0, 0.0, 1.0, 0.0, 0.0, 0.0, 0.0, 0.0, 0.0, 0.0, 0.0, 0.0, 0.0, 2.0, 0.0, 0.0, 0.0, 0.0, 0.0, 0.0, 0.0, 0.0, 0.0, 0.0, 0.0, 0.0, 0.0, 1.0, 0.0, 0.0, 0.0, 0.0, 0.0, 0.0, 0.0, 0.0, 0.0, 0.0, 0.0, 0.0, 1.0, 0.0, 0.0, 0.0, 0.0, 0.0, 0.0, 0.0, 0.0, 1.0, 1.0, 1.0, 0.0, 1.0, 0.0, 0.0, 0.0, 0.0, 1.0, 0.0, 1.0, 1.0, 0.0, 0.0, 0.0, 0.0, 0.0, 0.0, 0.0, 0.0, 0.0, 0.0, 1.0, 0.0, 1.0, 0.0, 0.0, 0.0, 0.0, 0.0, 0.0, 0.0, 0.0, 0.0, 0.0, 0.0, 0.0, 0.0, 0.0, 0.0, 0.0, 0.0, 1.0, 0.0, 0.0, 0.0, 1.0, 0.0, 0.0, 0.0, 0.0, 1.0, 1.0, 1.0, 0.0, 0.0, 0.0, 0.0, 0.0, 0.0, 0.0, 0.0, 0.0, 1.0, 0.0, 0.0, 0.0, 1.0, 0.0, 0.0, 0.0, 0.0, 0.0, 0.0, 0.0, 0.0, 1.0, 0.0, 0.0, 0.0, 0.0, 0.0, 0.0, 0.0, 1.0, 0.0, 0.0, 1.0, 1.0, 0.0, 0.0, 0.0, 1.0, 0.0, 0.0, 0.0, 0.0, 0.0, 0.0, 0.0, 1.0, 0.0, 0.0, 1.0, 0.0, 0.0, 0.0, 0.0, 0.0, 0.0, 0.0, 0.0, 0.0, 0.0, 1.0, 0.0, 0.0, 0.0, 0.0, 0.0, 1.0, 0.0, 1.0, 0.0, 1.0, 0.0, 0.0, 1.0, 1.0, 0.0, 0.0, 0.0, 0.0, 0.0, 0.0, 1.0, 0.0, 0.0, 0.0, 0.0, 0.0, 0.0, 0.0, 1.0, 1.0, 0.0, 1.0, 0.0, 0.0, 0.0, 1.0, 1.0, 1.0, 0.0, 0.0, 0.0, 0.0, 0.0, 0.0, 0.0, 1.0, 0.0, 0.0, 0.0, 0.0, 0.0, 0.0, 0.0, 0.0, 0.0, 0.0, 0.0, 0.0, 0.0, 0.0, 0.0, 0.0, 0.0, 0.0, 0.0, 0.0, 0.0, 0.0, 0.0, 0.0, 0.0, 0.0, 0.0, 0.0, 1.0, 0.0, 0.0, 0.0, 0.0, 0.0, 1.0, 1.0, 0.0, 0.0, 1.0, 1.0, 1.0, 1.0, 0.0, 1.0, 0.0, 0.0, 0.0, 0.0, 0.0]
2025-10-01 19:32:27,701 - INFO - Disk I/O:
2025-10-01 19:32:27,701 - INFO -   Read: 44.49 GB
2025-10-01 19:32:27,701 - INFO -   Write: 0.00 GB
2025-10-01 19:32:27,701 - INFO -   Read Rate: 458728 ops
2025-10-01 19:32:27,702 - INFO -   Write Rate: 0 ops
2025-10-01 19:32:27,702 - INFO - Network I/O:
2025-10-01 19:32:27,702 - INFO -   Sent: 352.38 GB
2025-10-01 19:32:27,702 - INFO -   Received: 4552.97 GB
2025-10-01 19:32:27,702 - INFO - ==================================================
2025-10-01 19:32:28,205 - INFO - Progress: 180,000 indexed, 0 failed, Rate: 1593.8 docs/sec, Elapsed: 112.9s
2025-10-01 19:32:30,330 - INFO - === ENHANCED HARDWARE METRICS BULK INDEXING AT 180000 DOCS ===
2025-10-01 19:32:30,331 - INFO - Process Memory:
2025-10-01 19:32:30,331 - INFO -   RSS: 1.59 GB
2025-10-01 19:32:30,331 - INFO -   VMS: 4.40 GB
2025-10-01 19:32:30,331 - INFO -   Percent: 0.2%
2025-10-01 19:32:30,331 - INFO - System Memory:
2025-10-01 19:32:30,331 - INFO -   Used: 13.3%
2025-10-01 19:32:30,331 - INFO -   Available: 740.85 GB
2025-10-01 19:32:30,331 - INFO -   Cached: 24.82 GB
2025-10-01 19:32:30,331 - INFO - CPU Usage:
2025-10-01 19:32:30,332 - INFO -   Process: 0.0%
2025-10-01 19:32:30,332 - INFO -   System: 0.0%
2025-10-01 19:32:30,332 - INFO -   Per Core: [0.0, 0.0, 0.0, 0.0, 0.0, 0.0, 0.0, 0.0, 0.0, 0.0, 0.0, 0.0, 0.0, 0.0, 0.0, 0.0, 0.0, 0.0, 0.0, 0.0, 0.0, 0.0, 0.0, 0.0, 0.0, 0.0, 0.0, 0.0, 0.0, 0.0, 0.0, 0.0, 0.0, 0.0, 0.0, 0.0, 0.0, 0.0, 0.0, 0.0, 0.0, 1.0, 0.0, 0.0, 0.0, 0.0, 0.0, 0.0, 0.0, 0.0, 0.0, 0.0, 0.0, 0.0, 0.0, 0.0, 0.0, 0.0, 0.0, 0.0, 0.0, 1.0, 0.0, 0.0, 0.0, 0.0, 0.0, 0.0, 1.0, 0.0, 0.0, 0.0, 4.0, 0.0, 0.0, 0.0, 0.0, 0.0, 0.0, 0.0, 0.0, 0.0, 0.0, 0.0, 0.0, 0.0, 0.0, 0.0, 0.0, 0.0, 0.0, 0.0, 0.0, 0.0, 0.0, 0.0, 0.0, 0.0, 0.0, 0.0, 0.0, 0.0, 0.0, 0.0, 0.0, 0.0, 0.0, 0.0, 0.0, 0.0, 0.0, 0.0, 0.0, 0.0, 1.0, 0.0, 0.0, 0.0, 0.0, 0.0, 0.0, 0.0, 0.0, 0.0, 0.0, 0.0, 0.0, 0.0, 0.0, 0.0, 0.0, 0.0, 0.0, 0.0, 0.0, 0.0, 0.0, 0.0, 0.0, 0.0, 0.0, 0.0, 0.0, 0.0, 0.0, 0.0, 0.0, 0.0, 0.0, 0.0, 0.0, 0.0, 0.0, 0.0, 0.0, 0.0, 0.0, 0.0, 0.0, 0.0, 0.0, 0.0, 0.0, 0.0, 0.0, 0.0, 0.0, 0.0, 0.0, 0.0, 0.0, 0.0, 0.0, 0.0, 0.0, 0.0, 0.0, 0.0, 0.0, 0.0, 0.0, 0.0, 0.0, 0.0, 0.0, 0.0, 0.0, 0.0, 0.0, 0.0, 0.0, 0.0, 0.0, 0.0, 0.0, 0.0, 0.0, 0.0, 0.0, 0.0, 0.0, 0.0, 0.0, 0.0, 0.0, 0.0, 0.0, 1.0, 0.0, 0.0, 0.0, 0.0, 0.0, 0.0, 0.0, 0.0, 0.0, 0.0, 0.0, 0.0, 0.0, 0.0, 0.0, 0.0, 0.0, 0.0, 1.0, 0.0, 0.0, 0.0, 1.0, 0.0, 0.0, 0.0, 0.0, 0.0, 0.0, 0.0, 0.0, 0.0, 0.0, 0.0, 0.0, 0.0, 0.0, 0.0, 0.0, 0.0, 0.0, 0.0, 0.0, 0.0, 0.0, 0.0, 0.0, 0.0, 0.0, 0.0, 0.0, 0.0, 0.0, 0.0, 0.0, 0.0, 0.0, 0.0, 0.0, 0.0, 0.0, 0.0, 0.0, 0.0, 0.0, 0.0, 0.0, 0.0, 0.0, 0.0, 0.0, 0.0, 0.0, 0.0, 0.0, 0.0, 0.0, 0.0, 0.0, 0.0]
2025-10-01 19:32:30,332 - INFO - Disk I/O:
2025-10-01 19:32:30,332 - INFO -   Read: 44.49 GB
2025-10-01 19:32:30,332 - INFO -   Write: 0.00 GB
2025-10-01 19:32:30,332 - INFO -   Read Rate: 458728 ops
2025-10-01 19:32:30,332 - INFO -   Write Rate: 0 ops
2025-10-01 19:32:30,332 - INFO - Network I/O:
2025-10-01 19:32:30,332 - INFO -   Sent: 352.38 GB
2025-10-01 19:32:30,332 - INFO -   Received: 4552.97 GB
2025-10-01 19:32:30,332 - INFO - ==================================================
2025-10-01 19:32:30,833 - INFO - Progress: 190,000 indexed, 0 failed, Rate: 1644.1 docs/sec, Elapsed: 115.6s
2025-10-01 19:32:32,956 - INFO - === ENHANCED HARDWARE METRICS BULK INDEXING AT 190000 DOCS ===
2025-10-01 19:32:32,956 - INFO - Process Memory:
2025-10-01 19:32:32,956 - INFO -   RSS: 1.59 GB
2025-10-01 19:32:32,956 - INFO -   VMS: 4.39 GB
2025-10-01 19:32:32,956 - INFO -   Percent: 0.2%
2025-10-01 19:32:32,956 - INFO - System Memory:
2025-10-01 19:32:32,956 - INFO -   Used: 13.3%
2025-10-01 19:32:32,957 - INFO -   Available: 740.84 GB
2025-10-01 19:32:32,957 - INFO -   Cached: 24.82 GB
2025-10-01 19:32:32,957 - INFO - CPU Usage:
2025-10-01 19:32:32,957 - INFO -   Process: 0.0%
2025-10-01 19:32:32,957 - INFO -   System: 0.0%
2025-10-01 19:32:32,957 - INFO -   Per Core: [0.0, 0.0, 0.0, 0.0, 0.0, 0.0, 0.0, 0.0, 0.0, 0.0, 0.0, 0.0, 0.0, 0.0, 0.0, 0.0, 0.0, 0.0, 0.0, 0.0, 0.0, 0.0, 0.0, 0.0, 0.0, 0.0, 0.0, 0.0, 0.0, 0.0, 0.0, 0.0, 0.0, 0.0, 0.0, 0.0, 0.0, 0.0, 0.0, 0.0, 0.0, 0.0, 0.0, 0.0, 0.0, 0.0, 0.0, 0.0, 0.0, 0.0, 0.0, 0.0, 0.0, 0.0, 0.0, 0.0, 0.0, 0.0, 0.0, 0.0, 0.0, 0.0, 1.0, 0.0, 0.0, 0.0, 0.0, 0.0, 0.0, 0.0, 0.0, 0.0, 0.0, 0.0, 0.0, 0.0, 0.0, 0.0, 0.0, 0.0, 1.0, 0.0, 0.0, 0.0, 0.0, 0.0, 0.0, 0.0, 0.0, 0.0, 0.0, 0.0, 0.0, 0.0, 0.0, 0.0, 0.0, 0.0, 0.0, 0.0, 0.0, 0.0, 0.0, 0.0, 0.0, 0.0, 0.0, 0.0, 0.0, 0.0, 1.0, 0.0, 0.0, 0.0, 0.0, 0.0, 0.0, 0.0, 0.0, 0.0, 0.0, 0.0, 0.0, 0.0, 0.0, 0.0, 0.0, 0.0, 0.0, 0.0, 0.0, 0.0, 0.0, 0.0, 0.0, 0.0, 0.0, 0.0, 0.0, 0.0, 0.0, 0.0, 0.0, 0.0, 0.0, 0.0, 0.0, 0.0, 0.0, 0.0, 0.0, 0.0, 1.0, 0.0, 0.0, 0.0, 0.0, 1.0, 0.0, 0.0, 0.0, 0.0, 0.0, 0.0, 0.0, 0.0, 0.0, 0.0, 0.0, 0.0, 0.0, 1.0, 0.0, 0.0, 0.0, 0.0, 0.0, 0.0, 0.0, 0.0, 0.0, 0.0, 0.0, 0.0, 0.0, 0.0, 0.0, 0.0, 0.0, 0.0, 0.0, 0.0, 0.0, 0.0, 0.0, 0.0, 0.0, 0.0, 0.0, 0.0, 0.0, 0.0, 0.0, 0.0, 0.0, 0.0, 0.0, 0.0, 0.0, 0.0, 0.0, 0.0, 0.0, 0.0, 0.0, 0.0, 0.0, 0.0, 0.0, 0.0, 0.0, 0.0, 0.0, 0.0, 0.0, 0.0, 0.0, 0.0, 0.0, 0.0, 1.0, 0.0, 0.0, 0.0, 0.0, 0.0, 0.0, 1.0, 0.0, 1.0, 0.0, 0.0, 0.0, 0.0, 0.0, 0.0, 0.0, 0.0, 0.0, 0.0, 0.0, 0.0, 0.0, 0.0, 0.0, 0.0, 0.0, 0.0, 0.0, 0.0, 0.0, 0.0, 0.0, 0.0, 0.0, 0.0, 0.0, 0.0, 0.0, 0.0, 0.0, 0.0, 0.0, 0.0, 0.0, 0.0, 0.0, 0.0, 0.0, 0.0, 0.0, 0.0, 0.0, 0.0, 0.0, 0.0, 0.0, 0.0]
2025-10-01 19:32:32,957 - INFO - Disk I/O:
2025-10-01 19:32:32,957 - INFO -   Read: 44.49 GB
2025-10-01 19:32:32,957 - INFO -   Write: 0.00 GB
2025-10-01 19:32:32,957 - INFO -   Read Rate: 458728 ops
2025-10-01 19:32:32,957 - INFO -   Write Rate: 0 ops
2025-10-01 19:32:32,957 - INFO - Network I/O:
2025-10-01 19:32:32,957 - INFO -   Sent: 352.38 GB
2025-10-01 19:32:32,958 - INFO -   Received: 4552.97 GB
2025-10-01 19:32:32,958 - INFO - ==================================================
2025-10-01 19:32:33,349 - INFO - Progress: 200,000 indexed, 0 failed, Rate: 1693.7 docs/sec, Elapsed: 118.1s
2025-10-01 19:32:35,479 - INFO - === ENHANCED HARDWARE METRICS BULK INDEXING AT 200000 DOCS ===
2025-10-01 19:32:35,480 - INFO - Process Memory:
2025-10-01 19:32:35,480 - INFO -   RSS: 1.59 GB
2025-10-01 19:32:35,480 - INFO -   VMS: 4.39 GB
2025-10-01 19:32:35,480 - INFO -   Percent: 0.2%
2025-10-01 19:32:35,480 - INFO - System Memory:
2025-10-01 19:32:35,480 - INFO -   Used: 13.3%
2025-10-01 19:32:35,480 - INFO -   Available: 740.84 GB
2025-10-01 19:32:35,480 - INFO -   Cached: 24.82 GB
2025-10-01 19:32:35,480 - INFO - CPU Usage:
2025-10-01 19:32:35,480 - INFO -   Process: 0.0%
2025-10-01 19:32:35,481 - INFO -   System: 0.0%
2025-10-01 19:32:35,481 - INFO -   Per Core: [0.0, 0.0, 0.0, 0.0, 0.0, 0.0, 0.0, 0.0, 0.0, 0.0, 0.0, 0.0, 0.0, 0.0, 0.0, 0.0, 0.0, 0.0, 0.0, 0.0, 0.0, 0.0, 0.0, 0.0, 0.0, 0.0, 0.0, 0.0, 0.0, 0.0, 0.0, 0.0, 0.0, 0.0, 0.0, 0.0, 0.0, 0.0, 0.0, 0.0, 0.0, 0.0, 0.0, 0.0, 0.0, 0.0, 0.0, 0.0, 0.0, 0.0, 0.0, 0.0, 0.0, 0.0, 0.0, 0.0, 0.0, 0.0, 0.0, 0.0, 0.0, 1.0, 0.0, 0.0, 0.0, 0.0, 0.0, 0.0, 0.0, 0.0, 0.0, 1.0, 0.0, 0.0, 0.0, 0.0, 0.0, 0.0, 0.0, 0.0, 0.0, 0.0, 1.0, 0.0, 0.0, 0.0, 0.0, 0.0, 0.0, 0.0, 0.0, 0.0, 0.0, 0.0, 0.0, 0.0, 0.0, 0.0, 0.0, 0.0, 0.0, 0.0, 0.0, 0.0, 0.0, 0.0, 0.0, 0.0, 0.0, 0.0, 0.0, 0.0, 0.0, 0.0, 0.0, 0.0, 0.0, 0.0, 0.0, 0.0, 0.0, 0.0, 0.0, 0.0, 0.0, 0.0, 0.0, 0.0, 0.0, 0.0, 0.0, 0.0, 0.0, 0.0, 0.0, 0.0, 0.0, 0.0, 0.0, 0.0, 0.0, 0.0, 0.0, 0.0, 0.0, 0.0, 0.0, 0.0, 0.0, 0.0, 0.0, 0.0, 0.0, 0.0, 0.0, 0.0, 0.0, 1.0, 0.0, 0.0, 0.0, 0.0, 0.0, 0.0, 0.0, 0.0, 0.0, 0.0, 0.0, 0.0, 0.0, 0.0, 0.0, 0.0, 0.0, 0.0, 0.0, 0.0, 0.0, 0.0, 0.0, 0.0, 0.0, 0.0, 0.0, 0.0, 0.0, 0.0, 0.0, 0.0, 0.0, 0.0, 0.0, 0.0, 0.0, 0.0, 0.0, 0.0, 0.0, 0.0, 0.0, 0.0, 0.0, 0.0, 0.0, 0.0, 0.0, 0.0, 0.0, 0.0, 0.0, 0.0, 0.0, 0.0, 0.0, 0.0, 0.0, 0.0, 0.0, 0.0, 0.0, 0.0, 0.0, 0.0, 0.0, 0.0, 0.0, 0.0, 0.0, 0.0, 0.0, 0.0, 0.0, 0.0, 0.0, 0.0, 0.0, 1.0, 0.0, 1.0, 0.0, 0.0, 0.0, 0.0, 0.0, 0.0, 0.0, 0.0, 0.0, 0.0, 0.0, 0.0, 0.0, 0.0, 0.0, 0.0, 0.0, 0.0, 0.0, 0.0, 0.0, 0.0, 0.0, 0.0, 0.0, 0.0, 0.0, 0.0, 0.0, 0.0, 0.0, 1.0, 0.0, 0.0, 0.0, 0.0, 0.0, 0.0, 0.0, 0.0, 1.0, 0.0, 0.0, 0.0, 0.0, 0.0, 0.0, 0.0]
2025-10-01 19:32:35,481 - INFO - Disk I/O:
2025-10-01 19:32:35,481 - INFO -   Read: 44.49 GB
2025-10-01 19:32:35,481 - INFO -   Write: 0.00 GB
2025-10-01 19:32:35,481 - INFO -   Read Rate: 458728 ops
2025-10-01 19:32:35,481 - INFO -   Write Rate: 0 ops
2025-10-01 19:32:35,481 - INFO - Network I/O:
2025-10-01 19:32:35,481 - INFO -   Sent: 352.38 GB
2025-10-01 19:32:35,481 - INFO -   Received: 4552.97 GB
2025-10-01 19:32:35,481 - INFO - ==================================================
2025-10-01 19:32:35,935 - INFO - Progress: 210,000 indexed, 0 failed, Rate: 1740.3 docs/sec, Elapsed: 120.7s
2025-10-01 19:32:38,063 - INFO - === ENHANCED HARDWARE METRICS BULK INDEXING AT 210000 DOCS ===
2025-10-01 19:32:38,064 - INFO - Process Memory:
2025-10-01 19:32:38,064 - INFO -   RSS: 1.59 GB
2025-10-01 19:32:38,064 - INFO -   VMS: 4.39 GB
2025-10-01 19:32:38,064 - INFO -   Percent: 0.2%
2025-10-01 19:32:38,064 - INFO - System Memory:
2025-10-01 19:32:38,064 - INFO -   Used: 13.3%
2025-10-01 19:32:38,064 - INFO -   Available: 740.83 GB
2025-10-01 19:32:38,064 - INFO -   Cached: 24.82 GB
2025-10-01 19:32:38,065 - INFO - CPU Usage:
2025-10-01 19:32:38,065 - INFO -   Process: 0.0%
2025-10-01 19:32:38,065 - INFO -   System: 0.0%
2025-10-01 19:32:38,065 - INFO -   Per Core: [0.0, 0.0, 0.0, 0.0, 0.0, 0.0, 0.0, 0.0, 0.0, 0.0, 0.0, 0.0, 0.0, 0.0, 0.0, 0.0, 0.0, 0.0, 0.0, 0.0, 0.0, 0.0, 0.0, 0.0, 0.0, 0.0, 0.0, 0.0, 0.0, 0.0, 0.0, 0.0, 0.0, 0.0, 0.0, 0.0, 0.0, 0.0, 0.0, 0.0, 0.0, 1.0, 0.0, 0.0, 0.0, 0.0, 0.0, 0.0, 0.0, 0.0, 0.0, 0.0, 0.0, 0.0, 0.0, 0.0, 0.0, 0.0, 0.0, 0.0, 0.0, 0.0, 0.0, 0.0, 0.0, 0.0, 0.0, 0.0, 0.0, 0.0, 0.0, 1.0, 0.0, 0.0, 0.0, 0.0, 0.0, 0.0, 0.0, 0.0, 0.0, 0.0, 0.0, 0.0, 0.0, 0.0, 0.0, 0.0, 0.0, 1.0, 0.0, 0.0, 0.0, 0.0, 0.0, 0.0, 0.0, 0.0, 0.0, 0.0, 0.0, 0.0, 0.0, 0.0, 0.0, 0.0, 0.0, 0.0, 0.0, 0.0, 0.0, 0.0, 0.0, 0.0, 0.0, 0.0, 0.0, 0.0, 0.0, 0.0, 0.0, 0.0, 0.0, 0.0, 0.0, 0.0, 0.0, 0.0, 0.0, 0.0, 0.0, 0.0, 0.0, 0.0, 0.0, 0.0, 0.0, 0.0, 0.0, 0.0, 0.0, 0.0, 0.0, 0.0, 0.0, 0.0, 0.0, 0.0, 0.0, 0.0, 0.0, 0.0, 0.0, 0.0, 1.0, 0.0, 0.0, 1.0, 0.0, 0.0, 0.0, 0.0, 0.0, 0.0, 0.0, 0.0, 0.0, 0.0, 0.0, 0.0, 0.0, 0.0, 0.0, 0.0, 0.0, 0.0, 0.0, 0.0, 0.0, 0.0, 0.0, 0.0, 0.0, 0.0, 0.0, 0.0, 0.0, 0.0, 0.0, 0.0, 0.0, 0.0, 0.0, 0.0, 0.0, 0.0, 0.0, 0.0, 0.0, 0.0, 0.0, 0.0, 0.0, 0.0, 0.0, 0.0, 0.0, 0.0, 0.0, 0.0, 0.0, 0.0, 0.0, 0.0, 0.0, 0.0, 0.0, 0.0, 0.0, 0.0, 0.0, 0.0, 0.0, 0.0, 0.0, 0.0, 0.0, 0.0, 0.0, 0.0, 0.0, 0.0, 0.0, 0.0, 0.0, 0.0, 0.0, 0.0, 0.0, 0.0, 0.0, 0.0, 0.0, 0.0, 0.0, 0.0, 0.0, 0.0, 0.0, 0.0, 0.0, 0.0, 0.0, 0.0, 0.0, 0.0, 0.0, 0.0, 0.0, 0.0, 0.0, 0.0, 0.0, 0.0, 0.0, 0.0, 0.0, 0.0, 0.0, 0.0, 0.0, 0.0, 0.0, 0.0, 0.0, 0.0, 0.0, 0.0, 0.0, 0.0, 0.0, 0.0, 0.0, 0.0, 0.0, 0.0, 0.0, 0.0]
2025-10-01 19:32:38,065 - INFO - Disk I/O:
2025-10-01 19:32:38,065 - INFO -   Read: 44.49 GB
2025-10-01 19:32:38,065 - INFO -   Write: 0.00 GB
2025-10-01 19:32:38,065 - INFO -   Read Rate: 458728 ops
2025-10-01 19:32:38,065 - INFO -   Write Rate: 0 ops
2025-10-01 19:32:38,065 - INFO - Network I/O:
2025-10-01 19:32:38,065 - INFO -   Sent: 352.38 GB
2025-10-01 19:32:38,065 - INFO -   Received: 4552.97 GB
2025-10-01 19:32:38,066 - INFO - ==================================================
2025-10-01 19:32:38,498 - INFO - Progress: 220,000 indexed, 0 failed, Rate: 1785.3 docs/sec, Elapsed: 123.2s
2025-10-01 19:32:40,618 - INFO - === ENHANCED HARDWARE METRICS BULK INDEXING AT 220000 DOCS ===
2025-10-01 19:32:40,619 - INFO - Process Memory:
2025-10-01 19:32:40,619 - INFO -   RSS: 1.58 GB
2025-10-01 19:32:40,619 - INFO -   VMS: 4.39 GB
2025-10-01 19:32:40,619 - INFO -   Percent: 0.2%
2025-10-01 19:32:40,619 - INFO - System Memory:
2025-10-01 19:32:40,619 - INFO -   Used: 13.3%
2025-10-01 19:32:40,619 - INFO -   Available: 740.83 GB
2025-10-01 19:32:40,619 - INFO -   Cached: 24.82 GB
2025-10-01 19:32:40,619 - INFO - CPU Usage:
2025-10-01 19:32:40,619 - INFO -   Process: 0.0%
2025-10-01 19:32:40,619 - INFO -   System: 0.0%
2025-10-01 19:32:40,620 - INFO -   Per Core: [1.0, 0.0, 0.0, 0.0, 0.0, 0.0, 0.0, 0.0, 0.0, 0.0, 0.0, 0.0, 0.0, 0.0, 0.0, 0.0, 0.0, 0.0, 0.0, 0.0, 0.0, 0.0, 0.0, 0.0, 0.0, 0.0, 0.0, 0.0, 0.0, 0.0, 0.0, 0.0, 0.0, 0.0, 0.0, 0.0, 0.0, 0.0, 0.0, 0.0, 0.0, 0.0, 0.0, 0.0, 0.0, 0.0, 0.0, 0.0, 0.0, 0.0, 0.0, 0.0, 0.0, 0.0, 0.0, 0.0, 0.0, 0.0, 0.0, 0.0, 0.0, 0.0, 0.0, 0.0, 0.0, 0.0, 0.0, 0.0, 0.0, 0.0, 0.0, 1.0, 3.0, 0.0, 0.0, 0.0, 0.0, 0.0, 0.0, 0.0, 0.0, 0.0, 0.0, 0.0, 0.0, 0.0, 0.0, 0.0, 0.0, 0.0, 0.0, 0.0, 0.0, 0.0, 0.0, 0.0, 0.0, 0.0, 0.0, 0.0, 0.0, 0.0, 1.0, 0.0, 0.0, 0.0, 0.0, 0.0, 0.0, 0.0, 0.0, 0.0, 0.0, 0.0, 0.0, 0.0, 0.0, 0.0, 0.0, 0.0, 0.0, 0.0, 0.0, 0.0, 0.0, 0.0, 0.0, 0.0, 0.0, 0.0, 0.0, 0.0, 0.0, 0.0, 0.0, 0.0, 0.0, 0.0, 0.0, 0.0, 0.0, 0.0, 0.0, 0.0, 0.0, 0.0, 1.0, 0.0, 0.0, 0.0, 0.0, 0.0, 0.0, 0.0, 0.0, 0.0, 0.0, 1.0, 0.0, 0.0, 0.0, 0.0, 0.0, 0.0, 0.0, 0.0, 0.0, 0.0, 0.0, 0.0, 0.0, 0.0, 0.0, 0.0, 0.0, 0.0, 0.0, 0.0, 0.0, 0.0, 0.0, 0.0, 0.0, 0.0, 0.0, 0.0, 0.0, 0.0, 0.0, 0.0, 0.0, 0.0, 1.0, 0.0, 0.0, 0.0, 0.0, 0.0, 0.0, 0.0, 0.0, 0.0, 0.0, 0.0, 0.0, 0.0, 0.0, 0.0, 0.0, 0.0, 0.0, 0.0, 0.0, 0.0, 0.0, 0.0, 0.0, 0.0, 0.0, 0.0, 0.0, 0.0, 0.0, 0.0, 0.0, 0.0, 0.0, 0.0, 0.0, 0.0, 0.0, 0.0, 0.0, 0.0, 0.0, 0.0, 0.0, 1.0, 0.0, 0.0, 0.0, 0.0, 0.0, 0.0, 0.0, 0.0, 0.0, 0.0, 0.0, 0.0, 0.0, 0.0, 0.0, 0.0, 0.0, 0.0, 0.0, 0.0, 0.0, 0.0, 0.0, 0.0, 0.0, 0.0, 0.0, 0.0, 0.0, 0.0, 0.0, 0.0, 0.0, 0.0, 0.0, 0.0, 0.0, 0.0, 0.0, 0.0, 0.0, 0.0, 0.0, 0.0, 0.0, 0.0, 0.0, 0.0, 0.0, 0.0]
2025-10-01 19:32:40,620 - INFO - Disk I/O:
2025-10-01 19:32:40,620 - INFO -   Read: 44.49 GB
2025-10-01 19:32:40,620 - INFO -   Write: 0.00 GB
2025-10-01 19:32:40,620 - INFO -   Read Rate: 458728 ops
2025-10-01 19:32:40,620 - INFO -   Write Rate: 0 ops
2025-10-01 19:32:40,620 - INFO - Network I/O:
2025-10-01 19:32:40,620 - INFO -   Sent: 352.38 GB
2025-10-01 19:32:40,620 - INFO -   Received: 4552.97 GB
2025-10-01 19:32:40,620 - INFO - ==================================================
2025-10-01 19:32:41,036 - INFO - Progress: 230,000 indexed, 0 failed, Rate: 1828.7 docs/sec, Elapsed: 125.8s
2025-10-01 19:32:43,167 - INFO - === ENHANCED HARDWARE METRICS BULK INDEXING AT 230000 DOCS ===
2025-10-01 19:32:43,167 - INFO - Process Memory:
2025-10-01 19:32:43,167 - INFO -   RSS: 1.58 GB
2025-10-01 19:32:43,168 - INFO -   VMS: 4.39 GB
2025-10-01 19:32:43,168 - INFO -   Percent: 0.2%
2025-10-01 19:32:43,168 - INFO - System Memory:
2025-10-01 19:32:43,168 - INFO -   Used: 13.3%
2025-10-01 19:32:43,168 - INFO -   Available: 740.83 GB
2025-10-01 19:32:43,168 - INFO -   Cached: 24.82 GB
2025-10-01 19:32:43,168 - INFO - CPU Usage:
2025-10-01 19:32:43,168 - INFO -   Process: 0.0%
2025-10-01 19:32:43,168 - INFO -   System: 0.2%
2025-10-01 19:32:43,168 - INFO -   Per Core: [0.0, 0.0, 0.0, 0.0, 1.0, 0.0, 0.0, 1.0, 0.0, 0.0, 0.0, 0.0, 0.0, 0.0, 0.0, 0.0, 0.0, 0.0, 0.0, 0.0, 0.0, 0.0, 0.0, 0.0, 0.0, 0.0, 0.0, 1.0, 1.0, 0.0, 0.0, 0.0, 0.0, 0.0, 0.0, 0.0, 0.0, 0.0, 0.0, 0.0, 0.0, 0.0, 1.0, 0.0, 0.0, 0.0, 0.0, 0.0, 1.0, 1.0, 0.0, 0.0, 0.0, 0.0, 0.0, 0.0, 0.0, 0.0, 0.0, 0.0, 0.0, 1.0, 1.0, 1.0, 1.0, 1.0, 0.0, 0.0, 0.0, 0.0, 0.0, 0.0, 0.0, 0.0, 0.0, 0.0, 0.0, 0.0, 0.0, 0.0, 1.0, 0.0, 0.0, 0.0, 1.0, 1.0, 0.0, 0.0, 1.0, 0.0, 0.0, 0.0, 0.0, 0.0, 0.0, 0.0, 1.0, 1.0, 0.0, 0.0, 2.0, 0.0, 0.0, 0.0, 0.0, 0.0, 0.0, 1.0, 0.0, 1.0, 0.0, 1.0, 0.0, 1.0, 0.0, 1.0, 0.0, 1.0, 1.0, 1.0, 0.0, 0.0, 0.0, 0.0, 0.0, 1.0, 0.0, 0.0, 0.0, 0.0, 1.0, 0.0, 0.0, 0.0, 0.0, 0.0, 0.0, 1.0, 0.0, 0.0, 0.0, 1.0, 0.0, 0.0, 0.0, 0.0, 0.0, 0.0, 0.0, 0.0, 0.0, 0.0, 0.0, 0.0, 1.0, 0.0, 0.0, 0.0, 0.0, 0.0, 1.0, 0.0, 0.0, 1.0, 0.0, 1.0, 0.0, 0.0, 0.0, 0.0, 1.0, 0.0, 1.0, 0.0, 0.0, 0.0, 0.0, 0.0, 0.0, 1.0, 0.0, 1.0, 0.0, 0.0, 0.0, 0.0, 0.0, 1.0, 1.0, 0.0, 1.0, 0.0, 1.0, 0.0, 1.0, 0.0, 0.0, 0.0, 0.0, 0.0, 0.0, 0.0, 0.0, 0.0, 0.0, 0.0, 0.0, 0.0, 0.0, 0.0, 0.0, 0.0, 0.0, 0.0, 0.0, 1.0, 0.0, 0.0, 0.0, 0.0, 0.0, 0.0, 0.0, 0.0, 0.0, 0.0, 1.0, 0.0, 0.0, 0.0, 0.0, 0.0, 0.0, 0.0, 0.0, 0.0, 0.0, 1.0, 0.0, 0.0, 0.0, 0.0, 0.0, 0.0, 0.0, 0.0, 0.0, 0.0, 0.0, 0.0, 0.0, 0.0, 1.0, 0.0, 0.0, 0.0, 0.0, 0.0, 0.0, 0.0, 0.0, 0.0, 0.0, 0.0, 1.0, 0.0, 0.0, 0.0, 0.0, 0.0, 0.0, 0.0, 0.0, 1.0, 0.0, 0.0, 0.0, 1.0, 0.0, 0.0, 0.0, 1.0, 0.0, 0.0, 0.0, 0.0, 1.0, 0.0]
2025-10-01 19:32:43,168 - INFO - Disk I/O:
2025-10-01 19:32:43,169 - INFO -   Read: 44.49 GB
2025-10-01 19:32:43,169 - INFO -   Write: 0.00 GB
2025-10-01 19:32:43,169 - INFO -   Read Rate: 458728 ops
2025-10-01 19:32:43,169 - INFO -   Write Rate: 0 ops
2025-10-01 19:32:43,169 - INFO - Network I/O:
2025-10-01 19:32:43,169 - INFO -   Sent: 352.38 GB
2025-10-01 19:32:43,169 - INFO -   Received: 4552.97 GB
2025-10-01 19:32:43,169 - INFO - ==================================================
2025-10-01 19:32:43,585 - INFO - Progress: 240,000 indexed, 0 failed, Rate: 1870.3 docs/sec, Elapsed: 128.3s
2025-10-01 19:32:45,716 - INFO - === ENHANCED HARDWARE METRICS BULK INDEXING AT 240000 DOCS ===
2025-10-01 19:32:45,717 - INFO - Process Memory:
2025-10-01 19:32:45,717 - INFO -   RSS: 1.57 GB
2025-10-01 19:32:45,717 - INFO -   VMS: 4.38 GB
2025-10-01 19:32:45,717 - INFO -   Percent: 0.2%
2025-10-01 19:32:45,717 - INFO - System Memory:
2025-10-01 19:32:45,717 - INFO -   Used: 13.3%
2025-10-01 19:32:45,717 - INFO -   Available: 740.83 GB
2025-10-01 19:32:45,717 - INFO -   Cached: 24.82 GB
2025-10-01 19:32:45,717 - INFO - CPU Usage:
2025-10-01 19:32:45,717 - INFO -   Process: 0.0%
2025-10-01 19:32:45,717 - INFO -   System: 0.1%
2025-10-01 19:32:45,718 - INFO -   Per Core: [0.0, 0.0, 0.0, 0.0, 0.0, 0.0, 0.0, 0.0, 0.0, 0.0, 0.0, 0.0, 0.0, 0.0, 0.0, 0.0, 0.0, 0.0, 0.0, 0.0, 0.0, 0.0, 0.0, 0.0, 0.0, 0.0, 0.0, 0.0, 0.0, 0.0, 0.0, 0.0, 0.0, 0.0, 0.0, 0.0, 0.0, 0.0, 0.0, 0.0, 0.0, 0.0, 0.0, 0.0, 0.0, 0.0, 0.0, 0.0, 0.0, 0.0, 1.0, 0.0, 0.0, 0.0, 0.0, 0.0, 0.0, 0.0, 0.0, 0.0, 0.0, 0.0, 0.0, 1.0, 0.0, 0.0, 0.0, 0.0, 0.0, 0.0, 0.0, 1.0, 0.0, 0.0, 0.0, 0.0, 0.0, 0.0, 0.0, 1.0, 1.0, 0.0, 0.0, 0.0, 0.0, 0.0, 0.0, 0.0, 0.0, 0.0, 0.0, 0.0, 0.0, 0.0, 0.0, 0.0, 1.0, 0.0, 0.0, 0.0, 0.0, 0.0, 0.0, 0.0, 0.0, 0.0, 0.0, 0.0, 0.0, 0.0, 0.0, 0.0, 0.0, 0.0, 0.0, 0.0, 0.0, 0.0, 0.0, 0.0, 0.0, 0.0, 0.0, 0.0, 0.0, 1.0, 0.0, 0.0, 0.0, 0.0, 0.0, 0.0, 1.0, 0.0, 0.0, 0.0, 0.0, 1.0, 0.0, 0.0, 0.0, 0.0, 0.0, 0.0, 0.0, 0.0, 0.0, 1.0, 0.0, 0.0, 0.0, 1.0, 0.0, 1.0, 1.0, 0.0, 0.0, 1.0, 0.0, 0.0, 0.0, 0.0, 0.0, 1.0, 0.0, 0.0, 0.0, 0.0, 0.0, 0.0, 1.0, 0.0, 0.0, 0.0, 0.0, 0.0, 0.0, 0.0, 0.0, 0.0, 0.0, 0.0, 0.0, 0.0, 0.0, 0.0, 0.0, 1.0, 0.0, 0.0, 0.0, 0.0, 0.0, 0.0, 1.0, 0.0, 1.0, 0.0, 0.0, 0.0, 0.0, 0.0, 0.0, 0.0, 0.0, 0.0, 0.0, 1.0, 0.0, 0.0, 0.0, 0.0, 0.0, 0.0, 0.0, 0.0, 0.0, 0.0, 0.0, 0.0, 0.0, 0.0, 0.0, 0.0, 0.0, 0.0, 0.0, 0.0, 0.0, 1.0, 0.0, 0.0, 1.0, 0.0, 0.0, 0.0, 0.0, 1.0, 0.0, 1.0, 0.0, 1.0, 0.0, 0.0, 0.0, 0.0, 0.0, 0.0, 0.0, 0.0, 0.0, 0.0, 1.0, 0.0, 0.0, 0.0, 0.0, 0.0, 0.0, 0.0, 0.0, 0.0, 1.0, 1.0, 0.0, 0.0, 0.0, 0.0, 0.0, 0.0, 0.0, 0.0, 0.0, 0.0, 0.0, 0.0, 0.0, 0.0, 0.0, 0.0, 0.0, 0.0, 0.0, 0.0, 0.0, 0.0, 0.0, 0.0]
2025-10-01 19:32:45,718 - INFO - Disk I/O:
2025-10-01 19:32:45,718 - INFO -   Read: 44.49 GB
2025-10-01 19:32:45,718 - INFO -   Write: 0.00 GB
2025-10-01 19:32:45,718 - INFO -   Read Rate: 458728 ops
2025-10-01 19:32:45,718 - INFO -   Write Rate: 0 ops
2025-10-01 19:32:45,718 - INFO - Network I/O:
2025-10-01 19:32:45,718 - INFO -   Sent: 352.38 GB
2025-10-01 19:32:45,718 - INFO -   Received: 4552.97 GB
2025-10-01 19:32:45,718 - INFO - ==================================================
2025-10-01 19:32:46,029 - INFO - Progress: 250,000 indexed, 0 failed, Rate: 1911.9 docs/sec, Elapsed: 130.8s
2025-10-01 19:32:48,151 - INFO - === ENHANCED HARDWARE METRICS BULK INDEXING AT 250000 DOCS ===
2025-10-01 19:32:48,151 - INFO - Process Memory:
2025-10-01 19:32:48,152 - INFO -   RSS: 1.57 GB
2025-10-01 19:32:48,152 - INFO -   VMS: 4.38 GB
2025-10-01 19:32:48,152 - INFO -   Percent: 0.2%
2025-10-01 19:32:48,152 - INFO - System Memory:
2025-10-01 19:32:48,152 - INFO -   Used: 13.3%
2025-10-01 19:32:48,152 - INFO -   Available: 740.83 GB
2025-10-01 19:32:48,152 - INFO -   Cached: 24.82 GB
2025-10-01 19:32:48,152 - INFO - CPU Usage:
2025-10-01 19:32:48,152 - INFO -   Process: 0.0%
2025-10-01 19:32:48,152 - INFO -   System: 0.1%
2025-10-01 19:32:48,152 - INFO -   Per Core: [1.0, 0.0, 0.0, 0.0, 0.0, 0.0, 0.0, 0.0, 0.0, 0.0, 0.0, 0.0, 0.0, 0.0, 0.0, 0.0, 0.0, 0.0, 0.0, 0.0, 0.0, 0.0, 0.0, 0.0, 0.0, 0.0, 0.0, 0.0, 0.0, 1.0, 0.0, 0.0, 0.0, 0.0, 0.0, 0.0, 0.0, 0.0, 0.0, 0.0, 0.0, 1.0, 0.0, 0.0, 0.0, 0.0, 0.0, 0.0, 0.0, 0.0, 0.0, 0.0, 0.0, 0.0, 0.0, 0.0, 0.0, 0.0, 0.0, 0.0, 0.0, 0.0, 0.0, 0.0, 0.0, 0.0, 0.0, 0.0, 0.0, 0.0, 0.0, 1.0, 0.0, 0.0, 0.0, 0.0, 0.0, 0.0, 0.0, 0.0, 0.0, 0.0, 0.0, 0.0, 0.0, 0.0, 0.0, 0.0, 0.0, 0.0, 0.0, 0.0, 0.0, 0.0, 0.0, 0.0, 0.0, 0.0, 0.0, 0.0, 0.0, 0.0, 0.0, 0.0, 0.0, 0.0, 0.0, 0.0, 0.0, 0.0, 0.0, 0.0, 0.0, 0.0, 0.0, 0.0, 0.0, 0.0, 0.0, 0.0, 0.0, 0.0, 0.0, 0.0, 0.0, 0.0, 0.0, 0.0, 0.0, 0.0, 0.0, 0.0, 1.0, 0.0, 0.0, 0.0, 0.0, 0.0, 0.0, 0.0, 0.0, 0.0, 0.0, 0.0, 0.0, 0.0, 0.0, 0.0, 0.0, 0.0, 0.0, 0.0, 0.0, 0.0, 0.0, 0.0, 0.0, 0.0, 0.0, 0.0, 0.0, 0.0, 0.0, 0.0, 0.0, 0.0, 0.0, 0.0, 0.0, 0.0, 0.0, 0.0, 0.0, 0.0, 0.0, 0.0, 0.0, 0.0, 0.0, 0.0, 0.0, 0.0, 0.0, 0.0, 0.0, 0.0, 0.0, 0.0, 0.0, 0.0, 0.0, 0.0, 0.0, 0.0, 0.0, 0.0, 1.0, 0.0, 0.0, 0.0, 0.0, 0.0, 0.0, 2.0, 4.0, 1.0, 1.0, 1.0, 1.0, 1.0, 1.0, 1.0, 1.0, 1.0, 0.0, 0.0, 0.0, 0.0, 0.0, 0.0, 0.0, 0.0, 0.0, 0.0, 0.0, 0.0, 0.0, 0.0, 0.0, 0.0, 0.0, 0.0, 0.0, 0.0, 0.0, 0.0, 0.0, 0.0, 0.0, 0.0, 0.0, 0.0, 0.0, 0.0, 0.0, 0.0, 0.0, 0.0, 0.0, 0.0, 0.0, 0.0, 0.0, 0.0, 0.0, 0.0, 0.0, 0.0, 0.0, 0.0, 0.0, 0.0, 0.0, 0.0, 0.0, 0.0, 0.0, 0.0, 0.0, 0.0, 0.0, 0.0, 0.0, 0.0, 0.0, 0.0, 0.0, 0.0, 0.0, 0.0, 0.0, 0.0, 0.0, 0.0, 0.0, 0.0, 0.0, 0.0]
2025-10-01 19:32:48,152 - INFO - Disk I/O:
2025-10-01 19:32:48,152 - INFO -   Read: 44.49 GB
2025-10-01 19:32:48,152 - INFO -   Write: 0.00 GB
2025-10-01 19:32:48,153 - INFO -   Read Rate: 458728 ops
2025-10-01 19:32:48,153 - INFO -   Write Rate: 0 ops
2025-10-01 19:32:48,153 - INFO - Network I/O:
2025-10-01 19:32:48,153 - INFO -   Sent: 352.38 GB
2025-10-01 19:32:48,153 - INFO -   Received: 4552.97 GB
2025-10-01 19:32:48,153 - INFO - ==================================================
2025-10-01 19:32:48,522 - INFO - Progress: 260,000 indexed, 0 failed, Rate: 1951.1 docs/sec, Elapsed: 133.3s
2025-10-01 19:32:50,648 - INFO - === ENHANCED HARDWARE METRICS BULK INDEXING AT 260000 DOCS ===
2025-10-01 19:32:50,649 - INFO - Process Memory:
2025-10-01 19:32:50,649 - INFO -   RSS: 1.57 GB
2025-10-01 19:32:50,649 - INFO -   VMS: 4.37 GB
2025-10-01 19:32:50,649 - INFO -   Percent: 0.2%
2025-10-01 19:32:50,649 - INFO - System Memory:
2025-10-01 19:32:50,649 - INFO -   Used: 13.3%
2025-10-01 19:32:50,649 - INFO -   Available: 740.77 GB
2025-10-01 19:32:50,650 - INFO -   Cached: 24.82 GB
2025-10-01 19:32:50,650 - INFO - CPU Usage:
2025-10-01 19:32:50,650 - INFO -   Process: 0.0%
2025-10-01 19:32:50,650 - INFO -   System: 0.0%
2025-10-01 19:32:50,650 - INFO -   Per Core: [0.0, 0.0, 0.0, 0.0, 0.0, 0.0, 0.0, 0.0, 0.0, 0.0, 0.0, 0.0, 0.0, 0.0, 0.0, 0.0, 0.0, 0.0, 0.0, 0.0, 0.0, 0.0, 0.0, 0.0, 0.0, 0.0, 0.0, 0.0, 0.0, 0.0, 0.0, 0.0, 0.0, 0.0, 0.0, 0.0, 0.0, 0.0, 0.0, 0.0, 0.0, 0.0, 0.0, 0.0, 0.0, 0.0, 0.0, 0.0, 0.0, 0.0, 0.0, 0.0, 0.0, 0.0, 0.0, 0.0, 0.0, 0.0, 0.0, 0.0, 0.0, 0.0, 0.0, 0.0, 0.0, 0.0, 0.0, 0.0, 0.0, 0.0, 0.0, 0.0, 4.0, 0.0, 0.0, 0.0, 0.0, 0.0, 0.0, 0.0, 0.0, 0.0, 0.0, 0.0, 0.0, 0.0, 0.0, 0.0, 0.0, 0.0, 0.0, 0.0, 0.0, 0.0, 0.0, 0.0, 0.0, 0.0, 0.0, 0.0, 0.0, 0.0, 1.0, 0.0, 0.0, 0.0, 0.0, 1.0, 0.0, 0.0, 1.0, 0.0, 0.0, 0.0, 0.0, 0.0, 0.0, 0.0, 0.0, 0.0, 0.0, 0.0, 0.0, 0.0, 0.0, 0.0, 0.0, 0.0, 0.0, 0.0, 0.0, 0.0, 1.0, 0.0, 0.0, 0.0, 0.0, 0.0, 0.0, 0.0, 0.0, 0.0, 0.0, 0.0, 0.0, 0.0, 0.0, 0.0, 0.0, 0.0, 0.0, 0.0, 1.0, 0.0, 0.0, 0.0, 0.0, 0.0, 0.0, 0.0, 0.0, 0.0, 0.0, 1.0, 0.0, 0.0, 0.0, 0.0, 0.0, 0.0, 0.0, 1.0, 0.0, 0.0, 0.0, 0.0, 0.0, 0.0, 0.0, 0.0, 0.0, 0.0, 0.0, 0.0, 0.0, 0.0, 0.0, 0.0, 0.0, 0.0, 0.0, 0.0, 0.0, 0.0, 0.0, 0.0, 0.0, 0.0, 0.0, 0.0, 0.0, 0.0, 0.0, 0.0, 0.0, 0.0, 0.0, 0.0, 0.0, 0.0, 0.0, 0.0, 0.0, 0.0, 0.0, 0.0, 0.0, 0.0, 0.0, 0.0, 0.0, 0.0, 0.0, 0.0, 0.0, 0.0, 0.0, 0.0, 0.0, 0.0, 0.0, 0.0, 0.0, 0.0, 0.0, 0.0, 0.0, 0.0, 0.0, 0.0, 0.0, 0.0, 0.0, 0.0, 0.0, 0.0, 0.0, 0.0, 0.0, 0.0, 0.0, 0.0, 0.0, 0.0, 0.0, 0.0, 0.0, 0.0, 0.0, 0.0, 0.0, 0.0, 0.0, 0.0, 0.0, 0.0, 0.0, 0.0, 0.0, 0.0, 0.0, 0.0, 0.0, 0.0, 0.0, 0.0, 0.0, 0.0, 0.0, 0.0, 0.0, 0.0, 0.0, 0.0, 0.0, 0.0, 0.0, 0.0]
2025-10-01 19:32:50,650 - INFO - Disk I/O:
2025-10-01 19:32:50,650 - INFO -   Read: 44.49 GB
2025-10-01 19:32:50,650 - INFO -   Write: 0.00 GB
2025-10-01 19:32:50,650 - INFO -   Read Rate: 458728 ops
2025-10-01 19:32:50,650 - INFO -   Write Rate: 0 ops
2025-10-01 19:32:50,650 - INFO - Network I/O:
2025-10-01 19:32:50,651 - INFO -   Sent: 352.38 GB
2025-10-01 19:32:50,651 - INFO -   Received: 4552.97 GB
2025-10-01 19:32:50,651 - INFO - ==================================================
2025-10-01 19:32:51,004 - INFO - Progress: 270,000 indexed, 0 failed, Rate: 1989.1 docs/sec, Elapsed: 135.7s
2025-10-01 19:32:53,125 - INFO - === ENHANCED HARDWARE METRICS BULK INDEXING AT 270000 DOCS ===
2025-10-01 19:32:53,127 - INFO - Process Memory:
2025-10-01 19:32:53,127 - INFO -   RSS: 1.57 GB
2025-10-01 19:32:53,127 - INFO -   VMS: 4.37 GB
2025-10-01 19:32:53,127 - INFO -   Percent: 0.2%
2025-10-01 19:32:53,127 - INFO - System Memory:
2025-10-01 19:32:53,127 - INFO -   Used: 13.3%
2025-10-01 19:32:53,127 - INFO -   Available: 740.77 GB
2025-10-01 19:32:53,127 - INFO -   Cached: 24.82 GB
2025-10-01 19:32:53,127 - INFO - CPU Usage:
2025-10-01 19:32:53,127 - INFO -   Process: 0.0%
2025-10-01 19:32:53,128 - INFO -   System: 0.1%
2025-10-01 19:32:53,128 - INFO -   Per Core: [0.0, 0.0, 0.0, 0.0, 0.0, 0.0, 0.0, 0.0, 0.0, 0.0, 0.0, 0.0, 0.0, 0.0, 0.0, 0.0, 0.0, 0.0, 0.0, 0.0, 0.0, 0.0, 0.0, 0.0, 0.0, 0.0, 0.0, 0.0, 0.0, 0.0, 0.0, 0.0, 0.0, 0.0, 0.0, 0.0, 0.0, 0.0, 0.0, 0.0, 0.0, 0.0, 0.0, 0.0, 0.0, 0.0, 0.0, 0.0, 0.0, 0.0, 0.0, 0.0, 0.0, 0.0, 0.0, 0.0, 0.0, 0.0, 0.0, 0.0, 0.0, 0.0, 0.0, 0.0, 0.0, 0.0, 0.0, 0.0, 0.0, 0.0, 0.0, 1.0, 0.0, 0.0, 0.0, 0.0, 0.0, 0.0, 0.0, 0.0, 0.0, 0.0, 0.0, 1.0, 1.0, 0.0, 0.0, 0.0, 0.0, 0.0, 0.0, 0.0, 0.0, 0.0, 0.0, 0.0, 0.0, 0.0, 0.0, 0.0, 0.0, 0.0, 1.0, 0.0, 0.0, 0.0, 0.0, 0.0, 0.0, 0.0, 0.0, 0.0, 0.0, 0.0, 0.0, 0.0, 0.0, 0.0, 0.0, 0.0, 0.0, 0.0, 0.0, 0.0, 0.0, 0.0, 0.0, 0.0, 0.0, 2.0, 0.0, 0.0, 1.0, 0.0, 0.0, 0.0, 0.0, 0.0, 0.0, 0.0, 0.0, 0.0, 0.0, 0.0, 0.0, 0.0, 0.0, 0.0, 0.0, 0.0, 0.0, 0.0, 0.0, 0.0, 1.0, 0.0, 0.0, 0.0, 0.0, 0.0, 0.0, 0.0, 0.0, 0.0, 0.0, 0.0, 1.0, 0.0, 0.0, 0.0, 0.0, 1.0, 0.0, 0.0, 0.0, 0.0, 0.0, 0.0, 0.0, 0.0, 0.0, 0.0, 0.0, 0.0, 3.0, 0.0, 0.0, 0.0, 0.0, 0.0, 0.0, 0.0, 0.0, 0.0, 0.0, 0.0, 0.0, 0.0, 0.0, 0.0, 0.0, 0.0, 0.0, 0.0, 0.0, 0.0, 2.0, 0.0, 0.0, 0.0, 0.0, 0.0, 0.0, 0.0, 0.0, 0.0, 0.0, 0.0, 0.0, 0.0, 0.0, 0.0, 0.0, 0.0, 0.0, 0.0, 0.0, 0.0, 0.0, 0.0, 0.0, 0.0, 0.0, 0.0, 0.0, 0.0, 0.0, 0.0, 0.0, 0.0, 0.0, 0.0, 0.0, 0.0, 0.0, 0.0, 0.0, 0.0, 0.0, 0.0, 0.0, 0.0, 0.0, 0.0, 0.0, 0.0, 0.0, 0.0, 0.0, 0.0, 0.0, 0.0, 0.0, 0.0, 0.0, 0.0, 0.0, 0.0, 0.0, 0.0, 0.0, 0.0, 0.0, 0.0, 0.0, 0.0, 0.0, 0.0, 0.0, 0.0, 0.0, 0.0, 0.0, 0.0, 0.0, 0.0, 0.0, 0.0]
2025-10-01 19:32:53,128 - INFO - Disk I/O:
2025-10-01 19:32:53,128 - INFO -   Read: 44.49 GB
2025-10-01 19:32:53,128 - INFO -   Write: 0.00 GB
2025-10-01 19:32:53,128 - INFO -   Read Rate: 458728 ops
2025-10-01 19:32:53,128 - INFO -   Write Rate: 0 ops
2025-10-01 19:32:53,128 - INFO - Network I/O:
2025-10-01 19:32:53,128 - INFO -   Sent: 352.38 GB
2025-10-01 19:32:53,128 - INFO -   Received: 4552.97 GB
2025-10-01 19:32:53,128 - INFO - ==================================================
2025-10-01 19:32:53,456 - INFO - Progress: 280,000 indexed, 0 failed, Rate: 2026.2 docs/sec, Elapsed: 138.2s
2025-10-01 19:32:55,579 - INFO - === ENHANCED HARDWARE METRICS BULK INDEXING AT 280000 DOCS ===
2025-10-01 19:32:55,579 - INFO - Process Memory:
2025-10-01 19:32:55,579 - INFO -   RSS: 1.56 GB
2025-10-01 19:32:55,579 - INFO -   VMS: 4.37 GB
2025-10-01 19:32:55,579 - INFO -   Percent: 0.2%
2025-10-01 19:32:55,580 - INFO - System Memory:
2025-10-01 19:32:55,580 - INFO -   Used: 13.3%
2025-10-01 19:32:55,580 - INFO -   Available: 740.77 GB
2025-10-01 19:32:55,580 - INFO -   Cached: 24.82 GB
2025-10-01 19:32:55,580 - INFO - CPU Usage:
2025-10-01 19:32:55,580 - INFO -   Process: 0.0%
2025-10-01 19:32:55,580 - INFO -   System: 0.0%
2025-10-01 19:32:55,580 - INFO -   Per Core: [0.0, 0.0, 0.0, 0.0, 0.0, 0.0, 0.0, 0.0, 0.0, 0.0, 0.0, 0.0, 0.0, 0.0, 0.0, 0.0, 0.0, 0.0, 0.0, 0.0, 0.0, 0.0, 0.0, 0.0, 0.0, 0.0, 0.0, 0.0, 0.0, 0.0, 0.0, 0.0, 0.0, 0.0, 0.0, 0.0, 0.0, 0.0, 0.0, 0.0, 0.0, 1.0, 0.0, 0.0, 0.0, 0.0, 0.0, 0.0, 0.0, 0.0, 0.0, 0.0, 0.0, 0.0, 0.0, 0.0, 0.0, 0.0, 0.0, 0.0, 0.0, 0.0, 0.0, 0.0, 0.0, 0.0, 0.0, 0.0, 0.0, 0.0, 0.0, 2.0, 0.0, 0.0, 1.0, 0.0, 0.0, 0.0, 0.0, 0.0, 0.0, 0.0, 0.0, 0.0, 0.0, 0.0, 0.0, 0.0, 0.0, 0.0, 0.0, 0.0, 0.0, 0.0, 0.0, 0.0, 0.0, 0.0, 0.0, 0.0, 0.0, 0.0, 0.0, 0.0, 0.0, 0.0, 0.0, 0.0, 0.0, 0.0, 1.0, 0.0, 0.0, 0.0, 0.0, 0.0, 0.0, 0.0, 0.0, 0.0, 0.0, 0.0, 0.0, 0.0, 0.0, 0.0, 0.0, 0.0, 0.0, 0.0, 0.0, 0.0, 0.0, 0.0, 0.0, 0.0, 0.0, 0.0, 0.0, 0.0, 0.0, 0.0, 0.0, 0.0, 0.0, 0.0, 0.0, 0.0, 0.0, 0.0, 0.0, 0.0, 1.0, 1.0, 0.0, 0.0, 0.0, 0.0, 0.0, 0.0, 0.0, 0.0, 0.0, 0.0, 0.0, 0.0, 1.0, 0.0, 0.0, 0.0, 0.0, 0.0, 0.0, 0.0, 0.0, 0.0, 0.0, 0.0, 0.0, 0.0, 0.0, 0.0, 0.0, 0.0, 0.0, 0.0, 0.0, 0.0, 0.0, 0.0, 0.0, 0.0, 0.0, 0.0, 0.0, 0.0, 0.0, 0.0, 0.0, 0.0, 0.0, 0.0, 0.0, 0.0, 0.0, 0.0, 0.0, 0.0, 0.0, 0.0, 0.0, 0.0, 0.0, 0.0, 0.0, 0.0, 0.0, 0.0, 0.0, 0.0, 0.0, 0.0, 0.0, 0.0, 0.0, 0.0, 0.0, 0.0, 0.0, 0.0, 0.0, 0.0, 0.0, 0.0, 0.0, 0.0, 0.0, 0.0, 0.0, 0.0, 0.0, 0.0, 0.0, 0.0, 0.0, 0.0, 0.0, 0.0, 0.0, 0.0, 0.0, 0.0, 0.0, 0.0, 0.0, 0.0, 0.0, 0.0, 0.0, 0.0, 0.0, 0.0, 0.0, 0.0, 0.0, 0.0, 1.0, 0.0, 0.0, 0.0, 0.0, 0.0, 0.0, 0.0, 0.0, 0.0, 0.0, 0.0, 0.0, 0.0, 0.0, 0.0, 0.0, 0.0, 0.0, 0.0, 0.0, 0.0]
2025-10-01 19:32:55,580 - INFO - Disk I/O:
2025-10-01 19:32:55,580 - INFO -   Read: 44.49 GB
2025-10-01 19:32:55,580 - INFO -   Write: 0.00 GB
2025-10-01 19:32:55,580 - INFO -   Read Rate: 458728 ops
2025-10-01 19:32:55,580 - INFO -   Write Rate: 0 ops
2025-10-01 19:32:55,580 - INFO - Network I/O:
2025-10-01 19:32:55,581 - INFO -   Sent: 352.38 GB
2025-10-01 19:32:55,581 - INFO -   Received: 4552.97 GB
2025-10-01 19:32:55,581 - INFO - ==================================================
2025-10-01 19:32:55,869 - INFO - Progress: 290,000 indexed, 0 failed, Rate: 2062.6 docs/sec, Elapsed: 140.6s
2025-10-01 19:32:57,994 - INFO - === ENHANCED HARDWARE METRICS BULK INDEXING AT 290000 DOCS ===
2025-10-01 19:32:57,994 - INFO - Process Memory:
2025-10-01 19:32:57,994 - INFO -   RSS: 1.56 GB
2025-10-01 19:32:57,994 - INFO -   VMS: 4.37 GB
2025-10-01 19:32:57,995 - INFO -   Percent: 0.2%
2025-10-01 19:32:57,995 - INFO - System Memory:
2025-10-01 19:32:57,995 - INFO -   Used: 13.3%
2025-10-01 19:32:57,995 - INFO -   Available: 740.77 GB
2025-10-01 19:32:57,995 - INFO -   Cached: 24.82 GB
2025-10-01 19:32:57,995 - INFO - CPU Usage:
2025-10-01 19:32:57,995 - INFO -   Process: 0.0%
2025-10-01 19:32:57,995 - INFO -   System: 0.0%
2025-10-01 19:32:57,995 - INFO -   Per Core: [1.0, 0.0, 0.0, 0.0, 0.0, 0.0, 0.0, 0.0, 0.0, 0.0, 0.0, 0.0, 0.0, 0.0, 0.0, 0.0, 0.0, 0.0, 0.0, 0.0, 0.0, 0.0, 0.0, 0.0, 0.0, 0.0, 0.0, 0.0, 0.0, 0.0, 0.0, 0.0, 0.0, 0.0, 0.0, 0.0, 1.0, 0.0, 0.0, 0.0, 0.0, 0.0, 0.0, 0.0, 0.0, 0.0, 0.0, 0.0, 0.0, 0.0, 0.0, 0.0, 0.0, 0.0, 0.0, 0.0, 0.0, 0.0, 0.0, 0.0, 0.0, 0.0, 0.0, 0.0, 0.0, 0.0, 0.0, 0.0, 0.0, 0.0, 0.0, 0.0, 0.0, 0.0, 0.0, 0.0, 0.0, 0.0, 0.0, 0.0, 0.0, 0.0, 0.0, 0.0, 0.0, 0.0, 0.0, 0.0, 0.0, 0.0, 0.0, 0.0, 0.0, 0.0, 0.0, 0.0, 0.0, 0.0, 0.0, 0.0, 0.0, 0.0, 1.0, 0.0, 0.0, 0.0, 0.0, 0.0, 0.0, 0.0, 0.0, 0.0, 0.0, 0.0, 0.0, 0.0, 0.0, 0.0, 0.0, 0.0, 0.0, 0.0, 0.0, 0.0, 0.0, 0.0, 0.0, 0.0, 0.0, 1.0, 0.0, 0.0, 0.0, 0.0, 0.0, 0.0, 0.0, 0.0, 0.0, 0.0, 0.0, 0.0, 0.0, 0.0, 0.0, 0.0, 0.0, 0.0, 0.0, 0.0, 0.0, 0.0, 0.0, 0.0, 0.0, 0.0, 0.0, 2.0, 0.0, 0.0, 1.0, 0.0, 0.0, 0.0, 0.0, 0.0, 0.0, 0.0, 0.0, 0.0, 0.0, 0.0, 0.0, 0.0, 0.0, 0.0, 0.0, 0.0, 0.0, 0.0, 0.0, 0.0, 0.0, 0.0, 0.0, 0.0, 0.0, 0.0, 0.0, 0.0, 0.0, 0.0, 0.0, 0.0, 0.0, 0.0, 0.0, 0.0, 0.0, 0.0, 0.0, 0.0, 0.0, 0.0, 0.0, 0.0, 0.0, 1.0, 0.0, 0.0, 0.0, 0.0, 0.0, 0.0, 0.0, 0.0, 0.0, 0.0, 0.0, 0.0, 0.0, 0.0, 0.0, 0.0, 0.0, 0.0, 0.0, 0.0, 0.0, 0.0, 0.0, 0.0, 0.0, 0.0, 0.0, 0.0, 0.0, 0.0, 0.0, 0.0, 0.0, 0.0, 0.0, 0.0, 0.0, 0.0, 0.0, 0.0, 0.0, 0.0, 1.0, 0.0, 0.0, 0.0, 0.0, 0.0, 0.0, 0.0, 0.0, 0.0, 0.0, 0.0, 0.0, 0.0, 0.0, 0.0, 0.0, 0.0, 0.0, 0.0, 0.0, 0.0, 0.0, 0.0, 0.0, 0.0, 0.0, 0.0, 0.0, 0.0, 0.0, 0.0, 0.0, 0.0, 1.0, 0.0, 0.0, 0.0]
2025-10-01 19:32:57,995 - INFO - Disk I/O:
2025-10-01 19:32:57,996 - INFO -   Read: 44.49 GB
2025-10-01 19:32:57,996 - INFO -   Write: 0.00 GB
2025-10-01 19:32:57,996 - INFO -   Read Rate: 458728 ops
2025-10-01 19:32:57,996 - INFO -   Write Rate: 0 ops
2025-10-01 19:32:57,996 - INFO - Network I/O:
2025-10-01 19:32:57,996 - INFO -   Sent: 352.38 GB
2025-10-01 19:32:57,996 - INFO -   Received: 4552.97 GB
2025-10-01 19:32:57,996 - INFO - ==================================================
2025-10-01 19:32:58,235 - INFO - Progress: 300,000 indexed, 0 failed, Rate: 2098.4 docs/sec, Elapsed: 143.0s
2025-10-01 19:33:00,370 - INFO - === ENHANCED HARDWARE METRICS BULK INDEXING AT 300000 DOCS ===
2025-10-01 19:33:00,370 - INFO - Process Memory:
2025-10-01 19:33:00,370 - INFO -   RSS: 1.56 GB
2025-10-01 19:33:00,370 - INFO -   VMS: 4.37 GB
2025-10-01 19:33:00,371 - INFO -   Percent: 0.2%
2025-10-01 19:33:00,371 - INFO - System Memory:
2025-10-01 19:33:00,371 - INFO -   Used: 13.3%
2025-10-01 19:33:00,371 - INFO -   Available: 740.77 GB
2025-10-01 19:33:00,371 - INFO -   Cached: 24.82 GB
2025-10-01 19:33:00,371 - INFO - CPU Usage:
2025-10-01 19:33:00,371 - INFO -   Process: 0.0%
2025-10-01 19:33:00,371 - INFO -   System: 0.4%
2025-10-01 19:33:00,371 - INFO -   Per Core: [0.0, 0.0, 0.0, 0.0, 0.0, 0.0, 0.0, 0.0, 0.0, 0.0, 2.0, 0.0, 1.0, 0.0, 0.0, 0.0, 0.0, 1.0, 0.0, 0.0, 0.0, 0.0, 0.0, 0.0, 0.0, 0.0, 0.0, 0.0, 0.0, 1.0, 0.0, 0.0, 0.0, 0.0, 2.0, 0.0, 0.0, 0.0, 0.0, 0.0, 0.0, 0.0, 0.0, 0.0, 0.0, 0.0, 0.0, 1.0, 0.0, 0.0, 0.0, 0.0, 0.0, 0.0, 0.0, 0.0, 1.0, 1.0, 0.0, 0.0, 1.0, 0.0, 0.0, 0.0, 0.0, 0.0, 0.0, 0.0, 0.0, 0.0, 0.0, 0.0, 4.0, 0.0, 0.0, 1.0, 0.0, 0.0, 0.0, 0.0, 0.0, 1.0, 0.0, 1.0, 1.0, 0.0, 0.0, 0.0, 0.0, 1.0, 0.0, 1.0, 2.0, 0.0, 0.0, 2.0, 0.0, 0.0, 0.0, 1.0, 0.0, 1.0, 0.0, 0.0, 0.0, 1.0, 2.0, 1.0, 1.0, 1.0, 2.9, 0.0, 0.0, 0.0, 1.0, 1.0, 1.0, 0.0, 0.0, 0.0, 0.0, 1.0, 0.0, 1.0, 0.0, 0.0, 0.0, 0.0, 1.0, 0.0, 0.0, 0.0, 0.0, 0.0, 0.0, 0.0, 1.0, 1.0, 1.0, 0.0, 0.0, 2.0, 1.0, 0.0, 1.0, 1.0, 1.0, 1.0, 0.0, 2.0, 0.0, 1.0, 0.0, 1.0, 2.0, 0.0, 0.0, 0.0, 1.0, 0.0, 0.0, 0.0, 0.0, 0.0, 0.0, 1.0, 0.0, 2.0, 0.0, 0.0, 1.0, 1.0, 0.0, 0.0, 1.0, 0.0, 0.0, 1.0, 0.0, 0.0, 1.0, 1.0, 1.0, 0.0, 0.0, 0.0, 0.0, 0.0, 0.0, 0.0, 1.0, 0.0, 0.0, 0.0, 2.0, 1.0, 0.0, 0.0, 0.0, 0.0, 2.0, 1.0, 0.0, 1.0, 0.0, 1.0, 2.0, 1.0, 0.0, 0.0, 0.0, 0.0, 1.0, 1.0, 0.0, 0.0, 0.0, 0.0, 1.0, 0.0, 0.0, 0.0, 1.0, 0.0, 0.0, 1.0, 0.0, 1.0, 1.0, 0.0, 2.0, 0.0, 1.0, 1.0, 2.0, 0.0, 2.0, 0.0, 0.0, 1.0, 0.0, 0.0, 1.0, 0.0, 0.0, 0.0, 0.0, 1.0, 0.0, 2.0, 1.0, 1.0, 1.0, 1.0, 1.0, 1.0, 0.0, 0.0, 0.0, 1.0, 1.0, 0.0, 0.0, 0.0, 0.0, 0.0, 0.0, 1.0, 0.0, 0.0, 0.0, 1.0, 0.0, 0.0, 1.0, 0.0, 1.0, 1.0, 0.0, 0.0, 0.0, 1.0, 0.0, 2.0, 0.0, 0.0, 0.0, 0.0]
2025-10-01 19:33:00,371 - INFO - Disk I/O:
2025-10-01 19:33:00,371 - INFO -   Read: 44.49 GB
2025-10-01 19:33:00,372 - INFO -   Write: 0.00 GB
2025-10-01 19:33:00,372 - INFO -   Read Rate: 458728 ops
2025-10-01 19:33:00,372 - INFO -   Write Rate: 0 ops
2025-10-01 19:33:00,372 - INFO - Network I/O:
2025-10-01 19:33:00,372 - INFO -   Sent: 352.38 GB
2025-10-01 19:33:00,372 - INFO -   Received: 4552.97 GB
2025-10-01 19:33:00,372 - INFO - ==================================================
2025-10-01 19:33:00,649 - INFO - Progress: 310,000 indexed, 0 failed, Rate: 2132.3 docs/sec, Elapsed: 145.4s
2025-10-01 19:33:02,774 - INFO - === ENHANCED HARDWARE METRICS BULK INDEXING AT 310000 DOCS ===
2025-10-01 19:33:02,774 - INFO - Process Memory:
2025-10-01 19:33:02,774 - INFO -   RSS: 1.56 GB
2025-10-01 19:33:02,774 - INFO -   VMS: 4.36 GB
2025-10-01 19:33:02,775 - INFO -   Percent: 0.2%
2025-10-01 19:33:02,775 - INFO - System Memory:
2025-10-01 19:33:02,775 - INFO -   Used: 13.3%
2025-10-01 19:33:02,775 - INFO -   Available: 740.77 GB
2025-10-01 19:33:02,775 - INFO -   Cached: 24.82 GB
2025-10-01 19:33:02,775 - INFO - CPU Usage:
2025-10-01 19:33:02,775 - INFO -   Process: 0.0%
2025-10-01 19:33:02,775 - INFO -   System: 0.0%
2025-10-01 19:33:02,775 - INFO -   Per Core: [0.0, 0.0, 0.0, 0.0, 0.0, 0.0, 0.0, 0.0, 0.0, 0.0, 0.0, 0.0, 0.0, 0.0, 0.0, 0.0, 0.0, 0.0, 0.0, 0.0, 0.0, 0.0, 0.0, 0.0, 0.0, 0.0, 0.0, 0.0, 0.0, 1.0, 0.0, 0.0, 0.0, 0.0, 0.0, 0.0, 0.0, 0.0, 0.0, 0.0, 0.0, 0.0, 0.0, 0.0, 0.0, 0.0, 0.0, 0.0, 0.0, 0.0, 0.0, 0.0, 0.0, 0.0, 0.0, 0.0, 0.0, 0.0, 0.0, 0.0, 0.0, 1.0, 0.0, 0.0, 0.0, 0.0, 0.0, 0.0, 0.0, 0.0, 0.0, 0.0, 0.0, 0.0, 0.0, 0.0, 0.0, 0.0, 0.0, 0.0, 0.0, 0.0, 0.0, 0.0, 0.0, 0.0, 0.0, 0.0, 0.0, 1.0, 0.0, 0.0, 0.0, 0.0, 0.0, 0.0, 0.0, 0.0, 0.0, 0.0, 0.0, 0.0, 0.0, 0.0, 0.0, 0.0, 0.0, 0.0, 0.0, 0.0, 0.0, 0.0, 0.0, 0.0, 0.0, 0.0, 0.0, 0.0, 0.0, 0.0, 0.0, 0.0, 0.0, 0.0, 0.0, 0.0, 0.0, 0.0, 0.0, 0.0, 0.0, 0.0, 0.0, 0.0, 0.0, 0.0, 0.0, 0.0, 0.0, 0.0, 0.0, 0.0, 0.0, 0.0, 0.0, 0.0, 1.0, 0.0, 0.0, 0.0, 0.0, 0.0, 1.0, 0.0, 0.0, 0.0, 0.0, 1.0, 0.0, 1.0, 0.0, 0.0, 0.0, 0.0, 0.0, 0.0, 3.0, 0.0, 0.0, 0.0, 0.0, 1.0, 0.0, 0.0, 0.0, 0.0, 0.0, 0.0, 0.0, 0.0, 0.0, 0.0, 0.0, 0.0, 0.0, 0.0, 0.0, 0.0, 0.0, 0.0, 0.0, 0.0, 0.0, 0.0, 0.0, 0.0, 0.0, 0.0, 0.0, 0.0, 0.0, 0.0, 0.0, 0.0, 0.0, 1.0, 0.0, 0.0, 0.0, 0.0, 0.0, 0.0, 0.0, 0.0, 0.0, 0.0, 0.0, 0.0, 0.0, 0.0, 0.0, 0.0, 0.0, 0.0, 0.0, 0.0, 0.0, 0.0, 0.0, 0.0, 0.0, 0.0, 0.0, 0.0, 0.0, 0.0, 0.0, 0.0, 0.0, 0.0, 0.0, 0.0, 0.0, 0.0, 0.0, 0.0, 0.0, 0.0, 0.0, 0.0, 0.0, 0.0, 0.0, 0.0, 0.0, 0.0, 0.0, 0.0, 0.0, 0.0, 0.0, 0.0, 0.0, 0.0, 0.0, 1.0, 0.0, 0.0, 0.0, 0.0, 0.0, 0.0, 0.0, 0.0, 0.0, 0.0, 0.0, 0.0, 0.0, 0.0, 0.0, 0.0, 0.0, 0.0, 0.0, 0.0, 0.0, 0.0]
2025-10-01 19:33:02,775 - INFO - Disk I/O:
2025-10-01 19:33:02,775 - INFO -   Read: 44.49 GB
2025-10-01 19:33:02,775 - INFO -   Write: 0.00 GB
2025-10-01 19:33:02,776 - INFO -   Read Rate: 458728 ops
2025-10-01 19:33:02,776 - INFO -   Write Rate: 0 ops
2025-10-01 19:33:02,776 - INFO - Network I/O:
2025-10-01 19:33:02,776 - INFO -   Sent: 352.38 GB
2025-10-01 19:33:02,776 - INFO -   Received: 4552.97 GB
2025-10-01 19:33:02,776 - INFO - ==================================================
2025-10-01 19:33:03,041 - INFO - Progress: 320,000 indexed, 0 failed, Rate: 2165.5 docs/sec, Elapsed: 147.8s
2025-10-01 19:33:05,162 - INFO - === ENHANCED HARDWARE METRICS BULK INDEXING AT 320000 DOCS ===
2025-10-01 19:33:05,163 - INFO - Process Memory:
2025-10-01 19:33:05,163 - INFO -   RSS: 1.55 GB
2025-10-01 19:33:05,163 - INFO -   VMS: 4.35 GB
2025-10-01 19:33:05,163 - INFO -   Percent: 0.2%
2025-10-01 19:33:05,163 - INFO - System Memory:
2025-10-01 19:33:05,163 - INFO -   Used: 13.3%
2025-10-01 19:33:05,163 - INFO -   Available: 740.77 GB
2025-10-01 19:33:05,163 - INFO -   Cached: 24.82 GB
2025-10-01 19:33:05,164 - INFO - CPU Usage:
2025-10-01 19:33:05,164 - INFO -   Process: 0.0%
2025-10-01 19:33:05,164 - INFO -   System: 0.1%
2025-10-01 19:33:05,164 - INFO -   Per Core: [0.0, 0.0, 0.0, 0.0, 0.0, 0.0, 0.0, 0.0, 0.0, 0.0, 0.0, 0.0, 0.0, 0.0, 0.0, 0.0, 0.0, 0.0, 0.0, 0.0, 0.0, 0.0, 0.0, 0.0, 0.0, 0.0, 0.0, 0.0, 0.0, 1.0, 0.0, 0.0, 0.0, 1.0, 0.0, 0.0, 0.0, 0.0, 0.0, 0.0, 0.0, 0.0, 0.0, 0.0, 0.0, 0.0, 0.0, 0.0, 0.0, 0.0, 0.0, 0.0, 0.0, 0.0, 0.0, 0.0, 0.0, 0.0, 0.0, 0.0, 0.0, 0.0, 0.0, 0.0, 0.0, 0.0, 0.0, 0.0, 1.0, 0.0, 0.0, 0.0, 0.0, 0.0, 0.0, 0.0, 0.0, 0.0, 0.0, 0.0, 0.0, 0.0, 0.0, 3.0, 2.0, 1.0, 1.0, 1.0, 1.0, 1.0, 1.0, 1.0, 1.0, 1.0, 1.0, 1.0, 1.0, 1.0, 0.0, 1.0, 0.0, 0.0, 0.0, 0.0, 0.0, 0.0, 0.0, 1.0, 0.0, 0.0, 0.0, 0.0, 0.0, 0.0, 0.0, 0.0, 0.0, 0.0, 0.0, 0.0, 0.0, 0.0, 0.0, 0.0, 0.0, 0.0, 0.0, 0.0, 0.0, 0.0, 0.0, 0.0, 0.0, 0.0, 0.0, 0.0, 0.0, 0.0, 0.0, 0.0, 0.0, 0.0, 0.0, 0.0, 0.0, 0.0, 0.0, 0.0, 0.0, 0.0, 0.0, 2.0, 0.0, 0.0, 0.0, 0.0, 0.0, 0.0, 0.0, 1.0, 0.0, 0.0, 0.0, 0.0, 0.0, 0.0, 0.0, 0.0, 1.0, 0.0, 0.0, 1.0, 0.0, 0.0, 0.0, 0.0, 0.0, 0.0, 0.0, 0.0, 0.0, 0.0, 0.0, 0.0, 0.0, 0.0, 0.0, 0.0, 0.0, 0.0, 0.0, 0.0, 0.0, 0.0, 0.0, 0.0, 0.0, 0.0, 0.0, 0.0, 0.0, 0.0, 0.0, 0.0, 0.0, 1.0, 0.0, 0.0, 0.0, 0.0, 0.0, 0.0, 0.0, 0.0, 0.0, 0.0, 0.0, 0.0, 0.0, 0.0, 0.0, 0.0, 0.0, 0.0, 0.0, 0.0, 0.0, 0.0, 0.0, 0.0, 0.0, 0.0, 0.0, 0.0, 0.0, 0.0, 0.0, 0.0, 0.0, 0.0, 0.0, 0.0, 0.0, 0.0, 0.0, 0.0, 0.0, 0.0, 0.0, 0.0, 0.0, 0.0, 0.0, 0.0, 0.0, 0.0, 0.0, 0.0, 0.0, 0.0, 0.0, 0.0, 0.0, 0.0, 0.0, 0.0, 0.0, 0.0, 0.0, 0.0, 0.0, 0.0, 0.0, 0.0, 0.0, 0.0, 0.0, 0.0, 0.0, 0.0, 0.0, 0.0, 0.0, 0.0, 0.0, 0.0, 0.0, 0.0]
2025-10-01 19:33:05,164 - INFO - Disk I/O:
2025-10-01 19:33:05,164 - INFO -   Read: 44.49 GB
2025-10-01 19:33:05,164 - INFO -   Write: 0.00 GB
2025-10-01 19:33:05,164 - INFO -   Read Rate: 458728 ops
2025-10-01 19:33:05,164 - INFO -   Write Rate: 0 ops
2025-10-01 19:33:05,164 - INFO - Network I/O:
2025-10-01 19:33:05,164 - INFO -   Sent: 352.38 GB
2025-10-01 19:33:05,165 - INFO -   Received: 4552.97 GB
2025-10-01 19:33:05,165 - INFO - ==================================================
2025-10-01 19:33:05,398 - INFO - Progress: 330,000 indexed, 0 failed, Rate: 2198.1 docs/sec, Elapsed: 150.1s
2025-10-01 19:33:07,517 - INFO - === ENHANCED HARDWARE METRICS BULK INDEXING AT 330000 DOCS ===
2025-10-01 19:33:07,517 - INFO - Process Memory:
2025-10-01 19:33:07,518 - INFO -   RSS: 1.53 GB
2025-10-01 19:33:07,518 - INFO -   VMS: 4.33 GB
2025-10-01 19:33:07,518 - INFO -   Percent: 0.2%
2025-10-01 19:33:07,518 - INFO - System Memory:
2025-10-01 19:33:07,518 - INFO -   Used: 13.3%
2025-10-01 19:33:07,518 - INFO -   Available: 740.79 GB
2025-10-01 19:33:07,518 - INFO -   Cached: 24.82 GB
2025-10-01 19:33:07,518 - INFO - CPU Usage:
2025-10-01 19:33:07,518 - INFO -   Process: 0.0%
2025-10-01 19:33:07,518 - INFO -   System: 0.0%
2025-10-01 19:33:07,519 - INFO -   Per Core: [0.0, 0.0, 0.0, 0.0, 0.0, 0.0, 0.0, 0.0, 0.0, 0.0, 0.0, 0.0, 0.0, 0.0, 0.0, 0.0, 0.0, 1.0, 0.0, 0.0, 0.0, 0.0, 0.0, 0.0, 0.0, 0.0, 0.0, 0.0, 0.0, 0.0, 0.0, 0.0, 0.0, 0.0, 1.0, 0.0, 0.0, 0.0, 0.0, 0.0, 0.0, 0.0, 0.0, 0.0, 0.0, 0.0, 0.0, 0.0, 0.0, 0.0, 0.0, 0.0, 0.0, 0.0, 0.0, 0.0, 0.0, 0.0, 0.0, 0.0, 0.0, 0.0, 0.0, 0.0, 0.0, 0.0, 0.0, 0.0, 0.0, 0.0, 0.0, 0.0, 0.0, 0.0, 0.0, 0.0, 0.0, 0.0, 0.0, 0.0, 0.0, 0.0, 0.0, 0.0, 0.0, 0.0, 0.0, 0.0, 0.0, 0.0, 0.0, 0.0, 0.0, 0.0, 0.0, 0.0, 0.0, 0.0, 0.0, 0.0, 0.0, 0.0, 0.0, 0.0, 0.0, 0.0, 0.0, 0.0, 0.0, 0.0, 1.0, 0.0, 0.0, 0.0, 0.0, 0.0, 0.0, 0.0, 0.0, 0.0, 0.0, 0.0, 0.0, 0.0, 0.0, 0.0, 0.0, 0.0, 0.0, 0.0, 0.0, 0.0, 0.0, 0.0, 0.0, 0.0, 0.0, 0.0, 0.0, 0.0, 0.0, 0.0, 0.0, 0.0, 0.0, 0.0, 1.0, 0.0, 0.0, 0.0, 0.0, 0.0, 0.0, 0.0, 1.0, 0.0, 0.0, 1.0, 0.0, 0.0, 0.0, 0.0, 0.0, 1.0, 0.0, 0.0, 0.0, 0.0, 0.0, 0.0, 0.0, 0.0, 0.0, 0.0, 0.0, 0.0, 0.0, 0.0, 0.0, 0.0, 0.0, 0.0, 0.0, 0.0, 0.0, 0.0, 0.0, 0.0, 0.0, 0.0, 0.0, 0.0, 0.0, 0.0, 0.0, 0.0, 0.0, 0.0, 0.0, 0.0, 0.0, 0.0, 0.0, 0.0, 0.0, 1.0, 0.0, 0.0, 0.0, 0.0, 0.0, 0.0, 0.0, 0.0, 0.0, 0.0, 0.0, 0.0, 0.0, 0.0, 0.0, 0.0, 1.0, 0.0, 0.0, 0.0, 0.0, 0.0, 0.0, 0.0, 0.0, 0.0, 0.0, 0.0, 0.0, 0.0, 0.0, 0.0, 0.0, 0.0, 0.0, 0.0, 0.0, 0.0, 0.0, 0.0, 0.0, 0.0, 0.0, 0.0, 0.0, 0.0, 0.0, 0.0, 1.0, 0.0, 0.0, 0.0, 0.0, 0.0, 0.0, 0.0, 0.0, 0.0, 0.0, 0.0, 0.0, 0.0, 0.0, 0.0, 0.0, 0.0, 0.0, 0.0, 0.0, 0.0, 0.0, 0.0, 0.0, 0.0, 0.0, 0.0, 0.0, 0.0, 0.0, 0.0, 0.0, 0.0]
2025-10-01 19:33:07,519 - INFO - Disk I/O:
2025-10-01 19:33:07,519 - INFO -   Read: 44.49 GB
2025-10-01 19:33:07,519 - INFO -   Write: 0.00 GB
2025-10-01 19:33:07,519 - INFO -   Read Rate: 458728 ops
2025-10-01 19:33:07,519 - INFO -   Write Rate: 0 ops
2025-10-01 19:33:07,519 - INFO - Network I/O:
2025-10-01 19:33:07,519 - INFO -   Sent: 352.38 GB
2025-10-01 19:33:07,519 - INFO -   Received: 4552.97 GB
2025-10-01 19:33:07,519 - INFO - ==================================================
2025-10-01 19:33:07,732 - INFO - Progress: 340,000 indexed, 0 failed, Rate: 2230.0 docs/sec, Elapsed: 152.5s
2025-10-01 19:33:09,851 - INFO - === ENHANCED HARDWARE METRICS BULK INDEXING AT 340000 DOCS ===
2025-10-01 19:33:09,851 - INFO - Process Memory:
2025-10-01 19:33:09,852 - INFO -   RSS: 1.52 GB
2025-10-01 19:33:09,852 - INFO -   VMS: 4.33 GB
2025-10-01 19:33:09,852 - INFO -   Percent: 0.2%
2025-10-01 19:33:09,852 - INFO - System Memory:
2025-10-01 19:33:09,852 - INFO -   Used: 13.3%
2025-10-01 19:33:09,852 - INFO -   Available: 740.79 GB
2025-10-01 19:33:09,852 - INFO -   Cached: 24.82 GB
2025-10-01 19:33:09,852 - INFO - CPU Usage:
2025-10-01 19:33:09,852 - INFO -   Process: 0.0%
2025-10-01 19:33:09,852 - INFO -   System: 0.1%
2025-10-01 19:33:09,853 - INFO -   Per Core: [0.0, 0.0, 0.0, 0.0, 0.0, 0.0, 0.0, 0.0, 0.0, 0.0, 0.0, 0.0, 0.0, 0.0, 0.0, 0.0, 0.0, 0.0, 0.0, 0.0, 0.0, 0.0, 0.0, 0.0, 0.0, 0.0, 0.0, 0.0, 0.0, 0.0, 0.0, 0.0, 0.0, 1.0, 0.0, 0.0, 0.0, 0.0, 0.0, 0.0, 0.0, 0.0, 0.0, 0.0, 0.0, 0.0, 0.0, 0.0, 0.0, 0.0, 0.0, 0.0, 0.0, 1.0, 0.0, 0.0, 0.0, 0.0, 0.0, 0.0, 0.0, 0.0, 0.0, 0.0, 0.0, 0.0, 0.0, 0.0, 0.0, 0.0, 0.0, 0.0, 0.0, 0.0, 0.0, 0.0, 0.0, 1.0, 0.0, 0.0, 0.0, 0.0, 0.0, 0.0, 0.0, 0.0, 0.0, 0.0, 0.0, 0.0, 0.0, 0.0, 0.0, 0.0, 0.0, 0.0, 0.0, 0.0, 0.0, 0.0, 0.0, 0.0, 0.0, 0.0, 0.0, 0.0, 0.0, 0.0, 0.0, 0.0, 0.0, 0.0, 0.0, 0.0, 0.0, 0.0, 0.0, 0.0, 0.0, 0.0, 0.0, 0.0, 0.0, 0.0, 0.0, 0.0, 0.0, 0.0, 0.0, 1.0, 0.0, 0.0, 0.0, 0.0, 0.0, 0.0, 0.0, 0.0, 0.0, 0.0, 0.0, 0.0, 0.0, 0.0, 0.0, 1.0, 0.0, 0.0, 0.0, 0.0, 1.0, 1.0, 0.0, 0.0, 0.0, 0.0, 0.0, 0.0, 1.0, 0.0, 0.0, 0.0, 0.0, 1.0, 0.0, 0.0, 0.0, 0.0, 2.0, 0.0, 0.0, 0.0, 0.0, 0.0, 0.0, 0.0, 0.0, 1.0, 0.0, 0.0, 0.0, 0.0, 0.0, 0.0, 0.0, 0.0, 0.0, 0.0, 0.0, 0.0, 0.0, 0.0, 0.0, 0.0, 0.0, 0.0, 0.0, 0.0, 0.0, 0.0, 0.0, 0.0, 0.0, 0.0, 0.0, 0.0, 0.0, 0.0, 0.0, 0.0, 0.0, 0.0, 0.0, 0.0, 0.0, 0.0, 0.0, 0.0, 0.0, 0.0, 0.0, 0.0, 0.0, 0.0, 0.0, 0.0, 0.0, 1.0, 1.0, 0.0, 0.0, 0.0, 0.0, 0.0, 0.0, 0.0, 0.0, 0.0, 0.0, 0.0, 0.0, 0.0, 0.0, 0.0, 0.0, 0.0, 1.0, 0.0, 0.0, 0.0, 0.0, 0.0, 0.0, 0.0, 0.0, 0.0, 0.0, 0.0, 0.0, 0.0, 0.0, 0.0, 0.0, 1.0, 0.0, 0.0, 0.0, 0.0, 0.0, 0.0, 0.0, 0.0, 0.0, 0.0, 1.0, 0.0, 0.0, 0.0, 0.0, 0.0, 0.0, 0.0, 0.0, 0.0, 0.0, 0.0, 0.0, 0.0]
2025-10-01 19:33:09,853 - INFO - Disk I/O:
2025-10-01 19:33:09,853 - INFO -   Read: 44.49 GB
2025-10-01 19:33:09,853 - INFO -   Write: 0.00 GB
2025-10-01 19:33:09,853 - INFO -   Read Rate: 458728 ops
2025-10-01 19:33:09,853 - INFO -   Write Rate: 0 ops
2025-10-01 19:33:09,853 - INFO - Network I/O:
2025-10-01 19:33:09,853 - INFO -   Sent: 352.38 GB
2025-10-01 19:33:09,853 - INFO -   Received: 4552.97 GB
2025-10-01 19:33:09,853 - INFO - ==================================================
2025-10-01 19:33:09,996 - INFO - Progress: 350,000 indexed, 0 failed, Rate: 2262.0 docs/sec, Elapsed: 154.7s
2025-10-01 19:33:12,109 - INFO - === ENHANCED HARDWARE METRICS BULK INDEXING AT 350000 DOCS ===
2025-10-01 19:33:12,109 - INFO - Process Memory:
2025-10-01 19:33:12,109 - INFO -   RSS: 1.52 GB
2025-10-01 19:33:12,109 - INFO -   VMS: 4.33 GB
2025-10-01 19:33:12,109 - INFO -   Percent: 0.2%
2025-10-01 19:33:12,110 - INFO - System Memory:
2025-10-01 19:33:12,110 - INFO -   Used: 13.3%
2025-10-01 19:33:12,110 - INFO -   Available: 740.73 GB
2025-10-01 19:33:12,110 - INFO -   Cached: 24.86 GB
2025-10-01 19:33:12,110 - INFO - CPU Usage:
2025-10-01 19:33:12,110 - INFO -   Process: 0.0%
2025-10-01 19:33:12,110 - INFO -   System: 0.0%
2025-10-01 19:33:12,110 - INFO -   Per Core: [0.0, 0.0, 0.0, 0.0, 0.0, 0.0, 0.0, 0.0, 0.0, 0.0, 0.0, 0.0, 0.0, 0.0, 0.0, 0.0, 0.0, 0.0, 0.0, 0.0, 0.0, 0.0, 0.0, 0.0, 0.0, 0.0, 0.0, 0.0, 0.0, 2.0, 0.0, 0.0, 0.0, 0.0, 0.0, 0.0, 0.0, 0.0, 0.0, 0.0, 0.0, 0.0, 0.0, 0.0, 0.0, 0.0, 0.0, 0.0, 0.0, 0.0, 0.0, 0.0, 0.0, 0.0, 0.0, 0.0, 0.0, 0.0, 0.0, 0.0, 0.0, 0.0, 0.0, 0.0, 0.0, 0.0, 0.0, 0.0, 0.0, 0.0, 0.0, 0.0, 0.0, 0.0, 0.0, 0.0, 0.0, 0.0, 0.0, 0.0, 0.0, 0.0, 0.0, 0.0, 0.0, 0.0, 0.0, 0.0, 0.0, 0.0, 0.0, 0.0, 0.0, 0.0, 0.0, 0.0, 0.0, 0.0, 0.0, 0.0, 0.0, 0.0, 0.0, 0.0, 0.0, 0.0, 0.0, 0.0, 0.0, 0.0, 0.0, 0.0, 0.0, 0.0, 0.0, 0.0, 0.0, 0.0, 0.0, 0.0, 0.0, 0.0, 0.0, 0.0, 0.0, 0.0, 0.0, 0.0, 0.0, 0.0, 0.0, 0.0, 0.0, 0.0, 0.0, 0.0, 0.0, 0.0, 0.0, 0.0, 0.0, 0.0, 0.0, 0.0, 0.0, 0.0, 1.0, 0.0, 0.0, 0.0, 0.0, 0.0, 1.0, 0.0, 0.0, 0.0, 0.0, 0.0, 0.0, 0.0, 0.0, 0.0, 0.0, 0.0, 0.0, 0.0, 0.0, 0.0, 0.0, 0.0, 0.0, 0.0, 0.0, 0.0, 0.0, 0.0, 0.0, 0.0, 0.0, 0.0, 0.0, 0.0, 0.0, 0.0, 0.0, 0.0, 0.0, 0.0, 0.0, 0.0, 0.0, 0.0, 0.0, 0.0, 0.0, 0.0, 0.0, 0.0, 0.0, 0.0, 0.0, 0.0, 0.0, 0.0, 0.0, 1.0, 0.0, 0.0, 0.0, 0.0, 0.0, 0.0, 0.0, 0.0, 0.0, 0.0, 0.0, 0.0, 0.0, 0.0, 0.0, 0.0, 0.0, 0.0, 0.0, 0.0, 0.0, 0.0, 0.0, 0.0, 0.0, 0.0, 0.0, 0.0, 0.0, 0.0, 0.0, 0.0, 0.0, 0.0, 0.0, 0.0, 0.0, 0.0, 0.0, 0.0, 0.0, 0.0, 0.0, 0.0, 0.0, 0.0, 0.0, 0.0, 0.0, 0.0, 0.0, 0.0, 0.0, 0.0, 0.0, 0.0, 0.0, 0.0, 0.0, 0.0, 0.0, 0.0, 0.0, 0.0, 0.0, 0.0, 0.0, 0.0, 0.0, 0.0, 0.0, 0.0, 0.0, 0.0, 0.0, 0.0, 0.0, 0.0, 0.0, 0.0, 0.0, 0.0]
2025-10-01 19:33:12,110 - INFO - Disk I/O:
2025-10-01 19:33:12,110 - INFO -   Read: 44.49 GB
2025-10-01 19:33:12,110 - INFO -   Write: 0.00 GB
2025-10-01 19:33:12,110 - INFO -   Read Rate: 458728 ops
2025-10-01 19:33:12,110 - INFO -   Write Rate: 0 ops
2025-10-01 19:33:12,110 - INFO - Network I/O:
2025-10-01 19:33:12,111 - INFO -   Sent: 352.38 GB
2025-10-01 19:33:12,111 - INFO -   Received: 4552.97 GB
2025-10-01 19:33:12,111 - INFO - ==================================================
2025-10-01 19:33:12,297 - INFO - Progress: 360,000 indexed, 0 failed, Rate: 2292.5 docs/sec, Elapsed: 157.0s
2025-10-01 19:33:14,414 - INFO - === ENHANCED HARDWARE METRICS BULK INDEXING AT 360000 DOCS ===
2025-10-01 19:33:14,414 - INFO - Process Memory:
2025-10-01 19:33:14,414 - INFO -   RSS: 1.52 GB
2025-10-01 19:33:14,415 - INFO -   VMS: 4.33 GB
2025-10-01 19:33:14,415 - INFO -   Percent: 0.2%
2025-10-01 19:33:14,415 - INFO - System Memory:
2025-10-01 19:33:14,415 - INFO -   Used: 13.3%
2025-10-01 19:33:14,415 - INFO -   Available: 740.73 GB
2025-10-01 19:33:14,415 - INFO -   Cached: 24.86 GB
2025-10-01 19:33:14,415 - INFO - CPU Usage:
2025-10-01 19:33:14,415 - INFO -   Process: 0.0%
2025-10-01 19:33:14,415 - INFO -   System: 0.0%
2025-10-01 19:33:14,415 - INFO -   Per Core: [0.0, 0.0, 0.0, 0.0, 0.0, 0.0, 0.0, 0.0, 0.0, 0.0, 0.0, 0.0, 0.0, 0.0, 0.0, 0.0, 0.0, 0.0, 0.0, 0.0, 0.0, 0.0, 0.0, 0.0, 0.0, 0.0, 0.0, 0.0, 0.0, 1.9, 0.0, 0.0, 0.0, 0.0, 1.0, 0.0, 0.0, 0.0, 0.0, 0.0, 0.0, 0.0, 0.0, 0.0, 0.0, 0.0, 0.0, 0.0, 0.0, 0.0, 0.0, 0.0, 0.0, 1.0, 0.0, 0.0, 0.0, 0.0, 0.0, 0.0, 0.0, 0.0, 0.0, 0.0, 0.0, 0.0, 0.0, 0.0, 0.0, 0.0, 0.0, 0.0, 0.0, 0.0, 0.0, 0.0, 0.0, 0.0, 0.0, 0.0, 0.0, 0.0, 0.0, 0.0, 0.0, 0.0, 0.0, 0.0, 0.0, 0.0, 0.0, 0.0, 0.0, 0.0, 0.0, 0.0, 0.0, 0.0, 0.0, 0.0, 0.0, 0.0, 0.0, 0.0, 0.0, 0.0, 0.0, 0.0, 0.0, 0.0, 0.0, 0.0, 0.0, 0.0, 0.0, 0.0, 0.0, 0.0, 0.0, 0.0, 0.0, 0.0, 0.0, 0.0, 0.0, 0.0, 0.0, 0.0, 0.0, 0.0, 0.0, 0.0, 0.0, 0.0, 0.0, 0.0, 0.0, 0.0, 0.0, 0.0, 0.0, 0.0, 0.0, 0.0, 0.0, 0.0, 0.0, 0.0, 1.0, 0.0, 0.0, 0.0, 0.0, 0.0, 2.0, 0.0, 0.0, 0.0, 0.0, 0.0, 0.0, 0.0, 0.0, 0.0, 0.0, 1.0, 0.0, 0.0, 0.0, 0.0, 0.0, 1.0, 0.0, 0.0, 0.0, 0.0, 0.0, 0.0, 0.0, 0.0, 0.0, 0.0, 0.0, 0.0, 0.0, 0.0, 0.0, 0.0, 0.0, 0.0, 0.0, 0.0, 0.0, 0.0, 0.0, 0.0, 0.0, 0.0, 0.0, 0.0, 0.0, 0.0, 0.0, 0.0, 0.0, 2.0, 0.0, 0.0, 0.0, 0.0, 0.0, 0.0, 0.0, 0.0, 0.0, 0.0, 0.0, 0.0, 0.0, 0.0, 0.0, 0.0, 0.0, 0.0, 0.0, 0.0, 0.0, 0.0, 0.0, 0.0, 0.0, 0.0, 0.0, 0.0, 0.0, 0.0, 0.0, 0.0, 0.0, 0.0, 0.0, 0.0, 0.0, 0.0, 0.0, 0.0, 0.0, 0.0, 0.0, 0.0, 1.0, 0.0, 0.0, 0.0, 0.0, 0.0, 0.0, 0.0, 0.0, 0.0, 0.0, 0.0, 0.0, 0.0, 0.0, 0.0, 0.0, 0.0, 0.0, 0.0, 0.0, 0.0, 0.0, 0.0, 0.0, 0.0, 0.0, 0.0, 0.0, 0.0, 0.0, 0.0, 0.0, 0.0, 0.0, 0.0, 0.0, 0.0]
2025-10-01 19:33:14,416 - INFO - Disk I/O:
2025-10-01 19:33:14,416 - INFO -   Read: 44.49 GB
2025-10-01 19:33:14,416 - INFO -   Write: 0.00 GB
2025-10-01 19:33:14,416 - INFO -   Read Rate: 458728 ops
2025-10-01 19:33:14,416 - INFO -   Write Rate: 0 ops
2025-10-01 19:33:14,416 - INFO - Network I/O:
2025-10-01 19:33:14,416 - INFO -   Sent: 352.38 GB
2025-10-01 19:33:14,416 - INFO -   Received: 4552.97 GB
2025-10-01 19:33:14,416 - INFO - ==================================================
2025-10-01 19:33:14,614 - INFO - Progress: 370,000 indexed, 0 failed, Rate: 2322.0 docs/sec, Elapsed: 159.3s
2025-10-01 19:33:16,729 - INFO - === ENHANCED HARDWARE METRICS BULK INDEXING AT 370000 DOCS ===
2025-10-01 19:33:16,729 - INFO - Process Memory:
2025-10-01 19:33:16,729 - INFO -   RSS: 1.49 GB
2025-10-01 19:33:16,729 - INFO -   VMS: 4.29 GB
2025-10-01 19:33:16,729 - INFO -   Percent: 0.2%
2025-10-01 19:33:16,729 - INFO - System Memory:
2025-10-01 19:33:16,729 - INFO -   Used: 13.3%
2025-10-01 19:33:16,729 - INFO -   Available: 740.77 GB
2025-10-01 19:33:16,729 - INFO -   Cached: 24.86 GB
2025-10-01 19:33:16,730 - INFO - CPU Usage:
2025-10-01 19:33:16,730 - INFO -   Process: 0.0%
2025-10-01 19:33:16,730 - INFO -   System: 0.0%
2025-10-01 19:33:16,730 - INFO -   Per Core: [0.0, 0.0, 0.0, 0.0, 0.0, 0.0, 0.0, 0.0, 0.0, 0.0, 0.0, 0.0, 0.0, 0.0, 0.0, 0.0, 0.0, 0.0, 0.0, 0.0, 0.0, 0.0, 0.0, 0.0, 0.0, 0.0, 0.0, 0.0, 0.0, 2.0, 0.0, 0.0, 0.0, 0.0, 0.0, 0.0, 0.0, 0.0, 0.0, 0.0, 0.0, 0.0, 0.0, 0.0, 0.0, 0.0, 0.0, 0.0, 0.0, 0.0, 0.0, 0.0, 0.0, 1.0, 0.0, 0.0, 0.0, 0.0, 0.0, 0.0, 0.0, 0.0, 0.0, 0.0, 0.0, 0.0, 0.0, 0.0, 0.0, 0.0, 0.0, 0.0, 0.0, 0.0, 0.0, 0.0, 0.0, 0.0, 0.0, 0.0, 0.0, 0.0, 0.0, 0.0, 0.0, 0.0, 0.0, 0.0, 0.0, 0.0, 0.0, 1.0, 0.0, 0.0, 0.0, 0.0, 0.0, 0.0, 0.0, 0.0, 0.0, 0.0, 0.0, 0.0, 0.0, 0.0, 0.0, 0.0, 0.0, 0.0, 0.0, 0.0, 0.0, 0.0, 0.0, 0.0, 0.0, 0.0, 0.0, 0.0, 0.0, 0.0, 0.0, 0.0, 0.0, 1.0, 0.0, 0.0, 0.0, 0.0, 0.0, 0.0, 0.0, 0.0, 0.0, 0.0, 0.0, 0.0, 0.0, 0.0, 0.0, 0.0, 0.0, 0.0, 0.0, 0.0, 0.0, 0.0, 0.0, 0.0, 0.0, 0.0, 0.0, 0.0, 0.0, 0.0, 0.0, 0.0, 0.0, 0.0, 0.0, 0.0, 0.0, 1.0, 0.0, 0.0, 0.0, 0.0, 0.0, 0.0, 0.0, 1.0, 0.0, 0.0, 0.0, 0.0, 0.0, 0.0, 0.0, 0.0, 0.0, 0.0, 0.0, 0.0, 0.0, 0.0, 0.0, 0.0, 0.0, 0.0, 0.0, 0.0, 0.0, 0.0, 0.0, 0.0, 0.0, 0.0, 0.0, 0.0, 0.0, 0.0, 0.0, 0.0, 0.0, 0.0, 0.0, 0.0, 0.0, 0.0, 0.0, 0.0, 0.0, 0.0, 0.0, 0.0, 0.0, 0.0, 0.0, 0.0, 0.0, 0.0, 0.0, 0.0, 0.0, 0.0, 0.0, 0.0, 0.0, 0.0, 0.0, 0.0, 0.0, 0.0, 0.0, 0.0, 0.0, 0.0, 0.0, 0.0, 0.0, 0.0, 0.0, 0.0, 0.0, 0.0, 0.0, 0.0, 0.0, 0.0, 0.0, 0.0, 0.0, 0.0, 0.0, 0.0, 0.0, 0.0, 0.0, 0.0, 0.0, 0.0, 0.0, 0.0, 0.0, 0.0, 0.0, 0.0, 0.0, 0.0, 0.0, 0.0, 0.0, 0.0, 0.0, 0.0, 0.0, 0.0, 0.0, 0.0, 0.0, 0.0, 0.0, 0.0, 0.0, 0.0, 0.0, 0.0]
2025-10-01 19:33:16,730 - INFO - Disk I/O:
2025-10-01 19:33:16,730 - INFO -   Read: 44.49 GB
2025-10-01 19:33:16,730 - INFO -   Write: 0.00 GB
2025-10-01 19:33:16,730 - INFO -   Read Rate: 458728 ops
2025-10-01 19:33:16,730 - INFO -   Write Rate: 0 ops
2025-10-01 19:33:16,730 - INFO - Network I/O:
2025-10-01 19:33:16,730 - INFO -   Sent: 352.38 GB
2025-10-01 19:33:16,730 - INFO -   Received: 4552.97 GB
2025-10-01 19:33:16,730 - INFO - ==================================================
2025-10-01 19:33:16,881 - INFO - Progress: 380,000 indexed, 0 failed, Rate: 2351.3 docs/sec, Elapsed: 161.6s
2025-10-01 19:33:18,992 - INFO - === ENHANCED HARDWARE METRICS BULK INDEXING AT 380000 DOCS ===
2025-10-01 19:33:18,992 - INFO - Process Memory:
2025-10-01 19:33:18,992 - INFO -   RSS: 1.46 GB
2025-10-01 19:33:18,992 - INFO -   VMS: 4.27 GB
2025-10-01 19:33:18,993 - INFO -   Percent: 0.2%
2025-10-01 19:33:18,993 - INFO - System Memory:
2025-10-01 19:33:18,993 - INFO -   Used: 13.3%
2025-10-01 19:33:18,993 - INFO -   Available: 740.82 GB
2025-10-01 19:33:18,993 - INFO -   Cached: 24.86 GB
2025-10-01 19:33:18,993 - INFO - CPU Usage:
2025-10-01 19:33:18,993 - INFO -   Process: 0.0%
2025-10-01 19:33:18,993 - INFO -   System: 0.3%
2025-10-01 19:33:18,993 - INFO -   Per Core: [0.0, 0.0, 0.0, 0.0, 1.0, 1.0, 0.0, 0.0, 0.0, 0.0, 0.0, 0.0, 0.0, 0.0, 0.0, 0.0, 0.0, 0.0, 0.0, 0.0, 0.0, 0.0, 0.0, 0.0, 0.0, 0.0, 0.0, 0.0, 0.0, 0.0, 0.0, 0.0, 0.0, 0.0, 0.0, 0.0, 0.0, 0.0, 0.0, 0.0, 0.0, 0.0, 0.0, 0.0, 0.0, 0.0, 0.0, 0.0, 0.0, 0.0, 0.0, 0.0, 0.0, 1.0, 0.0, 0.0, 0.0, 0.0, 0.0, 0.0, 0.0, 0.0, 0.0, 0.0, 0.0, 0.0, 0.0, 0.0, 1.0, 0.0, 0.0, 0.0, 0.0, 0.0, 0.0, 0.0, 0.0, 1.0, 1.0, 1.0, 0.0, 0.0, 1.0, 0.0, 0.0, 0.0, 0.0, 0.0, 0.0, 0.0, 0.0, 0.0, 1.0, 0.0, 1.0, 0.0, 0.0, 0.0, 0.0, 0.0, 0.0, 0.0, 0.0, 1.0, 0.0, 0.0, 0.0, 0.0, 0.0, 1.0, 1.0, 0.0, 0.0, 0.0, 0.0, 1.0, 0.0, 1.0, 0.0, 0.0, 0.0, 1.0, 0.0, 0.0, 0.0, 1.0, 1.0, 0.0, 0.0, 1.0, 0.0, 0.0, 0.0, 0.0, 0.0, 0.0, 1.0, 0.0, 0.0, 1.0, 1.0, 0.0, 0.0, 1.0, 0.0, 0.0, 0.0, 0.0, 1.0, 0.0, 1.0, 0.0, 0.0, 0.0, 1.0, 0.0, 1.0, 2.0, 1.0, 0.0, 1.0, 0.0, 0.0, 0.0, 0.0, 0.0, 1.0, 0.0, 0.0, 1.0, 0.0, 0.0, 1.0, 0.0, 1.0, 1.0, 0.0, 1.0, 1.0, 0.0, 1.0, 0.0, 0.0, 1.0, 0.0, 0.0, 0.0, 1.0, 1.0, 0.0, 0.0, 1.0, 1.0, 0.0, 0.0, 1.0, 0.0, 0.0, 1.0, 0.0, 0.0, 1.0, 0.0, 1.0, 0.0, 0.0, 1.0, 0.0, 0.0, 0.0, 0.0, 1.0, 1.0, 0.0, 0.0, 1.0, 0.0, 0.0, 1.0, 0.0, 0.0, 1.0, 0.0, 0.0, 0.0, 0.0, 0.0, 0.0, 1.0, 0.0, 0.0, 0.0, 1.0, 0.0, 0.0, 0.0, 0.0, 1.0, 0.0, 1.0, 0.0, 2.0, 1.0, 0.0, 0.0, 0.0, 1.0, 1.0, 0.0, 0.0, 0.0, 0.0, 0.0, 1.0, 0.0, 0.0, 1.0, 0.0, 0.0, 0.0, 0.0, 0.0, 0.0, 0.0, 0.0, 1.0, 0.0, 0.0, 0.0, 0.0, 1.0, 0.0, 1.0, 1.0, 0.0, 1.0, 1.0, 1.0, 1.0, 1.0, 1.0, 0.0, 1.0, 0.0, 0.0, 1.0, 0.0, 0.0]
2025-10-01 19:33:18,993 - INFO - Disk I/O:
2025-10-01 19:33:18,993 - INFO -   Read: 44.49 GB
2025-10-01 19:33:18,993 - INFO -   Write: 0.00 GB
2025-10-01 19:33:18,994 - INFO -   Read Rate: 458728 ops
2025-10-01 19:33:18,994 - INFO -   Write Rate: 0 ops
2025-10-01 19:33:18,994 - INFO - Network I/O:
2025-10-01 19:33:18,994 - INFO -   Sent: 352.38 GB
2025-10-01 19:33:18,994 - INFO -   Received: 4552.97 GB
2025-10-01 19:33:18,994 - INFO - ==================================================
2025-10-01 19:33:19,128 - INFO - Progress: 390,000 indexed, 0 failed, Rate: 2380.1 docs/sec, Elapsed: 163.9s
2025-10-01 19:33:21,246 - INFO - === ENHANCED HARDWARE METRICS BULK INDEXING AT 390000 DOCS ===
2025-10-01 19:33:21,247 - INFO - Process Memory:
2025-10-01 19:33:21,247 - INFO -   RSS: 1.44 GB
2025-10-01 19:33:21,247 - INFO -   VMS: 4.25 GB
2025-10-01 19:33:21,247 - INFO -   Percent: 0.2%
2025-10-01 19:33:21,247 - INFO - System Memory:
2025-10-01 19:33:21,247 - INFO -   Used: 13.3%
2025-10-01 19:33:21,247 - INFO -   Available: 740.75 GB
2025-10-01 19:33:21,247 - INFO -   Cached: 24.86 GB
2025-10-01 19:33:21,247 - INFO - CPU Usage:
2025-10-01 19:33:21,247 - INFO -   Process: 0.0%
2025-10-01 19:33:21,248 - INFO -   System: 0.0%
2025-10-01 19:33:21,248 - INFO -   Per Core: [0.0, 0.0, 0.0, 0.0, 0.0, 0.0, 0.0, 0.0, 0.0, 0.0, 0.0, 0.0, 0.0, 0.0, 0.0, 0.0, 0.0, 0.0, 0.0, 0.0, 0.0, 0.0, 0.0, 0.0, 0.0, 0.0, 0.0, 0.0, 0.0, 0.0, 0.0, 0.0, 0.0, 0.0, 0.0, 0.0, 0.0, 0.0, 0.0, 0.0, 0.0, 0.0, 0.0, 0.0, 0.0, 0.0, 0.0, 0.0, 0.0, 0.0, 0.0, 0.0, 0.0, 1.0, 0.0, 0.0, 0.0, 0.0, 0.0, 0.0, 0.0, 0.0, 0.0, 0.0, 0.0, 0.0, 0.0, 0.0, 0.0, 0.0, 0.0, 0.0, 0.0, 0.0, 0.0, 0.0, 0.0, 0.0, 0.0, 0.0, 0.0, 0.0, 0.0, 0.0, 0.0, 0.0, 0.0, 0.0, 0.0, 0.0, 0.0, 0.0, 0.0, 0.0, 0.0, 0.0, 0.0, 0.0, 0.0, 0.0, 0.0, 0.0, 0.0, 0.0, 0.0, 0.0, 0.0, 0.0, 0.0, 0.0, 0.0, 0.0, 0.0, 0.0, 0.0, 0.0, 0.0, 0.0, 0.0, 0.0, 0.0, 0.0, 0.0, 0.0, 0.0, 0.0, 0.0, 0.0, 0.0, 0.0, 0.0, 0.0, 0.0, 0.0, 0.0, 0.0, 0.0, 0.0, 0.0, 0.0, 0.0, 0.0, 0.0, 0.0, 0.0, 0.0, 0.0, 0.0, 0.0, 0.0, 0.0, 0.0, 0.0, 0.0, 1.0, 0.0, 0.0, 0.0, 0.0, 0.0, 0.0, 0.0, 0.0, 0.0, 0.0, 0.0, 0.0, 0.0, 1.0, 0.0, 0.0, 0.0, 0.0, 0.0, 0.0, 0.0, 0.0, 0.0, 0.0, 0.0, 0.0, 0.0, 0.0, 0.0, 0.0, 0.0, 0.0, 0.0, 0.0, 0.0, 0.0, 0.0, 0.0, 0.0, 0.0, 0.0, 0.0, 0.0, 0.0, 0.0, 0.0, 0.0, 0.0, 0.0, 0.0, 0.0, 0.0, 0.0, 0.0, 0.0, 0.0, 0.0, 0.0, 0.0, 0.0, 0.0, 0.0, 0.0, 0.0, 0.0, 0.0, 0.0, 0.0, 0.0, 0.0, 0.0, 0.0, 0.0, 0.0, 0.0, 0.0, 0.0, 0.0, 0.0, 0.0, 0.0, 0.0, 0.0, 0.0, 0.0, 0.0, 0.0, 0.0, 0.0, 0.0, 0.0, 0.0, 0.0, 0.0, 0.0, 1.0, 0.0, 0.0, 0.0, 0.0, 0.0, 0.0, 0.0, 0.0, 0.0, 0.0, 0.0, 0.0, 0.0, 0.0, 0.0, 0.0, 0.0, 0.0, 0.0, 0.0, 0.0, 0.0, 0.0, 0.0, 0.0, 0.0, 0.0, 0.0, 0.0, 0.0, 0.0, 0.0, 0.0, 0.0, 0.0, 0.0, 0.0]
2025-10-01 19:33:21,248 - INFO - Disk I/O:
2025-10-01 19:33:21,248 - INFO -   Read: 44.49 GB
2025-10-01 19:33:21,248 - INFO -   Write: 0.00 GB
2025-10-01 19:33:21,248 - INFO -   Read Rate: 458728 ops
2025-10-01 19:33:21,248 - INFO -   Write Rate: 0 ops
2025-10-01 19:33:21,248 - INFO - Network I/O:
2025-10-01 19:33:21,248 - INFO -   Sent: 352.38 GB
2025-10-01 19:33:21,248 - INFO -   Received: 4552.97 GB
2025-10-01 19:33:21,248 - INFO - ==================================================
2025-10-01 19:33:21,321 - INFO - Progress: 400,000 indexed, 0 failed, Rate: 2408.8 docs/sec, Elapsed: 166.1s
2025-10-01 19:33:23,436 - INFO - === ENHANCED HARDWARE METRICS BULK INDEXING AT 400000 DOCS ===
2025-10-01 19:33:23,436 - INFO - Process Memory:
2025-10-01 19:33:23,437 - INFO -   RSS: 1.44 GB
2025-10-01 19:33:23,437 - INFO -   VMS: 4.25 GB
2025-10-01 19:33:23,437 - INFO -   Percent: 0.2%
2025-10-01 19:33:23,437 - INFO - System Memory:
2025-10-01 19:33:23,437 - INFO -   Used: 13.3%
2025-10-01 19:33:23,437 - INFO -   Available: 740.75 GB
2025-10-01 19:33:23,437 - INFO -   Cached: 24.86 GB
2025-10-01 19:33:23,437 - INFO - CPU Usage:
2025-10-01 19:33:23,437 - INFO -   Process: 0.0%
2025-10-01 19:33:23,437 - INFO -   System: 0.0%
2025-10-01 19:33:23,438 - INFO -   Per Core: [0.0, 0.0, 0.0, 0.0, 0.0, 0.0, 0.0, 0.0, 0.0, 0.0, 0.0, 0.0, 0.0, 0.0, 0.0, 0.0, 0.0, 0.0, 0.0, 0.0, 0.0, 0.0, 0.0, 0.0, 0.0, 0.0, 0.0, 0.0, 0.0, 1.9, 0.0, 0.0, 0.0, 0.0, 0.0, 0.0, 0.0, 0.0, 0.0, 0.0, 0.0, 0.0, 0.0, 0.0, 0.0, 0.0, 0.0, 0.0, 0.0, 0.0, 0.0, 0.0, 0.0, 1.0, 1.0, 0.0, 0.0, 0.0, 0.0, 0.0, 0.0, 0.0, 0.0, 0.0, 0.0, 0.0, 0.0, 0.0, 0.0, 0.0, 0.0, 0.0, 0.0, 0.0, 1.0, 0.0, 0.0, 0.0, 0.0, 0.0, 0.0, 0.0, 0.0, 0.0, 0.0, 0.0, 0.0, 0.0, 0.0, 0.0, 0.0, 0.0, 0.0, 0.0, 0.0, 0.0, 0.0, 0.0, 0.0, 0.0, 0.0, 0.0, 0.0, 0.0, 0.0, 0.0, 0.0, 0.0, 0.0, 0.0, 0.0, 0.0, 0.0, 0.0, 0.0, 0.0, 0.0, 0.0, 0.0, 0.0, 0.0, 0.0, 0.0, 0.0, 0.0, 0.0, 0.0, 1.0, 0.0, 0.0, 0.0, 0.0, 0.0, 0.0, 0.0, 0.0, 0.0, 0.0, 0.0, 0.0, 0.0, 0.0, 0.0, 0.0, 0.0, 0.0, 1.0, 0.0, 0.0, 0.0, 0.0, 0.0, 0.0, 0.0, 0.0, 0.0, 0.0, 0.0, 0.0, 0.0, 0.0, 0.0, 0.0, 0.0, 0.0, 0.0, 0.0, 0.0, 0.0, 0.0, 0.0, 0.0, 0.0, 0.0, 0.0, 0.0, 0.0, 0.0, 0.0, 0.0, 0.0, 0.0, 0.0, 0.0, 0.0, 0.0, 0.0, 0.0, 0.0, 0.0, 0.0, 0.0, 0.0, 0.0, 0.0, 0.0, 0.0, 0.0, 0.0, 0.0, 0.0, 0.0, 0.0, 0.0, 0.0, 1.0, 0.0, 0.0, 0.0, 0.0, 0.0, 0.0, 0.0, 0.0, 0.0, 0.0, 0.0, 0.0, 0.0, 0.0, 0.0, 0.0, 0.0, 0.0, 0.0, 0.0, 0.0, 0.0, 0.0, 0.0, 0.0, 0.0, 0.0, 0.0, 0.0, 0.0, 0.0, 0.0, 0.0, 0.0, 0.0, 0.0, 0.0, 0.0, 0.0, 0.0, 0.0, 0.0, 0.0, 0.0, 0.0, 0.0, 0.0, 0.0, 0.0, 0.0, 0.0, 0.0, 0.0, 0.0, 0.0, 0.0, 0.0, 0.0, 0.0, 0.0, 0.0, 0.0, 0.0, 0.0, 0.0, 0.0, 0.0, 0.0, 0.0, 0.0, 0.0, 0.0, 0.0, 0.0, 0.0, 0.0, 0.0, 0.0, 0.0, 0.0, 0.0, 0.0]
2025-10-01 19:33:23,438 - INFO - Disk I/O:
2025-10-01 19:33:23,438 - INFO -   Read: 44.49 GB
2025-10-01 19:33:23,438 - INFO -   Write: 0.00 GB
2025-10-01 19:33:23,438 - INFO -   Read Rate: 458728 ops
2025-10-01 19:33:23,438 - INFO -   Write Rate: 0 ops
2025-10-01 19:33:23,438 - INFO - Network I/O:
2025-10-01 19:33:23,438 - INFO -   Sent: 352.38 GB
2025-10-01 19:33:23,438 - INFO -   Received: 4552.97 GB
2025-10-01 19:33:23,438 - INFO - ==================================================
2025-10-01 19:33:23,533 - INFO - Progress: 410,000 indexed, 0 failed, Rate: 2436.6 docs/sec, Elapsed: 168.3s
2025-10-01 19:33:25,645 - INFO - === ENHANCED HARDWARE METRICS BULK INDEXING AT 410000 DOCS ===
2025-10-01 19:33:25,645 - INFO - Process Memory:
2025-10-01 19:33:25,645 - INFO -   RSS: 1.42 GB
2025-10-01 19:33:25,645 - INFO -   VMS: 4.22 GB
2025-10-01 19:33:25,645 - INFO -   Percent: 0.2%
2025-10-01 19:33:25,645 - INFO - System Memory:
2025-10-01 19:33:25,645 - INFO -   Used: 13.3%
2025-10-01 19:33:25,645 - INFO -   Available: 740.75 GB
2025-10-01 19:33:25,645 - INFO -   Cached: 24.86 GB
2025-10-01 19:33:25,645 - INFO - CPU Usage:
2025-10-01 19:33:25,646 - INFO -   Process: 0.0%
2025-10-01 19:33:25,646 - INFO -   System: 0.0%
2025-10-01 19:33:25,646 - INFO -   Per Core: [0.0, 0.0, 0.0, 0.0, 0.0, 0.0, 0.0, 0.0, 0.0, 0.0, 0.0, 0.0, 0.0, 0.0, 0.0, 0.0, 0.0, 0.0, 0.0, 0.0, 0.0, 0.0, 0.0, 0.0, 0.0, 0.0, 0.0, 0.0, 0.0, 1.0, 0.0, 0.0, 0.0, 0.0, 0.0, 0.0, 0.0, 0.0, 0.0, 0.0, 0.0, 0.0, 0.0, 0.0, 0.0, 0.0, 0.0, 0.0, 0.0, 0.0, 0.0, 0.0, 0.0, 1.0, 0.0, 0.0, 0.0, 0.0, 0.0, 0.0, 0.0, 0.0, 0.0, 0.0, 0.0, 0.0, 0.0, 0.0, 0.0, 0.0, 0.0, 0.0, 0.0, 0.0, 0.0, 0.0, 0.0, 0.0, 0.0, 0.0, 0.0, 0.0, 0.0, 0.0, 1.0, 0.0, 0.0, 0.0, 0.0, 0.0, 0.0, 0.0, 0.0, 0.0, 0.0, 1.0, 1.0, 0.0, 0.0, 0.0, 0.0, 0.0, 0.0, 0.0, 0.0, 0.0, 0.0, 0.0, 0.0, 0.0, 0.0, 0.0, 0.0, 0.0, 0.0, 0.0, 0.0, 0.0, 0.0, 0.0, 0.0, 0.0, 0.0, 0.0, 0.0, 0.0, 0.0, 0.0, 0.0, 0.0, 0.0, 0.0, 0.0, 0.0, 0.0, 0.0, 0.0, 0.0, 0.0, 0.0, 0.0, 0.0, 0.0, 0.0, 0.0, 0.0, 0.0, 0.0, 0.0, 0.0, 0.0, 0.0, 0.0, 0.0, 0.0, 0.0, 0.0, 0.0, 0.0, 0.0, 0.0, 0.0, 0.0, 0.0, 0.0, 0.0, 0.0, 0.0, 1.0, 0.0, 0.0, 1.0, 0.0, 0.0, 0.0, 0.0, 0.0, 0.0, 0.0, 0.0, 0.0, 0.0, 0.0, 0.0, 0.0, 0.0, 0.0, 0.0, 0.0, 0.0, 0.0, 0.0, 0.0, 0.0, 0.0, 0.0, 0.0, 0.0, 0.0, 0.0, 0.0, 0.0, 0.0, 0.0, 1.0, 1.0, 0.0, 0.0, 0.0, 0.0, 0.0, 0.0, 0.0, 0.0, 0.0, 0.0, 0.0, 0.0, 0.0, 0.0, 0.0, 0.0, 0.0, 0.0, 0.0, 0.0, 0.0, 0.0, 0.0, 0.0, 0.0, 0.0, 0.0, 0.0, 0.0, 0.0, 0.0, 0.0, 0.0, 0.0, 0.0, 0.0, 0.0, 0.0, 0.0, 0.0, 0.0, 0.0, 0.0, 0.0, 0.0, 0.0, 0.0, 0.0, 0.0, 0.0, 0.0, 0.0, 0.0, 0.0, 0.0, 0.0, 0.0, 0.0, 0.0, 0.0, 0.0, 0.0, 0.0, 0.0, 0.0, 0.0, 0.0, 0.0, 0.0, 0.0, 0.0, 0.0, 0.0, 0.0, 0.0, 0.0, 0.0, 0.0, 0.0, 0.0, 0.0, 0.0]
2025-10-01 19:33:25,646 - INFO - Disk I/O:
2025-10-01 19:33:25,646 - INFO -   Read: 44.49 GB
2025-10-01 19:33:25,646 - INFO -   Write: 0.00 GB
2025-10-01 19:33:25,646 - INFO -   Read Rate: 458728 ops
2025-10-01 19:33:25,646 - INFO -   Write Rate: 0 ops
2025-10-01 19:33:25,646 - INFO - Network I/O:
2025-10-01 19:33:25,646 - INFO -   Sent: 352.38 GB
2025-10-01 19:33:25,646 - INFO -   Received: 4552.97 GB
2025-10-01 19:33:25,646 - INFO - ==================================================
2025-10-01 19:33:25,783 - INFO - File 1 completed: 416,250 indexed, 0 failed
2025-10-01 19:33:27,958 - INFO - === ENHANCED HARDWARE METRICS AFTER FILE 1 ===
2025-10-01 19:33:27,958 - INFO - Process Memory:
2025-10-01 19:33:27,959 - INFO -   RSS: 1.28 GB
2025-10-01 19:33:27,959 - INFO -   VMS: 4.07 GB
2025-10-01 19:33:27,959 - INFO -   Percent: 0.1%
2025-10-01 19:33:27,959 - INFO - System Memory:
2025-10-01 19:33:27,959 - INFO -   Used: 13.3%
2025-10-01 19:33:27,959 - INFO -   Available: 740.92 GB
2025-10-01 19:33:27,959 - INFO -   Cached: 24.86 GB
2025-10-01 19:33:27,959 - INFO - CPU Usage:
2025-10-01 19:33:27,959 - INFO -   Process: 0.0%
2025-10-01 19:33:27,959 - INFO -   System: 0.0%
2025-10-01 19:33:27,959 - INFO -   Per Core: [0.0, 0.0, 0.0, 0.0, 0.0, 0.0, 0.0, 0.0, 0.0, 0.0, 0.0, 0.0, 0.0, 0.0, 0.0, 0.0, 0.0, 0.0, 0.0, 0.0, 0.0, 0.0, 0.0, 0.0, 0.0, 0.0, 0.0, 0.0, 0.0, 1.0, 0.0, 0.0, 0.0, 0.0, 0.0, 0.0, 0.0, 0.0, 0.0, 0.0, 0.0, 0.0, 0.0, 0.0, 0.0, 0.0, 0.0, 0.0, 0.0, 0.0, 0.0, 0.0, 0.0, 1.0, 0.0, 0.0, 0.0, 0.0, 0.0, 0.0, 0.0, 0.0, 0.0, 0.0, 0.0, 0.0, 0.0, 0.0, 0.0, 0.0, 0.0, 0.0, 0.0, 0.0, 0.0, 0.0, 0.0, 0.0, 0.0, 0.0, 0.0, 0.0, 0.0, 0.0, 0.0, 0.0, 0.0, 0.0, 0.0, 0.0, 0.0, 0.0, 0.0, 0.0, 0.0, 0.0, 0.0, 0.0, 0.0, 0.0, 0.0, 0.0, 0.0, 0.0, 0.0, 0.0, 0.0, 0.0, 0.0, 0.0, 1.0, 0.0, 0.0, 0.0, 0.0, 0.0, 0.0, 0.0, 0.0, 0.0, 0.0, 0.0, 0.0, 0.0, 0.0, 0.0, 0.0, 0.0, 1.0, 0.0, 0.0, 0.0, 0.0, 0.0, 0.0, 0.0, 0.0, 0.0, 0.0, 0.0, 0.0, 0.0, 0.0, 0.0, 0.0, 0.0, 0.0, 0.0, 0.0, 0.0, 0.0, 0.0, 0.0, 0.0, 0.0, 0.0, 0.0, 1.0, 0.0, 0.0, 0.0, 0.0, 0.0, 0.0, 0.0, 0.0, 0.0, 0.0, 0.0, 0.0, 0.0, 0.0, 0.0, 0.0, 0.0, 0.0, 0.0, 0.0, 0.0, 0.0, 0.0, 0.0, 0.0, 0.0, 0.0, 0.0, 0.0, 0.0, 0.0, 0.0, 0.0, 0.0, 0.0, 0.0, 0.0, 0.0, 0.0, 0.0, 0.0, 0.0, 0.0, 0.0, 0.0, 0.0, 0.0, 0.0, 0.0, 0.0, 0.0, 0.0, 0.0, 0.0, 0.0, 0.0, 0.0, 0.0, 0.0, 0.0, 0.0, 0.0, 0.0, 0.0, 0.0, 0.0, 0.0, 0.0, 0.0, 0.0, 0.0, 0.0, 0.0, 0.0, 0.0, 0.0, 0.0, 0.0, 0.0, 0.0, 0.0, 0.0, 0.0, 0.0, 0.0, 0.0, 0.0, 0.0, 0.0, 0.0, 0.0, 0.0, 0.0, 0.0, 0.0, 0.0, 0.0, 0.0, 0.0, 0.0, 0.0, 0.0, 0.0, 0.0, 0.0, 0.0, 0.0, 0.0, 0.0, 0.0, 0.0, 0.0, 0.0, 0.0, 0.0, 0.0, 0.0, 0.0, 0.0, 0.0, 0.0, 0.0, 0.0, 0.0, 0.0, 0.0, 0.0, 0.0, 0.0, 0.0]
2025-10-01 19:33:27,959 - INFO - Disk I/O:
2025-10-01 19:33:27,960 - INFO -   Read: 44.49 GB
2025-10-01 19:33:27,960 - INFO -   Write: 0.00 GB
2025-10-01 19:33:27,960 - INFO -   Read Rate: 458728 ops
2025-10-01 19:33:27,960 - INFO -   Write Rate: 0 ops
2025-10-01 19:33:27,960 - INFO - Network I/O:
2025-10-01 19:33:27,960 - INFO -   Sent: 352.38 GB
2025-10-01 19:33:27,960 - INFO -   Received: 4552.97 GB
2025-10-01 19:33:27,960 - INFO - ==================================================
2025-10-01 19:33:30,079 - INFO - === ENHANCED HARDWARE METRICS AFTER INDEXING ===
2025-10-01 19:33:30,080 - INFO - Process Memory:
2025-10-01 19:33:30,080 - INFO -   RSS: 1.28 GB
2025-10-01 19:33:30,080 - INFO -   VMS: 4.06 GB
2025-10-01 19:33:30,080 - INFO -   Percent: 0.1%
2025-10-01 19:33:30,080 - INFO - System Memory:
2025-10-01 19:33:30,080 - INFO -   Used: 13.3%
2025-10-01 19:33:30,080 - INFO -   Available: 740.92 GB
2025-10-01 19:33:30,080 - INFO -   Cached: 24.86 GB
2025-10-01 19:33:30,080 - INFO - CPU Usage:
2025-10-01 19:33:30,080 - INFO -   Process: 0.0%
2025-10-01 19:33:30,080 - INFO -   System: 0.3%
2025-10-01 19:33:30,081 - INFO -   Per Core: [0.0, 0.0, 1.0, 0.0, 0.0, 0.0, 0.0, 1.0, 0.0, 0.0, 0.0, 0.0, 0.0, 0.0, 0.0, 0.0, 0.0, 0.0, 0.0, 0.0, 0.0, 0.0, 0.0, 0.0, 0.0, 0.0, 0.0, 0.0, 0.0, 0.0, 1.0, 0.0, 0.0, 0.0, 2.0, 0.0, 0.0, 0.0, 1.0, 0.0, 0.0, 0.0, 0.0, 0.0, 0.0, 0.0, 0.0, 0.0, 0.0, 0.0, 0.0, 0.0, 0.0, 2.0, 0.0, 0.0, 0.0, 0.0, 0.0, 0.0, 0.0, 0.0, 0.0, 0.0, 0.0, 0.0, 1.0, 0.0, 0.0, 0.0, 1.0, 1.0, 0.0, 1.0, 0.0, 0.0, 1.0, 1.0, 1.0, 1.0, 1.0, 2.0, 2.0, 3.0, 2.0, 1.0, 2.0, 1.0, 1.0, 1.0, 1.0, 1.0, 0.0, 0.0, 0.0, 1.0, 1.0, 1.0, 0.0, 0.0, 0.0, 0.0, 0.0, 0.0, 0.0, 1.0, 0.0, 0.0, 0.0, 0.0, 1.0, 1.0, 0.0, 0.0, 0.0, 1.0, 0.0, 0.0, 0.0, 0.0, 0.0, 0.0, 1.0, 1.0, 0.0, 1.0, 0.0, 1.0, 0.0, 0.0, 1.0, 0.0, 0.0, 0.0, 0.0, 0.0, 0.0, 0.0, 0.0, 0.0, 1.0, 1.0, 0.0, 1.0, 0.0, 1.0, 1.0, 0.0, 1.0, 1.0, 0.0, 0.0, 1.0, 0.0, 1.0, 0.0, 0.0, 0.0, 0.0, 0.0, 1.0, 1.0, 3.0, 0.0, 1.0, 0.0, 1.0, 1.0, 1.0, 0.0, 1.0, 0.0, 0.0, 0.0, 1.0, 0.0, 0.0, 0.0, 0.0, 1.0, 0.0, 1.0, 1.0, 0.0, 1.0, 0.0, 0.0, 0.0, 0.0, 0.0, 0.0, 1.0, 0.0, 0.0, 0.0, 0.0, 1.0, 0.0, 1.0, 0.0, 0.0, 0.0, 1.0, 0.0, 0.0, 1.0, 1.0, 0.0, 0.0, 0.0, 0.0, 0.0, 1.0, 0.0, 0.0, 0.0, 0.0, 0.0, 1.0, 1.0, 0.0, 1.0, 0.0, 1.0, 0.0, 1.0, 0.0, 0.0, 0.0, 0.0, 0.0, 0.0, 0.0, 1.0, 1.0, 0.0, 0.0, 0.0, 0.0, 1.0, 1.0, 1.0, 0.0, 0.0, 0.0, 1.0, 0.0, 0.0, 0.0, 1.0, 0.0, 1.0, 0.0, 0.0, 0.0, 1.0, 0.0, 0.0, 0.0, 0.0, 0.0, 0.0, 1.0, 0.0, 1.0, 1.0, 0.0, 0.0, 0.0, 1.0, 0.0, 0.0, 0.0, 0.0, 0.0, 0.0, 0.0, 0.0, 1.0, 0.0, 0.0, 0.0, 0.0, 0.0, 0.0, 0.0, 0.0, 1.0]
2025-10-01 19:33:30,081 - INFO - Disk I/O:
2025-10-01 19:33:30,081 - INFO -   Read: 44.49 GB
2025-10-01 19:33:30,081 - INFO -   Write: 0.00 GB
2025-10-01 19:33:30,081 - INFO -   Read Rate: 458728 ops
2025-10-01 19:33:30,081 - INFO -   Write Rate: 0 ops
2025-10-01 19:33:30,081 - INFO - Network I/O:
2025-10-01 19:33:30,081 - INFO -   Sent: 352.38 GB
2025-10-01 19:33:30,081 - INFO -   Received: 4552.97 GB
2025-10-01 19:33:30,081 - INFO - ==================================================
2025-10-01 19:33:30,082 - INFO - === Indexing Completed ===
2025-10-01 19:33:30,082 - INFO - Total documents indexed: 416,250
2025-10-01 19:33:30,082 - INFO - Failed documents: 0
2025-10-01 19:33:30,082 - INFO - Files processed: 1
2025-10-01 19:33:30,082 - INFO - Indexing time: 172.69 seconds
2025-10-01 19:33:30,082 - INFO - Total execution time: 189.39 seconds
2025-10-01 19:33:30,082 - INFO - Average indexing rate: 2410.3 docs/sec
2025-10-01 19:33:32,194 - INFO - === ENHANCED HARDWARE METRICS FINAL ===
2025-10-01 19:33:32,195 - INFO - Process Memory:
2025-10-01 19:33:32,195 - INFO -   RSS: 1.28 GB
2025-10-01 19:33:32,196 - INFO -   VMS: 4.06 GB
2025-10-01 19:33:32,196 - INFO -   Percent: 0.1%
2025-10-01 19:33:32,196 - INFO - System Memory:
2025-10-01 19:33:32,196 - INFO -   Used: 13.3%
2025-10-01 19:33:32,196 - INFO -   Available: 740.90 GB
2025-10-01 19:33:32,196 - INFO -   Cached: 24.86 GB
2025-10-01 19:33:32,196 - INFO - CPU Usage:
2025-10-01 19:33:32,196 - INFO -   Process: 0.0%
2025-10-01 19:33:32,196 - INFO -   System: 0.0%
2025-10-01 19:33:32,196 - INFO -   Per Core: [0.0, 0.0, 0.0, 0.0, 0.0, 0.0, 0.0, 0.0, 0.0, 0.0, 0.0, 0.0, 0.0, 0.0, 0.0, 0.0, 0.0, 0.0, 0.0, 0.0, 0.0, 0.0, 0.0, 0.0, 0.0, 0.0, 0.0, 0.0, 0.0, 1.0, 0.0, 0.0, 0.0, 0.0, 0.0, 0.0, 0.0, 0.0, 0.0, 0.0, 0.0, 0.0, 0.0, 0.0, 0.0, 0.0, 0.0, 0.0, 0.0, 0.0, 0.0, 0.0, 0.0, 0.0, 0.0, 0.0, 0.0, 0.0, 0.0, 0.0, 0.0, 0.0, 0.0, 0.0, 0.0, 0.0, 0.0, 0.0, 0.0, 0.0, 0.0, 0.0, 0.0, 0.0, 0.0, 0.0, 0.0, 1.0, 0.0, 0.0, 0.0, 0.0, 0.0, 0.0, 0.0, 0.0, 0.0, 0.0, 0.0, 0.0, 0.0, 0.0, 0.0, 0.0, 0.0, 0.0, 0.0, 0.0, 0.0, 0.0, 0.0, 0.0, 0.0, 0.0, 0.0, 0.0, 0.0, 0.0, 0.0, 0.0, 0.0, 0.0, 0.0, 0.0, 0.0, 0.0, 0.0, 0.0, 0.0, 0.0, 0.0, 0.0, 0.0, 0.0, 0.0, 0.0, 0.0, 0.0, 0.0, 0.0, 0.0, 0.0, 0.0, 0.0, 0.0, 0.0, 0.0, 0.0, 0.0, 0.0, 0.0, 0.0, 0.0, 0.0, 0.0, 0.0, 0.0, 0.0, 0.0, 0.0, 0.0, 0.0, 1.0, 0.0, 0.0, 0.0, 0.0, 0.0, 0.0, 0.0, 0.0, 0.0, 0.0, 0.0, 0.0, 0.0, 0.0, 0.0, 1.0, 0.0, 0.0, 0.0, 0.0, 0.0, 0.0, 0.0, 0.0, 0.0, 0.0, 0.0, 0.0, 0.0, 0.0, 0.0, 0.0, 0.0, 0.0, 0.0, 0.0, 0.0, 0.0, 0.0, 0.0, 0.0, 0.0, 0.0, 0.0, 0.0, 0.0, 0.0, 0.0, 0.0, 0.0, 0.0, 0.0, 0.0, 0.0, 0.0, 0.0, 0.0, 0.0, 0.0, 0.0, 0.0, 0.0, 0.0, 0.0, 0.0, 0.0, 0.0, 0.0, 0.0, 0.0, 0.0, 0.0, 0.0, 0.0, 0.0, 0.0, 0.0, 0.0, 0.0, 0.0, 0.0, 0.0, 0.0, 0.0, 0.0, 0.0, 0.0, 0.0, 0.0, 0.0, 0.0, 0.0, 0.0, 0.0, 0.0, 0.0, 0.0, 1.0, 0.0, 0.0, 0.0, 0.0, 0.0, 0.0, 0.0, 0.0, 0.0, 0.0, 0.0, 0.0, 0.0, 0.0, 0.0, 0.0, 0.0, 0.0, 0.0, 0.0, 0.0, 0.0, 0.0, 0.0, 0.0, 0.0, 0.0, 0.0, 0.0, 0.0, 0.0, 0.0, 0.0, 0.0, 0.0, 0.0, 0.0]
2025-10-01 19:33:32,197 - INFO - Disk I/O:
2025-10-01 19:33:32,197 - INFO -   Read: 44.49 GB
2025-10-01 19:33:32,197 - INFO -   Write: 0.00 GB
2025-10-01 19:33:32,197 - INFO -   Read Rate: 458728 ops
2025-10-01 19:33:32,197 - INFO -   Write Rate: 0 ops
2025-10-01 19:33:32,197 - INFO - Network I/O:
2025-10-01 19:33:32,197 - INFO -   Sent: 352.38 GB
2025-10-01 19:33:32,197 - INFO -   Received: 4552.97 GB
2025-10-01 19:33:32,197 - INFO - ==================================================
2025-10-01 19:33:32,197 - INFO - Peak memory usage during execution: 2.35 GB
2025-10-01 19:33:32,201 - INFO - Re-enabling index refresh for search queries...
{"type": "server", "timestamp": "2025-10-01T19:33:32,214+02:00", "level": "INFO", "component": "o.e.c.s.IndexScopedSettings", "cluster.name": "docker-cluster", "node.name": "nid006804", "message": " [poison] updating [index.refresh_interval] from [-1] to [1s]", "cluster.uuid": "E-O7a8BdTcWdXbNOfjTzZA", "node.id": "5ya-YxEaTC22boRWwlIkFA"  }
{"type": "server", "timestamp": "2025-10-01T19:33:32,360+02:00", "level": "INFO", "component": "o.e.c.s.IndexScopedSettings", "cluster.name": "docker-cluster", "node.name": "nid006804", "message": " [poison] updating [index.refresh_interval] from [-1] to [1s]", "cluster.uuid": "E-O7a8BdTcWdXbNOfjTzZA", "node.id": "5ya-YxEaTC22boRWwlIkFA"  }
2025-10-01 19:33:32,370 - INFO - PUT http://localhost:9200/poison/_settings [status:200 request:0.169s]
2025-10-01 19:33:32,371 - INFO - Index refresh interval set to 1s - ready for search queries
2025-10-01 19:33:38,022 - INFO - POST http://localhost:9200/poison/_refresh [status:200 request:5.652s]
2025-10-01 19:33:38,023 - INFO - Index refreshed - all documents are now searchable
2025-10-01 19:33:38,034 - INFO - GET http://localhost:9200/poison/_stats [status:200 request:0.011s]
2025-10-01 19:33:38,034 - INFO - Final index document count: 416,250
2025-10-01 19:33:38,034 - INFO - Index size: 966.48 MB
2025-10-01 19:33:38,034 - INFO - === Indexing Job Completed Successfully ===
/capstor/scratch/cscs/inesaltemir/scripts/indexing/index_detokenized.py:247: DeprecationWarning: The 'body' parameter is deprecated for the 'create' API and will be removed in a future version. Instead use API parameters directly. See https://github.com/elastic/elasticsearch-py/issues/1698 for more information
  es.indices.create(index=index_name, body=config)
[0;32m[SUCCESS][0m Indexing completed successfully in 203 seconds
[0;32m[SUCCESS][0m === Indexing process completed successfully ===
[0;34m[INFO][0m === Index Storage Information ===
Index data is stored in the container at: /usr/share/elasticsearch/data
This is mounted to your host directory: /iopsstor/scratch/cscs/inesaltemir/es-data
Index logs are stored at: /usr/share/elasticsearch/logs
This is mounted to your host directory: /iopsstor/scratch/cscs/inesaltemir/es-logs
Current index files:
============================
[0;34m[INFO][0m Final system resources:
[0;34m[INFO][0m System resource monitoring:
Memory usage:
              total        used        free      shared  buff/cache   available
Mem:          854Gi        54Gi       774Gi       5.9Gi        24Gi       741Gi
Swap:            0B          0B          0B
Disk usage:
Filesystem                                                                              Size  Used Avail Use% Mounted on
fuse-overlayfs-1.13                                                                     428G  4.3M  428G   1% /
devtmpfs                                                                                4.0M     0  4.0M   0% /dev
tmpfs                                                                                   405G  203M  405G   1% /dev/shm
tmpfs                                                                                   428G  4.3M  428G   1% /dev/shm/inesaltemir/enrootrun
tmpfs                                                                                   428G   80M  428G   1% /tmp
tmpfs                                                                                   428G     0  428G   0% /run
tmpfs                                                                                   428G     0  428G   0% /run/lock
none                                                                                    239G  5.4G  233G   3% /etc/hosts
none                                                                                    239G  5.4G  233G   3% /etc/motd
[0;34m[INFO][0m Cleaning up...
[0;34m[INFO][0m Stopping Elasticsearch (PID: 139151)...
{"type": "server", "timestamp": "2025-10-01T19:33:38,395+02:00", "level": "INFO", "component": "o.e.n.Node", "cluster.name": "docker-cluster", "node.name": "nid006804", "message": "stopping ...", "cluster.uuid": "E-O7a8BdTcWdXbNOfjTzZA", "node.id": "5ya-YxEaTC22boRWwlIkFA"  }
{"type": "server", "timestamp": "2025-10-01T19:33:38,397+02:00", "level": "INFO", "component": "o.e.x.w.WatcherService", "cluster.name": "docker-cluster", "node.name": "nid006804", "message": "stopping watch service, reason [shutdown initiated]", "cluster.uuid": "E-O7a8BdTcWdXbNOfjTzZA", "node.id": "5ya-YxEaTC22boRWwlIkFA"  }
{"type": "server", "timestamp": "2025-10-01T19:33:38,397+02:00", "level": "INFO", "component": "o.e.x.m.p.l.CppLogMessageHandler", "cluster.name": "docker-cluster", "node.name": "nid006804", "message": "[controller/139641] [Main.cc@174] ML controller exiting", "cluster.uuid": "E-O7a8BdTcWdXbNOfjTzZA", "node.id": "5ya-YxEaTC22boRWwlIkFA"  }
{"type": "server", "timestamp": "2025-10-01T19:33:38,397+02:00", "level": "INFO", "component": "o.e.x.w.WatcherLifeCycleService", "cluster.name": "docker-cluster", "node.name": "nid006804", "message": "watcher has stopped and shutdown", "cluster.uuid": "E-O7a8BdTcWdXbNOfjTzZA", "node.id": "5ya-YxEaTC22boRWwlIkFA"  }
{"type": "server", "timestamp": "2025-10-01T19:33:38,397+02:00", "level": "INFO", "component": "o.e.x.m.p.NativeController", "cluster.name": "docker-cluster", "node.name": "nid006804", "message": "Native controller process has stopped - no new native processes can be started", "cluster.uuid": "E-O7a8BdTcWdXbNOfjTzZA", "node.id": "5ya-YxEaTC22boRWwlIkFA"  }
{"type": "server", "timestamp": "2025-10-01T19:33:38,719+02:00", "level": "INFO", "component": "o.e.n.Node", "cluster.name": "docker-cluster", "node.name": "nid006804", "message": "stopped", "cluster.uuid": "E-O7a8BdTcWdXbNOfjTzZA", "node.id": "5ya-YxEaTC22boRWwlIkFA"  }
{"type": "server", "timestamp": "2025-10-01T19:33:38,719+02:00", "level": "INFO", "component": "o.e.n.Node", "cluster.name": "docker-cluster", "node.name": "nid006804", "message": "closing ...", "cluster.uuid": "E-O7a8BdTcWdXbNOfjTzZA", "node.id": "5ya-YxEaTC22boRWwlIkFA"  }
{"type": "server", "timestamp": "2025-10-01T19:33:38,727+02:00", "level": "INFO", "component": "o.e.i.g.DatabaseReaderLazyLoader", "cluster.name": "docker-cluster", "node.name": "nid006804", "message": "evicted [0] entries from cache after reloading database [/tmp/elasticsearch-3791675595053733688/geoip-databases/5ya-YxEaTC22boRWwlIkFA/GeoLite2-Country.mmdb]", "cluster.uuid": "E-O7a8BdTcWdXbNOfjTzZA", "node.id": "5ya-YxEaTC22boRWwlIkFA"  }
{"type": "server", "timestamp": "2025-10-01T19:33:38,727+02:00", "level": "INFO", "component": "o.e.i.g.DatabaseReaderLazyLoader", "cluster.name": "docker-cluster", "node.name": "nid006804", "message": "evicted [0] entries from cache after reloading database [/tmp/elasticsearch-3791675595053733688/geoip-databases/5ya-YxEaTC22boRWwlIkFA/GeoLite2-ASN.mmdb]", "cluster.uuid": "E-O7a8BdTcWdXbNOfjTzZA", "node.id": "5ya-YxEaTC22boRWwlIkFA"  }
{"type": "server", "timestamp": "2025-10-01T19:33:38,727+02:00", "level": "INFO", "component": "o.e.i.g.DatabaseReaderLazyLoader", "cluster.name": "docker-cluster", "node.name": "nid006804", "message": "evicted [0] entries from cache after reloading database [/tmp/elasticsearch-3791675595053733688/geoip-databases/5ya-YxEaTC22boRWwlIkFA/GeoLite2-City.mmdb]", "cluster.uuid": "E-O7a8BdTcWdXbNOfjTzZA", "node.id": "5ya-YxEaTC22boRWwlIkFA"  }
{"type": "server", "timestamp": "2025-10-01T19:33:38,730+02:00", "level": "INFO", "component": "o.e.n.Node", "cluster.name": "docker-cluster", "node.name": "nid006804", "message": "closed", "cluster.uuid": "E-O7a8BdTcWdXbNOfjTzZA", "node.id": "5ya-YxEaTC22boRWwlIkFA"  }
[0;34m[INFO][0m Elasticsearch stopped
[0;34m[INFO][0m === Index Storage Information ===
Index data is stored in the container at: /usr/share/elasticsearch/data
This is mounted to your host directory: /iopsstor/scratch/cscs/inesaltemir/es-data
Index logs are stored at: /usr/share/elasticsearch/logs
This is mounted to your host directory: /iopsstor/scratch/cscs/inesaltemir/es-logs
Current index files:
============================
