[0;34m[INFO][0m === FineWeb Elasticsearch Indexing Started (Multi-Process) ===
[0;34m[INFO][0m Timestamp: Thu Oct  2 16:21:12 CEST 2025
[0;34m[INFO][0m Script: /var/spool/slurmd/job918542/slurm_script
[0;34m[INFO][0m Working directory: /capstor/scratch/cscs/inesaltemir
[0;34m[INFO][0m === SLURM Job Configuration ===
Job ID: 918542
Node: nid007461
CPUs: 10
Memory: 262144MB
=============================
[0;34m[INFO][0m === Indexing Configuration ===
Data Directory: /capstor/scratch/cscs/inesaltemir/detokenized_output/finemath-3plus-merge
Batch Size: 25000
Elasticsearch: localhost:9200
Index Name: finemath-3plus-merge
File Start Range: 
File End Range: 
Log Level: INFO
============================
[0;34m[INFO][0m === Multi-Process Configuration ===
Number of Workers: 8
Max Chunk Bytes: 100 MB
Thread Count: 32
Queue Size: 64
============================
[0;34m[INFO][0m System resource monitoring:
Memory usage:
              total        used        free      shared  buff/cache   available
Mem:          854Gi        19Gi       813Gi       6.2Gi        21Gi       778Gi
Swap:            0B          0B          0B
Disk usage:
Filesystem                                                                              Size  Used Avail Use% Mounted on
fuse-overlayfs-1.13                                                                     428G  4.0M  428G   1% /
devtmpfs                                                                                4.0M     0  4.0M   0% /dev
tmpfs                                                                                   405G  510M  405G   1% /dev/shm
tmpfs                                                                                   428G  4.0M  428G   1% /dev/shm/inesaltemir/enrootrun
tmpfs                                                                                   428G     0  428G   0% /tmp
tmpfs                                                                                   428G     0  428G   0% /run
tmpfs                                                                                   428G     0  428G   0% /run/lock
none                                                                                    239G  5.5G  233G   3% /etc/motd
tmpfs                                                                                    96G  309M   95G   1% /run/slurm
CPU info:
CPU(s):                               288
On-line CPU(s) list:                  0-287
Thread(s) per core:                   1
Core(s) per socket:                   72
Socket(s):                            4
NUMA node0 CPU(s):                    0-71
NUMA node1 CPU(s):                    72-143
NUMA node2 CPU(s):                    144-215
NUMA node3 CPU(s):                    216-287
NUMA node4 CPU(s):                    
NUMA node5 CPU(s):                    
NUMA node6 CPU(s):                    
NUMA node7 CPU(s):                    
NUMA node8 CPU(s):                    
NUMA node9 CPU(s):                    
NUMA node10 CPU(s):                   
NUMA node11 CPU(s):                   
NUMA node12 CPU(s):                   
NUMA node13 CPU(s):                   
NUMA node14 CPU(s):                   
NUMA node15 CPU(s):                   
NUMA node16 CPU(s):                   
NUMA node17 CPU(s):                   
NUMA node18 CPU(s):                   
NUMA node19 CPU(s):                   
NUMA node20 CPU(s):                   
NUMA node21 CPU(s):                   
NUMA node22 CPU(s):                   
NUMA node23 CPU(s):                   
NUMA node24 CPU(s):                   
NUMA node25 CPU(s):                   
NUMA node26 CPU(s):                   
NUMA node27 CPU(s):                   
NUMA node28 CPU(s):                   
NUMA node29 CPU(s):                   
NUMA node30 CPU(s):                   
NUMA node31 CPU(s):                   
NUMA node32 CPU(s):                   
NUMA node33 CPU(s):                   
NUMA node34 CPU(s):                   
NUMA node35 CPU(s):                   
[0;34m[INFO][0m Validating data directory: /capstor/scratch/cscs/inesaltemir/detokenized_output/finemath-3plus-merge
[0;32m[SUCCESS][0m Found 2 parquet files in data directory
[0;34m[INFO][0m Starting Elasticsearch server with Java environment fix
[0;34m[INFO][0m === Configuring Java Environment ===
[0;34m[INFO][0m Testing Java installation...
[0;32m[SUCCESS][0m Java test successful
[0;34m[INFO][0m Testing Elasticsearch binary...
Version: 7.17.28, Build: default/docker/139cb5a961d8de68b8e02c45cc47f5289a3623af/2025-02-20T09:05:31.349013687Z, JVM: 22.0.2
[0;32m[SUCCESS][0m Elasticsearch binary test successful
[0;34m[INFO][0m Using heap settings: -Xms30g -Xmx30g -XX:MaxGCPauseMillis=200
[0;34m[INFO][0m Workers will use remaining memory (~8GB per worker for 8 workers)
[0;34m[INFO][0m ES Data Directory: /iopsstor/scratch/cscs/inesaltemir/es-data-septemberv1-finemath-3plus-merge-918542
[0;34m[INFO][0m ES Logs Directory: /iopsstor/scratch/cscs/inesaltemir/es-logs-septemberv1-finemath-3plus-merge-918542
[0;34m[INFO][0m Elasticsearch started with PID: 95807
[0;34m[INFO][0m Waiting for Elasticsearch to be ready...
[0;32m[SUCCESS][0m Elasticsearch is ready at 127.0.0.1:9200
<!-- IE friendly error message walkround.        
     if error message from server is less than   
     512 bytes IE v5+ will use its own error     
     message instead of the one returned by      
     server.                                 --> 
                                                 
                                                 
                                                 
                                                 
                                                 
[0;34m[INFO][0m Starting FineWeb dataset indexing with multi-process support...
[0;34m[INFO][0m Processing all files (no file range specified)
[0;34m[INFO][0m Multi-process mode: 8 workers will parse files in parallel
2025-10-02 16:21:18,247 - INFO - === METRICS AT START ===
2025-10-02 16:21:18,247 - INFO - Process Memory:
2025-10-02 16:21:18,247 - INFO -   RSS: 0.12 GB
2025-10-02 16:21:18,247 - INFO -   VMS: 2.28 GB
2025-10-02 16:21:18,247 - INFO -   % of System: 0.0%
2025-10-02 16:21:18,247 - INFO - System Memory:
2025-10-02 16:21:18,247 - INFO -   Total Used: 9.4%
2025-10-02 16:21:18,247 - INFO -   Available: 774.14 GB
2025-10-02 16:21:18,247 - INFO -   Cached: 22.70 GB
2025-10-02 16:21:19,249 - INFO - CPU:
2025-10-02 16:21:19,249 - INFO -   Process usage: 0.0%
2025-10-02 16:21:19,249 - INFO -   Threads: 2
2025-10-02 16:21:19,249 - INFO -   Allocated cores: 288 (IDs: [0, 1, 2, 3, 4]...)
2025-10-02 16:21:19,249 - INFO - Process I/O:
2025-10-02 16:21:19,249 - INFO -   Read: 0.00 GB
2025-10-02 16:21:19,250 - INFO -   Write: 0.00 GB
2025-10-02 16:21:19,250 - INFO - ==================================================
2025-10-02 16:21:19,254 - INFO - Total raw data size: 46.46 GB
2025-10-02 16:21:19,254 - INFO - === FineWeb Dataset Indexing Started with Multi-Process Support ===
2025-10-02 16:21:19,254 - INFO - Data directory: /capstor/scratch/cscs/inesaltemir/detokenized_output/finemath-3plus-merge
2025-10-02 16:21:19,254 - INFO - Files to process: 2
2025-10-02 16:21:19,254 - INFO - Batch size: 25000
2025-10-02 16:21:19,254 - INFO - Chunk size: 50000
2025-10-02 16:21:19,254 - INFO - Max chunk bytes: 100
2025-10-02 16:21:19,254 - INFO - Elasticsearch: localhost:9200
2025-10-02 16:21:19,254 - INFO - Index name: finemath-3plus-merge
2025-10-02 16:21:19,254 - INFO - Thread count: 32
2025-10-02 16:21:19,254 - INFO - Queue size: 64
2025-10-02 16:21:19,254 - INFO - Num workers: 8
2025-10-02 16:21:19,254 - INFO - Shard size range: 10.0-50.0 GB
2025-10-02 16:21:19,254 - INFO - ES expansion factor: 3.0x
2025-10-02 16:21:19,258 - WARNING - GET http://localhost:9200/ [status:N/A request:0.003s]
Traceback (most recent call last):
  File "/usr/local/lib/python3.8/dist-packages/urllib3/connection.py", line 174, in _new_conn
    conn = connection.create_connection(
  File "/usr/local/lib/python3.8/dist-packages/urllib3/util/connection.py", line 95, in create_connection
    raise err
  File "/usr/local/lib/python3.8/dist-packages/urllib3/util/connection.py", line 85, in create_connection
    sock.connect(sa)
ConnectionRefusedError: [Errno 111] Connection refused

During handling of the above exception, another exception occurred:

Traceback (most recent call last):
  File "/usr/local/lib/python3.8/dist-packages/elasticsearch/connection/http_urllib3.py", line 255, in perform_request
    response = self.pool.urlopen(
  File "/usr/local/lib/python3.8/dist-packages/urllib3/connectionpool.py", line 802, in urlopen
    retries = retries.increment(
  File "/usr/local/lib/python3.8/dist-packages/urllib3/util/retry.py", line 527, in increment
    raise six.reraise(type(error), error, _stacktrace)
  File "/usr/local/lib/python3.8/dist-packages/urllib3/packages/six.py", line 770, in reraise
    raise value
  File "/usr/local/lib/python3.8/dist-packages/urllib3/connectionpool.py", line 716, in urlopen
    httplib_response = self._make_request(
  File "/usr/local/lib/python3.8/dist-packages/urllib3/connectionpool.py", line 416, in _make_request
    conn.request(method, url, **httplib_request_kw)
  File "/usr/local/lib/python3.8/dist-packages/urllib3/connection.py", line 244, in request
    super(HTTPConnection, self).request(method, url, body=body, headers=headers)
  File "/usr/lib/python3.8/http/client.py", line 1256, in request
    self._send_request(method, url, body, headers, encode_chunked)
  File "/usr/lib/python3.8/http/client.py", line 1302, in _send_request
    self.endheaders(body, encode_chunked=encode_chunked)
  File "/usr/lib/python3.8/http/client.py", line 1251, in endheaders
    self._send_output(message_body, encode_chunked=encode_chunked)
  File "/usr/lib/python3.8/http/client.py", line 1011, in _send_output
    self.send(msg)
  File "/usr/lib/python3.8/http/client.py", line 951, in send
    self.connect()
  File "/usr/local/lib/python3.8/dist-packages/urllib3/connection.py", line 205, in connect
    conn = self._new_conn()
  File "/usr/local/lib/python3.8/dist-packages/urllib3/connection.py", line 186, in _new_conn
    raise NewConnectionError(
urllib3.exceptions.NewConnectionError: <urllib3.connection.HTTPConnection object at 0x400037a493d0>: Failed to establish a new connection: [Errno 111] Connection refused
2025-10-02 16:21:19,262 - WARNING - Connection attempt 1 failed: ConnectionError(<urllib3.connection.HTTPConnection object at 0x400037a493d0>: Failed to establish a new connection: [Errno 111] Connection refused) caused by: NewConnectionError(<urllib3.connection.HTTPConnection object at 0x400037a493d0>: Failed to establish a new connection: [Errno 111] Connection refused). Retrying in 10s...
{"type": "server", "timestamp": "2025-10-02T16:21:21,065+02:00", "level": "INFO", "component": "o.e.n.Node", "cluster.name": "docker-cluster", "node.name": "nid007461", "message": "version[7.17.28], pid[95807], build[default/docker/139cb5a961d8de68b8e02c45cc47f5289a3623af/2025-02-20T09:05:31.349013687Z], OS[Linux/5.14.21-150500.55.65_13.0.74-cray_shasta_c_64k/aarch64], JVM[Oracle Corporation/OpenJDK 64-Bit Server VM/22.0.2/22.0.2+9-70]" }
{"type": "server", "timestamp": "2025-10-02T16:21:21,068+02:00", "level": "INFO", "component": "o.e.n.Node", "cluster.name": "docker-cluster", "node.name": "nid007461", "message": "JVM home [/usr/share/elasticsearch/jdk], using bundled JDK [true]" }
{"type": "server", "timestamp": "2025-10-02T16:21:21,068+02:00", "level": "INFO", "component": "o.e.n.Node", "cluster.name": "docker-cluster", "node.name": "nid007461", "message": "JVM arguments [-Xshare:auto, -Des.networkaddress.cache.ttl=60, -Des.networkaddress.cache.negative.ttl=10, -XX:+AlwaysPreTouch, -Xss1m, -Djava.awt.headless=true, -Dfile.encoding=UTF-8, -Djna.nosys=true, -XX:-OmitStackTraceInFastThrow, -XX:+ShowCodeDetailsInExceptionMessages, -Dio.netty.noUnsafe=true, -Dio.netty.noKeySetOptimization=true, -Dio.netty.recycler.maxCapacityPerThread=0, -Dio.netty.allocator.numDirectArenas=0, -Dlog4j.shutdownHookEnabled=false, -Dlog4j2.disable.jmx=true, -Dlog4j2.formatMsgNoLookups=true, -Djava.locale.providers=SPI,COMPAT, --add-opens=java.base/java.io=ALL-UNNAMED, -Djava.security.manager=allow, -XX:+UseG1GC, -Djava.io.tmpdir=/tmp/elasticsearch-6288905512458451458, -XX:+HeapDumpOnOutOfMemoryError, -XX:+ExitOnOutOfMemoryError, -XX:HeapDumpPath=data, -XX:ErrorFile=logs/hs_err_pid%p.log, -Xlog:gc*,gc+age=trace,safepoint:file=logs/gc.log:utctime,pid,tags:filecount=32,filesize=64m, -XX:+UnlockDiagnosticVMOptions, -XX:G1NumCollectionsKeepPinned=10000000, -Des.cgroups.hierarchy.override=/, -Xms30g, -Xmx30g, -XX:MaxGCPauseMillis=200, -XX:MaxDirectMemorySize=16106127360, -XX:InitiatingHeapOccupancyPercent=30, -XX:G1ReservePercent=25, -Des.path.home=/usr/share/elasticsearch, -Des.path.conf=/usr/share/elasticsearch/config, -Des.distribution.flavor=default, -Des.distribution.type=docker, -Des.bundled_jdk=true]" }
{"type": "server", "timestamp": "2025-10-02T16:21:23,135+02:00", "level": "INFO", "component": "o.e.p.PluginsService", "cluster.name": "docker-cluster", "node.name": "nid007461", "message": "loaded module [aggs-matrix-stats]" }
{"type": "server", "timestamp": "2025-10-02T16:21:23,136+02:00", "level": "INFO", "component": "o.e.p.PluginsService", "cluster.name": "docker-cluster", "node.name": "nid007461", "message": "loaded module [analysis-common]" }
{"type": "server", "timestamp": "2025-10-02T16:21:23,136+02:00", "level": "INFO", "component": "o.e.p.PluginsService", "cluster.name": "docker-cluster", "node.name": "nid007461", "message": "loaded module [constant-keyword]" }
{"type": "server", "timestamp": "2025-10-02T16:21:23,136+02:00", "level": "INFO", "component": "o.e.p.PluginsService", "cluster.name": "docker-cluster", "node.name": "nid007461", "message": "loaded module [frozen-indices]" }
{"type": "server", "timestamp": "2025-10-02T16:21:23,136+02:00", "level": "INFO", "component": "o.e.p.PluginsService", "cluster.name": "docker-cluster", "node.name": "nid007461", "message": "loaded module [ingest-common]" }
{"type": "server", "timestamp": "2025-10-02T16:21:23,137+02:00", "level": "INFO", "component": "o.e.p.PluginsService", "cluster.name": "docker-cluster", "node.name": "nid007461", "message": "loaded module [ingest-geoip]" }
{"type": "server", "timestamp": "2025-10-02T16:21:23,137+02:00", "level": "INFO", "component": "o.e.p.PluginsService", "cluster.name": "docker-cluster", "node.name": "nid007461", "message": "loaded module [ingest-user-agent]" }
{"type": "server", "timestamp": "2025-10-02T16:21:23,137+02:00", "level": "INFO", "component": "o.e.p.PluginsService", "cluster.name": "docker-cluster", "node.name": "nid007461", "message": "loaded module [kibana]" }
{"type": "server", "timestamp": "2025-10-02T16:21:23,137+02:00", "level": "INFO", "component": "o.e.p.PluginsService", "cluster.name": "docker-cluster", "node.name": "nid007461", "message": "loaded module [lang-expression]" }
{"type": "server", "timestamp": "2025-10-02T16:21:23,137+02:00", "level": "INFO", "component": "o.e.p.PluginsService", "cluster.name": "docker-cluster", "node.name": "nid007461", "message": "loaded module [lang-mustache]" }
{"type": "server", "timestamp": "2025-10-02T16:21:23,138+02:00", "level": "INFO", "component": "o.e.p.PluginsService", "cluster.name": "docker-cluster", "node.name": "nid007461", "message": "loaded module [lang-painless]" }
{"type": "server", "timestamp": "2025-10-02T16:21:23,138+02:00", "level": "INFO", "component": "o.e.p.PluginsService", "cluster.name": "docker-cluster", "node.name": "nid007461", "message": "loaded module [legacy-geo]" }
{"type": "server", "timestamp": "2025-10-02T16:21:23,138+02:00", "level": "INFO", "component": "o.e.p.PluginsService", "cluster.name": "docker-cluster", "node.name": "nid007461", "message": "loaded module [mapper-extras]" }
{"type": "server", "timestamp": "2025-10-02T16:21:23,138+02:00", "level": "INFO", "component": "o.e.p.PluginsService", "cluster.name": "docker-cluster", "node.name": "nid007461", "message": "loaded module [mapper-version]" }
{"type": "server", "timestamp": "2025-10-02T16:21:23,138+02:00", "level": "INFO", "component": "o.e.p.PluginsService", "cluster.name": "docker-cluster", "node.name": "nid007461", "message": "loaded module [parent-join]" }
{"type": "server", "timestamp": "2025-10-02T16:21:23,138+02:00", "level": "INFO", "component": "o.e.p.PluginsService", "cluster.name": "docker-cluster", "node.name": "nid007461", "message": "loaded module [percolator]" }
{"type": "server", "timestamp": "2025-10-02T16:21:23,139+02:00", "level": "INFO", "component": "o.e.p.PluginsService", "cluster.name": "docker-cluster", "node.name": "nid007461", "message": "loaded module [rank-eval]" }
{"type": "server", "timestamp": "2025-10-02T16:21:23,139+02:00", "level": "INFO", "component": "o.e.p.PluginsService", "cluster.name": "docker-cluster", "node.name": "nid007461", "message": "loaded module [reindex]" }
{"type": "server", "timestamp": "2025-10-02T16:21:23,139+02:00", "level": "INFO", "component": "o.e.p.PluginsService", "cluster.name": "docker-cluster", "node.name": "nid007461", "message": "loaded module [repositories-metering-api]" }
{"type": "server", "timestamp": "2025-10-02T16:21:23,139+02:00", "level": "INFO", "component": "o.e.p.PluginsService", "cluster.name": "docker-cluster", "node.name": "nid007461", "message": "loaded module [repository-encrypted]" }
{"type": "server", "timestamp": "2025-10-02T16:21:23,140+02:00", "level": "INFO", "component": "o.e.p.PluginsService", "cluster.name": "docker-cluster", "node.name": "nid007461", "message": "loaded module [repository-url]" }
{"type": "server", "timestamp": "2025-10-02T16:21:23,140+02:00", "level": "INFO", "component": "o.e.p.PluginsService", "cluster.name": "docker-cluster", "node.name": "nid007461", "message": "loaded module [runtime-fields-common]" }
{"type": "server", "timestamp": "2025-10-02T16:21:23,140+02:00", "level": "INFO", "component": "o.e.p.PluginsService", "cluster.name": "docker-cluster", "node.name": "nid007461", "message": "loaded module [search-business-rules]" }
{"type": "server", "timestamp": "2025-10-02T16:21:23,140+02:00", "level": "INFO", "component": "o.e.p.PluginsService", "cluster.name": "docker-cluster", "node.name": "nid007461", "message": "loaded module [searchable-snapshots]" }
{"type": "server", "timestamp": "2025-10-02T16:21:23,140+02:00", "level": "INFO", "component": "o.e.p.PluginsService", "cluster.name": "docker-cluster", "node.name": "nid007461", "message": "loaded module [snapshot-repo-test-kit]" }
{"type": "server", "timestamp": "2025-10-02T16:21:23,141+02:00", "level": "INFO", "component": "o.e.p.PluginsService", "cluster.name": "docker-cluster", "node.name": "nid007461", "message": "loaded module [spatial]" }
{"type": "server", "timestamp": "2025-10-02T16:21:23,141+02:00", "level": "INFO", "component": "o.e.p.PluginsService", "cluster.name": "docker-cluster", "node.name": "nid007461", "message": "loaded module [transform]" }
{"type": "server", "timestamp": "2025-10-02T16:21:23,141+02:00", "level": "INFO", "component": "o.e.p.PluginsService", "cluster.name": "docker-cluster", "node.name": "nid007461", "message": "loaded module [transport-netty4]" }
{"type": "server", "timestamp": "2025-10-02T16:21:23,141+02:00", "level": "INFO", "component": "o.e.p.PluginsService", "cluster.name": "docker-cluster", "node.name": "nid007461", "message": "loaded module [unsigned-long]" }
{"type": "server", "timestamp": "2025-10-02T16:21:23,141+02:00", "level": "INFO", "component": "o.e.p.PluginsService", "cluster.name": "docker-cluster", "node.name": "nid007461", "message": "loaded module [vector-tile]" }
{"type": "server", "timestamp": "2025-10-02T16:21:23,141+02:00", "level": "INFO", "component": "o.e.p.PluginsService", "cluster.name": "docker-cluster", "node.name": "nid007461", "message": "loaded module [vectors]" }
{"type": "server", "timestamp": "2025-10-02T16:21:23,142+02:00", "level": "INFO", "component": "o.e.p.PluginsService", "cluster.name": "docker-cluster", "node.name": "nid007461", "message": "loaded module [wildcard]" }
{"type": "server", "timestamp": "2025-10-02T16:21:23,142+02:00", "level": "INFO", "component": "o.e.p.PluginsService", "cluster.name": "docker-cluster", "node.name": "nid007461", "message": "loaded module [x-pack-aggregate-metric]" }
{"type": "server", "timestamp": "2025-10-02T16:21:23,142+02:00", "level": "INFO", "component": "o.e.p.PluginsService", "cluster.name": "docker-cluster", "node.name": "nid007461", "message": "loaded module [x-pack-analytics]" }
{"type": "server", "timestamp": "2025-10-02T16:21:23,142+02:00", "level": "INFO", "component": "o.e.p.PluginsService", "cluster.name": "docker-cluster", "node.name": "nid007461", "message": "loaded module [x-pack-async]" }
{"type": "server", "timestamp": "2025-10-02T16:21:23,142+02:00", "level": "INFO", "component": "o.e.p.PluginsService", "cluster.name": "docker-cluster", "node.name": "nid007461", "message": "loaded module [x-pack-async-search]" }
{"type": "server", "timestamp": "2025-10-02T16:21:23,142+02:00", "level": "INFO", "component": "o.e.p.PluginsService", "cluster.name": "docker-cluster", "node.name": "nid007461", "message": "loaded module [x-pack-autoscaling]" }
{"type": "server", "timestamp": "2025-10-02T16:21:23,142+02:00", "level": "INFO", "component": "o.e.p.PluginsService", "cluster.name": "docker-cluster", "node.name": "nid007461", "message": "loaded module [x-pack-ccr]" }
{"type": "server", "timestamp": "2025-10-02T16:21:23,143+02:00", "level": "INFO", "component": "o.e.p.PluginsService", "cluster.name": "docker-cluster", "node.name": "nid007461", "message": "loaded module [x-pack-core]" }
{"type": "server", "timestamp": "2025-10-02T16:21:23,143+02:00", "level": "INFO", "component": "o.e.p.PluginsService", "cluster.name": "docker-cluster", "node.name": "nid007461", "message": "loaded module [x-pack-data-streams]" }
{"type": "server", "timestamp": "2025-10-02T16:21:23,143+02:00", "level": "INFO", "component": "o.e.p.PluginsService", "cluster.name": "docker-cluster", "node.name": "nid007461", "message": "loaded module [x-pack-deprecation]" }
{"type": "server", "timestamp": "2025-10-02T16:21:23,143+02:00", "level": "INFO", "component": "o.e.p.PluginsService", "cluster.name": "docker-cluster", "node.name": "nid007461", "message": "loaded module [x-pack-enrich]" }
{"type": "server", "timestamp": "2025-10-02T16:21:23,143+02:00", "level": "INFO", "component": "o.e.p.PluginsService", "cluster.name": "docker-cluster", "node.name": "nid007461", "message": "loaded module [x-pack-eql]" }
{"type": "server", "timestamp": "2025-10-02T16:21:23,143+02:00", "level": "INFO", "component": "o.e.p.PluginsService", "cluster.name": "docker-cluster", "node.name": "nid007461", "message": "loaded module [x-pack-fleet]" }
{"type": "server", "timestamp": "2025-10-02T16:21:23,144+02:00", "level": "INFO", "component": "o.e.p.PluginsService", "cluster.name": "docker-cluster", "node.name": "nid007461", "message": "loaded module [x-pack-graph]" }
{"type": "server", "timestamp": "2025-10-02T16:21:23,144+02:00", "level": "INFO", "component": "o.e.p.PluginsService", "cluster.name": "docker-cluster", "node.name": "nid007461", "message": "loaded module [x-pack-identity-provider]" }
{"type": "server", "timestamp": "2025-10-02T16:21:23,144+02:00", "level": "INFO", "component": "o.e.p.PluginsService", "cluster.name": "docker-cluster", "node.name": "nid007461", "message": "loaded module [x-pack-ilm]" }
{"type": "server", "timestamp": "2025-10-02T16:21:23,144+02:00", "level": "INFO", "component": "o.e.p.PluginsService", "cluster.name": "docker-cluster", "node.name": "nid007461", "message": "loaded module [x-pack-logstash]" }
{"type": "server", "timestamp": "2025-10-02T16:21:23,144+02:00", "level": "INFO", "component": "o.e.p.PluginsService", "cluster.name": "docker-cluster", "node.name": "nid007461", "message": "loaded module [x-pack-ml]" }
{"type": "server", "timestamp": "2025-10-02T16:21:23,144+02:00", "level": "INFO", "component": "o.e.p.PluginsService", "cluster.name": "docker-cluster", "node.name": "nid007461", "message": "loaded module [x-pack-monitoring]" }
{"type": "server", "timestamp": "2025-10-02T16:21:23,144+02:00", "level": "INFO", "component": "o.e.p.PluginsService", "cluster.name": "docker-cluster", "node.name": "nid007461", "message": "loaded module [x-pack-ql]" }
{"type": "server", "timestamp": "2025-10-02T16:21:23,145+02:00", "level": "INFO", "component": "o.e.p.PluginsService", "cluster.name": "docker-cluster", "node.name": "nid007461", "message": "loaded module [x-pack-rollup]" }
{"type": "server", "timestamp": "2025-10-02T16:21:23,145+02:00", "level": "INFO", "component": "o.e.p.PluginsService", "cluster.name": "docker-cluster", "node.name": "nid007461", "message": "loaded module [x-pack-security]" }
{"type": "server", "timestamp": "2025-10-02T16:21:23,145+02:00", "level": "INFO", "component": "o.e.p.PluginsService", "cluster.name": "docker-cluster", "node.name": "nid007461", "message": "loaded module [x-pack-shutdown]" }
{"type": "server", "timestamp": "2025-10-02T16:21:23,145+02:00", "level": "INFO", "component": "o.e.p.PluginsService", "cluster.name": "docker-cluster", "node.name": "nid007461", "message": "loaded module [x-pack-sql]" }
{"type": "server", "timestamp": "2025-10-02T16:21:23,145+02:00", "level": "INFO", "component": "o.e.p.PluginsService", "cluster.name": "docker-cluster", "node.name": "nid007461", "message": "loaded module [x-pack-stack]" }
{"type": "server", "timestamp": "2025-10-02T16:21:23,145+02:00", "level": "INFO", "component": "o.e.p.PluginsService", "cluster.name": "docker-cluster", "node.name": "nid007461", "message": "loaded module [x-pack-text-structure]" }
{"type": "server", "timestamp": "2025-10-02T16:21:23,146+02:00", "level": "INFO", "component": "o.e.p.PluginsService", "cluster.name": "docker-cluster", "node.name": "nid007461", "message": "loaded module [x-pack-voting-only-node]" }
{"type": "server", "timestamp": "2025-10-02T16:21:23,146+02:00", "level": "INFO", "component": "o.e.p.PluginsService", "cluster.name": "docker-cluster", "node.name": "nid007461", "message": "loaded module [x-pack-watcher]" }
{"type": "server", "timestamp": "2025-10-02T16:21:23,146+02:00", "level": "INFO", "component": "o.e.p.PluginsService", "cluster.name": "docker-cluster", "node.name": "nid007461", "message": "no plugins loaded" }
{"type": "server", "timestamp": "2025-10-02T16:21:23,643+02:00", "level": "INFO", "component": "o.e.e.NodeEnvironment", "cluster.name": "docker-cluster", "node.name": "nid007461", "message": "using [1] data paths, mounts [[/iopsstor/scratch/cscs/inesaltemir (172.28.2.66@tcp,172.28.2.67@tcp:172.28.2.68@tcp,172.28.2.69@tcp:/iopsstor/scratch/cscs)]], net usable_space [1pb], net total_space [2.9pb], types [lustre]" }
{"type": "server", "timestamp": "2025-10-02T16:21:23,644+02:00", "level": "INFO", "component": "o.e.e.NodeEnvironment", "cluster.name": "docker-cluster", "node.name": "nid007461", "message": "heap size [30gb], compressed ordinary object pointers [true]" }
{"type": "server", "timestamp": "2025-10-02T16:21:23,660+02:00", "level": "INFO", "component": "o.e.n.Node", "cluster.name": "docker-cluster", "node.name": "nid007461", "message": "node name [nid007461], node ID [GPqYja-OQieP0xGWXCBGgA], cluster name [docker-cluster], roles [transform, data_frozen, master, remote_cluster_client, data, ml, data_content, data_hot, data_warm, data_cold, ingest]" }
{"type": "server", "timestamp": "2025-10-02T16:21:26,606+02:00", "level": "INFO", "component": "o.e.x.m.p.l.CppLogMessageHandler", "cluster.name": "docker-cluster", "node.name": "nid007461", "message": "[controller/96313] [Main.cc@122] controller (64 bit): Version 7.17.28 (Build 733d78ce56c25b) Copyright (c) 2025 Elasticsearch BV" }
{"type": "server", "timestamp": "2025-10-02T16:21:26,931+02:00", "level": "INFO", "component": "o.e.i.g.ConfigDatabases", "cluster.name": "docker-cluster", "node.name": "nid007461", "message": "initialized default databases [[GeoLite2-Country.mmdb, GeoLite2-City.mmdb, GeoLite2-ASN.mmdb]], config databases [[]] and watching [/usr/share/elasticsearch/config/ingest-geoip] for changes" }
{"type": "server", "timestamp": "2025-10-02T16:21:26,933+02:00", "level": "INFO", "component": "o.e.i.g.DatabaseNodeService", "cluster.name": "docker-cluster", "node.name": "nid007461", "message": "initialized database registry, using geoip-databases directory [/tmp/elasticsearch-6288905512458451458/geoip-databases/GPqYja-OQieP0xGWXCBGgA]" }
{"type": "server", "timestamp": "2025-10-02T16:21:27,346+02:00", "level": "INFO", "component": "o.e.t.NettyAllocator", "cluster.name": "docker-cluster", "node.name": "nid007461", "message": "creating NettyAllocator with the following configs: [name=elasticsearch_configured, chunk_size=1mb, suggested_max_allocation_size=1mb, factors={es.unsafe.use_netty_default_chunk_and_page_size=false, g1gc_enabled=true, g1gc_region_size=16mb}]" }
{"type": "server", "timestamp": "2025-10-02T16:21:27,369+02:00", "level": "INFO", "component": "o.e.i.r.RecoverySettings", "cluster.name": "docker-cluster", "node.name": "nid007461", "message": "using rate limit [40mb] with [default=40mb, read=0b, write=0b, max=0b]" }
{"type": "server", "timestamp": "2025-10-02T16:21:27,403+02:00", "level": "INFO", "component": "o.e.d.DiscoveryModule", "cluster.name": "docker-cluster", "node.name": "nid007461", "message": "using discovery type [single-node] and seed hosts providers [settings]" }
{"type": "server", "timestamp": "2025-10-02T16:21:27,763+02:00", "level": "INFO", "component": "o.e.g.DanglingIndicesState", "cluster.name": "docker-cluster", "node.name": "nid007461", "message": "gateway.auto_import_dangling_indices is disabled, dangling indices will not be automatically detected or imported and must be managed manually" }
{"type": "server", "timestamp": "2025-10-02T16:21:28,225+02:00", "level": "INFO", "component": "o.e.n.Node", "cluster.name": "docker-cluster", "node.name": "nid007461", "message": "initialized" }
{"type": "server", "timestamp": "2025-10-02T16:21:28,226+02:00", "level": "INFO", "component": "o.e.n.Node", "cluster.name": "docker-cluster", "node.name": "nid007461", "message": "starting ..." }
{"type": "server", "timestamp": "2025-10-02T16:21:28,241+02:00", "level": "INFO", "component": "o.e.x.s.c.f.PersistentCache", "cluster.name": "docker-cluster", "node.name": "nid007461", "message": "persistent cache index loaded" }
{"type": "server", "timestamp": "2025-10-02T16:21:28,241+02:00", "level": "INFO", "component": "o.e.x.d.l.DeprecationIndexingComponent", "cluster.name": "docker-cluster", "node.name": "nid007461", "message": "deprecation component started" }
{"type": "server", "timestamp": "2025-10-02T16:21:28,501+02:00", "level": "INFO", "component": "o.e.t.TransportService", "cluster.name": "docker-cluster", "node.name": "nid007461", "message": "publish_address {127.0.0.1:9300}, bound_addresses {127.0.0.1:9300}" }
{"type": "server", "timestamp": "2025-10-02T16:21:28,508+02:00", "level": "INFO", "component": "o.e.x.m.Monitoring", "cluster.name": "docker-cluster", "node.name": "nid007461", "message": "creating template [.monitoring-alerts-7] with version [7]" }
{"type": "server", "timestamp": "2025-10-02T16:21:28,511+02:00", "level": "INFO", "component": "o.e.x.m.Monitoring", "cluster.name": "docker-cluster", "node.name": "nid007461", "message": "creating template [.monitoring-es] with version [7]" }
{"type": "server", "timestamp": "2025-10-02T16:21:28,512+02:00", "level": "INFO", "component": "o.e.x.m.Monitoring", "cluster.name": "docker-cluster", "node.name": "nid007461", "message": "creating template [.monitoring-kibana] with version [7]" }
{"type": "server", "timestamp": "2025-10-02T16:21:28,514+02:00", "level": "INFO", "component": "o.e.x.m.Monitoring", "cluster.name": "docker-cluster", "node.name": "nid007461", "message": "creating template [.monitoring-logstash] with version [7]" }
{"type": "server", "timestamp": "2025-10-02T16:21:28,516+02:00", "level": "INFO", "component": "o.e.x.m.Monitoring", "cluster.name": "docker-cluster", "node.name": "nid007461", "message": "creating template [.monitoring-beats] with version [7]" }
{"type": "server", "timestamp": "2025-10-02T16:21:28,641+02:00", "level": "INFO", "component": "o.e.c.c.Coordinator", "cluster.name": "docker-cluster", "node.name": "nid007461", "message": "setting initial configuration to VotingConfiguration{GPqYja-OQieP0xGWXCBGgA}" }
{"type": "server", "timestamp": "2025-10-02T16:21:28,801+02:00", "level": "INFO", "component": "o.e.c.s.MasterService", "cluster.name": "docker-cluster", "node.name": "nid007461", "message": "elected-as-master ([1] nodes joined)[{nid007461}{GPqYja-OQieP0xGWXCBGgA}{9D-V8iERR0yogSGRjIsJAg}{127.0.0.1}{127.0.0.1:9300}{cdfhilmrstw} elect leader, _BECOME_MASTER_TASK_, _FINISH_ELECTION_], term: 1, version: 1, delta: master node changed {previous [], current [{nid007461}{GPqYja-OQieP0xGWXCBGgA}{9D-V8iERR0yogSGRjIsJAg}{127.0.0.1}{127.0.0.1:9300}{cdfhilmrstw}]}" }
{"type": "server", "timestamp": "2025-10-02T16:21:28,849+02:00", "level": "INFO", "component": "o.e.c.c.CoordinationState", "cluster.name": "docker-cluster", "node.name": "nid007461", "message": "cluster UUID set to [k_9MQjhbTB65DivQE1Btew]" }
{"type": "server", "timestamp": "2025-10-02T16:21:28,889+02:00", "level": "INFO", "component": "o.e.c.s.ClusterApplierService", "cluster.name": "docker-cluster", "node.name": "nid007461", "message": "master node changed {previous [], current [{nid007461}{GPqYja-OQieP0xGWXCBGgA}{9D-V8iERR0yogSGRjIsJAg}{127.0.0.1}{127.0.0.1:9300}{cdfhilmrstw}]}, term: 1, version: 1, reason: Publication{term=1, version=1}" }
{"type": "server", "timestamp": "2025-10-02T16:21:28,925+02:00", "level": "INFO", "component": "o.e.h.AbstractHttpServerTransport", "cluster.name": "docker-cluster", "node.name": "nid007461", "message": "publish_address {127.0.0.1:9200}, bound_addresses {127.0.0.1:9200}", "cluster.uuid": "k_9MQjhbTB65DivQE1Btew", "node.id": "GPqYja-OQieP0xGWXCBGgA"  }
{"type": "server", "timestamp": "2025-10-02T16:21:28,925+02:00", "level": "INFO", "component": "o.e.n.Node", "cluster.name": "docker-cluster", "node.name": "nid007461", "message": "started", "cluster.uuid": "k_9MQjhbTB65DivQE1Btew", "node.id": "GPqYja-OQieP0xGWXCBGgA"  }
{"type": "server", "timestamp": "2025-10-02T16:21:28,972+02:00", "level": "INFO", "component": "o.e.g.GatewayService", "cluster.name": "docker-cluster", "node.name": "nid007461", "message": "recovered [0] indices into cluster_state", "cluster.uuid": "k_9MQjhbTB65DivQE1Btew", "node.id": "GPqYja-OQieP0xGWXCBGgA"  }
{"type": "server", "timestamp": "2025-10-02T16:21:29,106+02:00", "level": "INFO", "component": "o.e.c.m.MetadataIndexTemplateService", "cluster.name": "docker-cluster", "node.name": "nid007461", "message": "adding index template [.ml-stats] for index patterns [.ml-stats-*]", "cluster.uuid": "k_9MQjhbTB65DivQE1Btew", "node.id": "GPqYja-OQieP0xGWXCBGgA"  }
{"type": "server", "timestamp": "2025-10-02T16:21:29,168+02:00", "level": "INFO", "component": "o.e.c.m.MetadataIndexTemplateService", "cluster.name": "docker-cluster", "node.name": "nid007461", "message": "adding index template [.ml-state] for index patterns [.ml-state*]", "cluster.uuid": "k_9MQjhbTB65DivQE1Btew", "node.id": "GPqYja-OQieP0xGWXCBGgA"  }
{"type": "server", "timestamp": "2025-10-02T16:21:29,230+02:00", "level": "INFO", "component": "o.e.c.m.MetadataIndexTemplateService", "cluster.name": "docker-cluster", "node.name": "nid007461", "message": "adding index template [.ml-notifications-000002] for index patterns [.ml-notifications-000002]", "cluster.uuid": "k_9MQjhbTB65DivQE1Btew", "node.id": "GPqYja-OQieP0xGWXCBGgA"  }
{"type": "server", "timestamp": "2025-10-02T16:21:29,295+02:00", "level": "INFO", "component": "o.e.c.m.MetadataIndexTemplateService", "cluster.name": "docker-cluster", "node.name": "nid007461", "message": "adding index template [.ml-anomalies-] for index patterns [.ml-anomalies-*]", "cluster.uuid": "k_9MQjhbTB65DivQE1Btew", "node.id": "GPqYja-OQieP0xGWXCBGgA"  }
2025-10-02 16:21:29,331 - INFO - GET http://localhost:9200/ [status:200 request:0.058s]
2025-10-02 16:21:29,333 - INFO - GET http://localhost:9200/ [status:200 request:0.002s]
2025-10-02 16:21:29,333 - INFO - Successfully connected to Elasticsearch at localhost:9200
2025-10-02 16:21:29,333 - INFO - Elasticsearch version: 7.17.28
2025-10-02 16:21:29,334 - INFO - === METRICS AFTER ES CONNECTION ===
2025-10-02 16:21:29,334 - INFO - Process Memory:
2025-10-02 16:21:29,334 - INFO -   RSS: 0.12 GB
2025-10-02 16:21:29,334 - INFO -   VMS: 2.28 GB
2025-10-02 16:21:29,334 - INFO -   % of System: 0.0%
2025-10-02 16:21:29,334 - INFO - System Memory:
2025-10-02 16:21:29,334 - INFO -   Total Used: 13.2%
2025-10-02 16:21:29,334 - INFO -   Available: 741.76 GB
2025-10-02 16:21:29,334 - INFO -   Cached: 23.05 GB
{"type": "server", "timestamp": "2025-10-02T16:21:29,341+02:00", "level": "INFO", "component": "o.e.c.m.MetadataIndexTemplateService", "cluster.name": "docker-cluster", "node.name": "nid007461", "message": "adding component template [logs-settings]", "cluster.uuid": "k_9MQjhbTB65DivQE1Btew", "node.id": "GPqYja-OQieP0xGWXCBGgA"  }
{"type": "server", "timestamp": "2025-10-02T16:21:29,391+02:00", "level": "INFO", "component": "o.e.c.m.MetadataIndexTemplateService", "cluster.name": "docker-cluster", "node.name": "nid007461", "message": "adding component template [logs-mappings]", "cluster.uuid": "k_9MQjhbTB65DivQE1Btew", "node.id": "GPqYja-OQieP0xGWXCBGgA"  }
{"type": "server", "timestamp": "2025-10-02T16:21:29,440+02:00", "level": "INFO", "component": "o.e.c.m.MetadataIndexTemplateService", "cluster.name": "docker-cluster", "node.name": "nid007461", "message": "adding component template [synthetics-settings]", "cluster.uuid": "k_9MQjhbTB65DivQE1Btew", "node.id": "GPqYja-OQieP0xGWXCBGgA"  }
{"type": "server", "timestamp": "2025-10-02T16:21:29,487+02:00", "level": "INFO", "component": "o.e.c.m.MetadataIndexTemplateService", "cluster.name": "docker-cluster", "node.name": "nid007461", "message": "adding component template [metrics-mappings]", "cluster.uuid": "k_9MQjhbTB65DivQE1Btew", "node.id": "GPqYja-OQieP0xGWXCBGgA"  }
{"type": "server", "timestamp": "2025-10-02T16:21:29,537+02:00", "level": "INFO", "component": "o.e.c.m.MetadataIndexTemplateService", "cluster.name": "docker-cluster", "node.name": "nid007461", "message": "adding component template [metrics-settings]", "cluster.uuid": "k_9MQjhbTB65DivQE1Btew", "node.id": "GPqYja-OQieP0xGWXCBGgA"  }
{"type": "server", "timestamp": "2025-10-02T16:21:29,583+02:00", "level": "INFO", "component": "o.e.c.m.MetadataIndexTemplateService", "cluster.name": "docker-cluster", "node.name": "nid007461", "message": "adding component template [data-streams-mappings]", "cluster.uuid": "k_9MQjhbTB65DivQE1Btew", "node.id": "GPqYja-OQieP0xGWXCBGgA"  }
{"type": "server", "timestamp": "2025-10-02T16:21:29,633+02:00", "level": "INFO", "component": "o.e.c.m.MetadataIndexTemplateService", "cluster.name": "docker-cluster", "node.name": "nid007461", "message": "adding component template [synthetics-mappings]", "cluster.uuid": "k_9MQjhbTB65DivQE1Btew", "node.id": "GPqYja-OQieP0xGWXCBGgA"  }
{"type": "server", "timestamp": "2025-10-02T16:21:29,684+02:00", "level": "INFO", "component": "o.e.c.m.MetadataIndexTemplateService", "cluster.name": "docker-cluster", "node.name": "nid007461", "message": "adding index template [.watch-history-13] for index patterns [.watcher-history-13*]", "cluster.uuid": "k_9MQjhbTB65DivQE1Btew", "node.id": "GPqYja-OQieP0xGWXCBGgA"  }
{"type": "server", "timestamp": "2025-10-02T16:21:29,736+02:00", "level": "INFO", "component": "o.e.c.m.MetadataIndexTemplateService", "cluster.name": "docker-cluster", "node.name": "nid007461", "message": "adding index template [ilm-history] for index patterns [ilm-history-5*]", "cluster.uuid": "k_9MQjhbTB65DivQE1Btew", "node.id": "GPqYja-OQieP0xGWXCBGgA"  }
{"type": "server", "timestamp": "2025-10-02T16:21:29,798+02:00", "level": "INFO", "component": "o.e.c.m.MetadataIndexTemplateService", "cluster.name": "docker-cluster", "node.name": "nid007461", "message": "adding index template [.slm-history] for index patterns [.slm-history-5*]", "cluster.uuid": "k_9MQjhbTB65DivQE1Btew", "node.id": "GPqYja-OQieP0xGWXCBGgA"  }
{"type": "server", "timestamp": "2025-10-02T16:21:29,840+02:00", "level": "INFO", "component": "o.e.c.m.MetadataIndexTemplateService", "cluster.name": "docker-cluster", "node.name": "nid007461", "message": "adding component template [.deprecation-indexing-mappings]", "cluster.uuid": "k_9MQjhbTB65DivQE1Btew", "node.id": "GPqYja-OQieP0xGWXCBGgA"  }
{"type": "server", "timestamp": "2025-10-02T16:21:29,884+02:00", "level": "INFO", "component": "o.e.c.m.MetadataIndexTemplateService", "cluster.name": "docker-cluster", "node.name": "nid007461", "message": "adding component template [.deprecation-indexing-settings]", "cluster.uuid": "k_9MQjhbTB65DivQE1Btew", "node.id": "GPqYja-OQieP0xGWXCBGgA"  }
{"type": "server", "timestamp": "2025-10-02T16:21:29,928+02:00", "level": "INFO", "component": "o.e.c.m.MetadataIndexTemplateService", "cluster.name": "docker-cluster", "node.name": "nid007461", "message": "adding index template [logs] for index patterns [logs-*-*]", "cluster.uuid": "k_9MQjhbTB65DivQE1Btew", "node.id": "GPqYja-OQieP0xGWXCBGgA"  }
{"type": "server", "timestamp": "2025-10-02T16:21:29,974+02:00", "level": "INFO", "component": "o.e.c.m.MetadataIndexTemplateService", "cluster.name": "docker-cluster", "node.name": "nid007461", "message": "adding index template [metrics] for index patterns [metrics-*-*]", "cluster.uuid": "k_9MQjhbTB65DivQE1Btew", "node.id": "GPqYja-OQieP0xGWXCBGgA"  }
{"type": "server", "timestamp": "2025-10-02T16:21:30,020+02:00", "level": "INFO", "component": "o.e.c.m.MetadataIndexTemplateService", "cluster.name": "docker-cluster", "node.name": "nid007461", "message": "adding index template [synthetics] for index patterns [synthetics-*-*]", "cluster.uuid": "k_9MQjhbTB65DivQE1Btew", "node.id": "GPqYja-OQieP0xGWXCBGgA"  }
{"type": "server", "timestamp": "2025-10-02T16:21:30,069+02:00", "level": "INFO", "component": "o.e.c.m.MetadataIndexTemplateService", "cluster.name": "docker-cluster", "node.name": "nid007461", "message": "adding index template [.deprecation-indexing-template] for index patterns [.logs-deprecation.*]", "cluster.uuid": "k_9MQjhbTB65DivQE1Btew", "node.id": "GPqYja-OQieP0xGWXCBGgA"  }
{"type": "server", "timestamp": "2025-10-02T16:21:30,117+02:00", "level": "INFO", "component": "o.e.x.i.a.TransportPutLifecycleAction", "cluster.name": "docker-cluster", "node.name": "nid007461", "message": "adding index lifecycle policy [ml-size-based-ilm-policy]", "cluster.uuid": "k_9MQjhbTB65DivQE1Btew", "node.id": "GPqYja-OQieP0xGWXCBGgA"  }
{"type": "server", "timestamp": "2025-10-02T16:21:30,165+02:00", "level": "INFO", "component": "o.e.x.i.a.TransportPutLifecycleAction", "cluster.name": "docker-cluster", "node.name": "nid007461", "message": "adding index lifecycle policy [logs]", "cluster.uuid": "k_9MQjhbTB65DivQE1Btew", "node.id": "GPqYja-OQieP0xGWXCBGgA"  }
{"type": "server", "timestamp": "2025-10-02T16:21:30,206+02:00", "level": "INFO", "component": "o.e.x.i.a.TransportPutLifecycleAction", "cluster.name": "docker-cluster", "node.name": "nid007461", "message": "adding index lifecycle policy [metrics]", "cluster.uuid": "k_9MQjhbTB65DivQE1Btew", "node.id": "GPqYja-OQieP0xGWXCBGgA"  }
{"type": "server", "timestamp": "2025-10-02T16:21:30,250+02:00", "level": "INFO", "component": "o.e.x.i.a.TransportPutLifecycleAction", "cluster.name": "docker-cluster", "node.name": "nid007461", "message": "adding index lifecycle policy [synthetics]", "cluster.uuid": "k_9MQjhbTB65DivQE1Btew", "node.id": "GPqYja-OQieP0xGWXCBGgA"  }
{"type": "server", "timestamp": "2025-10-02T16:21:30,289+02:00", "level": "INFO", "component": "o.e.x.i.a.TransportPutLifecycleAction", "cluster.name": "docker-cluster", "node.name": "nid007461", "message": "adding index lifecycle policy [30-days-default]", "cluster.uuid": "k_9MQjhbTB65DivQE1Btew", "node.id": "GPqYja-OQieP0xGWXCBGgA"  }
2025-10-02 16:21:30,336 - INFO - CPU:
2025-10-02 16:21:30,336 - INFO -   Process usage: 0.0%
2025-10-02 16:21:30,336 - INFO -   Threads: 2
2025-10-02 16:21:30,336 - INFO -   Allocated cores: 288 (IDs: [0, 1, 2, 3, 4]...)
2025-10-02 16:21:30,336 - INFO - Process I/O:
2025-10-02 16:21:30,336 - INFO -   Read: 0.00 GB
2025-10-02 16:21:30,336 - INFO -   Write: 0.00 GB
2025-10-02 16:21:30,336 - INFO - ==================================================
2025-10-02 16:21:30,336 - INFO - Creating Elasticsearch index with size-based dynamic sharding...
{"type": "server", "timestamp": "2025-10-02T16:21:30,341+02:00", "level": "INFO", "component": "o.e.x.i.a.TransportPutLifecycleAction", "cluster.name": "docker-cluster", "node.name": "nid007461", "message": "adding index lifecycle policy [7-days-default]", "cluster.uuid": "k_9MQjhbTB65DivQE1Btew", "node.id": "GPqYja-OQieP0xGWXCBGgA"  }
2025-10-02 16:21:30,342 - INFO - === SHARD CALCULATION (SIZE-BASED ONLY) ===
2025-10-02 16:21:30,342 - INFO - Raw data size: 46.46 GB
2025-10-02 16:21:30,342 - INFO - Estimated ES indexed size: 139.37 GB (factor: 3.0x)
2025-10-02 16:21:30,342 - INFO - Target shard size range: 10.0-50.0 GB
2025-10-02 16:21:30,342 - INFO - Calculation results:
2025-10-02 16:21:30,342 - INFO -   Target shard size: 30.0 GB
2025-10-02 16:21:30,342 - INFO -   Calculated shards: 4
2025-10-02 16:21:30,342 - INFO -   Actual size per shard: 34.8 GB
2025-10-02 16:21:30,342 - INFO - =============================================
2025-10-02 16:21:30,342 - INFO - Using default index configuration
2025-10-02 16:21:30,342 - INFO - Creating index 'finemath-3plus-merge' with:
2025-10-02 16:21:30,342 - INFO -   Shards: 4
2025-10-02 16:21:30,342 - INFO -   Replicas: 0
2025-10-02 16:21:30,342 - INFO -   Refresh interval: 60s
{"type": "server", "timestamp": "2025-10-02T16:21:30,401+02:00", "level": "INFO", "component": "o.e.c.m.MetadataCreateIndexService", "cluster.name": "docker-cluster", "node.name": "nid007461", "message": "[finemath-3plus-merge] creating index, cause [api], templates [], shards [4]/[0]", "cluster.uuid": "k_9MQjhbTB65DivQE1Btew", "node.id": "GPqYja-OQieP0xGWXCBGgA"  }
{"type": "server", "timestamp": "2025-10-02T16:21:30,540+02:00", "level": "INFO", "component": "o.e.x.i.a.TransportPutLifecycleAction", "cluster.name": "docker-cluster", "node.name": "nid007461", "message": "adding index lifecycle policy [365-days-default]", "cluster.uuid": "k_9MQjhbTB65DivQE1Btew", "node.id": "GPqYja-OQieP0xGWXCBGgA"  }
{"type": "server", "timestamp": "2025-10-02T16:21:30,635+02:00", "level": "INFO", "component": "o.e.c.r.a.AllocationService", "cluster.name": "docker-cluster", "node.name": "nid007461", "message": "Cluster health status changed from [YELLOW] to [GREEN] (reason: [shards started [[finemath-3plus-merge][0], [finemath-3plus-merge][3]]]).", "cluster.uuid": "k_9MQjhbTB65DivQE1Btew", "node.id": "GPqYja-OQieP0xGWXCBGgA"  }
{"type": "server", "timestamp": "2025-10-02T16:21:30,678+02:00", "level": "INFO", "component": "o.e.x.i.a.TransportPutLifecycleAction", "cluster.name": "docker-cluster", "node.name": "nid007461", "message": "adding index lifecycle policy [180-days-default]", "cluster.uuid": "k_9MQjhbTB65DivQE1Btew", "node.id": "GPqYja-OQieP0xGWXCBGgA"  }
2025-10-02 16:21:30,679 - INFO - PUT http://localhost:9200/finemath-3plus-merge [status:200 request:0.336s]
2025-10-02 16:21:30,679 - INFO - Created index 'finemath-3plus-merge' with configuration
2025-10-02 16:21:30,679 - INFO - === METRICS AFTER INDEX CREATION ===
2025-10-02 16:21:30,679 - INFO - Process Memory:
2025-10-02 16:21:30,679 - INFO -   RSS: 0.12 GB
2025-10-02 16:21:30,679 - INFO -   VMS: 2.28 GB
2025-10-02 16:21:30,680 - INFO -   % of System: 0.0%
2025-10-02 16:21:30,680 - INFO - System Memory:
2025-10-02 16:21:30,680 - INFO -   Total Used: 13.2%
2025-10-02 16:21:30,680 - INFO -   Available: 741.72 GB
2025-10-02 16:21:30,680 - INFO -   Cached: 23.05 GB
{"type": "server", "timestamp": "2025-10-02T16:21:30,721+02:00", "level": "INFO", "component": "o.e.x.i.a.TransportPutLifecycleAction", "cluster.name": "docker-cluster", "node.name": "nid007461", "message": "adding index lifecycle policy [90-days-default]", "cluster.uuid": "k_9MQjhbTB65DivQE1Btew", "node.id": "GPqYja-OQieP0xGWXCBGgA"  }
{"type": "server", "timestamp": "2025-10-02T16:21:30,760+02:00", "level": "INFO", "component": "o.e.x.i.a.TransportPutLifecycleAction", "cluster.name": "docker-cluster", "node.name": "nid007461", "message": "adding index lifecycle policy [watch-history-ilm-policy]", "cluster.uuid": "k_9MQjhbTB65DivQE1Btew", "node.id": "GPqYja-OQieP0xGWXCBGgA"  }
{"type": "server", "timestamp": "2025-10-02T16:21:30,804+02:00", "level": "INFO", "component": "o.e.x.i.a.TransportPutLifecycleAction", "cluster.name": "docker-cluster", "node.name": "nid007461", "message": "adding index lifecycle policy [ilm-history-ilm-policy]", "cluster.uuid": "k_9MQjhbTB65DivQE1Btew", "node.id": "GPqYja-OQieP0xGWXCBGgA"  }
{"type": "server", "timestamp": "2025-10-02T16:21:30,844+02:00", "level": "INFO", "component": "o.e.x.i.a.TransportPutLifecycleAction", "cluster.name": "docker-cluster", "node.name": "nid007461", "message": "adding index lifecycle policy [slm-history-ilm-policy]", "cluster.uuid": "k_9MQjhbTB65DivQE1Btew", "node.id": "GPqYja-OQieP0xGWXCBGgA"  }
{"type": "server", "timestamp": "2025-10-02T16:21:30,887+02:00", "level": "INFO", "component": "o.e.x.i.a.TransportPutLifecycleAction", "cluster.name": "docker-cluster", "node.name": "nid007461", "message": "adding index lifecycle policy [.deprecation-indexing-ilm-policy]", "cluster.uuid": "k_9MQjhbTB65DivQE1Btew", "node.id": "GPqYja-OQieP0xGWXCBGgA"  }
{"type": "server", "timestamp": "2025-10-02T16:21:30,931+02:00", "level": "INFO", "component": "o.e.x.i.a.TransportPutLifecycleAction", "cluster.name": "docker-cluster", "node.name": "nid007461", "message": "adding index lifecycle policy [.fleet-actions-results-ilm-policy]", "cluster.uuid": "k_9MQjhbTB65DivQE1Btew", "node.id": "GPqYja-OQieP0xGWXCBGgA"  }
{"type": "server", "timestamp": "2025-10-02T16:21:31,011+02:00", "level": "INFO", "component": "o.e.i.g.GeoIpDownloader", "cluster.name": "docker-cluster", "node.name": "nid007461", "message": "updating geoip databases", "cluster.uuid": "k_9MQjhbTB65DivQE1Btew", "node.id": "GPqYja-OQieP0xGWXCBGgA"  }
{"type": "server", "timestamp": "2025-10-02T16:21:31,011+02:00", "level": "INFO", "component": "o.e.i.g.GeoIpDownloader", "cluster.name": "docker-cluster", "node.name": "nid007461", "message": "fetching geoip databases overview from [https://geoip.elastic.co/v1/database?elastic_geoip_service_tos=agree]", "cluster.uuid": "k_9MQjhbTB65DivQE1Btew", "node.id": "GPqYja-OQieP0xGWXCBGgA"  }
{"type": "server", "timestamp": "2025-10-02T16:21:31,084+02:00", "level": "INFO", "component": "o.e.l.LicenseService", "cluster.name": "docker-cluster", "node.name": "nid007461", "message": "license [e9c2bca0-ea65-46cc-8b6b-7ee362faf6b3] mode [basic] - valid", "cluster.uuid": "k_9MQjhbTB65DivQE1Btew", "node.id": "GPqYja-OQieP0xGWXCBGgA"  }
2025-10-02 16:21:31,681 - INFO - CPU:
2025-10-02 16:21:31,681 - INFO -   Process usage: 0.0%
2025-10-02 16:21:31,681 - INFO -   Threads: 2
2025-10-02 16:21:31,681 - INFO -   Allocated cores: 288 (IDs: [0, 1, 2, 3, 4]...)
2025-10-02 16:21:31,681 - INFO - Process I/O:
2025-10-02 16:21:31,681 - INFO -   Read: 0.00 GB
2025-10-02 16:21:31,681 - INFO -   Write: 0.00 GB
2025-10-02 16:21:31,681 - INFO - ==================================================
2025-10-02 16:21:31,681 - INFO - Starting document indexing...
2025-10-02 16:21:31,682 - INFO - Processing 2 parquet files
2025-10-02 16:21:31,682 - INFO - === Starting Multi-Process Mode ===
2025-10-02 16:21:31,682 - INFO - Workers: 8
2025-10-02 16:21:31,682 - INFO - Files: 2
2025-10-02 16:21:31,682 - INFO - Architecture: 8 parser workers -> shared queue -> 1 ES consumer
/capstor/scratch/cscs/inesaltemir/scripts/indexing/index_detokenized_v2.py:356: DeprecationWarning: The 'body' parameter is deprecated for the 'create' API and will be removed in a future version. Instead use API parameters directly. See https://github.com/elastic/elasticsearch-py/issues/1698 for more information
  es.indices.create(index=index_name, body=config)
2025-10-02 16:21:31,700 - INFO - Started parser worker 0 for dump-0-merged.parquet
2025-10-02 16:21:31,702 - INFO - Worker 0 starting to parse dump-0-merged.parquet
2025-10-02 16:21:31,703 - INFO - Started parser worker 1 for dump-1-merged.parquet
2025-10-02 16:21:31,703 - INFO - All 2 parser workers started
2025-10-02 16:21:31,703 - INFO - ES Consumer started
2025-10-02 16:21:31,703 - INFO - ES consumer thread started
2025-10-02 16:21:31,703 - INFO - Starting bulk indexing with 32 threads
2025-10-02 16:21:31,704 - INFO - Worker 1 starting to parse dump-1-merged.parquet
2025-10-02 16:21:31,766 - INFO - Worker 1: File has 8,481,743 rows
2025-10-02 16:21:31,775 - INFO - Worker 0: File has 8,480,417 rows
{"type": "server", "timestamp": "2025-10-02T16:21:32,541+02:00", "level": "INFO", "component": "o.e.c.m.MetadataCreateIndexService", "cluster.name": "docker-cluster", "node.name": "nid007461", "message": "[.geoip_databases] creating index, cause [auto(bulk api)], templates [], shards [1]/[0]", "cluster.uuid": "k_9MQjhbTB65DivQE1Btew", "node.id": "GPqYja-OQieP0xGWXCBGgA"  }
{"type": "server", "timestamp": "2025-10-02T16:21:32,673+02:00", "level": "INFO", "component": "o.e.c.r.a.AllocationService", "cluster.name": "docker-cluster", "node.name": "nid007461", "message": "Cluster health status changed from [YELLOW] to [GREEN] (reason: [shards started [[.geoip_databases][0]]]).", "cluster.uuid": "k_9MQjhbTB65DivQE1Btew", "node.id": "GPqYja-OQieP0xGWXCBGgA"  }
{"type": "server", "timestamp": "2025-10-02T16:21:33,159+02:00", "level": "INFO", "component": "o.e.i.g.DatabaseNodeService", "cluster.name": "docker-cluster", "node.name": "nid007461", "message": "retrieve geoip database [GeoLite2-ASN.mmdb] from [.geoip_databases] to [/tmp/elasticsearch-6288905512458451458/geoip-databases/GPqYja-OQieP0xGWXCBGgA/GeoLite2-ASN.mmdb.tmp.gz]", "cluster.uuid": "k_9MQjhbTB65DivQE1Btew", "node.id": "GPqYja-OQieP0xGWXCBGgA"  }
{"type": "server", "timestamp": "2025-10-02T16:21:33,168+02:00", "level": "INFO", "component": "o.e.i.g.GeoIpDownloader", "cluster.name": "docker-cluster", "node.name": "nid007461", "message": "successfully downloaded geoip database [GeoLite2-ASN.mmdb]", "cluster.uuid": "k_9MQjhbTB65DivQE1Btew", "node.id": "GPqYja-OQieP0xGWXCBGgA"  }
{"type": "server", "timestamp": "2025-10-02T16:21:33,292+02:00", "level": "INFO", "component": "o.e.i.g.DatabaseNodeService", "cluster.name": "docker-cluster", "node.name": "nid007461", "message": "successfully reloaded changed geoip database file [/tmp/elasticsearch-6288905512458451458/geoip-databases/GPqYja-OQieP0xGWXCBGgA/GeoLite2-ASN.mmdb]", "cluster.uuid": "k_9MQjhbTB65DivQE1Btew", "node.id": "GPqYja-OQieP0xGWXCBGgA"  }
{"type": "server", "timestamp": "2025-10-02T16:21:35,284+02:00", "level": "INFO", "component": "o.e.i.g.DatabaseNodeService", "cluster.name": "docker-cluster", "node.name": "nid007461", "message": "retrieve geoip database [GeoLite2-City.mmdb] from [.geoip_databases] to [/tmp/elasticsearch-6288905512458451458/geoip-databases/GPqYja-OQieP0xGWXCBGgA/GeoLite2-City.mmdb.tmp.gz]", "cluster.uuid": "k_9MQjhbTB65DivQE1Btew", "node.id": "GPqYja-OQieP0xGWXCBGgA"  }
{"type": "server", "timestamp": "2025-10-02T16:21:35,293+02:00", "level": "INFO", "component": "o.e.i.g.GeoIpDownloader", "cluster.name": "docker-cluster", "node.name": "nid007461", "message": "successfully downloaded geoip database [GeoLite2-City.mmdb]", "cluster.uuid": "k_9MQjhbTB65DivQE1Btew", "node.id": "GPqYja-OQieP0xGWXCBGgA"  }
2025-10-02 16:21:35,563 - INFO - Worker 1: Parsed 50,000 documents
2025-10-02 16:21:35,604 - INFO - Worker 0: Parsed 50,000 documents
{"type": "server", "timestamp": "2025-10-02T16:21:35,706+02:00", "level": "INFO", "component": "o.e.i.g.DatabaseNodeService", "cluster.name": "docker-cluster", "node.name": "nid007461", "message": "successfully reloaded changed geoip database file [/tmp/elasticsearch-6288905512458451458/geoip-databases/GPqYja-OQieP0xGWXCBGgA/GeoLite2-City.mmdb]", "cluster.uuid": "k_9MQjhbTB65DivQE1Btew", "node.id": "GPqYja-OQieP0xGWXCBGgA"  }
{"type": "server", "timestamp": "2025-10-02T16:21:36,383+02:00", "level": "INFO", "component": "o.e.i.g.DatabaseNodeService", "cluster.name": "docker-cluster", "node.name": "nid007461", "message": "retrieve geoip database [GeoLite2-Country.mmdb] from [.geoip_databases] to [/tmp/elasticsearch-6288905512458451458/geoip-databases/GPqYja-OQieP0xGWXCBGgA/GeoLite2-Country.mmdb.tmp.gz]", "cluster.uuid": "k_9MQjhbTB65DivQE1Btew", "node.id": "GPqYja-OQieP0xGWXCBGgA"  }
{"type": "server", "timestamp": "2025-10-02T16:21:36,391+02:00", "level": "INFO", "component": "o.e.i.g.GeoIpDownloader", "cluster.name": "docker-cluster", "node.name": "nid007461", "message": "successfully downloaded geoip database [GeoLite2-Country.mmdb]", "cluster.uuid": "k_9MQjhbTB65DivQE1Btew", "node.id": "GPqYja-OQieP0xGWXCBGgA"  }
{"type": "server", "timestamp": "2025-10-02T16:21:36,464+02:00", "level": "INFO", "component": "o.e.i.g.DatabaseNodeService", "cluster.name": "docker-cluster", "node.name": "nid007461", "message": "successfully reloaded changed geoip database file [/tmp/elasticsearch-6288905512458451458/geoip-databases/GPqYja-OQieP0xGWXCBGgA/GeoLite2-Country.mmdb]", "cluster.uuid": "k_9MQjhbTB65DivQE1Btew", "node.id": "GPqYja-OQieP0xGWXCBGgA"  }
2025-10-02 16:21:37,197 - INFO - POST http://localhost:9200/_bulk [status:200 request:4.075s]
2025-10-02 16:21:37,472 - INFO - Progress: 10,000 indexed, 0 failed, Rate: 1733.4 docs/sec, Queue: 55, Elapsed: 5.8s
2025-10-02 16:21:37,627 - INFO - POST http://localhost:9200/_bulk [status:200 request:3.402s]
2025-10-02 16:21:37,913 - INFO - Progress: 20,000 indexed, 0 failed, Rate: 3220.9 docs/sec, Queue: 63, Elapsed: 6.2s
2025-10-02 16:21:37,919 - INFO - Progress: 30,000 indexed, 0 failed, Rate: 4826.9 docs/sec, Queue: 63, Elapsed: 6.2s
2025-10-02 16:21:38,563 - INFO - POST http://localhost:9200/_bulk [status:200 request:3.238s]
2025-10-02 16:21:38,819 - INFO - Progress: 40,000 indexed, 0 failed, Rate: 5621.2 docs/sec, Queue: 74, Elapsed: 7.1s
2025-10-02 16:21:38,823 - INFO - Progress: 50,000 indexed, 0 failed, Rate: 7022.8 docs/sec, Queue: 74, Elapsed: 7.1s
2025-10-02 16:21:39,639 - INFO - POST http://localhost:9200/_bulk [status:200 request:3.218s]
2025-10-02 16:21:39,811 - INFO - Worker 0: Parsed 100,000 documents
2025-10-02 16:21:39,888 - INFO - Progress: 60,000 indexed, 0 failed, Rate: 7330.5 docs/sec, Queue: 80, Elapsed: 8.2s
2025-10-02 16:21:39,897 - INFO - Progress: 70,000 indexed, 0 failed, Rate: 8543.2 docs/sec, Queue: 80, Elapsed: 8.2s
2025-10-02 16:21:41,065 - INFO - Worker 1: Parsed 100,000 documents
2025-10-02 16:21:41,459 - INFO - POST http://localhost:9200/_bulk [status:200 request:3.344s]
2025-10-02 16:21:41,704 - INFO - Progress: 80,000 indexed, 0 failed, Rate: 7999.4 docs/sec, Queue: 80, Elapsed: 10.0s
2025-10-02 16:21:41,713 - INFO - Overall progress: Parsed 215,000, Indexed 0, Queue: 80
2025-10-02 16:21:42,953 - INFO - POST http://localhost:9200/_bulk [status:200 request:3.483s]
2025-10-02 16:21:43,236 - INFO - Progress: 90,000 indexed, 0 failed, Rate: 7803.9 docs/sec, Queue: 80, Elapsed: 11.5s
2025-10-02 16:21:43,245 - INFO - Progress: 100,000 indexed, 0 failed, Rate: 8664.6 docs/sec, Queue: 80, Elapsed: 11.5s
2025-10-02 16:21:43,265 - INFO - === METRICS ES CONSUMER AT 100000 DOCS ===
2025-10-02 16:21:43,270 - INFO - Process Memory:
2025-10-02 16:21:43,275 - INFO -   RSS: 3.03 GB
2025-10-02 16:21:43,283 - INFO -   VMS: 7.36 GB
2025-10-02 16:21:43,303 - INFO -   % of System: 0.4%
2025-10-02 16:21:43,308 - INFO - System Memory:
2025-10-02 16:21:43,313 - INFO -   Total Used: 13.9%
2025-10-02 16:21:43,319 - INFO -   Available: 735.63 GB
2025-10-02 16:21:43,319 - INFO -   Cached: 24.96 GB
2025-10-02 16:21:44,277 - INFO - POST http://localhost:9200/_bulk [status:200 request:3.428s]
2025-10-02 16:21:44,556 - INFO - CPU:
2025-10-02 16:21:44,562 - INFO -   Process usage: 103.1%
2025-10-02 16:21:44,567 - INFO -   Threads: 38
2025-10-02 16:21:44,572 - INFO -   Allocated cores: 288 (IDs: [0, 1, 2, 3, 4]...)
2025-10-02 16:21:44,572 - INFO - Process I/O:
2025-10-02 16:21:44,573 - INFO -   Read: 0.00 GB
2025-10-02 16:21:44,573 - INFO -   Write: 0.00 GB
2025-10-02 16:21:44,573 - INFO - ==================================================
2025-10-02 16:21:44,639 - INFO - Progress: 110,000 indexed, 0 failed, Rate: 8503.7 docs/sec, Queue: 80, Elapsed: 12.9s
2025-10-02 16:21:44,643 - INFO - Progress: 120,000 indexed, 0 failed, Rate: 9274.1 docs/sec, Queue: 80, Elapsed: 12.9s
2025-10-02 16:21:45,899 - INFO - POST http://localhost:9200/_bulk [status:200 request:3.724s]
2025-10-02 16:21:46,326 - INFO - Progress: 130,000 indexed, 0 failed, Rate: 8890.3 docs/sec, Queue: 80, Elapsed: 14.6s
2025-10-02 16:21:46,335 - INFO - Progress: 140,000 indexed, 0 failed, Rate: 9568.5 docs/sec, Queue: 80, Elapsed: 14.6s
2025-10-02 16:21:47,157 - INFO - Worker 0: Parsed 150,000 documents
2025-10-02 16:21:47,579 - INFO - POST http://localhost:9200/_bulk [status:200 request:3.992s]
2025-10-02 16:21:47,853 - INFO - Progress: 150,000 indexed, 0 failed, Rate: 9288.2 docs/sec, Queue: 80, Elapsed: 16.1s
2025-10-02 16:21:48,590 - INFO - POST http://localhost:9200/_bulk [status:200 request:3.586s]
2025-10-02 16:21:48,882 - INFO - Progress: 160,000 indexed, 0 failed, Rate: 9313.7 docs/sec, Queue: 80, Elapsed: 17.2s
2025-10-02 16:21:48,893 - INFO - Progress: 170,000 indexed, 0 failed, Rate: 9889.8 docs/sec, Queue: 80, Elapsed: 17.2s
2025-10-02 16:21:49,268 - INFO - Worker 1: Parsed 150,000 documents
2025-10-02 16:21:49,981 - INFO - POST http://localhost:9200/_bulk [status:200 request:3.705s]
2025-10-02 16:21:50,222 - INFO - Progress: 180,000 indexed, 0 failed, Rate: 9719.9 docs/sec, Queue: 80, Elapsed: 18.5s
2025-10-02 16:21:50,231 - INFO - Progress: 190,000 indexed, 0 failed, Rate: 10255.1 docs/sec, Queue: 80, Elapsed: 18.5s
2025-10-02 16:21:51,037 - INFO - POST http://localhost:9200/_bulk [status:200 request:3.565s]
2025-10-02 16:21:51,328 - INFO - Progress: 200,000 indexed, 0 failed, Rate: 10191.4 docs/sec, Queue: 80, Elapsed: 19.6s
2025-10-02 16:21:51,371 - INFO - === METRICS ES CONSUMER AT 200000 DOCS ===
2025-10-02 16:21:51,377 - INFO - Process Memory:
2025-10-02 16:21:51,382 - INFO -   RSS: 3.10 GB
2025-10-02 16:21:51,387 - INFO -   VMS: 7.37 GB
2025-10-02 16:21:51,387 - INFO -   % of System: 0.4%
2025-10-02 16:21:51,387 - INFO - System Memory:
2025-10-02 16:21:51,387 - INFO -   Total Used: 14.0%
2025-10-02 16:21:51,387 - INFO -   Available: 734.67 GB
2025-10-02 16:21:51,387 - INFO -   Cached: 25.92 GB
2025-10-02 16:21:51,724 - INFO - Overall progress: Parsed 340,000, Indexed 0, Queue: 80
2025-10-02 16:21:52,393 - INFO - CPU:
2025-10-02 16:21:52,393 - INFO -   Process usage: 101.5%
2025-10-02 16:21:52,394 - INFO -   Threads: 38
2025-10-02 16:21:52,394 - INFO -   Allocated cores: 288 (IDs: [0, 1, 2, 3, 4]...)
2025-10-02 16:21:52,399 - INFO - Process I/O:
2025-10-02 16:21:52,405 - INFO -   Read: 0.00 GB
2025-10-02 16:21:52,410 - INFO -   Write: 0.00 GB
2025-10-02 16:21:52,415 - INFO - ==================================================
2025-10-02 16:21:52,712 - INFO - POST http://localhost:9200/_bulk [status:200 request:3.542s]
2025-10-02 16:21:53,048 - INFO - Progress: 210,000 indexed, 0 failed, Rate: 9838.6 docs/sec, Queue: 80, Elapsed: 21.3s
2025-10-02 16:21:53,054 - INFO - Progress: 220,000 indexed, 0 failed, Rate: 10304.1 docs/sec, Queue: 80, Elapsed: 21.4s
2025-10-02 16:21:54,162 - INFO - POST http://localhost:9200/_bulk [status:200 request:3.556s]
2025-10-02 16:21:54,453 - INFO - Progress: 230,000 indexed, 0 failed, Rate: 10110.0 docs/sec, Queue: 80, Elapsed: 22.7s
2025-10-02 16:21:54,457 - INFO - Progress: 240,000 indexed, 0 failed, Rate: 10547.7 docs/sec, Queue: 80, Elapsed: 22.8s
2025-10-02 16:21:55,365 - INFO - Worker 0: Parsed 200,000 documents
2025-10-02 16:21:56,101 - INFO - POST http://localhost:9200/_bulk [status:200 request:4.117s]
2025-10-02 16:21:56,384 - INFO - Progress: 250,000 indexed, 0 failed, Rate: 10129.5 docs/sec, Queue: 80, Elapsed: 24.7s
2025-10-02 16:21:56,388 - INFO - Progress: 260,000 indexed, 0 failed, Rate: 10532.9 docs/sec, Queue: 80, Elapsed: 24.7s
2025-10-02 16:21:57,552 - INFO - Worker 1: Parsed 200,000 documents
2025-10-02 16:21:57,838 - INFO - POST http://localhost:9200/_bulk [status:200 request:4.302s]
2025-10-02 16:21:58,163 - INFO - Progress: 270,000 indexed, 0 failed, Rate: 10204.2 docs/sec, Queue: 80, Elapsed: 26.5s
2025-10-02 16:21:59,251 - INFO - POST http://localhost:9200/_bulk [status:200 request:4.320s]
2025-10-02 16:21:59,588 - INFO - Progress: 280,000 indexed, 0 failed, Rate: 10041.5 docs/sec, Queue: 80, Elapsed: 27.9s
2025-10-02 16:21:59,599 - INFO - Progress: 290,000 indexed, 0 failed, Rate: 10395.9 docs/sec, Queue: 80, Elapsed: 27.9s
2025-10-02 16:21:59,996 - INFO - POST http://localhost:9200/_bulk [status:200 request:3.930s]
2025-10-02 16:22:00,323 - INFO - Progress: 300,000 indexed, 0 failed, Rate: 10482.4 docs/sec, Queue: 80, Elapsed: 28.6s
2025-10-02 16:22:00,353 - INFO - === METRICS ES CONSUMER AT 300000 DOCS ===
2025-10-02 16:22:00,358 - INFO - Process Memory:
2025-10-02 16:22:00,363 - INFO -   RSS: 3.18 GB
2025-10-02 16:22:00,368 - INFO -   VMS: 7.37 GB
2025-10-02 16:22:00,389 - INFO -   % of System: 0.4%
2025-10-02 16:22:00,394 - INFO - System Memory:
2025-10-02 16:22:00,399 - INFO -   Total Used: 14.2%
2025-10-02 16:22:00,399 - INFO -   Available: 733.48 GB
2025-10-02 16:22:00,399 - INFO -   Cached: 27.05 GB
2025-10-02 16:22:01,388 - INFO - POST http://localhost:9200/_bulk [status:200 request:3.860s]
2025-10-02 16:22:01,631 - INFO - CPU:
2025-10-02 16:22:01,645 - INFO -   Process usage: 101.9%
2025-10-02 16:22:01,699 - INFO -   Threads: 38
2025-10-02 16:22:01,709 - INFO -   Allocated cores: 288 (IDs: [0, 1, 2, 3, 4]...)
2025-10-02 16:22:01,724 - INFO - Process I/O:
2025-10-02 16:22:01,730 - INFO -   Read: 0.00 GB
2025-10-02 16:22:01,735 - INFO -   Write: 0.00 GB
2025-10-02 16:22:01,735 - INFO - ==================================================
2025-10-02 16:22:01,735 - INFO - Overall progress: Parsed 460,000, Indexed 0, Queue: 80
2025-10-02 16:22:01,794 - INFO - Progress: 310,000 indexed, 0 failed, Rate: 10302.2 docs/sec, Queue: 80, Elapsed: 30.1s
2025-10-02 16:22:01,824 - INFO - Progress: 320,000 indexed, 0 failed, Rate: 10624.0 docs/sec, Queue: 80, Elapsed: 30.1s
2025-10-02 16:22:01,827 - INFO - Progress: 330,000 indexed, 0 failed, Rate: 10954.7 docs/sec, Queue: 80, Elapsed: 30.1s
2025-10-02 16:22:02,702 - INFO - POST http://localhost:9200/_bulk [status:200 request:3.728s]
2025-10-02 16:22:03,061 - INFO - Progress: 340,000 indexed, 0 failed, Rate: 10842.8 docs/sec, Queue: 80, Elapsed: 31.4s
2025-10-02 16:22:03,064 - INFO - Progress: 350,000 indexed, 0 failed, Rate: 11160.4 docs/sec, Queue: 80, Elapsed: 31.4s
2025-10-02 16:22:03,359 - INFO - Worker 0: Parsed 250,000 documents
2025-10-02 16:22:06,182 - INFO - Worker 1: Parsed 250,000 documents
2025-10-02 16:22:08,169 - INFO - POST http://localhost:9200/_bulk [status:200 request:7.416s]
2025-10-02 16:22:08,469 - INFO - Progress: 360,000 indexed, 0 failed, Rate: 9791.7 docs/sec, Queue: 80, Elapsed: 36.8s
2025-10-02 16:22:08,530 - INFO - POST http://localhost:9200/_bulk [status:200 request:3.615s]
2025-10-02 16:22:09,755 - INFO - Worker 0: Parsed 300,000 documents
2025-10-02 16:22:10,402 - INFO - POST http://localhost:9200/_bulk [status:200 request:4.343s]
2025-10-02 16:22:11,689 - INFO - POST http://localhost:9200/_bulk [status:200 request:4.395s]
2025-10-02 16:22:11,823 - INFO - Overall progress: Parsed 589,000, Indexed 0, Queue: 80
2025-10-02 16:22:12,617 - INFO - POST http://localhost:9200/_bulk [status:200 request:10.307s]
2025-10-02 16:22:12,796 - INFO - POST http://localhost:9200/_bulk [status:200 request:3.725s]
2025-10-02 16:22:13,014 - INFO - POST http://localhost:9200/_bulk [status:200 request:9.079s]
2025-10-02 16:22:13,452 - INFO - Progress: 370,000 indexed, 0 failed, Rate: 8862.6 docs/sec, Queue: 80, Elapsed: 41.7s
2025-10-02 16:22:13,513 - INFO - Progress: 380,000 indexed, 0 failed, Rate: 9088.9 docs/sec, Queue: 80, Elapsed: 41.8s
2025-10-02 16:22:13,547 - INFO - Progress: 390,000 indexed, 0 failed, Rate: 9320.5 docs/sec, Queue: 80, Elapsed: 41.8s
2025-10-02 16:22:13,555 - INFO - Progress: 400,000 indexed, 0 failed, Rate: 9557.5 docs/sec, Queue: 80, Elapsed: 41.9s
2025-10-02 16:22:13,603 - INFO - === METRICS ES CONSUMER AT 400000 DOCS ===
2025-10-02 16:22:13,603 - INFO - Process Memory:
2025-10-02 16:22:13,603 - INFO -   RSS: 4.21 GB
2025-10-02 16:22:13,603 - INFO -   VMS: 8.33 GB
2025-10-02 16:22:13,603 - INFO -   % of System: 0.5%
2025-10-02 16:22:13,603 - INFO - System Memory:
2025-10-02 16:22:13,603 - INFO -   Total Used: 14.6%
2025-10-02 16:22:13,604 - INFO -   Available: 729.60 GB
2025-10-02 16:22:13,604 - INFO -   Cached: 27.90 GB
2025-10-02 16:22:14,120 - INFO - POST http://localhost:9200/_bulk [status:200 request:3.865s]
2025-10-02 16:22:14,648 - INFO - CPU:
2025-10-02 16:22:14,648 - INFO -   Process usage: 101.3%
2025-10-02 16:22:14,649 - INFO -   Threads: 38
2025-10-02 16:22:14,649 - INFO -   Allocated cores: 288 (IDs: [0, 1, 2, 3, 4]...)
2025-10-02 16:22:14,649 - INFO - Process I/O:
2025-10-02 16:22:14,649 - INFO -   Read: 0.00 GB
2025-10-02 16:22:14,655 - INFO -   Write: 0.00 GB
2025-10-02 16:22:14,660 - INFO - ==================================================
2025-10-02 16:22:14,797 - INFO - Progress: 410,000 indexed, 0 failed, Rate: 9514.3 docs/sec, Queue: 80, Elapsed: 43.1s
2025-10-02 16:22:14,806 - INFO - Progress: 420,000 indexed, 0 failed, Rate: 9744.3 docs/sec, Queue: 80, Elapsed: 43.1s
2025-10-02 16:22:14,844 - INFO - Progress: 430,000 indexed, 0 failed, Rate: 9967.4 docs/sec, Queue: 80, Elapsed: 43.1s
2025-10-02 16:22:14,878 - INFO - Progress: 440,000 indexed, 0 failed, Rate: 10191.2 docs/sec, Queue: 80, Elapsed: 43.2s
2025-10-02 16:22:14,886 - INFO - Progress: 450,000 indexed, 0 failed, Rate: 10420.7 docs/sec, Queue: 80, Elapsed: 43.2s
2025-10-02 16:22:14,935 - INFO - Progress: 460,000 indexed, 0 failed, Rate: 10640.3 docs/sec, Queue: 80, Elapsed: 43.2s
2025-10-02 16:22:14,939 - INFO - Progress: 470,000 indexed, 0 failed, Rate: 10870.7 docs/sec, Queue: 80, Elapsed: 43.2s
2025-10-02 16:22:14,957 - INFO - Progress: 480,000 indexed, 0 failed, Rate: 11097.5 docs/sec, Queue: 80, Elapsed: 43.3s
2025-10-02 16:22:14,960 - INFO - Progress: 490,000 indexed, 0 failed, Rate: 11327.7 docs/sec, Queue: 80, Elapsed: 43.3s
2025-10-02 16:22:15,348 - INFO - POST http://localhost:9200/_bulk [status:200 request:3.616s]
2025-10-02 16:22:15,598 - INFO - Progress: 500,000 indexed, 0 failed, Rate: 11390.9 docs/sec, Queue: 80, Elapsed: 43.9s
2025-10-02 16:22:15,611 - INFO - === METRICS ES CONSUMER AT 500000 DOCS ===
2025-10-02 16:22:15,612 - INFO - Process Memory:
2025-10-02 16:22:15,617 - INFO -   RSS: 3.67 GB
2025-10-02 16:22:15,622 - INFO -   VMS: 7.76 GB
2025-10-02 16:22:15,645 - INFO -   % of System: 0.4%
2025-10-02 16:22:15,650 - INFO - System Memory:
2025-10-02 16:22:15,655 - INFO -   Total Used: 14.6%
2025-10-02 16:22:15,661 - INFO -   Available: 730.09 GB
2025-10-02 16:22:15,667 - INFO -   Cached: 28.02 GB
2025-10-02 16:22:16,404 - INFO - Worker 1: Parsed 300,000 documents
2025-10-02 16:22:16,681 - INFO - CPU:
2025-10-02 16:22:16,681 - INFO -   Process usage: 102.4%
2025-10-02 16:22:16,682 - INFO -   Threads: 38
2025-10-02 16:22:16,682 - INFO -   Allocated cores: 288 (IDs: [0, 1, 2, 3, 4]...)
2025-10-02 16:22:16,682 - INFO - Process I/O:
2025-10-02 16:22:16,688 - INFO -   Read: 0.00 GB
2025-10-02 16:22:16,693 - INFO -   Write: 0.00 GB
2025-10-02 16:22:16,698 - INFO - ==================================================
2025-10-02 16:22:17,648 - INFO - POST http://localhost:9200/_bulk [status:200 request:3.535s]
2025-10-02 16:22:17,942 - INFO - Progress: 510,000 indexed, 0 failed, Rate: 11029.6 docs/sec, Queue: 80, Elapsed: 46.2s
2025-10-02 16:22:17,951 - INFO - Progress: 520,000 indexed, 0 failed, Rate: 11243.8 docs/sec, Queue: 80, Elapsed: 46.2s
2025-10-02 16:22:19,197 - INFO - Worker 0: Parsed 350,000 documents
2025-10-02 16:22:19,852 - INFO - POST http://localhost:9200/_bulk [status:200 request:3.720s]
2025-10-02 16:22:20,156 - INFO - Progress: 530,000 indexed, 0 failed, Rate: 10938.5 docs/sec, Queue: 80, Elapsed: 48.5s
2025-10-02 16:22:20,165 - INFO - Progress: 540,000 indexed, 0 failed, Rate: 11142.9 docs/sec, Queue: 80, Elapsed: 48.5s
2025-10-02 16:22:21,350 - INFO - POST http://localhost:9200/_bulk [status:200 request:4.065s]
2025-10-02 16:22:21,651 - INFO - Progress: 550,000 indexed, 0 failed, Rate: 11011.6 docs/sec, Queue: 80, Elapsed: 49.9s
2025-10-02 16:22:21,655 - INFO - Progress: 560,000 indexed, 0 failed, Rate: 11211.0 docs/sec, Queue: 80, Elapsed: 50.0s
2025-10-02 16:22:21,832 - INFO - Overall progress: Parsed 696,000, Indexed 0, Queue: 80
2025-10-02 16:22:22,151 - INFO - POST http://localhost:9200/_bulk [status:200 request:3.433s]
2025-10-02 16:22:22,442 - INFO - Progress: 570,000 indexed, 0 failed, Rate: 11234.0 docs/sec, Queue: 80, Elapsed: 50.7s
2025-10-02 16:22:23,336 - INFO - POST http://localhost:9200/_bulk [status:200 request:3.503s]
2025-10-02 16:22:23,614 - INFO - Progress: 580,000 indexed, 0 failed, Rate: 11173.0 docs/sec, Queue: 80, Elapsed: 51.9s
2025-10-02 16:22:23,618 - INFO - Progress: 590,000 indexed, 0 failed, Rate: 11364.9 docs/sec, Queue: 80, Elapsed: 51.9s
2025-10-02 16:22:24,677 - INFO - Worker 1: Parsed 350,000 documents
2025-10-02 16:22:24,823 - INFO - POST http://localhost:9200/_bulk [status:200 request:3.479s]
2025-10-02 16:22:25,128 - INFO - Progress: 600,000 indexed, 0 failed, Rate: 11230.8 docs/sec, Queue: 80, Elapsed: 53.4s
2025-10-02 16:22:25,170 - INFO - === METRICS ES CONSUMER AT 600000 DOCS ===
2025-10-02 16:22:25,170 - INFO - Process Memory:
2025-10-02 16:22:25,170 - INFO -   RSS: 4.19 GB
2025-10-02 16:22:25,170 - INFO -   VMS: 8.24 GB
2025-10-02 16:22:25,170 - INFO -   % of System: 0.5%
2025-10-02 16:22:25,171 - INFO - System Memory:
2025-10-02 16:22:25,171 - INFO -   Total Used: 14.7%
2025-10-02 16:22:25,171 - INFO -   Available: 729.28 GB
2025-10-02 16:22:25,171 - INFO -   Cached: 29.16 GB
2025-10-02 16:22:26,204 - INFO - CPU:
2025-10-02 16:22:26,210 - INFO -   Process usage: 102.3%
2025-10-02 16:22:26,215 - INFO -   Threads: 38
2025-10-02 16:22:26,216 - INFO -   Allocated cores: 288 (IDs: [0, 1, 2, 3, 4]...)
2025-10-02 16:22:26,216 - INFO - Process I/O:
2025-10-02 16:22:26,217 - INFO -   Read: 0.00 GB
2025-10-02 16:22:26,217 - INFO -   Write: 0.00 GB
2025-10-02 16:22:26,217 - INFO - ==================================================
2025-10-02 16:22:26,271 - INFO - Progress: 610,000 indexed, 0 failed, Rate: 11178.8 docs/sec, Queue: 80, Elapsed: 54.6s
2025-10-02 16:22:26,649 - INFO - POST http://localhost:9200/_bulk [status:200 request:3.553s]
2025-10-02 16:22:26,982 - INFO - Progress: 620,000 indexed, 0 failed, Rate: 11215.9 docs/sec, Queue: 80, Elapsed: 55.3s
2025-10-02 16:22:27,773 - INFO - Worker 0: Parsed 400,000 documents
2025-10-02 16:22:27,978 - INFO - POST http://localhost:9200/_bulk [status:200 request:3.440s]
2025-10-02 16:22:28,315 - INFO - Progress: 630,000 indexed, 0 failed, Rate: 11128.6 docs/sec, Queue: 80, Elapsed: 56.6s
2025-10-02 16:22:28,323 - INFO - Progress: 640,000 indexed, 0 failed, Rate: 11303.5 docs/sec, Queue: 80, Elapsed: 56.6s
2025-10-02 16:22:29,545 - INFO - POST http://localhost:9200/_bulk [status:200 request:3.570s]
2025-10-02 16:22:29,876 - INFO - Progress: 650,000 indexed, 0 failed, Rate: 11173.7 docs/sec, Queue: 80, Elapsed: 58.2s
2025-10-02 16:22:29,884 - INFO - Progress: 660,000 indexed, 0 failed, Rate: 11343.9 docs/sec, Queue: 80, Elapsed: 58.2s
2025-10-02 16:22:31,838 - INFO - Overall progress: Parsed 819,000, Indexed 0, Queue: 80
2025-10-02 16:22:32,780 - INFO - Worker 1: Parsed 400,000 documents
2025-10-02 16:22:34,412 - INFO - Worker 0: Parsed 450,000 documents
2025-10-02 16:22:35,043 - INFO - POST http://localhost:9200/_bulk [status:200 request:6.135s]
2025-10-02 16:22:35,351 - INFO - POST http://localhost:9200/_bulk [status:200 request:7.879s]
2025-10-02 16:22:35,746 - INFO - Progress: 670,000 indexed, 0 failed, Rate: 10461.8 docs/sec, Queue: 80, Elapsed: 64.0s
2025-10-02 16:22:35,755 - INFO - Progress: 680,000 indexed, 0 failed, Rate: 10616.5 docs/sec, Queue: 80, Elapsed: 64.1s
2025-10-02 16:22:35,785 - INFO - Progress: 690,000 indexed, 0 failed, Rate: 10767.5 docs/sec, Queue: 80, Elapsed: 64.1s
2025-10-02 16:22:37,682 - INFO - POST http://localhost:9200/_bulk [status:200 request:7.222s]
2025-10-02 16:22:37,942 - INFO - Progress: 700,000 indexed, 0 failed, Rate: 10567.9 docs/sec, Queue: 80, Elapsed: 66.2s
2025-10-02 16:22:37,962 - INFO - === METRICS ES CONSUMER AT 700000 DOCS ===
2025-10-02 16:22:37,967 - INFO - Process Memory:
2025-10-02 16:22:37,973 - INFO -   RSS: 5.73 GB
2025-10-02 16:22:37,978 - INFO -   VMS: 9.74 GB
2025-10-02 16:22:37,993 - INFO -   % of System: 0.7%
2025-10-02 16:22:37,999 - INFO - System Memory:
2025-10-02 16:22:38,004 - INFO -   Total Used: 15.0%
2025-10-02 16:22:38,009 - INFO -   Available: 726.54 GB
2025-10-02 16:22:38,010 - INFO -   Cached: 30.64 GB
2025-10-02 16:22:38,560 - INFO - POST http://localhost:9200/_bulk [status:200 request:4.463s]
2025-10-02 16:22:38,845 - INFO - POST http://localhost:9200/_bulk [status:200 request:6.152s]
2025-10-02 16:22:39,224 - INFO - CPU:
2025-10-02 16:22:39,230 - INFO -   Process usage: 80.6%
2025-10-02 16:22:39,236 - INFO -   Threads: 38
2025-10-02 16:22:39,242 - INFO -   Allocated cores: 288 (IDs: [0, 1, 2, 3, 4]...)
2025-10-02 16:22:39,262 - INFO - Process I/O:
2025-10-02 16:22:39,267 - INFO -   Read: 0.00 GB
2025-10-02 16:22:39,272 - INFO -   Write: 0.00 GB
2025-10-02 16:22:39,278 - INFO - ==================================================
2025-10-02 16:22:39,370 - INFO - Progress: 710,000 indexed, 0 failed, Rate: 10492.5 docs/sec, Queue: 80, Elapsed: 67.7s
2025-10-02 16:22:39,415 - INFO - POST http://localhost:9200/_bulk [status:200 request:4.569s]
2025-10-02 16:22:40,523 - INFO - POST http://localhost:9200/_bulk [status:200 request:8.904s]
2025-10-02 16:22:40,778 - INFO - Progress: 720,000 indexed, 0 failed, Rate: 10423.6 docs/sec, Queue: 80, Elapsed: 69.1s
2025-10-02 16:22:40,786 - INFO - Progress: 730,000 indexed, 0 failed, Rate: 10567.0 docs/sec, Queue: 80, Elapsed: 69.1s
2025-10-02 16:22:40,812 - INFO - Progress: 740,000 indexed, 0 failed, Rate: 10707.8 docs/sec, Queue: 80, Elapsed: 69.1s
2025-10-02 16:22:40,821 - INFO - Progress: 750,000 indexed, 0 failed, Rate: 10851.1 docs/sec, Queue: 80, Elapsed: 69.1s
2025-10-02 16:22:40,852 - INFO - Progress: 760,000 indexed, 0 failed, Rate: 10990.9 docs/sec, Queue: 80, Elapsed: 69.1s
2025-10-02 16:22:40,878 - INFO - Progress: 770,000 indexed, 0 failed, Rate: 11131.2 docs/sec, Queue: 80, Elapsed: 69.2s
2025-10-02 16:22:40,882 - INFO - Progress: 780,000 indexed, 0 failed, Rate: 11275.1 docs/sec, Queue: 80, Elapsed: 69.2s
2025-10-02 16:22:41,163 - INFO - POST http://localhost:9200/_bulk [status:200 request:4.386s]
2025-10-02 16:22:41,487 - INFO - Progress: 790,000 indexed, 0 failed, Rate: 11320.8 docs/sec, Queue: 80, Elapsed: 69.8s
2025-10-02 16:22:41,495 - INFO - Progress: 800,000 indexed, 0 failed, Rate: 11462.7 docs/sec, Queue: 80, Elapsed: 69.8s
2025-10-02 16:22:41,527 - INFO - === METRICS ES CONSUMER AT 800000 DOCS ===
2025-10-02 16:22:41,528 - INFO - Process Memory:
2025-10-02 16:22:41,528 - INFO -   RSS: 4.28 GB
2025-10-02 16:22:41,535 - INFO -   VMS: 8.29 GB
2025-10-02 16:22:41,550 - INFO -   % of System: 0.5%
2025-10-02 16:22:41,556 - INFO - System Memory:
2025-10-02 16:22:41,561 - INFO -   Total Used: 14.9%
2025-10-02 16:22:41,566 - INFO -   Available: 727.50 GB
2025-10-02 16:22:41,571 - INFO -   Cached: 30.70 GB
2025-10-02 16:22:41,854 - INFO - Overall progress: Parsed 926,000, Indexed 0, Queue: 80
2025-10-02 16:22:42,104 - INFO - POST http://localhost:9200/_bulk [status:200 request:3.851s]
2025-10-02 16:22:42,621 - INFO - CPU:
2025-10-02 16:22:42,626 - INFO -   Process usage: 99.8%
2025-10-02 16:22:42,631 - INFO -   Threads: 38
2025-10-02 16:22:42,636 - INFO -   Allocated cores: 288 (IDs: [0, 1, 2, 3, 4]...)
2025-10-02 16:22:42,650 - INFO - Process I/O:
2025-10-02 16:22:42,650 - INFO -   Read: 0.00 GB
2025-10-02 16:22:42,650 - INFO -   Write: 0.00 GB
2025-10-02 16:22:42,651 - INFO - ==================================================
2025-10-02 16:22:42,726 - INFO - Progress: 810,000 indexed, 0 failed, Rate: 11404.8 docs/sec, Queue: 80, Elapsed: 71.0s
2025-10-02 16:22:42,730 - INFO - Progress: 820,000 indexed, 0 failed, Rate: 11544.9 docs/sec, Queue: 80, Elapsed: 71.0s
2025-10-02 16:22:43,193 - INFO - Worker 1: Parsed 450,000 documents
2025-10-02 16:22:44,187 - INFO - Worker 0: Parsed 500,000 documents
2025-10-02 16:22:44,507 - INFO - POST http://localhost:9200/_bulk [status:200 request:3.375s]
2025-10-02 16:22:44,858 - INFO - Progress: 830,000 indexed, 0 failed, Rate: 11345.8 docs/sec, Queue: 80, Elapsed: 73.2s
2025-10-02 16:22:46,754 - INFO - POST http://localhost:9200/_bulk [status:200 request:3.717s]
2025-10-02 16:22:47,090 - INFO - Progress: 840,000 indexed, 0 failed, Rate: 11142.5 docs/sec, Queue: 80, Elapsed: 75.4s
2025-10-02 16:22:47,099 - INFO - Progress: 850,000 indexed, 0 failed, Rate: 11273.8 docs/sec, Queue: 80, Elapsed: 75.4s
2025-10-02 16:22:47,721 - INFO - POST http://localhost:9200/_bulk [status:200 request:3.606s]
2025-10-02 16:22:48,062 - INFO - Progress: 860,000 indexed, 0 failed, Rate: 11262.7 docs/sec, Queue: 80, Elapsed: 76.4s
2025-10-02 16:22:48,070 - INFO - Progress: 870,000 indexed, 0 failed, Rate: 11392.4 docs/sec, Queue: 80, Elapsed: 76.4s
2025-10-02 16:22:49,158 - INFO - POST http://localhost:9200/_bulk [status:200 request:3.513s]
2025-10-02 16:22:49,486 - INFO - Progress: 880,000 indexed, 0 failed, Rate: 11313.6 docs/sec, Queue: 80, Elapsed: 77.8s
2025-10-02 16:22:49,489 - INFO - Progress: 890,000 indexed, 0 failed, Rate: 11441.6 docs/sec, Queue: 80, Elapsed: 77.8s
2025-10-02 16:22:50,398 - INFO - POST http://localhost:9200/_bulk [status:200 request:3.674s]
2025-10-02 16:22:50,733 - INFO - Progress: 900,000 indexed, 0 failed, Rate: 11388.1 docs/sec, Queue: 80, Elapsed: 79.0s
2025-10-02 16:22:50,749 - INFO - === METRICS ES CONSUMER AT 900000 DOCS ===
2025-10-02 16:22:50,755 - INFO - Process Memory:
2025-10-02 16:22:50,760 - INFO -   RSS: 4.29 GB
2025-10-02 16:22:50,765 - INFO -   VMS: 8.29 GB
2025-10-02 16:22:50,786 - INFO -   % of System: 0.5%
2025-10-02 16:22:50,791 - INFO - System Memory:
2025-10-02 16:22:50,796 - INFO -   Total Used: 14.9%
2025-10-02 16:22:50,801 - INFO -   Available: 727.56 GB
2025-10-02 16:22:50,806 - INFO -   Cached: 31.21 GB
2025-10-02 16:22:51,407 - INFO - Worker 1: Parsed 500,000 documents
2025-10-02 16:22:51,845 - INFO - CPU:
2025-10-02 16:22:51,845 - INFO -   Process usage: 102.4%
2025-10-02 16:22:51,845 - INFO -   Threads: 38
2025-10-02 16:22:51,845 - INFO -   Allocated cores: 288 (IDs: [0, 1, 2, 3, 4]...)
2025-10-02 16:22:51,846 - INFO - Process I/O:
2025-10-02 16:22:51,846 - INFO -   Read: 0.00 GB
2025-10-02 16:22:51,846 - INFO -   Write: 0.00 GB
2025-10-02 16:22:51,851 - INFO - ==================================================
2025-10-02 16:22:51,930 - INFO - Overall progress: Parsed 1,049,000, Indexed 0, Queue: 80
2025-10-02 16:22:52,002 - INFO - POST http://localhost:9200/_bulk [status:200 request:3.377s]
2025-10-02 16:22:52,272 - INFO - Progress: 910,000 indexed, 0 failed, Rate: 11294.7 docs/sec, Queue: 80, Elapsed: 80.6s
2025-10-02 16:22:52,281 - INFO - Progress: 920,000 indexed, 0 failed, Rate: 11417.6 docs/sec, Queue: 80, Elapsed: 80.6s
2025-10-02 16:22:52,666 - INFO - Worker 0: Parsed 550,000 documents
2025-10-02 16:22:53,730 - INFO - POST http://localhost:9200/_bulk [status:200 request:3.557s]
2025-10-02 16:22:54,055 - INFO - Progress: 930,000 indexed, 0 failed, Rate: 11293.0 docs/sec, Queue: 80, Elapsed: 82.4s
2025-10-02 16:22:54,064 - INFO - Progress: 940,000 indexed, 0 failed, Rate: 11413.2 docs/sec, Queue: 80, Elapsed: 82.4s
2025-10-02 16:22:55,030 - INFO - POST http://localhost:9200/_bulk [status:200 request:3.446s]
2025-10-02 16:22:55,348 - INFO - Progress: 950,000 indexed, 0 failed, Rate: 11357.5 docs/sec, Queue: 80, Elapsed: 83.6s
2025-10-02 16:22:55,357 - INFO - Progress: 960,000 indexed, 0 failed, Rate: 11475.9 docs/sec, Queue: 80, Elapsed: 83.7s
2025-10-02 16:22:56,510 - INFO - POST http://localhost:9200/_bulk [status:200 request:3.404s]
2025-10-02 16:22:56,828 - INFO - Progress: 970,000 indexed, 0 failed, Rate: 11395.0 docs/sec, Queue: 80, Elapsed: 85.1s
2025-10-02 16:22:58,097 - INFO - POST http://localhost:9200/_bulk [status:200 request:3.490s]
2025-10-02 16:22:58,410 - INFO - Progress: 980,000 indexed, 0 failed, Rate: 11302.5 docs/sec, Queue: 80, Elapsed: 86.7s
2025-10-02 16:22:58,419 - INFO - Progress: 990,000 indexed, 0 failed, Rate: 11416.6 docs/sec, Queue: 80, Elapsed: 86.7s
2025-10-02 16:22:59,825 - INFO - Worker 1: Parsed 550,000 documents
2025-10-02 16:23:00,453 - INFO - Worker 0: Parsed 600,000 documents
2025-10-02 16:23:01,956 - INFO - Overall progress: Parsed 1,176,000, Indexed 0, Queue: 79
2025-10-02 16:23:02,047 - INFO - POST http://localhost:9200/_bulk [status:200 request:5.995s]
2025-10-02 16:23:02,380 - INFO - Progress: 1,000,000 indexed, 0 failed, Rate: 11028.1 docs/sec, Queue: 80, Elapsed: 90.7s
2025-10-02 16:23:02,423 - INFO - === METRICS ES CONSUMER AT 1000000 DOCS ===
2025-10-02 16:23:02,423 - INFO - Process Memory:
2025-10-02 16:23:02,423 - INFO -   RSS: 5.26 GB
2025-10-02 16:23:02,423 - INFO -   VMS: 9.25 GB
2025-10-02 16:23:02,423 - INFO -   % of System: 0.6%
2025-10-02 16:23:02,423 - INFO - System Memory:
2025-10-02 16:23:02,423 - INFO -   Total Used: 15.0%
2025-10-02 16:23:02,424 - INFO -   Available: 726.17 GB
2025-10-02 16:23:02,424 - INFO -   Cached: 32.94 GB
2025-10-02 16:23:03,415 - INFO - POST http://localhost:9200/_bulk [status:200 request:5.828s]
2025-10-02 16:23:03,736 - INFO - CPU:
2025-10-02 16:23:03,740 - INFO -   Process usage: 102.3%
2025-10-02 16:23:03,741 - INFO -   Threads: 38
2025-10-02 16:23:03,741 - INFO -   Allocated cores: 288 (IDs: [0, 1, 2, 3, 4]...)
2025-10-02 16:23:03,748 - INFO - Process I/O:
2025-10-02 16:23:03,753 - INFO -   Read: 0.00 GB
2025-10-02 16:23:03,758 - INFO -   Write: 0.00 GB
2025-10-02 16:23:03,763 - INFO - ==================================================
2025-10-02 16:23:03,855 - INFO - Progress: 1,010,000 indexed, 0 failed, Rate: 10960.2 docs/sec, Queue: 80, Elapsed: 92.2s
2025-10-02 16:23:03,882 - INFO - Progress: 1,020,000 indexed, 0 failed, Rate: 11065.5 docs/sec, Queue: 80, Elapsed: 92.2s
2025-10-02 16:23:03,891 - INFO - Progress: 1,030,000 indexed, 0 failed, Rate: 11172.9 docs/sec, Queue: 80, Elapsed: 92.2s
2025-10-02 16:23:07,188 - INFO - POST http://localhost:9200/_bulk [status:200 request:8.170s]
2025-10-02 16:23:07,577 - INFO - Progress: 1,040,000 indexed, 0 failed, Rate: 10847.6 docs/sec, Queue: 80, Elapsed: 95.9s
2025-10-02 16:23:07,624 - INFO - POST http://localhost:9200/_bulk [status:200 request:6.333s]
2025-10-02 16:23:07,813 - INFO - POST http://localhost:9200/_bulk [status:200 request:3.369s]
2025-10-02 16:23:08,380 - INFO - Worker 1: Parsed 600,000 documents
2025-10-02 16:23:08,443 - INFO - Worker 0: Parsed 650,000 documents
2025-10-02 16:23:09,254 - INFO - POST http://localhost:9200/_bulk [status:200 request:9.104s]
2025-10-02 16:23:09,578 - INFO - POST http://localhost:9200/_bulk [status:200 request:4.083s]
2025-10-02 16:23:09,825 - INFO - Progress: 1,050,000 indexed, 0 failed, Rate: 10701.1 docs/sec, Queue: 80, Elapsed: 98.1s
2025-10-02 16:23:09,838 - INFO - Progress: 1,060,000 indexed, 0 failed, Rate: 10801.4 docs/sec, Queue: 80, Elapsed: 98.1s
2025-10-02 16:23:09,934 - INFO - Progress: 1,070,000 indexed, 0 failed, Rate: 10892.8 docs/sec, Queue: 80, Elapsed: 98.2s
2025-10-02 16:23:09,942 - INFO - Progress: 1,080,000 indexed, 0 failed, Rate: 10993.6 docs/sec, Queue: 80, Elapsed: 98.2s
2025-10-02 16:23:10,371 - INFO - POST http://localhost:9200/_bulk [status:200 request:3.822s]
2025-10-02 16:23:11,016 - INFO - POST http://localhost:9200/_bulk [status:200 request:8.279s]
2025-10-02 16:23:11,433 - INFO - Progress: 1,090,000 indexed, 0 failed, Rate: 10929.6 docs/sec, Queue: 80, Elapsed: 99.7s
2025-10-02 16:23:11,441 - INFO - Progress: 1,100,000 indexed, 0 failed, Rate: 11028.9 docs/sec, Queue: 80, Elapsed: 99.7s
2025-10-02 16:23:11,459 - INFO - === METRICS ES CONSUMER AT 1100000 DOCS ===
2025-10-02 16:23:11,465 - INFO - Process Memory:
2025-10-02 16:23:11,470 - INFO -   RSS: 4.53 GB
2025-10-02 16:23:11,476 - INFO -   VMS: 8.57 GB
2025-10-02 16:23:11,496 - INFO -   % of System: 0.5%
2025-10-02 16:23:11,501 - INFO - System Memory:
2025-10-02 16:23:11,506 - INFO -   Total Used: 15.0%
2025-10-02 16:23:11,512 - INFO -   Available: 726.31 GB
2025-10-02 16:23:11,517 - INFO -   Cached: 32.90 GB
2025-10-02 16:23:11,977 - INFO - Overall progress: Parsed 1,280,000, Indexed 0, Queue: 80
2025-10-02 16:23:12,252 - INFO - POST http://localhost:9200/_bulk [status:200 request:3.507s]
2025-10-02 16:23:12,619 - INFO - CPU:
2025-10-02 16:23:12,624 - INFO -   Process usage: 106.4%
2025-10-02 16:23:12,629 - INFO -   Threads: 38
2025-10-02 16:23:12,632 - INFO -   Allocated cores: 288 (IDs: [0, 1, 2, 3, 4]...)
2025-10-02 16:23:12,632 - INFO - Process I/O:
2025-10-02 16:23:12,632 - INFO -   Read: 0.00 GB
2025-10-02 16:23:12,632 - INFO -   Write: 0.00 GB
2025-10-02 16:23:12,632 - INFO - ==================================================
2025-10-02 16:23:12,748 - INFO - Progress: 1,110,000 indexed, 0 failed, Rate: 10985.2 docs/sec, Queue: 80, Elapsed: 101.0s
2025-10-02 16:23:12,786 - INFO - Progress: 1,120,000 indexed, 0 failed, Rate: 11080.1 docs/sec, Queue: 80, Elapsed: 101.1s
2025-10-02 16:23:12,795 - INFO - Progress: 1,130,000 indexed, 0 failed, Rate: 11178.0 docs/sec, Queue: 80, Elapsed: 101.1s
2025-10-02 16:23:12,832 - INFO - Progress: 1,140,000 indexed, 0 failed, Rate: 11272.8 docs/sec, Queue: 80, Elapsed: 101.1s
2025-10-02 16:23:12,840 - INFO - Progress: 1,150,000 indexed, 0 failed, Rate: 11370.7 docs/sec, Queue: 80, Elapsed: 101.1s
2025-10-02 16:23:12,875 - INFO - Progress: 1,160,000 indexed, 0 failed, Rate: 11465.6 docs/sec, Queue: 80, Elapsed: 101.2s
2025-10-02 16:23:12,884 - INFO - Progress: 1,170,000 indexed, 0 failed, Rate: 11563.5 docs/sec, Queue: 80, Elapsed: 101.2s
2025-10-02 16:23:14,246 - INFO - POST http://localhost:9200/_bulk [status:200 request:3.291s]
2025-10-02 16:23:14,581 - INFO - Progress: 1,180,000 indexed, 0 failed, Rate: 11470.0 docs/sec, Queue: 80, Elapsed: 102.9s
2025-10-02 16:23:16,405 - INFO - POST http://localhost:9200/_bulk [status:200 request:3.293s]
2025-10-02 16:23:16,725 - INFO - Progress: 1,190,000 indexed, 0 failed, Rate: 11331.0 docs/sec, Queue: 80, Elapsed: 105.0s
2025-10-02 16:23:16,729 - INFO - Progress: 1,200,000 indexed, 0 failed, Rate: 11425.8 docs/sec, Queue: 80, Elapsed: 105.0s
2025-10-02 16:23:16,762 - INFO - === METRICS ES CONSUMER AT 1200000 DOCS ===
2025-10-02 16:23:16,767 - INFO - Process Memory:
2025-10-02 16:23:16,773 - INFO -   RSS: 4.53 GB
2025-10-02 16:23:16,778 - INFO -   VMS: 8.56 GB
2025-10-02 16:23:16,788 - INFO -   % of System: 0.5%
2025-10-02 16:23:16,788 - INFO - System Memory:
2025-10-02 16:23:16,788 - INFO -   Total Used: 15.0%
2025-10-02 16:23:16,788 - INFO -   Available: 726.10 GB
2025-10-02 16:23:16,788 - INFO -   Cached: 33.36 GB
2025-10-02 16:23:17,669 - INFO - Worker 0: Parsed 700,000 documents
2025-10-02 16:23:17,820 - INFO - CPU:
2025-10-02 16:23:17,826 - INFO -   Process usage: 101.4%
2025-10-02 16:23:17,827 - INFO -   Threads: 38
2025-10-02 16:23:17,827 - INFO -   Allocated cores: 288 (IDs: [0, 1, 2, 3, 4]...)
2025-10-02 16:23:17,828 - INFO - Process I/O:
2025-10-02 16:23:17,828 - INFO -   Read: 0.00 GB
2025-10-02 16:23:17,828 - INFO -   Write: 0.00 GB
2025-10-02 16:23:17,828 - INFO - ==================================================
2025-10-02 16:23:17,893 - INFO - Worker 1: Parsed 650,000 documents
2025-10-02 16:23:17,978 - INFO - POST http://localhost:9200/_bulk [status:200 request:3.759s]
2025-10-02 16:23:18,315 - INFO - Progress: 1,210,000 indexed, 0 failed, Rate: 11349.7 docs/sec, Queue: 80, Elapsed: 106.6s
2025-10-02 16:23:18,323 - INFO - Progress: 1,220,000 indexed, 0 failed, Rate: 11442.5 docs/sec, Queue: 80, Elapsed: 106.6s
2025-10-02 16:23:19,087 - INFO - POST http://localhost:9200/_bulk [status:200 request:3.403s]
2025-10-02 16:23:19,432 - INFO - Progress: 1,230,000 indexed, 0 failed, Rate: 11417.6 docs/sec, Queue: 80, Elapsed: 107.7s
2025-10-02 16:23:19,441 - INFO - Progress: 1,240,000 indexed, 0 failed, Rate: 11509.5 docs/sec, Queue: 80, Elapsed: 107.7s
2025-10-02 16:23:21,738 - INFO - POST http://localhost:9200/_bulk [status:200 request:4.518s]
2025-10-02 16:23:22,062 - INFO - Progress: 1,250,000 indexed, 0 failed, Rate: 11326.7 docs/sec, Queue: 80, Elapsed: 110.4s
2025-10-02 16:23:22,073 - INFO - Overall progress: Parsed 1,397,000, Indexed 0, Queue: 80
2025-10-02 16:23:22,845 - INFO - POST http://localhost:9200/_bulk [status:200 request:4.108s]
2025-10-02 16:23:23,208 - INFO - Progress: 1,260,000 indexed, 0 failed, Rate: 11300.0 docs/sec, Queue: 80, Elapsed: 111.5s
2025-10-02 16:23:23,217 - INFO - Progress: 1,270,000 indexed, 0 failed, Rate: 11388.8 docs/sec, Queue: 80, Elapsed: 111.5s
2025-10-02 16:23:23,982 - INFO - POST http://localhost:9200/_bulk [status:200 request:3.747s]
2025-10-02 16:23:24,328 - INFO - Progress: 1,280,000 indexed, 0 failed, Rate: 11365.2 docs/sec, Queue: 80, Elapsed: 112.6s
2025-10-02 16:23:24,336 - INFO - Progress: 1,290,000 indexed, 0 failed, Rate: 11453.1 docs/sec, Queue: 80, Elapsed: 112.6s
2025-10-02 16:23:24,857 - INFO - POST http://localhost:9200/_bulk [status:200 request:3.482s]
2025-10-02 16:23:25,190 - INFO - Progress: 1,300,000 indexed, 0 failed, Rate: 11455.1 docs/sec, Queue: 80, Elapsed: 113.5s
2025-10-02 16:23:25,227 - INFO - === METRICS ES CONSUMER AT 1300000 DOCS ===
2025-10-02 16:23:25,227 - INFO - Process Memory:
2025-10-02 16:23:25,227 - INFO -   RSS: 4.54 GB
2025-10-02 16:23:25,228 - INFO -   VMS: 8.56 GB
2025-10-02 16:23:25,228 - INFO -   % of System: 0.5%
2025-10-02 16:23:25,228 - INFO - System Memory:
2025-10-02 16:23:25,228 - INFO -   Total Used: 15.0%
2025-10-02 16:23:25,228 - INFO -   Available: 725.91 GB
2025-10-02 16:23:25,228 - INFO -   Cached: 34.31 GB
2025-10-02 16:23:26,275 - INFO - CPU:
2025-10-02 16:23:26,277 - INFO -   Process usage: 100.5%
2025-10-02 16:23:26,277 - INFO -   Threads: 38
2025-10-02 16:23:26,278 - INFO -   Allocated cores: 288 (IDs: [0, 1, 2, 3, 4]...)
2025-10-02 16:23:26,278 - INFO - Process I/O:
2025-10-02 16:23:26,278 - INFO -   Read: 0.00 GB
2025-10-02 16:23:26,278 - INFO -   Write: 0.00 GB
2025-10-02 16:23:26,278 - INFO - ==================================================
2025-10-02 16:23:26,413 - INFO - POST http://localhost:9200/_bulk [status:200 request:3.579s]
2025-10-02 16:23:26,662 - INFO - Progress: 1,310,000 indexed, 0 failed, Rate: 11395.4 docs/sec, Queue: 80, Elapsed: 115.0s
2025-10-02 16:23:26,666 - INFO - Progress: 1,320,000 indexed, 0 failed, Rate: 11482.0 docs/sec, Queue: 80, Elapsed: 115.0s
2025-10-02 16:23:26,917 - INFO - Worker 0: Parsed 750,000 documents
2025-10-02 16:23:27,093 - INFO - Worker 1: Parsed 700,000 documents
2025-10-02 16:23:28,128 - INFO - POST http://localhost:9200/_bulk [status:200 request:3.406s]
2025-10-02 16:23:28,459 - INFO - Progress: 1,330,000 indexed, 0 failed, Rate: 11391.3 docs/sec, Queue: 80, Elapsed: 116.8s
2025-10-02 16:23:28,468 - INFO - Progress: 1,340,000 indexed, 0 failed, Rate: 11476.1 docs/sec, Queue: 80, Elapsed: 116.8s
2025-10-02 16:23:32,109 - INFO - Overall progress: Parsed 1,522,000, Indexed 0, Queue: 80
2025-10-02 16:23:33,275 - INFO - Worker 0: Parsed 800,000 documents
2025-10-02 16:23:33,886 - INFO - POST http://localhost:9200/_bulk [status:200 request:6.092s]
2025-10-02 16:23:34,587 - INFO - Worker 1: Parsed 750,000 documents
2025-10-02 16:23:35,400 - INFO - POST http://localhost:9200/_bulk [status:200 request:9.111s]
2025-10-02 16:23:35,700 - INFO - Progress: 1,350,000 indexed, 0 failed, Rate: 10887.4 docs/sec, Queue: 80, Elapsed: 124.0s
2025-10-02 16:23:35,708 - INFO - Progress: 1,360,000 indexed, 0 failed, Rate: 10967.3 docs/sec, Queue: 80, Elapsed: 124.0s
2025-10-02 16:23:35,733 - INFO - Progress: 1,370,000 indexed, 0 failed, Rate: 11045.7 docs/sec, Queue: 80, Elapsed: 124.0s
2025-10-02 16:23:35,994 - INFO - POST http://localhost:9200/_bulk [status:200 request:4.427s]
2025-10-02 16:23:36,405 - INFO - POST http://localhost:9200/_bulk [status:200 request:7.065s]
2025-10-02 16:23:36,744 - INFO - POST http://localhost:9200/_bulk [status:200 request:6.255s]
2025-10-02 16:23:36,973 - INFO - Progress: 1,380,000 indexed, 0 failed, Rate: 11016.3 docs/sec, Queue: 80, Elapsed: 125.3s
2025-10-02 16:23:36,987 - INFO - Progress: 1,390,000 indexed, 0 failed, Rate: 11094.8 docs/sec, Queue: 80, Elapsed: 125.3s
2025-10-02 16:23:37,122 - INFO - Progress: 1,400,000 indexed, 0 failed, Rate: 11162.6 docs/sec, Queue: 80, Elapsed: 125.4s
2025-10-02 16:23:37,131 - INFO - === METRICS ES CONSUMER AT 1400000 DOCS ===
2025-10-02 16:23:37,131 - INFO - Process Memory:
2025-10-02 16:23:37,138 - INFO -   RSS: 5.04 GB
2025-10-02 16:23:37,143 - INFO -   VMS: 9.04 GB
2025-10-02 16:23:37,163 - INFO -   % of System: 0.6%
2025-10-02 16:23:37,168 - INFO - System Memory:
2025-10-02 16:23:37,174 - INFO -   Total Used: 15.2%
2025-10-02 16:23:37,179 - INFO -   Available: 724.59 GB
2025-10-02 16:23:37,184 - INFO -   Cached: 35.15 GB
2025-10-02 16:23:38,239 - INFO - CPU:
2025-10-02 16:23:38,244 - INFO -   Process usage: 101.6%
2025-10-02 16:23:38,249 - INFO -   Threads: 38
2025-10-02 16:23:38,252 - INFO -   Allocated cores: 288 (IDs: [0, 1, 2, 3, 4]...)
2025-10-02 16:23:38,253 - INFO - Process I/O:
2025-10-02 16:23:38,253 - INFO -   Read: 0.00 GB
2025-10-02 16:23:38,253 - INFO -   Write: 0.00 GB
2025-10-02 16:23:38,253 - INFO - ==================================================
2025-10-02 16:23:38,335 - INFO - Progress: 1,410,000 indexed, 0 failed, Rate: 11134.6 docs/sec, Queue: 80, Elapsed: 126.6s
2025-10-02 16:23:38,364 - INFO - Progress: 1,420,000 indexed, 0 failed, Rate: 11211.1 docs/sec, Queue: 80, Elapsed: 126.7s
2025-10-02 16:23:38,372 - INFO - Progress: 1,430,000 indexed, 0 failed, Rate: 11289.3 docs/sec, Queue: 80, Elapsed: 126.7s
2025-10-02 16:23:38,897 - INFO - POST http://localhost:9200/_bulk [status:200 request:3.507s]
2025-10-02 16:23:39,377 - INFO - POST http://localhost:9200/_bulk [status:200 request:6.650s]
2025-10-02 16:23:39,684 - INFO - Progress: 1,440,000 indexed, 0 failed, Rate: 11251.7 docs/sec, Queue: 80, Elapsed: 128.0s
2025-10-02 16:23:39,693 - INFO - Progress: 1,450,000 indexed, 0 failed, Rate: 11329.0 docs/sec, Queue: 80, Elapsed: 128.0s
2025-10-02 16:23:41,840 - INFO - POST http://localhost:9200/_bulk [status:200 request:7.950s]
2025-10-02 16:23:42,184 - INFO - Progress: 1,460,000 indexed, 0 failed, Rate: 11189.4 docs/sec, Queue: 80, Elapsed: 130.5s
2025-10-02 16:23:42,185 - INFO - Overall progress: Parsed 1,631,000, Indexed 0, Queue: 80
2025-10-02 16:23:42,198 - INFO - Progress: 1,470,000 indexed, 0 failed, Rate: 11264.8 docs/sec, Queue: 80, Elapsed: 130.5s
2025-10-02 16:23:42,202 - INFO - Progress: 1,480,000 indexed, 0 failed, Rate: 11341.1 docs/sec, Queue: 80, Elapsed: 130.5s
2025-10-02 16:23:42,416 - INFO - POST http://localhost:9200/_bulk [status:200 request:4.348s]
2025-10-02 16:23:42,766 - INFO - Progress: 1,490,000 indexed, 0 failed, Rate: 11368.6 docs/sec, Queue: 80, Elapsed: 131.1s
2025-10-02 16:23:42,774 - INFO - Progress: 1,500,000 indexed, 0 failed, Rate: 11444.2 docs/sec, Queue: 80, Elapsed: 131.1s
2025-10-02 16:23:42,814 - INFO - === METRICS ES CONSUMER AT 1500000 DOCS ===
2025-10-02 16:23:42,814 - INFO - Process Memory:
2025-10-02 16:23:42,814 - INFO -   RSS: 4.56 GB
2025-10-02 16:23:42,814 - INFO -   VMS: 8.56 GB
2025-10-02 16:23:42,815 - INFO -   % of System: 0.5%
2025-10-02 16:23:42,815 - INFO - System Memory:
2025-10-02 16:23:42,815 - INFO -   Total Used: 15.2%
2025-10-02 16:23:42,815 - INFO -   Available: 724.49 GB
2025-10-02 16:23:42,815 - INFO -   Cached: 35.65 GB
2025-10-02 16:23:43,079 - INFO - Worker 0: Parsed 850,000 documents
2025-10-02 16:23:43,845 - INFO - CPU:
2025-10-02 16:23:43,845 - INFO -   Process usage: 101.3%
2025-10-02 16:23:43,845 - INFO -   Threads: 38
2025-10-02 16:23:43,845 - INFO -   Allocated cores: 288 (IDs: [0, 1, 2, 3, 4]...)
2025-10-02 16:23:43,846 - INFO - Process I/O:
2025-10-02 16:23:43,846 - INFO -   Read: 0.00 GB
2025-10-02 16:23:43,846 - INFO -   Write: 0.00 GB
2025-10-02 16:23:43,846 - INFO - ==================================================
2025-10-02 16:23:44,638 - INFO - Worker 1: Parsed 800,000 documents
2025-10-02 16:23:44,877 - INFO - POST http://localhost:9200/_bulk [status:200 request:4.893s]
2025-10-02 16:23:45,211 - INFO - Progress: 1,510,000 indexed, 0 failed, Rate: 11310.2 docs/sec, Queue: 80, Elapsed: 133.5s
2025-10-02 16:23:45,219 - INFO - Progress: 1,520,000 indexed, 0 failed, Rate: 11384.5 docs/sec, Queue: 80, Elapsed: 133.5s
2025-10-02 16:23:45,809 - INFO - POST http://localhost:9200/_bulk [status:200 request:4.660s]
2025-10-02 16:23:46,165 - INFO - Progress: 1,530,000 indexed, 0 failed, Rate: 11378.7 docs/sec, Queue: 80, Elapsed: 134.5s
2025-10-02 16:23:47,331 - INFO - POST http://localhost:9200/_bulk [status:200 request:4.306s]
2025-10-02 16:23:47,591 - INFO - Progress: 1,540,000 indexed, 0 failed, Rate: 11332.9 docs/sec, Queue: 80, Elapsed: 135.9s
2025-10-02 16:23:47,595 - INFO - Progress: 1,550,000 indexed, 0 failed, Rate: 11406.1 docs/sec, Queue: 80, Elapsed: 135.9s
2025-10-02 16:23:47,788 - INFO - POST http://localhost:9200/_bulk [status:200 request:3.555s]
2025-10-02 16:23:48,067 - INFO - Progress: 1,560,000 indexed, 0 failed, Rate: 11440.0 docs/sec, Queue: 80, Elapsed: 136.4s
2025-10-02 16:23:48,073 - INFO - Progress: 1,570,000 indexed, 0 failed, Rate: 11512.8 docs/sec, Queue: 80, Elapsed: 136.4s
2025-10-02 16:23:49,479 - INFO - POST http://localhost:9200/_bulk [status:200 request:3.747s]
2025-10-02 16:23:49,814 - INFO - Progress: 1,580,000 indexed, 0 failed, Rate: 11440.1 docs/sec, Queue: 80, Elapsed: 138.1s
2025-10-02 16:23:49,822 - INFO - Progress: 1,590,000 indexed, 0 failed, Rate: 11511.8 docs/sec, Queue: 80, Elapsed: 138.1s
2025-10-02 16:23:50,751 - INFO - POST http://localhost:9200/_bulk [status:200 request:3.552s]
2025-10-02 16:23:51,051 - INFO - Progress: 1,600,000 indexed, 0 failed, Rate: 11482.1 docs/sec, Queue: 80, Elapsed: 139.3s
2025-10-02 16:23:51,085 - INFO - === METRICS ES CONSUMER AT 1600000 DOCS ===
2025-10-02 16:23:51,090 - INFO - Process Memory:
2025-10-02 16:23:51,095 - INFO -   RSS: 4.58 GB
2025-10-02 16:23:51,100 - INFO -   VMS: 8.55 GB
2025-10-02 16:23:51,114 - INFO -   % of System: 0.5%
2025-10-02 16:23:51,114 - INFO - System Memory:
2025-10-02 16:23:51,114 - INFO -   Total Used: 15.3%
2025-10-02 16:23:51,114 - INFO -   Available: 723.78 GB
2025-10-02 16:23:51,114 - INFO -   Cached: 36.97 GB
2025-10-02 16:23:51,691 - INFO - Worker 0: Parsed 900,000 documents
2025-10-02 16:23:52,145 - INFO - CPU:
2025-10-02 16:23:52,145 - INFO -   Process usage: 100.5%
2025-10-02 16:23:52,145 - INFO -   Threads: 38
2025-10-02 16:23:52,145 - INFO -   Allocated cores: 288 (IDs: [0, 1, 2, 3, 4]...)
2025-10-02 16:23:52,146 - INFO - Process I/O:
2025-10-02 16:23:52,146 - INFO -   Read: 0.00 GB
2025-10-02 16:23:52,204 - INFO -   Write: 0.00 GB
2025-10-02 16:23:52,210 - INFO - ==================================================
2025-10-02 16:23:52,266 - INFO - Overall progress: Parsed 1,742,000, Indexed 0, Queue: 80
2025-10-02 16:23:52,750 - INFO - POST http://localhost:9200/_bulk [status:200 request:3.597s]
2025-10-02 16:23:53,063 - INFO - Progress: 1,610,000 indexed, 0 failed, Rate: 11389.4 docs/sec, Queue: 80, Elapsed: 141.4s
2025-10-02 16:23:53,071 - INFO - Progress: 1,620,000 indexed, 0 failed, Rate: 11459.5 docs/sec, Queue: 80, Elapsed: 141.4s
2025-10-02 16:23:54,013 - INFO - Worker 1: Parsed 850,000 documents
2025-10-02 16:23:54,523 - INFO - POST http://localhost:9200/_bulk [status:200 request:3.790s]
2025-10-02 16:23:54,880 - INFO - Progress: 1,630,000 indexed, 0 failed, Rate: 11384.5 docs/sec, Queue: 80, Elapsed: 143.2s
2025-10-02 16:23:54,884 - INFO - Progress: 1,640,000 indexed, 0 failed, Rate: 11454.1 docs/sec, Queue: 80, Elapsed: 143.2s
2025-10-02 16:23:55,644 - INFO - POST http://localhost:9200/_bulk [status:200 request:3.459s]
2025-10-02 16:23:55,966 - INFO - Progress: 1,650,000 indexed, 0 failed, Rate: 11437.5 docs/sec, Queue: 80, Elapsed: 144.3s
2025-10-02 16:23:55,970 - INFO - Progress: 1,660,000 indexed, 0 failed, Rate: 11506.5 docs/sec, Queue: 80, Elapsed: 144.3s
2025-10-02 16:23:57,397 - INFO - POST http://localhost:9200/_bulk [status:200 request:3.611s]
2025-10-02 16:23:57,724 - INFO - Progress: 1,670,000 indexed, 0 failed, Rate: 11436.8 docs/sec, Queue: 80, Elapsed: 146.0s
2025-10-02 16:23:59,717 - INFO - Worker 0: Parsed 950,000 documents
2025-10-02 16:24:00,410 - INFO - POST http://localhost:9200/_bulk [status:200 request:5.074s]
2025-10-02 16:24:00,734 - INFO - Progress: 1,680,000 indexed, 0 failed, Rate: 11272.8 docs/sec, Queue: 80, Elapsed: 149.0s
2025-10-02 16:24:00,738 - INFO - Progress: 1,690,000 indexed, 0 failed, Rate: 11339.7 docs/sec, Queue: 80, Elapsed: 149.0s
2025-10-02 16:24:02,144 - INFO - POST http://localhost:9200/_bulk [status:200 request:3.866s]
2025-10-02 16:24:02,406 - INFO - Overall progress: Parsed 1,863,000, Indexed 0, Queue: 80
2025-10-02 16:24:02,699 - INFO - Worker 1: Parsed 900,000 documents
2025-10-02 16:24:04,081 - INFO - POST http://localhost:9200/_bulk [status:200 request:7.288s]
2025-10-02 16:24:04,324 - INFO - Progress: 1,700,000 indexed, 0 failed, Rate: 11138.7 docs/sec, Queue: 80, Elapsed: 152.6s
2025-10-02 16:24:04,372 - INFO - === METRICS ES CONSUMER AT 1700000 DOCS ===
2025-10-02 16:24:04,378 - INFO - Process Memory:
2025-10-02 16:24:04,382 - INFO -   RSS: 5.56 GB
2025-10-02 16:24:04,382 - INFO -   VMS: 9.52 GB
2025-10-02 16:24:04,382 - INFO -   % of System: 0.7%
2025-10-02 16:24:04,382 - INFO - System Memory:
2025-10-02 16:24:04,383 - INFO -   Total Used: 15.5%
2025-10-02 16:24:04,383 - INFO -   Available: 721.71 GB
2025-10-02 16:24:04,383 - INFO -   Cached: 38.54 GB
2025-10-02 16:24:05,420 - INFO - CPU:
2025-10-02 16:24:05,423 - INFO -   Process usage: 101.3%
2025-10-02 16:24:05,423 - INFO -   Threads: 38
2025-10-02 16:24:05,423 - INFO -   Allocated cores: 288 (IDs: [0, 1, 2, 3, 4]...)
2025-10-02 16:24:05,424 - INFO - Process I/O:
2025-10-02 16:24:05,424 - INFO -   Read: 0.00 GB
2025-10-02 16:24:05,424 - INFO -   Write: 0.00 GB
2025-10-02 16:24:05,424 - INFO - ==================================================
2025-10-02 16:24:05,518 - INFO - Progress: 1,710,000 indexed, 0 failed, Rate: 11117.3 docs/sec, Queue: 80, Elapsed: 153.8s
2025-10-02 16:24:05,543 - INFO - Progress: 1,720,000 indexed, 0 failed, Rate: 11180.5 docs/sec, Queue: 80, Elapsed: 153.8s
2025-10-02 16:24:06,861 - INFO - POST http://localhost:9200/_bulk [status:200 request:7.409s]
2025-10-02 16:24:07,219 - INFO - Progress: 1,730,000 indexed, 0 failed, Rate: 11124.3 docs/sec, Queue: 80, Elapsed: 155.5s
2025-10-02 16:24:07,227 - INFO - Progress: 1,740,000 indexed, 0 failed, Rate: 11188.0 docs/sec, Queue: 80, Elapsed: 155.5s
2025-10-02 16:24:07,826 - INFO - Worker 0: Parsed 1,000,000 documents
2025-10-02 16:24:08,200 - INFO - POST http://localhost:9200/_bulk [status:200 request:7.232s]
2025-10-02 16:24:08,374 - INFO - POST http://localhost:9200/_bulk [status:200 request:6.127s]
2025-10-02 16:24:08,828 - INFO - Progress: 1,750,000 indexed, 0 failed, Rate: 11137.6 docs/sec, Queue: 80, Elapsed: 157.1s
2025-10-02 16:24:08,837 - INFO - Progress: 1,760,000 indexed, 0 failed, Rate: 11200.7 docs/sec, Queue: 80, Elapsed: 157.1s
2025-10-02 16:24:08,866 - INFO - Progress: 1,770,000 indexed, 0 failed, Rate: 11262.2 docs/sec, Queue: 80, Elapsed: 157.2s
2025-10-02 16:24:08,874 - INFO - Progress: 1,780,000 indexed, 0 failed, Rate: 11325.2 docs/sec, Queue: 80, Elapsed: 157.2s
2025-10-02 16:24:09,068 - INFO - POST http://localhost:9200/_bulk [status:200 request:3.897s]
2025-10-02 16:24:09,942 - INFO - POST http://localhost:9200/_bulk [status:200 request:6.351s]
2025-10-02 16:24:10,426 - INFO - POST http://localhost:9200/_bulk [status:200 request:4.068s]
2025-10-02 16:24:10,430 - INFO - Progress: 1,790,000 indexed, 0 failed, Rate: 11277.3 docs/sec, Queue: 80, Elapsed: 158.7s
2025-10-02 16:24:10,668 - INFO - Progress: 1,800,000 indexed, 0 failed, Rate: 11323.2 docs/sec, Queue: 80, Elapsed: 159.0s
2025-10-02 16:24:10,761 - INFO - === METRICS ES CONSUMER AT 1800000 DOCS ===
2025-10-02 16:24:10,766 - INFO - Process Memory:
2025-10-02 16:24:10,771 - INFO -   RSS: 4.60 GB
2025-10-02 16:24:10,776 - INFO -   VMS: 8.55 GB
2025-10-02 16:24:10,797 - INFO -   % of System: 0.5%
2025-10-02 16:24:10,802 - INFO - System Memory:
2025-10-02 16:24:10,807 - INFO -   Total Used: 15.5%
2025-10-02 16:24:10,812 - INFO -   Available: 721.86 GB
2025-10-02 16:24:10,815 - INFO -   Cached: 38.92 GB
2025-10-02 16:24:11,843 - INFO - CPU:
2025-10-02 16:24:11,843 - INFO -   Process usage: 100.4%
2025-10-02 16:24:11,843 - INFO -   Threads: 38
2025-10-02 16:24:11,843 - INFO -   Allocated cores: 288 (IDs: [0, 1, 2, 3, 4]...)
2025-10-02 16:24:11,843 - INFO - Process I/O:
2025-10-02 16:24:11,844 - INFO -   Read: 0.00 GB
2025-10-02 16:24:11,844 - INFO -   Write: 0.00 GB
2025-10-02 16:24:11,844 - INFO - ==================================================
2025-10-02 16:24:11,909 - INFO - Progress: 1,810,000 indexed, 0 failed, Rate: 11298.0 docs/sec, Queue: 80, Elapsed: 160.2s
2025-10-02 16:24:11,950 - INFO - Progress: 1,820,000 indexed, 0 failed, Rate: 11357.5 docs/sec, Queue: 80, Elapsed: 160.2s
2025-10-02 16:24:11,998 - INFO - Progress: 1,830,000 indexed, 0 failed, Rate: 11416.5 docs/sec, Queue: 80, Elapsed: 160.3s
2025-10-02 16:24:12,131 - INFO - POST http://localhost:9200/_bulk [status:200 request:4.329s]
2025-10-02 16:24:12,395 - INFO - Progress: 1,840,000 indexed, 0 failed, Rate: 11450.5 docs/sec, Queue: 80, Elapsed: 160.7s
2025-10-02 16:24:12,406 - INFO - Worker 1: Parsed 950,000 documents
2025-10-02 16:24:12,538 - INFO - Overall progress: Parsed 1,968,000, Indexed 0, Queue: 80
2025-10-02 16:24:14,502 - INFO - POST http://localhost:9200/_bulk [status:200 request:4.114s]
2025-10-02 16:24:14,834 - INFO - Progress: 1,850,000 indexed, 0 failed, Rate: 11340.6 docs/sec, Queue: 80, Elapsed: 163.1s
2025-10-02 16:24:14,841 - INFO - Progress: 1,860,000 indexed, 0 failed, Rate: 11401.4 docs/sec, Queue: 80, Elapsed: 163.1s
2025-10-02 16:24:16,173 - INFO - POST http://localhost:9200/_bulk [status:200 request:4.048s]
2025-10-02 16:24:16,443 - INFO - Progress: 1,870,000 indexed, 0 failed, Rate: 11351.2 docs/sec, Queue: 80, Elapsed: 164.7s
2025-10-02 16:24:16,452 - INFO - Progress: 1,880,000 indexed, 0 failed, Rate: 11411.3 docs/sec, Queue: 80, Elapsed: 164.7s
2025-10-02 16:24:17,247 - INFO - POST http://localhost:9200/_bulk [status:200 request:3.639s]
2025-10-02 16:24:17,592 - INFO - Progress: 1,890,000 indexed, 0 failed, Rate: 11393.2 docs/sec, Queue: 80, Elapsed: 165.9s
2025-10-02 16:24:17,601 - INFO - Progress: 1,900,000 indexed, 0 failed, Rate: 11452.9 docs/sec, Queue: 80, Elapsed: 165.9s
2025-10-02 16:24:17,635 - INFO - === METRICS ES CONSUMER AT 1900000 DOCS ===
2025-10-02 16:24:17,640 - INFO - Process Memory:
2025-10-02 16:24:17,645 - INFO -   RSS: 4.60 GB
2025-10-02 16:24:17,650 - INFO -   VMS: 8.55 GB
2025-10-02 16:24:17,671 - INFO -   % of System: 0.5%
2025-10-02 16:24:17,676 - INFO - System Memory:
2025-10-02 16:24:17,681 - INFO -   Total Used: 15.5%
2025-10-02 16:24:17,686 - INFO -   Available: 722.05 GB
2025-10-02 16:24:17,686 - INFO -   Cached: 39.85 GB
2025-10-02 16:24:17,761 - INFO - Worker 0: Parsed 1,050,000 documents
2025-10-02 16:24:18,723 - INFO - CPU:
2025-10-02 16:24:18,729 - INFO -   Process usage: 101.4%
2025-10-02 16:24:18,730 - INFO -   Threads: 38
2025-10-02 16:24:18,730 - INFO -   Allocated cores: 288 (IDs: [0, 1, 2, 3, 4]...)
2025-10-02 16:24:18,730 - INFO - Process I/O:
2025-10-02 16:24:18,731 - INFO -   Read: 0.00 GB
2025-10-02 16:24:18,731 - INFO -   Write: 0.00 GB
2025-10-02 16:24:18,731 - INFO - ==================================================
2025-10-02 16:24:18,843 - INFO - POST http://localhost:9200/_bulk [status:200 request:3.701s]
2025-10-02 16:24:19,200 - INFO - Progress: 1,910,000 indexed, 0 failed, Rate: 11403.2 docs/sec, Queue: 80, Elapsed: 167.5s
2025-10-02 16:24:19,206 - INFO - Progress: 1,920,000 indexed, 0 failed, Rate: 11462.5 docs/sec, Queue: 80, Elapsed: 167.5s
2025-10-02 16:24:20,247 - INFO - POST http://localhost:9200/_bulk [status:200 request:3.548s]
2025-10-02 16:24:20,588 - INFO - Progress: 1,930,000 indexed, 0 failed, Rate: 11427.9 docs/sec, Queue: 80, Elapsed: 168.9s
2025-10-02 16:24:20,778 - INFO - Worker 1: Parsed 1,000,000 documents
2025-10-02 16:24:21,543 - INFO - POST http://localhost:9200/_bulk [status:200 request:3.282s]
2025-10-02 16:24:21,908 - INFO - Progress: 1,940,000 indexed, 0 failed, Rate: 11398.1 docs/sec, Queue: 80, Elapsed: 170.2s
2025-10-02 16:24:21,917 - INFO - Progress: 1,950,000 indexed, 0 failed, Rate: 11456.2 docs/sec, Queue: 80, Elapsed: 170.2s
2025-10-02 16:24:22,559 - INFO - Overall progress: Parsed 2,086,000, Indexed 0, Queue: 80
2025-10-02 16:24:24,699 - INFO - POST http://localhost:9200/_bulk [status:200 request:4.887s]
2025-10-02 16:24:25,057 - INFO - Progress: 1,960,000 indexed, 0 failed, Rate: 11306.4 docs/sec, Queue: 80, Elapsed: 173.4s
2025-10-02 16:24:25,065 - INFO - Progress: 1,970,000 indexed, 0 failed, Rate: 11363.5 docs/sec, Queue: 80, Elapsed: 173.4s
2025-10-02 16:24:25,824 - INFO - POST http://localhost:9200/_bulk [status:200 request:4.476s]
2025-10-02 16:24:26,171 - INFO - Progress: 1,980,000 indexed, 0 failed, Rate: 11348.8 docs/sec, Queue: 80, Elapsed: 174.5s
2025-10-02 16:24:26,180 - INFO - Progress: 1,990,000 indexed, 0 failed, Rate: 11405.6 docs/sec, Queue: 80, Elapsed: 174.5s
2025-10-02 16:24:26,303 - INFO - Worker 0: Parsed 1,100,000 documents
2025-10-02 16:24:28,849 - INFO - Worker 1: Parsed 1,050,000 documents
2025-10-02 16:24:29,534 - INFO - POST http://localhost:9200/_bulk [status:200 request:3.904s]
2025-10-02 16:24:30,177 - INFO - POST http://localhost:9200/_bulk [status:200 request:7.229s]
2025-10-02 16:24:30,481 - INFO - Progress: 2,000,000 indexed, 0 failed, Rate: 11187.1 docs/sec, Queue: 80, Elapsed: 178.8s
2025-10-02 16:24:30,536 - INFO - === METRICS ES CONSUMER AT 2000000 DOCS ===
2025-10-02 16:24:30,538 - INFO - Process Memory:
2025-10-02 16:24:30,538 - INFO -   RSS: 5.57 GB
2025-10-02 16:24:30,538 - INFO -   VMS: 9.51 GB
2025-10-02 16:24:30,539 - INFO -   % of System: 0.7%
2025-10-02 16:24:30,539 - INFO - System Memory:
2025-10-02 16:24:30,539 - INFO -   Total Used: 15.7%
2025-10-02 16:24:30,539 - INFO -   Available: 720.21 GB
2025-10-02 16:24:30,539 - INFO -   Cached: 41.93 GB
2025-10-02 16:24:31,489 - INFO - POST http://localhost:9200/_bulk [status:200 request:7.353s]
2025-10-02 16:24:31,711 - INFO - POST http://localhost:9200/_bulk [status:200 request:4.571s]
2025-10-02 16:24:32,063 - INFO - CPU:
2025-10-02 16:24:32,078 - INFO -   Process usage: 103.7%
2025-10-02 16:24:32,089 - INFO -   Threads: 38
2025-10-02 16:24:32,099 - INFO -   Allocated cores: 288 (IDs: [0, 1, 2, 3, 4]...)
2025-10-02 16:24:32,194 - INFO - Process I/O:
2025-10-02 16:24:32,194 - INFO -   Read: 0.00 GB
2025-10-02 16:24:32,194 - INFO -   Write: 0.00 GB
2025-10-02 16:24:32,194 - INFO - ==================================================
2025-10-02 16:24:32,331 - INFO - Progress: 2,010,000 indexed, 0 failed, Rate: 11127.8 docs/sec, Queue: 80, Elapsed: 180.6s
2025-10-02 16:24:32,340 - INFO - Progress: 2,020,000 indexed, 0 failed, Rate: 11182.6 docs/sec, Queue: 80, Elapsed: 180.6s
2025-10-02 16:24:32,377 - INFO - Progress: 2,030,000 indexed, 0 failed, Rate: 11235.8 docs/sec, Queue: 80, Elapsed: 180.7s
2025-10-02 16:24:32,385 - INFO - Progress: 2,040,000 indexed, 0 failed, Rate: 11290.6 docs/sec, Queue: 80, Elapsed: 180.7s
2025-10-02 16:24:32,414 - INFO - Progress: 2,050,000 indexed, 0 failed, Rate: 11344.1 docs/sec, Queue: 80, Elapsed: 180.7s
2025-10-02 16:24:32,423 - INFO - Progress: 2,060,000 indexed, 0 failed, Rate: 11398.9 docs/sec, Queue: 80, Elapsed: 180.7s
2025-10-02 16:24:32,573 - INFO - Overall progress: Parsed 2,200,000, Indexed 0, Queue: 80
2025-10-02 16:24:34,233 - INFO - Worker 0: Parsed 1,150,000 documents
2025-10-02 16:24:34,528 - INFO - POST http://localhost:9200/_bulk [status:200 request:6.205s]
2025-10-02 16:24:34,848 - INFO - Progress: 2,070,000 indexed, 0 failed, Rate: 11302.5 docs/sec, Queue: 80, Elapsed: 183.1s
2025-10-02 16:24:34,852 - INFO - Progress: 2,080,000 indexed, 0 failed, Rate: 11356.9 docs/sec, Queue: 80, Elapsed: 183.1s
2025-10-02 16:24:37,749 - INFO - POST http://localhost:9200/_bulk [status:200 request:4.113s]
2025-10-02 16:24:37,969 - INFO - Worker 1: Parsed 1,100,000 documents
2025-10-02 16:24:38,455 - INFO - POST http://localhost:9200/_bulk [status:200 request:8.937s]
2025-10-02 16:24:38,821 - INFO - Progress: 2,090,000 indexed, 0 failed, Rate: 11169.5 docs/sec, Queue: 80, Elapsed: 187.1s
2025-10-02 16:24:38,887 - INFO - POST http://localhost:9200/_bulk [status:200 request:3.815s]
2025-10-02 16:24:39,293 - INFO - POST http://localhost:9200/_bulk [status:200 request:7.799s]
2025-10-02 16:24:39,728 - INFO - Progress: 2,100,000 indexed, 0 failed, Rate: 11168.7 docs/sec, Queue: 80, Elapsed: 188.0s
2025-10-02 16:24:39,756 - INFO - === METRICS ES CONSUMER AT 2100000 DOCS ===
2025-10-02 16:24:39,761 - INFO - Process Memory:
2025-10-02 16:24:39,767 - INFO -   RSS: 4.61 GB
2025-10-02 16:24:39,772 - INFO -   VMS: 8.55 GB
2025-10-02 16:24:39,793 - INFO -   % of System: 0.5%
2025-10-02 16:24:39,798 - INFO - System Memory:
2025-10-02 16:24:39,803 - INFO -   Total Used: 15.7%
2025-10-02 16:24:39,808 - INFO -   Available: 720.51 GB
2025-10-02 16:24:39,814 - INFO -   Cached: 42.57 GB
2025-10-02 16:24:40,237 - INFO - POST http://localhost:9200/_bulk [status:200 request:3.979s]
2025-10-02 16:24:40,819 - INFO - POST http://localhost:9200/_bulk [status:200 request:3.479s]
2025-10-02 16:24:41,094 - INFO - CPU:
2025-10-02 16:24:41,101 - INFO -   Process usage: 102.5%
2025-10-02 16:24:41,106 - INFO -   Threads: 38
2025-10-02 16:24:41,114 - INFO -   Allocated cores: 288 (IDs: [0, 1, 2, 3, 4]...)
2025-10-02 16:24:41,166 - INFO - Process I/O:
2025-10-02 16:24:41,166 - INFO -   Read: 0.00 GB
2025-10-02 16:24:41,166 - INFO -   Write: 0.00 GB
2025-10-02 16:24:41,166 - INFO - ==================================================
2025-10-02 16:24:41,259 - INFO - Progress: 2,110,000 indexed, 0 failed, Rate: 11131.3 docs/sec, Queue: 80, Elapsed: 189.6s
2025-10-02 16:24:41,306 - INFO - Progress: 2,120,000 indexed, 0 failed, Rate: 11181.3 docs/sec, Queue: 80, Elapsed: 189.6s
2025-10-02 16:24:41,314 - INFO - Progress: 2,130,000 indexed, 0 failed, Rate: 11233.5 docs/sec, Queue: 80, Elapsed: 189.6s
2025-10-02 16:24:41,348 - INFO - Progress: 2,140,000 indexed, 0 failed, Rate: 11284.3 docs/sec, Queue: 80, Elapsed: 189.6s
2025-10-02 16:24:41,357 - INFO - Progress: 2,150,000 indexed, 0 failed, Rate: 11336.4 docs/sec, Queue: 80, Elapsed: 189.7s
2025-10-02 16:24:41,396 - INFO - Progress: 2,160,000 indexed, 0 failed, Rate: 11386.8 docs/sec, Queue: 80, Elapsed: 189.7s
2025-10-02 16:24:41,432 - INFO - Progress: 2,170,000 indexed, 0 failed, Rate: 11437.4 docs/sec, Queue: 80, Elapsed: 189.7s
2025-10-02 16:24:41,441 - INFO - Progress: 2,180,000 indexed, 0 failed, Rate: 11489.6 docs/sec, Queue: 80, Elapsed: 189.7s
2025-10-02 16:24:42,594 - INFO - Overall progress: Parsed 2,310,000, Indexed 0, Queue: 80
2025-10-02 16:24:43,512 - INFO - POST http://localhost:9200/_bulk [status:200 request:3.410s]
2025-10-02 16:24:43,835 - INFO - Progress: 2,190,000 indexed, 0 failed, Rate: 11398.4 docs/sec, Queue: 80, Elapsed: 192.1s
2025-10-02 16:24:43,844 - INFO - Progress: 2,200,000 indexed, 0 failed, Rate: 11449.9 docs/sec, Queue: 80, Elapsed: 192.1s
2025-10-02 16:24:43,880 - INFO - === METRICS ES CONSUMER AT 2200000 DOCS ===
2025-10-02 16:24:43,880 - INFO - Process Memory:
2025-10-02 16:24:43,880 - INFO -   RSS: 4.61 GB
2025-10-02 16:24:43,881 - INFO -   VMS: 8.55 GB
2025-10-02 16:24:43,904 - INFO -   % of System: 0.5%
2025-10-02 16:24:43,909 - INFO - System Memory:
2025-10-02 16:24:43,914 - INFO -   Total Used: 15.7%
2025-10-02 16:24:43,919 - INFO -   Available: 720.21 GB
2025-10-02 16:24:43,924 - INFO -   Cached: 43.34 GB
2025-10-02 16:24:43,957 - INFO - Worker 0: Parsed 1,200,000 documents
2025-10-02 16:24:44,952 - INFO - CPU:
2025-10-02 16:24:44,953 - INFO -   Process usage: 101.3%
2025-10-02 16:24:44,953 - INFO -   Threads: 38
2025-10-02 16:24:44,953 - INFO -   Allocated cores: 288 (IDs: [0, 1, 2, 3, 4]...)
2025-10-02 16:24:44,969 - INFO - Process I/O:
2025-10-02 16:24:44,974 - INFO -   Read: 0.00 GB
2025-10-02 16:24:44,979 - INFO -   Write: 0.00 GB
2025-10-02 16:24:44,985 - INFO - ==================================================
2025-10-02 16:24:46,003 - INFO - POST http://localhost:9200/_bulk [status:200 request:3.869s]
2025-10-02 16:24:46,308 - INFO - Progress: 2,210,000 indexed, 0 failed, Rate: 11356.3 docs/sec, Queue: 80, Elapsed: 194.6s
2025-10-02 16:24:46,317 - INFO - Progress: 2,220,000 indexed, 0 failed, Rate: 11407.2 docs/sec, Queue: 80, Elapsed: 194.6s
2025-10-02 16:24:47,009 - INFO - POST http://localhost:9200/_bulk [status:200 request:3.791s]
2025-10-02 16:24:47,335 - INFO - Progress: 2,230,000 indexed, 0 failed, Rate: 11399.0 docs/sec, Queue: 80, Elapsed: 195.6s
2025-10-02 16:24:47,862 - INFO - Worker 1: Parsed 1,150,000 documents
2025-10-02 16:24:49,824 - INFO - POST http://localhost:9200/_bulk [status:200 request:3.912s]
2025-10-02 16:24:50,896 - INFO - POST http://localhost:9200/_bulk [status:200 request:6.124s]
2025-10-02 16:24:51,167 - INFO - Progress: 2,240,000 indexed, 0 failed, Rate: 11230.1 docs/sec, Queue: 80, Elapsed: 199.5s
2025-10-02 16:24:51,172 - INFO - Progress: 2,250,000 indexed, 0 failed, Rate: 11280.0 docs/sec, Queue: 80, Elapsed: 199.5s
2025-10-02 16:24:51,270 - INFO - Progress: 2,260,000 indexed, 0 failed, Rate: 11324.5 docs/sec, Queue: 80, Elapsed: 199.6s
2025-10-02 16:24:51,279 - INFO - Progress: 2,270,000 indexed, 0 failed, Rate: 11374.2 docs/sec, Queue: 80, Elapsed: 199.6s
2025-10-02 16:24:51,346 - INFO - POST http://localhost:9200/_bulk [status:200 request:3.623s]
2025-10-02 16:24:51,618 - INFO - Progress: 2,280,000 indexed, 0 failed, Rate: 11404.9 docs/sec, Queue: 80, Elapsed: 199.9s
2025-10-02 16:24:52,319 - INFO - Worker 0: Parsed 1,250,000 documents
2025-10-02 16:24:52,617 - INFO - Overall progress: Parsed 2,428,000, Indexed 0, Queue: 80
2025-10-02 16:24:55,329 - INFO - POST http://localhost:9200/_bulk [status:200 request:6.437s]
2025-10-02 16:24:55,682 - INFO - Progress: 2,290,000 indexed, 0 failed, Rate: 11226.7 docs/sec, Queue: 80, Elapsed: 204.0s
2025-10-02 16:24:55,691 - INFO - Progress: 2,300,000 indexed, 0 failed, Rate: 11275.2 docs/sec, Queue: 80, Elapsed: 204.0s
2025-10-02 16:24:55,714 - INFO - === METRICS ES CONSUMER AT 2300000 DOCS ===
2025-10-02 16:24:55,720 - INFO - Process Memory:
2025-10-02 16:24:55,725 - INFO -   RSS: 5.57 GB
2025-10-02 16:24:55,730 - INFO -   VMS: 9.51 GB
2025-10-02 16:24:55,751 - INFO -   % of System: 0.7%
2025-10-02 16:24:55,756 - INFO - System Memory:
2025-10-02 16:24:55,761 - INFO -   Total Used: 16.0%
2025-10-02 16:24:55,764 - INFO -   Available: 717.87 GB
2025-10-02 16:24:55,764 - INFO -   Cached: 45.99 GB
2025-10-02 16:24:56,246 - INFO - Worker 1: Parsed 1,200,000 documents
2025-10-02 16:24:56,801 - INFO - CPU:
2025-10-02 16:24:56,807 - INFO -   Process usage: 102.4%
2025-10-02 16:24:56,812 - INFO -   Threads: 38
2025-10-02 16:24:56,817 - INFO -   Allocated cores: 288 (IDs: [0, 1, 2, 3, 4]...)
2025-10-02 16:24:56,819 - INFO - Process I/O:
2025-10-02 16:24:56,819 - INFO -   Read: 0.00 GB
2025-10-02 16:24:56,819 - INFO -   Write: 0.00 GB
2025-10-02 16:24:56,819 - INFO - ==================================================
2025-10-02 16:24:57,266 - INFO - POST http://localhost:9200/_bulk [status:200 request:3.921s]
2025-10-02 16:24:57,437 - INFO - POST http://localhost:9200/_bulk [status:200 request:5.216s]
2025-10-02 16:24:58,460 - INFO - POST http://localhost:9200/_bulk [status:200 request:3.941s]
2025-10-02 16:24:59,847 - INFO - POST http://localhost:9200/_bulk [status:200 request:9.560s]
2025-10-02 16:25:00,098 - INFO - Worker 0: Parsed 1,300,000 documents
2025-10-02 16:25:00,213 - INFO - Progress: 2,310,000 indexed, 0 failed, Rate: 11078.6 docs/sec, Queue: 80, Elapsed: 208.5s
2025-10-02 16:25:00,228 - INFO - Progress: 2,320,000 indexed, 0 failed, Rate: 11125.8 docs/sec, Queue: 80, Elapsed: 208.5s
2025-10-02 16:25:00,287 - INFO - POST http://localhost:9200/_bulk [status:200 request:4.297s]
2025-10-02 16:25:00,295 - INFO - Progress: 2,330,000 indexed, 0 failed, Rate: 11170.2 docs/sec, Queue: 80, Elapsed: 208.6s
2025-10-02 16:25:00,446 - INFO - Progress: 2,340,000 indexed, 0 failed, Rate: 11210.0 docs/sec, Queue: 80, Elapsed: 208.7s
2025-10-02 16:25:00,482 - INFO - Progress: 2,350,000 indexed, 0 failed, Rate: 11256.0 docs/sec, Queue: 80, Elapsed: 208.8s
2025-10-02 16:25:00,518 - INFO - Progress: 2,360,000 indexed, 0 failed, Rate: 11301.9 docs/sec, Queue: 80, Elapsed: 208.8s
2025-10-02 16:25:00,527 - INFO - Progress: 2,370,000 indexed, 0 failed, Rate: 11349.3 docs/sec, Queue: 80, Elapsed: 208.8s
2025-10-02 16:25:00,608 - INFO - Progress: 2,380,000 indexed, 0 failed, Rate: 11392.8 docs/sec, Queue: 80, Elapsed: 208.9s
2025-10-02 16:25:00,612 - INFO - Progress: 2,390,000 indexed, 0 failed, Rate: 11440.4 docs/sec, Queue: 80, Elapsed: 208.9s
2025-10-02 16:25:01,666 - INFO - POST http://localhost:9200/_bulk [status:200 request:4.421s]
2025-10-02 16:25:01,993 - INFO - Progress: 2,400,000 indexed, 0 failed, Rate: 11412.8 docs/sec, Queue: 80, Elapsed: 210.3s
2025-10-02 16:25:02,041 - INFO - === METRICS ES CONSUMER AT 2400000 DOCS ===
2025-10-02 16:25:02,047 - INFO - Process Memory:
2025-10-02 16:25:02,051 - INFO -   RSS: 4.61 GB
2025-10-02 16:25:02,051 - INFO -   VMS: 8.55 GB
2025-10-02 16:25:02,051 - INFO -   % of System: 0.5%
2025-10-02 16:25:02,051 - INFO - System Memory:
2025-10-02 16:25:02,051 - INFO -   Total Used: 15.9%
2025-10-02 16:25:02,051 - INFO -   Available: 718.64 GB
2025-10-02 16:25:02,051 - INFO -   Cached: 45.52 GB
2025-10-02 16:25:02,638 - INFO - Overall progress: Parsed 2,545,000, Indexed 0, Queue: 80
2025-10-02 16:25:03,063 - INFO - CPU:
2025-10-02 16:25:03,063 - INFO -   Process usage: 102.4%
2025-10-02 16:25:03,064 - INFO -   Threads: 38
2025-10-02 16:25:03,064 - INFO -   Allocated cores: 288 (IDs: [0, 1, 2, 3, 4]...)
2025-10-02 16:25:03,064 - INFO - Process I/O:
2025-10-02 16:25:03,064 - INFO -   Read: 0.00 GB
2025-10-02 16:25:03,064 - INFO -   Write: 0.00 GB
2025-10-02 16:25:03,064 - INFO - ==================================================
2025-10-02 16:25:03,127 - INFO - Progress: 2,410,000 indexed, 0 failed, Rate: 11398.9 docs/sec, Queue: 80, Elapsed: 211.4s
2025-10-02 16:25:03,609 - INFO - POST http://localhost:9200/_bulk [status:200 request:4.172s]
2025-10-02 16:25:03,985 - INFO - Progress: 2,420,000 indexed, 0 failed, Rate: 11399.9 docs/sec, Queue: 80, Elapsed: 212.3s
2025-10-02 16:25:04,935 - INFO - POST http://localhost:9200/_bulk [status:200 request:3.584s]
2025-10-02 16:25:05,253 - INFO - Progress: 2,430,000 indexed, 0 failed, Rate: 11379.1 docs/sec, Queue: 80, Elapsed: 213.5s
2025-10-02 16:25:05,257 - INFO - Progress: 2,440,000 indexed, 0 failed, Rate: 11425.7 docs/sec, Queue: 80, Elapsed: 213.6s
2025-10-02 16:25:05,846 - INFO - Worker 1: Parsed 1,250,000 documents
2025-10-02 16:25:07,854 - INFO - POST http://localhost:9200/_bulk [status:200 request:5.025s]
2025-10-02 16:25:08,202 - INFO - Progress: 2,450,000 indexed, 0 failed, Rate: 11316.5 docs/sec, Queue: 80, Elapsed: 216.5s
2025-10-02 16:25:08,211 - INFO - Progress: 2,460,000 indexed, 0 failed, Rate: 11362.2 docs/sec, Queue: 80, Elapsed: 216.5s
2025-10-02 16:25:08,435 - INFO - Worker 0: Parsed 1,350,000 documents
2025-10-02 16:25:09,602 - INFO - POST http://localhost:9200/_bulk [status:200 request:3.718s]
2025-10-02 16:25:10,489 - INFO - POST http://localhost:9200/_bulk [status:200 request:6.076s]
2025-10-02 16:25:10,889 - INFO - Progress: 2,470,000 indexed, 0 failed, Rate: 11269.0 docs/sec, Queue: 80, Elapsed: 219.2s
2025-10-02 16:25:10,898 - INFO - Progress: 2,480,000 indexed, 0 failed, Rate: 11314.1 docs/sec, Queue: 80, Elapsed: 219.2s
2025-10-02 16:25:10,963 - INFO - Progress: 2,490,000 indexed, 0 failed, Rate: 11356.4 docs/sec, Queue: 80, Elapsed: 219.3s
2025-10-02 16:25:10,964 - INFO - POST http://localhost:9200/_bulk [status:200 request:3.876s]
2025-10-02 16:25:11,339 - INFO - Progress: 2,500,000 indexed, 0 failed, Rate: 11382.5 docs/sec, Queue: 80, Elapsed: 219.6s
2025-10-02 16:25:11,350 - INFO - === METRICS ES CONSUMER AT 2500000 DOCS ===
2025-10-02 16:25:11,350 - INFO - Process Memory:
2025-10-02 16:25:11,350 - INFO -   RSS: 4.61 GB
2025-10-02 16:25:11,350 - INFO -   VMS: 8.55 GB
2025-10-02 16:25:11,350 - INFO -   % of System: 0.5%
2025-10-02 16:25:11,350 - INFO - System Memory:
2025-10-02 16:25:11,351 - INFO -   Total Used: 16.0%
2025-10-02 16:25:11,351 - INFO -   Available: 717.48 GB
2025-10-02 16:25:11,351 - INFO -   Cached: 47.32 GB
2025-10-02 16:25:12,420 - INFO - POST http://localhost:9200/_bulk [status:200 request:3.781s]
2025-10-02 16:25:12,618 - INFO - CPU:
2025-10-02 16:25:12,624 - INFO -   Process usage: 101.5%
2025-10-02 16:25:12,629 - INFO -   Threads: 38
2025-10-02 16:25:12,635 - INFO -   Allocated cores: 288 (IDs: [0, 1, 2, 3, 4]...)
2025-10-02 16:25:12,717 - INFO - Process I/O:
2025-10-02 16:25:12,717 - INFO - Overall progress: Parsed 2,659,000, Indexed 0, Queue: 80
2025-10-02 16:25:12,727 - INFO -   Read: 0.00 GB
2025-10-02 16:25:12,738 - INFO -   Write: 0.00 GB
2025-10-02 16:25:12,743 - INFO - ==================================================
2025-10-02 16:25:12,814 - INFO - Progress: 2,510,000 indexed, 0 failed, Rate: 11351.8 docs/sec, Queue: 80, Elapsed: 221.1s
2025-10-02 16:25:12,852 - INFO - Progress: 2,520,000 indexed, 0 failed, Rate: 11395.1 docs/sec, Queue: 80, Elapsed: 221.1s
2025-10-02 16:25:12,855 - INFO - Progress: 2,530,000 indexed, 0 failed, Rate: 11440.1 docs/sec, Queue: 80, Elapsed: 221.2s
2025-10-02 16:25:13,698 - INFO - POST http://localhost:9200/_bulk [status:200 request:3.619s]
2025-10-02 16:25:14,050 - INFO - Progress: 2,540,000 indexed, 0 failed, Rate: 11423.6 docs/sec, Queue: 80, Elapsed: 222.3s
2025-10-02 16:25:14,059 - INFO - Progress: 2,550,000 indexed, 0 failed, Rate: 11468.1 docs/sec, Queue: 80, Elapsed: 222.4s
2025-10-02 16:25:14,634 - INFO - Worker 1: Parsed 1,300,000 documents
2025-10-02 16:25:15,785 - INFO - POST http://localhost:9200/_bulk [status:200 request:3.697s]
2025-10-02 16:25:16,138 - INFO - Progress: 2,560,000 indexed, 0 failed, Rate: 11406.5 docs/sec, Queue: 80, Elapsed: 224.4s
2025-10-02 16:25:16,141 - INFO - Progress: 2,570,000 indexed, 0 failed, Rate: 11450.8 docs/sec, Queue: 80, Elapsed: 224.4s
2025-10-02 16:25:16,979 - INFO - POST http://localhost:9200/_bulk [status:200 request:3.355s]
2025-10-02 16:25:17,339 - INFO - Progress: 2,580,000 indexed, 0 failed, Rate: 11434.4 docs/sec, Queue: 80, Elapsed: 225.6s
2025-10-02 16:25:17,600 - INFO - Worker 0: Parsed 1,400,000 documents
2025-10-02 16:25:18,999 - INFO - POST http://localhost:9200/_bulk [status:200 request:3.930s]
2025-10-02 16:25:19,324 - INFO - Progress: 2,590,000 indexed, 0 failed, Rate: 11378.6 docs/sec, Queue: 80, Elapsed: 227.6s
2025-10-02 16:25:19,333 - INFO - Progress: 2,600,000 indexed, 0 failed, Rate: 11422.1 docs/sec, Queue: 80, Elapsed: 227.6s
2025-10-02 16:25:19,350 - INFO - === METRICS ES CONSUMER AT 2600000 DOCS ===
2025-10-02 16:25:19,351 - INFO - Process Memory:
2025-10-02 16:25:19,356 - INFO -   RSS: 4.62 GB
2025-10-02 16:25:19,362 - INFO -   VMS: 8.55 GB
2025-10-02 16:25:19,382 - INFO -   % of System: 0.5%
2025-10-02 16:25:19,387 - INFO - System Memory:
2025-10-02 16:25:19,392 - INFO -   Total Used: 16.1%
2025-10-02 16:25:19,397 - INFO -   Available: 717.10 GB
2025-10-02 16:25:19,403 - INFO -   Cached: 48.30 GB
2025-10-02 16:25:20,421 - INFO - CPU:
2025-10-02 16:25:20,422 - INFO -   Process usage: 101.4%
2025-10-02 16:25:20,422 - INFO -   Threads: 38
2025-10-02 16:25:20,422 - INFO -   Allocated cores: 288 (IDs: [0, 1, 2, 3, 4]...)
2025-10-02 16:25:20,422 - INFO - Process I/O:
2025-10-02 16:25:20,428 - INFO -   Read: 0.00 GB
2025-10-02 16:25:20,433 - INFO -   Write: 0.00 GB
2025-10-02 16:25:20,438 - INFO - ==================================================
2025-10-02 16:25:20,579 - INFO - POST http://localhost:9200/_bulk [status:200 request:3.915s]
2025-10-02 16:25:20,950 - INFO - Progress: 2,610,000 indexed, 0 failed, Rate: 11385.1 docs/sec, Queue: 80, Elapsed: 229.2s
2025-10-02 16:25:20,959 - INFO - Progress: 2,620,000 indexed, 0 failed, Rate: 11428.3 docs/sec, Queue: 80, Elapsed: 229.3s
2025-10-02 16:25:21,805 - INFO - POST http://localhost:9200/_bulk [status:200 request:3.634s]
2025-10-02 16:25:22,148 - INFO - Progress: 2,630,000 indexed, 0 failed, Rate: 11412.7 docs/sec, Queue: 80, Elapsed: 230.4s
2025-10-02 16:25:22,156 - INFO - Progress: 2,640,000 indexed, 0 failed, Rate: 11455.7 docs/sec, Queue: 80, Elapsed: 230.5s
2025-10-02 16:25:22,803 - INFO - Overall progress: Parsed 2,776,000, Indexed 0, Queue: 80
2025-10-02 16:25:23,244 - INFO - POST http://localhost:9200/_bulk [status:200 request:3.563s]
2025-10-02 16:25:23,575 - INFO - Progress: 2,650,000 indexed, 0 failed, Rate: 11428.8 docs/sec, Queue: 80, Elapsed: 231.9s
2025-10-02 16:25:23,638 - INFO - Worker 1: Parsed 1,350,000 documents
2025-10-02 16:25:24,953 - INFO - POST http://localhost:9200/_bulk [status:200 request:3.649s]
2025-10-02 16:25:25,325 - INFO - Progress: 2,660,000 indexed, 0 failed, Rate: 11385.9 docs/sec, Queue: 80, Elapsed: 233.6s
2025-10-02 16:25:25,330 - INFO - Progress: 2,670,000 indexed, 0 failed, Rate: 11428.5 docs/sec, Queue: 80, Elapsed: 233.6s
2025-10-02 16:25:25,921 - INFO - Worker 0: Parsed 1,450,000 documents
2025-10-02 16:25:26,748 - INFO - POST http://localhost:9200/_bulk [status:200 request:3.908s]
2025-10-02 16:25:27,078 - INFO - Progress: 2,680,000 indexed, 0 failed, Rate: 11386.1 docs/sec, Queue: 80, Elapsed: 235.4s
2025-10-02 16:25:27,087 - INFO - Progress: 2,690,000 indexed, 0 failed, Rate: 11428.2 docs/sec, Queue: 80, Elapsed: 235.4s
2025-10-02 16:25:28,218 - INFO - POST http://localhost:9200/_bulk [status:200 request:3.834s]
2025-10-02 16:25:28,550 - INFO - Progress: 2,700,000 indexed, 0 failed, Rate: 11399.8 docs/sec, Queue: 80, Elapsed: 236.8s
2025-10-02 16:25:28,563 - INFO - === METRICS ES CONSUMER AT 2700000 DOCS ===
2025-10-02 16:25:28,568 - INFO - Process Memory:
2025-10-02 16:25:28,574 - INFO -   RSS: 4.61 GB
2025-10-02 16:25:28,579 - INFO -   VMS: 8.54 GB
2025-10-02 16:25:28,599 - INFO -   % of System: 0.5%
2025-10-02 16:25:28,604 - INFO - System Memory:
2025-10-02 16:25:28,610 - INFO -   Total Used: 16.1%
2025-10-02 16:25:28,615 - INFO -   Available: 716.50 GB
2025-10-02 16:25:28,615 - INFO -   Cached: 49.93 GB
2025-10-02 16:25:29,634 - INFO - CPU:
2025-10-02 16:25:29,635 - INFO -   Process usage: 102.4%
2025-10-02 16:25:29,635 - INFO -   Threads: 38
2025-10-02 16:25:29,635 - INFO -   Allocated cores: 288 (IDs: [0, 1, 2, 3, 4]...)
2025-10-02 16:25:29,635 - INFO - Process I/O:
2025-10-02 16:25:29,635 - INFO -   Read: 0.00 GB
2025-10-02 16:25:29,635 - INFO -   Write: 0.00 GB
2025-10-02 16:25:29,635 - INFO - ==================================================
2025-10-02 16:25:29,699 - INFO - Progress: 2,710,000 indexed, 0 failed, Rate: 11386.7 docs/sec, Queue: 80, Elapsed: 238.0s
2025-10-02 16:25:31,214 - INFO - Worker 1: Parsed 1,400,000 documents
2025-10-02 16:25:32,820 - INFO - Overall progress: Parsed 2,910,000, Indexed 0, Queue: 80
2025-10-02 16:25:32,891 - INFO - Worker 0: Parsed 1,500,000 documents
2025-10-02 16:25:33,642 - INFO - POST http://localhost:9200/_bulk [status:200 request:7.788s]
2025-10-02 16:25:33,900 - INFO - Progress: 2,720,000 indexed, 0 failed, Rate: 11230.6 docs/sec, Queue: 80, Elapsed: 242.2s
2025-10-02 16:25:33,908 - INFO - Progress: 2,730,000 indexed, 0 failed, Rate: 11271.4 docs/sec, Queue: 80, Elapsed: 242.2s
2025-10-02 16:25:34,574 - INFO - POST http://localhost:9200/_bulk [status:200 request:7.183s]
2025-10-02 16:25:34,953 - INFO - Progress: 2,740,000 indexed, 0 failed, Rate: 11264.2 docs/sec, Queue: 80, Elapsed: 243.2s
2025-10-02 16:25:36,297 - INFO - POST http://localhost:9200/_bulk [status:200 request:7.418s]
2025-10-02 16:25:36,599 - INFO - Progress: 2,750,000 indexed, 0 failed, Rate: 11229.3 docs/sec, Queue: 80, Elapsed: 244.9s
2025-10-02 16:25:36,609 - INFO - Progress: 2,760,000 indexed, 0 failed, Rate: 11269.7 docs/sec, Queue: 80, Elapsed: 244.9s
2025-10-02 16:25:36,794 - INFO - POST http://localhost:9200/_bulk [status:200 request:4.463s]
2025-10-02 16:25:37,108 - INFO - POST http://localhost:9200/_bulk [status:200 request:5.961s]
2025-10-02 16:25:39,452 - INFO - POST http://localhost:9200/_bulk [status:200 request:9.392s]
2025-10-02 16:25:39,728 - INFO - Progress: 2,770,000 indexed, 0 failed, Rate: 11168.3 docs/sec, Queue: 80, Elapsed: 248.0s
2025-10-02 16:25:39,736 - INFO - Progress: 2,780,000 indexed, 0 failed, Rate: 11208.2 docs/sec, Queue: 80, Elapsed: 248.0s
2025-10-02 16:25:39,761 - INFO - Progress: 2,790,000 indexed, 0 failed, Rate: 11247.4 docs/sec, Queue: 80, Elapsed: 248.1s
2025-10-02 16:25:39,770 - INFO - Progress: 2,800,000 indexed, 0 failed, Rate: 11287.3 docs/sec, Queue: 80, Elapsed: 248.1s
2025-10-02 16:25:39,789 - INFO - === METRICS ES CONSUMER AT 2800000 DOCS ===
2025-10-02 16:25:39,789 - INFO - Process Memory:
2025-10-02 16:25:39,789 - INFO -   RSS: 5.59 GB
2025-10-02 16:25:39,789 - INFO -   VMS: 9.52 GB
2025-10-02 16:25:39,790 - INFO -   % of System: 0.7%
2025-10-02 16:25:39,795 - INFO - System Memory:
2025-10-02 16:25:39,800 - INFO -   Total Used: 16.4%
2025-10-02 16:25:39,805 - INFO -   Available: 714.01 GB
2025-10-02 16:25:39,811 - INFO -   Cached: 50.75 GB
2025-10-02 16:25:40,091 - INFO - Worker 1: Parsed 1,450,000 documents
2025-10-02 16:25:40,858 - INFO - CPU:
2025-10-02 16:25:40,863 - INFO -   Process usage: 102.3%
2025-10-02 16:25:40,869 - INFO -   Threads: 38
2025-10-02 16:25:40,874 - INFO -   Allocated cores: 288 (IDs: [0, 1, 2, 3, 4]...)
2025-10-02 16:25:40,883 - INFO - Process I/O:
2025-10-02 16:25:40,883 - INFO -   Read: 0.00 GB
2025-10-02 16:25:40,883 - INFO -   Write: 0.00 GB
2025-10-02 16:25:40,883 - INFO - ==================================================
2025-10-02 16:25:40,997 - INFO - Progress: 2,810,000 indexed, 0 failed, Rate: 11271.8 docs/sec, Queue: 80, Elapsed: 249.3s
2025-10-02 16:25:41,058 - INFO - POST http://localhost:9200/_bulk [status:200 request:7.684s]
2025-10-02 16:25:41,338 - INFO - Progress: 2,820,000 indexed, 0 failed, Rate: 11296.5 docs/sec, Queue: 80, Elapsed: 249.6s
2025-10-02 16:25:41,387 - INFO - Progress: 2,830,000 indexed, 0 failed, Rate: 11334.3 docs/sec, Queue: 80, Elapsed: 249.7s
2025-10-02 16:25:42,019 - INFO - POST http://localhost:9200/_bulk [status:200 request:5.185s]
2025-10-02 16:25:42,611 - INFO - Worker 0: Parsed 1,550,000 documents
2025-10-02 16:25:42,826 - INFO - POST http://localhost:9200/_bulk [status:200 request:7.539s]
2025-10-02 16:25:43,012 - INFO - POST http://localhost:9200/_bulk [status:200 request:4.287s]
2025-10-02 16:25:43,012 - INFO - Overall progress: Parsed 3,013,000, Indexed 0, Queue: 80
2025-10-02 16:25:43,472 - INFO - Progress: 2,840,000 indexed, 0 failed, Rate: 11280.2 docs/sec, Queue: 80, Elapsed: 251.8s
2025-10-02 16:25:43,487 - INFO - Progress: 2,850,000 indexed, 0 failed, Rate: 11319.3 docs/sec, Queue: 80, Elapsed: 251.8s
2025-10-02 16:25:43,525 - INFO - Progress: 2,860,000 indexed, 0 failed, Rate: 11357.3 docs/sec, Queue: 80, Elapsed: 251.8s
2025-10-02 16:25:43,533 - INFO - Progress: 2,870,000 indexed, 0 failed, Rate: 11396.6 docs/sec, Queue: 80, Elapsed: 251.8s
2025-10-02 16:25:43,570 - INFO - Progress: 2,880,000 indexed, 0 failed, Rate: 11434.6 docs/sec, Queue: 80, Elapsed: 251.9s
2025-10-02 16:25:44,300 - INFO - POST http://localhost:9200/_bulk [status:200 request:3.907s]
2025-10-02 16:25:44,634 - INFO - Progress: 2,890,000 indexed, 0 failed, Rate: 11426.0 docs/sec, Queue: 80, Elapsed: 252.9s
2025-10-02 16:25:44,640 - INFO - Progress: 2,900,000 indexed, 0 failed, Rate: 11465.3 docs/sec, Queue: 80, Elapsed: 252.9s
2025-10-02 16:25:44,678 - INFO - === METRICS ES CONSUMER AT 2900000 DOCS ===
2025-10-02 16:25:44,683 - INFO - Process Memory:
2025-10-02 16:25:44,688 - INFO -   RSS: 4.62 GB
2025-10-02 16:25:44,693 - INFO -   VMS: 8.55 GB
2025-10-02 16:25:44,699 - INFO -   % of System: 0.5%
2025-10-02 16:25:44,699 - INFO - System Memory:
2025-10-02 16:25:44,699 - INFO -   Total Used: 16.4%
2025-10-02 16:25:44,699 - INFO -   Available: 714.49 GB
2025-10-02 16:25:44,699 - INFO -   Cached: 51.27 GB
2025-10-02 16:25:45,688 - INFO - POST http://localhost:9200/_bulk [status:200 request:3.740s]
2025-10-02 16:25:45,845 - INFO - CPU:
2025-10-02 16:25:45,903 - INFO -   Process usage: 100.2%
2025-10-02 16:25:45,959 - INFO -   Threads: 38
2025-10-02 16:25:45,965 - INFO -   Allocated cores: 288 (IDs: [0, 1, 2, 3, 4]...)
2025-10-02 16:25:45,986 - INFO - Process I/O:
2025-10-02 16:25:46,031 - INFO -   Read: 0.00 GB
2025-10-02 16:25:46,117 - INFO -   Write: 0.00 GB
2025-10-02 16:25:46,122 - INFO - ==================================================
2025-10-02 16:25:46,219 - INFO - Progress: 2,910,000 indexed, 0 failed, Rate: 11433.5 docs/sec, Queue: 80, Elapsed: 254.5s
2025-10-02 16:25:46,222 - INFO - Progress: 2,920,000 indexed, 0 failed, Rate: 11472.6 docs/sec, Queue: 80, Elapsed: 254.5s
2025-10-02 16:25:49,093 - INFO - Worker 1: Parsed 1,500,000 documents
2025-10-02 16:25:49,400 - INFO - POST http://localhost:9200/_bulk [status:200 request:5.054s]
2025-10-02 16:25:49,757 - INFO - Progress: 2,930,000 indexed, 0 failed, Rate: 11354.3 docs/sec, Queue: 80, Elapsed: 258.1s
2025-10-02 16:25:49,765 - INFO - Progress: 2,940,000 indexed, 0 failed, Rate: 11392.6 docs/sec, Queue: 80, Elapsed: 258.1s
2025-10-02 16:25:50,012 - INFO - POST http://localhost:9200/_bulk [status:200 request:3.849s]
2025-10-02 16:25:50,399 - INFO - Progress: 2,950,000 indexed, 0 failed, Rate: 11403.4 docs/sec, Queue: 80, Elapsed: 258.7s
2025-10-02 16:25:50,408 - INFO - Progress: 2,960,000 indexed, 0 failed, Rate: 11441.6 docs/sec, Queue: 80, Elapsed: 258.7s
2025-10-02 16:25:50,944 - INFO - POST http://localhost:9200/_bulk [status:200 request:3.596s]
2025-10-02 16:25:51,213 - INFO - Progress: 2,970,000 indexed, 0 failed, Rate: 11444.7 docs/sec, Queue: 80, Elapsed: 259.5s
2025-10-02 16:25:51,685 - INFO - Worker 0: Parsed 1,600,000 documents
2025-10-02 16:25:52,273 - INFO - POST http://localhost:9200/_bulk [status:200 request:3.736s]
2025-10-02 16:25:52,594 - INFO - Progress: 2,980,000 indexed, 0 failed, Rate: 11422.4 docs/sec, Queue: 80, Elapsed: 260.9s
2025-10-02 16:25:52,598 - INFO - Progress: 2,990,000 indexed, 0 failed, Rate: 11460.6 docs/sec, Queue: 80, Elapsed: 260.9s
2025-10-02 16:25:53,166 - INFO - Overall progress: Parsed 3,126,000, Indexed 0, Queue: 80
2025-10-02 16:25:53,983 - INFO - POST http://localhost:9200/_bulk [status:200 request:3.992s]
2025-10-02 16:25:54,281 - INFO - Progress: 3,000,000 indexed, 0 failed, Rate: 11425.2 docs/sec, Queue: 80, Elapsed: 262.6s
2025-10-02 16:25:54,329 - INFO - === METRICS ES CONSUMER AT 3000000 DOCS ===
2025-10-02 16:25:54,334 - INFO - Process Memory:
2025-10-02 16:25:54,338 - INFO -   RSS: 4.62 GB
2025-10-02 16:25:54,338 - INFO -   VMS: 8.55 GB
2025-10-02 16:25:54,338 - INFO -   % of System: 0.5%
2025-10-02 16:25:54,338 - INFO - System Memory:
2025-10-02 16:25:54,338 - INFO -   Total Used: 16.4%
2025-10-02 16:25:54,338 - INFO -   Available: 714.13 GB
2025-10-02 16:25:54,338 - INFO -   Cached: 52.41 GB
2025-10-02 16:25:55,344 - INFO - CPU:
2025-10-02 16:25:55,344 - INFO -   Process usage: 100.5%
2025-10-02 16:25:55,344 - INFO -   Threads: 38
2025-10-02 16:25:55,344 - INFO -   Allocated cores: 288 (IDs: [0, 1, 2, 3, 4]...)
2025-10-02 16:25:55,345 - INFO - Process I/O:
2025-10-02 16:25:55,350 - INFO -   Read: 0.00 GB
2025-10-02 16:25:55,355 - INFO -   Write: 0.00 GB
2025-10-02 16:25:55,360 - INFO - ==================================================
2025-10-02 16:25:55,425 - INFO - Progress: 3,010,000 indexed, 0 failed, Rate: 11413.5 docs/sec, Queue: 80, Elapsed: 263.7s
2025-10-02 16:25:55,967 - INFO - POST http://localhost:9200/_bulk [status:200 request:3.977s]
2025-10-02 16:25:56,306 - INFO - Progress: 3,020,000 indexed, 0 failed, Rate: 11413.4 docs/sec, Queue: 80, Elapsed: 264.6s
2025-10-02 16:25:56,309 - INFO - Progress: 3,030,000 indexed, 0 failed, Rate: 11451.0 docs/sec, Queue: 80, Elapsed: 264.6s
2025-10-02 16:25:58,031 - INFO - Worker 1: Parsed 1,550,000 documents
2025-10-02 16:25:59,180 - INFO - Worker 0: Parsed 1,650,000 documents
2025-10-02 16:25:59,272 - INFO - POST http://localhost:9200/_bulk [status:200 request:4.345s]
2025-10-02 16:26:01,935 - INFO - POST http://localhost:9200/_bulk [status:200 request:8.434s]
2025-10-02 16:26:02,327 - INFO - Progress: 3,040,000 indexed, 0 failed, Rate: 11233.3 docs/sec, Queue: 80, Elapsed: 270.6s
2025-10-02 16:26:02,351 - INFO - Progress: 3,050,000 indexed, 0 failed, Rate: 11269.3 docs/sec, Queue: 80, Elapsed: 270.6s
2025-10-02 16:26:02,358 - INFO - Progress: 3,060,000 indexed, 0 failed, Rate: 11305.9 docs/sec, Queue: 80, Elapsed: 270.7s
2025-10-02 16:26:03,187 - INFO - Overall progress: Parsed 3,258,000, Indexed 0, Queue: 80
2025-10-02 16:26:04,615 - INFO - POST http://localhost:9200/_bulk [status:200 request:5.769s]
2025-10-02 16:26:05,181 - INFO - POST http://localhost:9200/_bulk [status:200 request:8.661s]
2025-10-02 16:26:05,585 - INFO - Progress: 3,070,000 indexed, 0 failed, Rate: 11209.2 docs/sec, Queue: 80, Elapsed: 273.9s
2025-10-02 16:26:05,589 - INFO - Progress: 3,080,000 indexed, 0 failed, Rate: 11245.6 docs/sec, Queue: 80, Elapsed: 273.9s
2025-10-02 16:26:05,632 - INFO - POST http://localhost:9200/_bulk [status:200 request:7.952s]
2025-10-02 16:26:06,069 - INFO - Progress: 3,090,000 indexed, 0 failed, Rate: 11262.3 docs/sec, Queue: 80, Elapsed: 274.4s
2025-10-02 16:26:06,073 - INFO - Progress: 3,100,000 indexed, 0 failed, Rate: 11298.6 docs/sec, Queue: 80, Elapsed: 274.4s
2025-10-02 16:26:06,082 - INFO - === METRICS ES CONSUMER AT 3100000 DOCS ===
2025-10-02 16:26:06,087 - INFO - Process Memory:
2025-10-02 16:26:06,092 - INFO -   RSS: 5.59 GB
2025-10-02 16:26:06,097 - INFO -   VMS: 9.52 GB
2025-10-02 16:26:06,113 - INFO -   % of System: 0.7%
2025-10-02 16:26:06,118 - INFO - System Memory:
2025-10-02 16:26:06,123 - INFO -   Total Used: 16.5%
2025-10-02 16:26:06,129 - INFO -   Available: 713.29 GB
2025-10-02 16:26:06,134 - INFO -   Cached: 51.60 GB
2025-10-02 16:26:06,724 - INFO - POST http://localhost:9200/_bulk [status:200 request:6.441s]
2025-10-02 16:26:07,123 - INFO - Worker 1: Parsed 1,600,000 documents
2025-10-02 16:26:07,177 - INFO - CPU:
2025-10-02 16:26:07,182 - INFO -   Process usage: 101.9%
2025-10-02 16:26:07,182 - INFO -   Threads: 38
2025-10-02 16:26:07,182 - INFO -   Allocated cores: 288 (IDs: [0, 1, 2, 3, 4]...)
2025-10-02 16:26:07,182 - INFO - Process I/O:
2025-10-02 16:26:07,183 - INFO -   Read: 0.00 GB
2025-10-02 16:26:07,183 - INFO -   Write: 0.00 GB
2025-10-02 16:26:07,183 - INFO - ==================================================
2025-10-02 16:26:07,310 - INFO - Progress: 3,110,000 indexed, 0 failed, Rate: 11284.2 docs/sec, Queue: 80, Elapsed: 275.6s
2025-10-02 16:26:07,328 - INFO - Progress: 3,120,000 indexed, 0 failed, Rate: 11319.8 docs/sec, Queue: 80, Elapsed: 275.6s
2025-10-02 16:26:07,337 - INFO - Progress: 3,130,000 indexed, 0 failed, Rate: 11355.7 docs/sec, Queue: 80, Elapsed: 275.6s
2025-10-02 16:26:07,568 - INFO - Worker 0: Parsed 1,700,000 documents
2025-10-02 16:26:07,691 - INFO - POST http://localhost:9200/_bulk [status:200 request:6.216s]
2025-10-02 16:26:07,940 - INFO - POST http://localhost:9200/_bulk [status:200 request:3.861s]
2025-10-02 16:26:08,231 - INFO - Progress: 3,140,000 indexed, 0 failed, Rate: 11355.1 docs/sec, Queue: 80, Elapsed: 276.5s
2025-10-02 16:26:08,242 - INFO - Progress: 3,150,000 indexed, 0 failed, Rate: 11390.8 docs/sec, Queue: 80, Elapsed: 276.5s
2025-10-02 16:26:08,309 - INFO - POST http://localhost:9200/_bulk [status:200 request:5.345s]
2025-10-02 16:26:08,764 - INFO - Progress: 3,160,000 indexed, 0 failed, Rate: 11405.4 docs/sec, Queue: 80, Elapsed: 277.1s
2025-10-02 16:26:08,768 - INFO - Progress: 3,170,000 indexed, 0 failed, Rate: 11441.4 docs/sec, Queue: 80, Elapsed: 277.1s
2025-10-02 16:26:08,792 - INFO - Progress: 3,180,000 indexed, 0 failed, Rate: 11476.5 docs/sec, Queue: 80, Elapsed: 277.1s
2025-10-02 16:26:08,796 - INFO - Progress: 3,190,000 indexed, 0 failed, Rate: 11512.4 docs/sec, Queue: 80, Elapsed: 277.1s
2025-10-02 16:26:09,755 - INFO - POST http://localhost:9200/_bulk [status:200 request:3.379s]
2025-10-02 16:26:10,095 - INFO - Progress: 3,200,000 indexed, 0 failed, Rate: 11494.6 docs/sec, Queue: 80, Elapsed: 278.4s
2025-10-02 16:26:10,108 - INFO - === METRICS ES CONSUMER AT 3200000 DOCS ===
2025-10-02 16:26:10,113 - INFO - Process Memory:
2025-10-02 16:26:10,119 - INFO -   RSS: 4.14 GB
2025-10-02 16:26:10,124 - INFO -   VMS: 8.07 GB
2025-10-02 16:26:10,139 - INFO -   % of System: 0.5%
2025-10-02 16:26:10,144 - INFO - System Memory:
2025-10-02 16:26:10,149 - INFO -   Total Used: 16.2%
2025-10-02 16:26:10,155 - INFO -   Available: 716.41 GB
2025-10-02 16:26:10,160 - INFO -   Cached: 47.23 GB
2025-10-02 16:26:11,192 - INFO - CPU:
2025-10-02 16:26:11,197 - INFO -   Process usage: 102.4%
2025-10-02 16:26:11,202 - INFO -   Threads: 38
2025-10-02 16:26:11,204 - INFO -   Allocated cores: 288 (IDs: [0, 1, 2, 3, 4]...)
2025-10-02 16:26:11,204 - INFO - Process I/O:
2025-10-02 16:26:11,204 - INFO -   Read: 0.00 GB
2025-10-02 16:26:11,204 - INFO -   Write: 0.00 GB
2025-10-02 16:26:11,205 - INFO - ==================================================
2025-10-02 16:26:12,526 - INFO - POST http://localhost:9200/_bulk [status:200 request:3.457s]
2025-10-02 16:26:12,850 - INFO - Progress: 3,210,000 indexed, 0 failed, Rate: 11417.5 docs/sec, Queue: 80, Elapsed: 281.1s
2025-10-02 16:26:12,859 - INFO - Progress: 3,220,000 indexed, 0 failed, Rate: 11452.7 docs/sec, Queue: 80, Elapsed: 281.2s
2025-10-02 16:26:13,199 - INFO - Overall progress: Parsed 3,359,000, Indexed 0, Queue: 80
2025-10-02 16:26:14,580 - INFO - POST http://localhost:9200/_bulk [status:200 request:4.044s]
2025-10-02 16:26:14,939 - INFO - Progress: 3,230,000 indexed, 0 failed, Rate: 11404.0 docs/sec, Queue: 80, Elapsed: 283.2s
2025-10-02 16:26:14,942 - INFO - Progress: 3,240,000 indexed, 0 failed, Rate: 11439.1 docs/sec, Queue: 80, Elapsed: 283.2s
2025-10-02 16:26:15,717 - INFO - POST http://localhost:9200/_bulk [status:200 request:3.981s]
2025-10-02 16:26:16,038 - INFO - Progress: 3,250,000 indexed, 0 failed, Rate: 11430.2 docs/sec, Queue: 80, Elapsed: 284.3s
2025-10-02 16:26:16,042 - INFO - Progress: 3,260,000 indexed, 0 failed, Rate: 11465.2 docs/sec, Queue: 80, Elapsed: 284.3s
2025-10-02 16:26:16,352 - INFO - Worker 1: Parsed 1,650,000 documents
2025-10-02 16:26:16,674 - INFO - Worker 0: Parsed 1,750,000 documents
2025-10-02 16:26:17,032 - INFO - POST http://localhost:9200/_bulk [status:200 request:3.866s]
2025-10-02 16:26:17,378 - INFO - Progress: 3,270,000 indexed, 0 failed, Rate: 11446.6 docs/sec, Queue: 80, Elapsed: 285.7s
2025-10-02 16:26:20,749 - INFO - POST http://localhost:9200/_bulk [status:200 request:4.507s]
2025-10-02 16:26:21,018 - INFO - POST http://localhost:9200/_bulk [status:200 request:6.668s]
2025-10-02 16:26:21,415 - INFO - Progress: 3,280,000 indexed, 0 failed, Rate: 11321.6 docs/sec, Queue: 80, Elapsed: 289.7s
2025-10-02 16:26:21,460 - INFO - Progress: 3,290,000 indexed, 0 failed, Rate: 11354.4 docs/sec, Queue: 80, Elapsed: 289.8s
2025-10-02 16:26:21,460 - INFO - POST http://localhost:9200/_bulk [status:200 request:3.753s]
2025-10-02 16:26:21,481 - INFO - Progress: 3,300,000 indexed, 0 failed, Rate: 11388.0 docs/sec, Queue: 80, Elapsed: 289.8s
2025-10-02 16:26:21,814 - INFO - === METRICS ES CONSUMER AT 3300000 DOCS ===
2025-10-02 16:26:21,826 - INFO - Process Memory:
2025-10-02 16:26:21,831 - INFO -   RSS: 4.62 GB
2025-10-02 16:26:21,836 - INFO -   VMS: 8.55 GB
2025-10-02 16:26:21,860 - INFO -   % of System: 0.5%
2025-10-02 16:26:21,865 - INFO - System Memory:
2025-10-02 16:26:21,865 - INFO -   Total Used: 16.3%
2025-10-02 16:26:21,865 - INFO -   Available: 715.07 GB
2025-10-02 16:26:21,865 - INFO -   Cached: 48.33 GB
2025-10-02 16:26:22,643 - INFO - POST http://localhost:9200/_bulk [status:200 request:3.785s]
2025-10-02 16:26:22,936 - INFO - CPU:
2025-10-02 16:26:22,941 - INFO -   Process usage: 102.7%
2025-10-02 16:26:22,946 - INFO -   Threads: 38
2025-10-02 16:26:22,952 - INFO -   Allocated cores: 288 (IDs: [0, 1, 2, 3, 4]...)
2025-10-02 16:26:22,967 - INFO - Process I/O:
2025-10-02 16:26:22,972 - INFO -   Read: 0.00 GB
2025-10-02 16:26:22,977 - INFO -   Write: 0.00 GB
2025-10-02 16:26:22,983 - INFO - ==================================================
2025-10-02 16:26:23,065 - INFO - Progress: 3,310,000 indexed, 0 failed, Rate: 11360.4 docs/sec, Queue: 80, Elapsed: 291.4s
2025-10-02 16:26:23,087 - INFO - Progress: 3,320,000 indexed, 0 failed, Rate: 11393.9 docs/sec, Queue: 80, Elapsed: 291.4s
2025-10-02 16:26:23,091 - INFO - Progress: 3,330,000 indexed, 0 failed, Rate: 11428.1 docs/sec, Queue: 80, Elapsed: 291.4s
2025-10-02 16:26:23,121 - INFO - Progress: 3,340,000 indexed, 0 failed, Rate: 11461.2 docs/sec, Queue: 80, Elapsed: 291.4s
2025-10-02 16:26:23,215 - INFO - Overall progress: Parsed 3,474,000, Indexed 0, Queue: 80
2025-10-02 16:26:23,753 - INFO - POST http://localhost:9200/_bulk [status:200 request:3.833s]
2025-10-02 16:26:24,009 - INFO - Progress: 3,350,000 indexed, 0 failed, Rate: 11460.6 docs/sec, Queue: 80, Elapsed: 292.3s
2025-10-02 16:26:24,018 - INFO - Progress: 3,360,000 indexed, 0 failed, Rate: 11494.5 docs/sec, Queue: 80, Elapsed: 292.3s
2025-10-02 16:26:24,909 - INFO - Worker 1: Parsed 1,700,000 documents
2025-10-02 16:26:25,347 - INFO - Worker 0: Parsed 1,800,000 documents
2025-10-02 16:26:26,070 - INFO - POST http://localhost:9200/_bulk [status:200 request:3.924s]
2025-10-02 16:26:26,378 - INFO - Progress: 3,370,000 indexed, 0 failed, Rate: 11436.3 docs/sec, Queue: 80, Elapsed: 294.7s
2025-10-02 16:26:26,382 - INFO - Progress: 3,380,000 indexed, 0 failed, Rate: 11470.1 docs/sec, Queue: 80, Elapsed: 294.7s
2025-10-02 16:26:31,069 - INFO - POST http://localhost:9200/_bulk [status:200 request:5.827s]
2025-10-02 16:26:31,535 - INFO - POST http://localhost:9200/_bulk [status:200 request:7.779s]
2025-10-02 16:26:31,948 - INFO - Progress: 3,390,000 indexed, 0 failed, Rate: 11290.8 docs/sec, Queue: 80, Elapsed: 300.2s
2025-10-02 16:26:31,975 - INFO - Progress: 3,400,000 indexed, 0 failed, Rate: 11323.1 docs/sec, Queue: 80, Elapsed: 300.3s
2025-10-02 16:26:32,023 - INFO - === METRICS ES CONSUMER AT 3400000 DOCS ===
2025-10-02 16:26:32,027 - INFO - Process Memory:
2025-10-02 16:26:32,027 - INFO -   RSS: 6.07 GB
2025-10-02 16:26:32,027 - INFO -   VMS: 9.99 GB
2025-10-02 16:26:32,027 - INFO -   % of System: 0.7%
2025-10-02 16:26:32,027 - INFO - System Memory:
2025-10-02 16:26:32,027 - INFO -   Total Used: 16.6%
2025-10-02 16:26:32,027 - INFO -   Available: 712.81 GB
2025-10-02 16:26:32,027 - INFO -   Cached: 49.46 GB
2025-10-02 16:26:32,629 - INFO - Worker 1: Parsed 1,750,000 documents
2025-10-02 16:26:32,689 - INFO - Worker 0: Parsed 1,850,000 documents
2025-10-02 16:26:33,090 - INFO - CPU:
2025-10-02 16:26:33,090 - INFO -   Process usage: 100.9%
2025-10-02 16:26:33,090 - INFO -   Threads: 38
2025-10-02 16:26:33,090 - INFO -   Allocated cores: 288 (IDs: [0, 1, 2, 3, 4]...)
2025-10-02 16:26:33,090 - INFO - Process I/O:
2025-10-02 16:26:33,091 - INFO -   Read: 0.00 GB
2025-10-02 16:26:33,091 - INFO -   Write: 0.00 GB
2025-10-02 16:26:33,091 - INFO - ==================================================
2025-10-02 16:26:33,170 - INFO - Progress: 3,410,000 indexed, 0 failed, Rate: 11311.4 docs/sec, Queue: 80, Elapsed: 301.5s
2025-10-02 16:26:33,233 - INFO - Overall progress: Parsed 3,605,000, Indexed 0, Queue: 80
2025-10-02 16:26:34,549 - INFO - POST http://localhost:9200/_bulk [status:200 request:7.852s]
2025-10-02 16:26:34,944 - INFO - Progress: 3,420,000 indexed, 0 failed, Rate: 11278.2 docs/sec, Queue: 80, Elapsed: 303.2s
2025-10-02 16:26:34,948 - INFO - Progress: 3,430,000 indexed, 0 failed, Rate: 11311.0 docs/sec, Queue: 80, Elapsed: 303.2s
2025-10-02 16:26:35,949 - INFO - POST http://localhost:9200/_bulk [status:200 request:8.079s]
2025-10-02 16:26:36,316 - INFO - Progress: 3,440,000 indexed, 0 failed, Rate: 11293.0 docs/sec, Queue: 80, Elapsed: 304.6s
2025-10-02 16:26:36,325 - INFO - Progress: 3,450,000 indexed, 0 failed, Rate: 11325.5 docs/sec, Queue: 80, Elapsed: 304.6s
2025-10-02 16:26:36,832 - INFO - POST http://localhost:9200/_bulk [status:200 request:6.739s]
2025-10-02 16:26:37,366 - INFO - POST http://localhost:9200/_bulk [status:200 request:4.231s]
2025-10-02 16:26:38,127 - INFO - POST http://localhost:9200/_bulk [status:200 request:9.178s]
2025-10-02 16:26:38,482 - INFO - Progress: 3,460,000 indexed, 0 failed, Rate: 11278.5 docs/sec, Queue: 80, Elapsed: 306.8s
2025-10-02 16:26:38,491 - INFO - Progress: 3,470,000 indexed, 0 failed, Rate: 11310.7 docs/sec, Queue: 80, Elapsed: 306.8s
2025-10-02 16:26:38,566 - INFO - Progress: 3,480,000 indexed, 0 failed, Rate: 11340.6 docs/sec, Queue: 80, Elapsed: 306.9s
2025-10-02 16:26:38,567 - INFO - POST http://localhost:9200/_bulk [status:200 request:4.230s]
2025-10-02 16:26:38,873 - INFO - POST http://localhost:9200/_bulk [status:200 request:7.464s]
2025-10-02 16:26:39,324 - INFO - Progress: 3,490,000 indexed, 0 failed, Rate: 11345.1 docs/sec, Queue: 80, Elapsed: 307.6s
2025-10-02 16:26:39,335 - INFO - Progress: 3,500,000 indexed, 0 failed, Rate: 11377.2 docs/sec, Queue: 80, Elapsed: 307.6s
2025-10-02 16:26:39,364 - INFO - === METRICS ES CONSUMER AT 3500000 DOCS ===
2025-10-02 16:26:39,364 - INFO - Process Memory:
2025-10-02 16:26:39,364 - INFO -   RSS: 4.61 GB
2025-10-02 16:26:39,364 - INFO -   VMS: 8.55 GB
2025-10-02 16:26:39,364 - INFO -   % of System: 0.5%
2025-10-02 16:26:39,370 - INFO - System Memory:
2025-10-02 16:26:39,375 - INFO -   Total Used: 16.5%
2025-10-02 16:26:39,380 - INFO -   Available: 713.85 GB
2025-10-02 16:26:39,385 - INFO -   Cached: 49.86 GB
2025-10-02 16:26:40,167 - INFO - POST http://localhost:9200/_bulk [status:200 request:4.329s]
2025-10-02 16:26:40,543 - INFO - CPU:
2025-10-02 16:26:40,548 - INFO -   Process usage: 101.0%
2025-10-02 16:26:40,593 - INFO -   Threads: 38
2025-10-02 16:26:40,679 - INFO -   Allocated cores: 288 (IDs: [0, 1, 2, 3, 4]...)
2025-10-02 16:26:40,689 - INFO - Process I/O:
2025-10-02 16:26:40,689 - INFO -   Read: 0.00 GB
2025-10-02 16:26:40,689 - INFO -   Write: 0.00 GB
2025-10-02 16:26:40,689 - INFO - ==================================================
2025-10-02 16:26:40,804 - INFO - Progress: 3,510,000 indexed, 0 failed, Rate: 11355.5 docs/sec, Queue: 80, Elapsed: 309.1s
2025-10-02 16:26:40,808 - INFO - Progress: 3,520,000 indexed, 0 failed, Rate: 11387.7 docs/sec, Queue: 80, Elapsed: 309.1s
2025-10-02 16:26:40,841 - INFO - Progress: 3,530,000 indexed, 0 failed, Rate: 11418.9 docs/sec, Queue: 80, Elapsed: 309.1s
2025-10-02 16:26:40,860 - INFO - Progress: 3,540,000 indexed, 0 failed, Rate: 11450.5 docs/sec, Queue: 80, Elapsed: 309.2s
2025-10-02 16:26:40,898 - INFO - Progress: 3,550,000 indexed, 0 failed, Rate: 11481.5 docs/sec, Queue: 80, Elapsed: 309.2s
2025-10-02 16:26:41,260 - INFO - POST http://localhost:9200/_bulk [status:200 request:3.251s]
2025-10-02 16:26:41,542 - INFO - Progress: 3,560,000 indexed, 0 failed, Rate: 11489.9 docs/sec, Queue: 80, Elapsed: 309.8s
2025-10-02 16:26:41,551 - INFO - Progress: 3,570,000 indexed, 0 failed, Rate: 11521.8 docs/sec, Queue: 80, Elapsed: 309.8s
2025-10-02 16:26:42,565 - INFO - Worker 0: Parsed 1,900,000 documents
2025-10-02 16:26:42,711 - INFO - Worker 1: Parsed 1,800,000 documents
2025-10-02 16:26:43,249 - INFO - Overall progress: Parsed 3,709,000, Indexed 0, Queue: 80
2025-10-02 16:26:44,315 - INFO - POST http://localhost:9200/_bulk [status:200 request:3.584s]
2025-10-02 16:26:44,628 - INFO - Progress: 3,580,000 indexed, 0 failed, Rate: 11440.5 docs/sec, Queue: 80, Elapsed: 312.9s
2025-10-02 16:26:44,637 - INFO - Progress: 3,590,000 indexed, 0 failed, Rate: 11472.1 docs/sec, Queue: 80, Elapsed: 312.9s
2025-10-02 16:26:46,076 - INFO - POST http://localhost:9200/_bulk [status:200 request:3.680s]
2025-10-02 16:26:46,537 - INFO - Progress: 3,600,000 indexed, 0 failed, Rate: 11434.6 docs/sec, Queue: 80, Elapsed: 314.8s
2025-10-02 16:26:46,566 - INFO - === METRICS ES CONSUMER AT 3600000 DOCS ===
2025-10-02 16:26:46,566 - INFO - Process Memory:
2025-10-02 16:26:46,574 - INFO -   RSS: 5.09 GB
2025-10-02 16:26:46,589 - INFO -   VMS: 9.02 GB
2025-10-02 16:26:46,609 - INFO -   % of System: 0.6%
2025-10-02 16:26:46,615 - INFO - System Memory:
2025-10-02 16:26:46,620 - INFO -   Total Used: 16.5%
2025-10-02 16:26:46,625 - INFO -   Available: 713.15 GB
2025-10-02 16:26:46,628 - INFO -   Cached: 50.80 GB
2025-10-02 16:26:47,187 - INFO - POST http://localhost:9200/_bulk [status:200 request:3.638s]
2025-10-02 16:26:47,657 - INFO - CPU:
2025-10-02 16:26:47,663 - INFO -   Process usage: 101.1%
2025-10-02 16:26:47,668 - INFO -   Threads: 38
2025-10-02 16:26:47,673 - INFO -   Allocated cores: 288 (IDs: [0, 1, 2, 3, 4]...)
2025-10-02 16:26:47,692 - INFO - Process I/O:
2025-10-02 16:26:47,692 - INFO -   Read: 0.00 GB
2025-10-02 16:26:47,692 - INFO -   Write: 0.00 GB
2025-10-02 16:26:47,692 - INFO - ==================================================
2025-10-02 16:26:47,748 - INFO - Progress: 3,610,000 indexed, 0 failed, Rate: 11422.4 docs/sec, Queue: 80, Elapsed: 316.0s
2025-10-02 16:26:47,772 - INFO - Progress: 3,620,000 indexed, 0 failed, Rate: 11453.2 docs/sec, Queue: 80, Elapsed: 316.1s
2025-10-02 16:26:47,776 - INFO - Progress: 3,630,000 indexed, 0 failed, Rate: 11484.7 docs/sec, Queue: 80, Elapsed: 316.1s
2025-10-02 16:26:48,846 - INFO - POST http://localhost:9200/_bulk [status:200 request:3.760s]
2025-10-02 16:26:49,150 - INFO - Progress: 3,640,000 indexed, 0 failed, Rate: 11466.5 docs/sec, Queue: 80, Elapsed: 317.4s
2025-10-02 16:26:50,456 - INFO - Worker 0: Parsed 1,950,000 documents
2025-10-02 16:26:50,907 - INFO - Worker 1: Parsed 1,850,000 documents
2025-10-02 16:26:53,059 - INFO - POST http://localhost:9200/_bulk [status:200 request:3.431s]
2025-10-02 16:26:53,372 - INFO - Overall progress: Parsed 3,836,000, Indexed 0, Queue: 80
2025-10-02 16:26:54,601 - INFO - POST http://localhost:9200/_bulk [status:200 request:3.798s]
2025-10-02 16:26:55,347 - INFO - POST http://localhost:9200/_bulk [status:200 request:8.864s]
2025-10-02 16:26:55,762 - INFO - Progress: 3,650,000 indexed, 0 failed, Rate: 11263.4 docs/sec, Queue: 80, Elapsed: 324.1s
2025-10-02 16:26:55,770 - INFO - Progress: 3,660,000 indexed, 0 failed, Rate: 11294.0 docs/sec, Queue: 80, Elapsed: 324.1s
2025-10-02 16:26:56,770 - INFO - POST http://localhost:9200/_bulk [status:200 request:4.887s]
2025-10-02 16:26:57,321 - INFO - POST http://localhost:9200/_bulk [status:200 request:9.113s]
2025-10-02 16:26:57,632 - INFO - Progress: 3,670,000 indexed, 0 failed, Rate: 11260.1 docs/sec, Queue: 80, Elapsed: 325.9s
2025-10-02 16:26:57,636 - INFO - Progress: 3,680,000 indexed, 0 failed, Rate: 11290.7 docs/sec, Queue: 80, Elapsed: 325.9s
2025-10-02 16:26:57,654 - INFO - Progress: 3,690,000 indexed, 0 failed, Rate: 11320.7 docs/sec, Queue: 80, Elapsed: 326.0s
2025-10-02 16:26:57,658 - INFO - Progress: 3,700,000 indexed, 0 failed, Rate: 11351.3 docs/sec, Queue: 80, Elapsed: 326.0s
2025-10-02 16:26:57,713 - INFO - === METRICS ES CONSUMER AT 3700000 DOCS ===
2025-10-02 16:26:57,719 - INFO - Process Memory:
2025-10-02 16:26:57,724 - INFO -   RSS: 5.10 GB
2025-10-02 16:26:57,727 - INFO -   VMS: 9.04 GB
2025-10-02 16:26:57,727 - INFO -   % of System: 0.6%
2025-10-02 16:26:57,728 - INFO - System Memory:
2025-10-02 16:26:57,728 - INFO -   Total Used: 16.7%
2025-10-02 16:26:57,728 - INFO -   Available: 711.85 GB
2025-10-02 16:26:57,728 - INFO -   Cached: 52.56 GB
2025-10-02 16:26:58,499 - INFO - Worker 0: Parsed 2,000,000 documents
2025-10-02 16:26:58,756 - INFO - CPU:
2025-10-02 16:26:58,757 - INFO -   Process usage: 102.4%
2025-10-02 16:26:58,757 - INFO -   Threads: 38
2025-10-02 16:26:58,757 - INFO -   Allocated cores: 288 (IDs: [0, 1, 2, 3, 4]...)
2025-10-02 16:26:58,757 - INFO - Process I/O:
2025-10-02 16:26:58,757 - INFO -   Read: 0.00 GB
2025-10-02 16:26:58,757 - INFO -   Write: 0.00 GB
2025-10-02 16:26:58,757 - INFO - ==================================================
2025-10-02 16:26:58,872 - INFO - Progress: 3,710,000 indexed, 0 failed, Rate: 11339.7 docs/sec, Queue: 80, Elapsed: 327.2s
2025-10-02 16:26:58,905 - INFO - Progress: 3,720,000 indexed, 0 failed, Rate: 11369.1 docs/sec, Queue: 80, Elapsed: 327.2s
2025-10-02 16:26:58,914 - INFO - Progress: 3,730,000 indexed, 0 failed, Rate: 11399.4 docs/sec, Queue: 80, Elapsed: 327.2s
2025-10-02 16:26:59,500 - INFO - POST http://localhost:9200/_bulk [status:200 request:6.442s]
2025-10-02 16:26:59,767 - INFO - Progress: 3,740,000 indexed, 0 failed, Rate: 11400.2 docs/sec, Queue: 80, Elapsed: 328.1s
2025-10-02 16:26:59,777 - INFO - Progress: 3,750,000 indexed, 0 failed, Rate: 11430.4 docs/sec, Queue: 80, Elapsed: 328.1s
2025-10-02 16:26:59,988 - INFO - Worker 1: Parsed 1,900,000 documents
2025-10-02 16:27:01,902 - INFO - POST http://localhost:9200/_bulk [status:200 request:3.556s]
2025-10-02 16:27:03,094 - INFO - POST http://localhost:9200/_bulk [status:200 request:8.591s]
2025-10-02 16:27:03,378 - INFO - Progress: 3,760,000 indexed, 0 failed, Rate: 11336.4 docs/sec, Queue: 80, Elapsed: 331.7s
2025-10-02 16:27:03,389 - INFO - Progress: 3,770,000 indexed, 0 failed, Rate: 11366.2 docs/sec, Queue: 80, Elapsed: 331.7s
2025-10-02 16:27:03,400 - INFO - Overall progress: Parsed 3,947,000, Indexed 0, Queue: 80
2025-10-02 16:27:03,901 - INFO - POST http://localhost:9200/_bulk [status:200 request:3.941s]
2025-10-02 16:27:04,865 - INFO - POST http://localhost:9200/_bulk [status:200 request:8.421s]
2025-10-02 16:27:05,175 - INFO - Progress: 3,780,000 indexed, 0 failed, Rate: 11335.3 docs/sec, Queue: 80, Elapsed: 333.5s
2025-10-02 16:27:05,195 - INFO - Progress: 3,790,000 indexed, 0 failed, Rate: 11364.6 docs/sec, Queue: 80, Elapsed: 333.5s
2025-10-02 16:27:05,199 - INFO - Progress: 3,800,000 indexed, 0 failed, Rate: 11394.5 docs/sec, Queue: 80, Elapsed: 333.5s
2025-10-02 16:27:05,233 - INFO - === METRICS ES CONSUMER AT 3800000 DOCS ===
2025-10-02 16:27:05,238 - INFO - Process Memory:
2025-10-02 16:27:05,243 - INFO -   RSS: 5.10 GB
2025-10-02 16:27:05,249 - INFO -   VMS: 9.03 GB
2025-10-02 16:27:05,263 - INFO -   % of System: 0.6%
2025-10-02 16:27:05,264 - INFO - System Memory:
2025-10-02 16:27:05,264 - INFO -   Total Used: 16.8%
2025-10-02 16:27:05,264 - INFO -   Available: 710.78 GB
2025-10-02 16:27:05,264 - INFO -   Cached: 53.13 GB
2025-10-02 16:27:06,288 - INFO - CPU:
2025-10-02 16:27:06,289 - INFO -   Process usage: 101.4%
2025-10-02 16:27:06,289 - INFO -   Threads: 38
2025-10-02 16:27:06,289 - INFO -   Allocated cores: 288 (IDs: [0, 1, 2, 3, 4]...)
2025-10-02 16:27:06,289 - INFO - Process I/O:
2025-10-02 16:27:06,289 - INFO -   Read: 0.00 GB
2025-10-02 16:27:06,289 - INFO -   Write: 0.00 GB
2025-10-02 16:27:06,289 - INFO - ==================================================
2025-10-02 16:27:06,391 - INFO - Progress: 3,810,000 indexed, 0 failed, Rate: 11383.8 docs/sec, Queue: 80, Elapsed: 334.7s
2025-10-02 16:27:06,407 - INFO - Progress: 3,820,000 indexed, 0 failed, Rate: 11413.1 docs/sec, Queue: 80, Elapsed: 334.7s
2025-10-02 16:27:07,176 - INFO - Worker 0: Parsed 2,050,000 documents
2025-10-02 16:27:08,144 - INFO - Worker 1: Parsed 1,950,000 documents
2025-10-02 16:27:09,108 - INFO - POST http://localhost:9200/_bulk [status:200 request:6.477s]
2025-10-02 16:27:09,320 - INFO - POST http://localhost:9200/_bulk [status:200 request:4.807s]
2025-10-02 16:27:10,130 - INFO - POST http://localhost:9200/_bulk [status:200 request:3.975s]
2025-10-02 16:27:10,865 - INFO - POST http://localhost:9200/_bulk [status:200 request:9.729s]
2025-10-02 16:27:11,328 - INFO - Progress: 3,830,000 indexed, 0 failed, Rate: 11277.1 docs/sec, Queue: 80, Elapsed: 339.6s
2025-10-02 16:27:11,337 - INFO - Progress: 3,840,000 indexed, 0 failed, Rate: 11306.3 docs/sec, Queue: 80, Elapsed: 339.6s
2025-10-02 16:27:11,372 - INFO - Progress: 3,850,000 indexed, 0 failed, Rate: 11334.6 docs/sec, Queue: 80, Elapsed: 339.7s
2025-10-02 16:27:11,401 - INFO - Progress: 3,860,000 indexed, 0 failed, Rate: 11363.1 docs/sec, Queue: 80, Elapsed: 339.7s
2025-10-02 16:27:11,410 - INFO - Progress: 3,870,000 indexed, 0 failed, Rate: 11392.2 docs/sec, Queue: 80, Elapsed: 339.7s
2025-10-02 16:27:11,440 - INFO - Progress: 3,880,000 indexed, 0 failed, Rate: 11420.6 docs/sec, Queue: 80, Elapsed: 339.7s
2025-10-02 16:27:11,449 - INFO - Progress: 3,890,000 indexed, 0 failed, Rate: 11449.7 docs/sec, Queue: 80, Elapsed: 339.7s
2025-10-02 16:27:13,420 - INFO - Overall progress: Parsed 4,061,000, Indexed 0, Queue: 80
2025-10-02 16:27:14,159 - INFO - POST http://localhost:9200/_bulk [status:200 request:6.780s]
2025-10-02 16:27:14,513 - INFO - Progress: 3,900,000 indexed, 0 failed, Rate: 11376.6 docs/sec, Queue: 80, Elapsed: 342.8s
2025-10-02 16:27:14,540 - INFO - === METRICS ES CONSUMER AT 3900000 DOCS ===
2025-10-02 16:27:14,541 - INFO - Process Memory:
2025-10-02 16:27:14,541 - INFO -   RSS: 5.59 GB
2025-10-02 16:27:14,541 - INFO -   VMS: 9.52 GB
2025-10-02 16:27:14,541 - INFO -   % of System: 0.7%
2025-10-02 16:27:14,541 - INFO - System Memory:
2025-10-02 16:27:14,541 - INFO -   Total Used: 17.0%
2025-10-02 16:27:14,541 - INFO -   Available: 708.89 GB
2025-10-02 16:27:14,541 - INFO -   Cached: 54.47 GB
2025-10-02 16:27:14,696 - INFO - POST http://localhost:9200/_bulk [status:200 request:6.215s]
2025-10-02 16:27:15,082 - INFO - POST http://localhost:9200/_bulk [status:200 request:4.275s]
2025-10-02 16:27:15,591 - INFO - CPU:
2025-10-02 16:27:15,596 - INFO -   Process usage: 99.8%
2025-10-02 16:27:15,598 - INFO -   Threads: 38
2025-10-02 16:27:15,598 - INFO -   Allocated cores: 288 (IDs: [0, 1, 2, 3, 4]...)
2025-10-02 16:27:15,599 - INFO - Process I/O:
2025-10-02 16:27:15,599 - INFO -   Read: 0.00 GB
2025-10-02 16:27:15,599 - INFO -   Write: 0.00 GB
2025-10-02 16:27:15,599 - INFO - ==================================================
2025-10-02 16:27:15,678 - INFO - Progress: 3,910,000 indexed, 0 failed, Rate: 11367.1 docs/sec, Queue: 80, Elapsed: 344.0s
2025-10-02 16:27:15,704 - INFO - Progress: 3,920,000 indexed, 0 failed, Rate: 11395.3 docs/sec, Queue: 80, Elapsed: 344.0s
2025-10-02 16:27:15,729 - INFO - Progress: 3,930,000 indexed, 0 failed, Rate: 11423.6 docs/sec, Queue: 80, Elapsed: 344.0s
2025-10-02 16:27:15,746 - INFO - Progress: 3,940,000 indexed, 0 failed, Rate: 11452.1 docs/sec, Queue: 80, Elapsed: 344.0s
2025-10-02 16:27:16,508 - INFO - Worker 0: Parsed 2,100,000 documents
2025-10-02 16:27:16,589 - INFO - POST http://localhost:9200/_bulk [status:200 request:4.029s]
2025-10-02 16:27:16,936 - INFO - Progress: 3,950,000 indexed, 0 failed, Rate: 11441.6 docs/sec, Queue: 80, Elapsed: 345.2s
2025-10-02 16:27:16,945 - INFO - Progress: 3,960,000 indexed, 0 failed, Rate: 11470.2 docs/sec, Queue: 80, Elapsed: 345.2s
2025-10-02 16:27:17,045 - INFO - POST http://localhost:9200/_bulk [status:200 request:3.406s]
2025-10-02 16:27:17,417 - INFO - Progress: 3,970,000 indexed, 0 failed, Rate: 11483.5 docs/sec, Queue: 80, Elapsed: 345.7s
2025-10-02 16:27:17,424 - INFO - Progress: 3,980,000 indexed, 0 failed, Rate: 11512.2 docs/sec, Queue: 80, Elapsed: 345.7s
2025-10-02 16:27:18,530 - INFO - Worker 1: Parsed 2,000,000 documents
2025-10-02 16:27:20,612 - INFO - POST http://localhost:9200/_bulk [status:200 request:4.658s]
2025-10-02 16:27:20,939 - INFO - Progress: 3,990,000 indexed, 0 failed, Rate: 11425.0 docs/sec, Queue: 80, Elapsed: 349.2s
2025-10-02 16:27:21,456 - INFO - POST http://localhost:9200/_bulk [status:200 request:3.607s]
2025-10-02 16:27:21,807 - INFO - Progress: 4,000,000 indexed, 0 failed, Rate: 11425.2 docs/sec, Queue: 80, Elapsed: 350.1s
2025-10-02 16:27:21,831 - INFO - === METRICS ES CONSUMER AT 4000000 DOCS ===
2025-10-02 16:27:21,832 - INFO - Process Memory:
2025-10-02 16:27:21,832 - INFO -   RSS: 4.62 GB
2025-10-02 16:27:21,838 - INFO -   VMS: 8.55 GB
2025-10-02 16:27:21,899 - INFO -   % of System: 0.5%
2025-10-02 16:27:21,985 - INFO - System Memory:
2025-10-02 16:27:21,991 - INFO -   Total Used: 16.9%
2025-10-02 16:27:21,996 - INFO -   Available: 709.79 GB
2025-10-02 16:27:22,006 - INFO -   Cached: 54.70 GB
2025-10-02 16:27:23,047 - INFO - POST http://localhost:9200/_bulk [status:200 request:4.045s]
2025-10-02 16:27:23,288 - INFO - CPU:
2025-10-02 16:27:23,293 - INFO -   Process usage: 101.4%
2025-10-02 16:27:23,303 - INFO -   Threads: 38
2025-10-02 16:27:23,314 - INFO -   Allocated cores: 288 (IDs: [0, 1, 2, 3, 4]...)
2025-10-02 16:27:23,392 - INFO - Process I/O:
2025-10-02 16:27:23,392 - INFO -   Read: 0.00 GB
2025-10-02 16:27:23,392 - INFO -   Write: 0.00 GB
2025-10-02 16:27:23,392 - INFO - ==================================================
2025-10-02 16:27:23,459 - INFO - Progress: 4,010,000 indexed, 0 failed, Rate: 11400.0 docs/sec, Queue: 80, Elapsed: 351.8s
2025-10-02 16:27:23,459 - INFO - Overall progress: Parsed 4,166,000, Indexed 0, Queue: 80
2025-10-02 16:27:23,486 - INFO - Progress: 4,020,000 indexed, 0 failed, Rate: 11427.5 docs/sec, Queue: 80, Elapsed: 351.8s
2025-10-02 16:27:23,490 - INFO - Progress: 4,030,000 indexed, 0 failed, Rate: 11455.8 docs/sec, Queue: 80, Elapsed: 351.8s
2025-10-02 16:27:23,894 - INFO - POST http://localhost:9200/_bulk [status:200 request:3.725s]
2025-10-02 16:27:24,201 - INFO - Progress: 4,040,000 indexed, 0 failed, Rate: 11461.1 docs/sec, Queue: 80, Elapsed: 352.5s
2025-10-02 16:27:24,210 - INFO - Progress: 4,050,000 indexed, 0 failed, Rate: 11489.2 docs/sec, Queue: 80, Elapsed: 352.5s
2025-10-02 16:27:25,434 - INFO - Worker 0: Parsed 2,150,000 documents
2025-10-02 16:27:25,694 - INFO - POST http://localhost:9200/_bulk [status:200 request:3.659s]
2025-10-02 16:27:26,001 - INFO - Progress: 4,060,000 indexed, 0 failed, Rate: 11459.3 docs/sec, Queue: 80, Elapsed: 354.3s
2025-10-02 16:27:27,048 - INFO - Worker 1: Parsed 2,050,000 documents
2025-10-02 16:27:30,969 - INFO - POST http://localhost:9200/_bulk [status:200 request:4.239s]
2025-10-02 16:27:31,275 - INFO - POST http://localhost:9200/_bulk [status:200 request:7.582s]
2025-10-02 16:27:31,661 - INFO - Progress: 4,070,000 indexed, 0 failed, Rate: 11306.9 docs/sec, Queue: 80, Elapsed: 360.0s
2025-10-02 16:27:31,669 - INFO - Progress: 4,080,000 indexed, 0 failed, Rate: 11334.4 docs/sec, Queue: 80, Elapsed: 360.0s
2025-10-02 16:27:32,105 - INFO - POST http://localhost:9200/_bulk [status:200 request:4.270s]
2025-10-02 16:27:32,857 - INFO - POST http://localhost:9200/_bulk [status:200 request:3.807s]
2025-10-02 16:27:33,286 - INFO - POST http://localhost:9200/_bulk [status:200 request:8.110s]
2025-10-02 16:27:33,575 - INFO - Overall progress: Parsed 4,281,000, Indexed 0, Queue: 80
2025-10-02 16:27:33,721 - INFO - Progress: 4,090,000 indexed, 0 failed, Rate: 11297.8 docs/sec, Queue: 80, Elapsed: 362.0s
2025-10-02 16:27:33,729 - INFO - Progress: 4,100,000 indexed, 0 failed, Rate: 11325.2 docs/sec, Queue: 80, Elapsed: 362.0s
2025-10-02 16:27:33,758 - INFO - === METRICS ES CONSUMER AT 4100000 DOCS ===
2025-10-02 16:27:33,758 - INFO - Process Memory:
2025-10-02 16:27:33,758 - INFO -   RSS: 4.62 GB
2025-10-02 16:27:33,759 - INFO -   VMS: 8.55 GB
2025-10-02 16:27:33,759 - INFO -   % of System: 0.5%
2025-10-02 16:27:33,765 - INFO - System Memory:
2025-10-02 16:27:33,770 - INFO -   Total Used: 17.0%
2025-10-02 16:27:33,776 - INFO -   Available: 709.08 GB
2025-10-02 16:27:33,781 - INFO -   Cached: 56.23 GB
2025-10-02 16:27:34,192 - INFO - Worker 0: Parsed 2,200,000 documents
2025-10-02 16:27:34,527 - INFO - POST http://localhost:9200/_bulk [status:200 request:4.266s]
2025-10-02 16:27:34,922 - INFO - CPU:
2025-10-02 16:27:34,925 - INFO -   Process usage: 101.8%
2025-10-02 16:27:34,925 - INFO -   Threads: 38
2025-10-02 16:27:34,925 - INFO -   Allocated cores: 288 (IDs: [0, 1, 2, 3, 4]...)
2025-10-02 16:27:34,925 - INFO - Process I/O:
2025-10-02 16:27:34,925 - INFO -   Read: 0.00 GB
2025-10-02 16:27:34,925 - INFO -   Write: 0.00 GB
2025-10-02 16:27:34,925 - INFO - ==================================================
2025-10-02 16:27:35,042 - INFO - Progress: 4,110,000 indexed, 0 failed, Rate: 11311.8 docs/sec, Queue: 80, Elapsed: 363.3s
2025-10-02 16:27:35,046 - INFO - Progress: 4,120,000 indexed, 0 failed, Rate: 11339.2 docs/sec, Queue: 80, Elapsed: 363.3s
2025-10-02 16:27:35,072 - INFO - Progress: 4,130,000 indexed, 0 failed, Rate: 11365.9 docs/sec, Queue: 80, Elapsed: 363.4s
2025-10-02 16:27:35,114 - INFO - Progress: 4,140,000 indexed, 0 failed, Rate: 11392.1 docs/sec, Queue: 80, Elapsed: 363.4s
2025-10-02 16:27:35,122 - INFO - Progress: 4,150,000 indexed, 0 failed, Rate: 11419.3 docs/sec, Queue: 80, Elapsed: 363.4s
2025-10-02 16:27:35,160 - INFO - Progress: 4,160,000 indexed, 0 failed, Rate: 11445.7 docs/sec, Queue: 80, Elapsed: 363.5s
2025-10-02 16:27:35,169 - INFO - Progress: 4,170,000 indexed, 0 failed, Rate: 11472.9 docs/sec, Queue: 80, Elapsed: 363.5s
2025-10-02 16:27:35,922 - INFO - POST http://localhost:9200/_bulk [status:200 request:3.833s]
2025-10-02 16:27:36,171 - INFO - Progress: 4,180,000 indexed, 0 failed, Rate: 11468.8 docs/sec, Queue: 80, Elapsed: 364.5s
2025-10-02 16:27:36,180 - INFO - Progress: 4,190,000 indexed, 0 failed, Rate: 11495.9 docs/sec, Queue: 80, Elapsed: 364.5s
2025-10-02 16:27:36,328 - INFO - Worker 1: Parsed 2,100,000 documents
2025-10-02 16:27:41,742 - INFO - POST http://localhost:9200/_bulk [status:200 request:5.186s]
2025-10-02 16:27:41,958 - INFO - Worker 0: Parsed 2,250,000 documents
2025-10-02 16:27:42,030 - INFO - POST http://localhost:9200/_bulk [status:200 request:7.520s]
2025-10-02 16:27:42,454 - INFO - Progress: 4,200,000 indexed, 0 failed, Rate: 11328.4 docs/sec, Queue: 80, Elapsed: 370.8s
2025-10-02 16:27:42,497 - INFO - POST http://localhost:9200/_bulk [status:200 request:4.838s]
2025-10-02 16:27:42,497 - INFO - === METRICS ES CONSUMER AT 4200000 DOCS ===
2025-10-02 16:27:42,711 - INFO - Process Memory:
2025-10-02 16:27:42,725 - INFO -   RSS: 5.59 GB
2025-10-02 16:27:42,735 - INFO -   VMS: 9.51 GB
2025-10-02 16:27:42,803 - INFO - POST http://localhost:9200/_bulk [status:200 request:3.964s]
2025-10-02 16:27:42,975 - INFO -   % of System: 0.6%
2025-10-02 16:27:43,041 - INFO - System Memory:
2025-10-02 16:27:43,066 - INFO -   Total Used: 17.2%
2025-10-02 16:27:43,159 - INFO -   Available: 707.56 GB
2025-10-02 16:27:43,169 - INFO -   Cached: 57.20 GB
2025-10-02 16:27:43,627 - INFO - Overall progress: Parsed 4,395,000, Indexed 0, Queue: 80
2025-10-02 16:27:44,112 - INFO - POST http://localhost:9200/_bulk [status:200 request:4.122s]
2025-10-02 16:27:44,339 - INFO - CPU:
2025-10-02 16:27:44,344 - INFO -   Process usage: 97.0%
2025-10-02 16:27:44,354 - INFO -   Threads: 38
2025-10-02 16:27:44,360 - INFO -   Allocated cores: 288 (IDs: [0, 1, 2, 3, 4]...)
2025-10-02 16:27:44,380 - INFO - Process I/O:
2025-10-02 16:27:44,385 - INFO -   Read: 0.00 GB
2025-10-02 16:27:44,390 - INFO -   Write: 0.00 GB
2025-10-02 16:27:44,395 - INFO - ==================================================
2025-10-02 16:27:44,495 - INFO - Progress: 4,210,000 indexed, 0 failed, Rate: 11293.2 docs/sec, Queue: 80, Elapsed: 372.8s
2025-10-02 16:27:44,528 - INFO - Progress: 4,220,000 indexed, 0 failed, Rate: 11319.0 docs/sec, Queue: 80, Elapsed: 372.8s
2025-10-02 16:27:44,556 - INFO - Progress: 4,230,000 indexed, 0 failed, Rate: 11345.0 docs/sec, Queue: 80, Elapsed: 372.9s
2025-10-02 16:27:44,565 - INFO - Progress: 4,240,000 indexed, 0 failed, Rate: 11371.5 docs/sec, Queue: 80, Elapsed: 372.9s
2025-10-02 16:27:44,603 - INFO - Progress: 4,250,000 indexed, 0 failed, Rate: 11397.2 docs/sec, Queue: 80, Elapsed: 372.9s
2025-10-02 16:27:44,613 - INFO - Progress: 4,260,000 indexed, 0 failed, Rate: 11423.7 docs/sec, Queue: 80, Elapsed: 372.9s
2025-10-02 16:27:44,657 - INFO - Progress: 4,270,000 indexed, 0 failed, Rate: 11449.2 docs/sec, Queue: 80, Elapsed: 373.0s
2025-10-02 16:27:44,707 - INFO - Progress: 4,280,000 indexed, 0 failed, Rate: 11474.4 docs/sec, Queue: 80, Elapsed: 373.0s
2025-10-02 16:27:44,707 - INFO - POST http://localhost:9200/_bulk [status:200 request:3.645s]
2025-10-02 16:27:44,948 - INFO - Progress: 4,290,000 indexed, 0 failed, Rate: 11493.8 docs/sec, Queue: 80, Elapsed: 373.2s
2025-10-02 16:27:45,121 - INFO - Worker 1: Parsed 2,150,000 documents
2025-10-02 16:27:47,056 - INFO - POST http://localhost:9200/_bulk [status:200 request:3.383s]
2025-10-02 16:27:47,350 - INFO - Progress: 4,300,000 indexed, 0 failed, Rate: 11446.9 docs/sec, Queue: 80, Elapsed: 375.6s
2025-10-02 16:27:47,373 - INFO - === METRICS ES CONSUMER AT 4300000 DOCS ===
2025-10-02 16:27:47,379 - INFO - Process Memory:
2025-10-02 16:27:47,384 - INFO -   RSS: 4.61 GB
2025-10-02 16:27:47,389 - INFO -   VMS: 8.54 GB
2025-10-02 16:27:47,408 - INFO -   % of System: 0.5%
2025-10-02 16:27:47,408 - INFO - System Memory:
2025-10-02 16:27:47,408 - INFO -   Total Used: 17.1%
2025-10-02 16:27:47,408 - INFO -   Available: 708.41 GB
2025-10-02 16:27:47,408 - INFO -   Cached: 58.02 GB
2025-10-02 16:27:48,440 - INFO - CPU:
2025-10-02 16:27:48,441 - INFO -   Process usage: 102.4%
2025-10-02 16:27:48,441 - INFO -   Threads: 38
2025-10-02 16:27:48,441 - INFO -   Allocated cores: 288 (IDs: [0, 1, 2, 3, 4]...)
2025-10-02 16:27:48,441 - INFO - Process I/O:
2025-10-02 16:27:48,441 - INFO -   Read: 0.00 GB
2025-10-02 16:27:48,441 - INFO -   Write: 0.00 GB
2025-10-02 16:27:48,441 - INFO - ==================================================
2025-10-02 16:27:48,492 - INFO - Progress: 4,310,000 indexed, 0 failed, Rate: 11438.8 docs/sec, Queue: 80, Elapsed: 376.8s
2025-10-02 16:27:49,378 - INFO - POST http://localhost:9200/_bulk [status:200 request:3.784s]
2025-10-02 16:27:49,704 - INFO - Progress: 4,320,000 indexed, 0 failed, Rate: 11428.6 docs/sec, Queue: 80, Elapsed: 378.0s
2025-10-02 16:27:49,713 - INFO - Progress: 4,330,000 indexed, 0 failed, Rate: 11454.7 docs/sec, Queue: 80, Elapsed: 378.0s
2025-10-02 16:27:51,325 - INFO - Worker 0: Parsed 2,300,000 documents
2025-10-02 16:27:52,181 - INFO - POST http://localhost:9200/_bulk [status:200 request:5.439s]
2025-10-02 16:27:52,519 - INFO - Progress: 4,340,000 indexed, 0 failed, Rate: 11396.6 docs/sec, Queue: 80, Elapsed: 380.8s
2025-10-02 16:27:52,519 - INFO - POST http://localhost:9200/_bulk [status:200 request:4.314s]
2025-10-02 16:27:52,855 - INFO - Progress: 4,350,000 indexed, 0 failed, Rate: 11412.8 docs/sec, Queue: 80, Elapsed: 381.2s
2025-10-02 16:27:52,858 - INFO - Progress: 4,360,000 indexed, 0 failed, Rate: 11438.9 docs/sec, Queue: 80, Elapsed: 381.2s
2025-10-02 16:27:53,158 - INFO - Worker 1: Parsed 2,200,000 documents
2025-10-02 16:27:53,717 - INFO - Overall progress: Parsed 4,516,000, Indexed 0, Queue: 80
2025-10-02 16:27:57,474 - INFO - POST http://localhost:9200/_bulk [status:200 request:3.727s]
2025-10-02 16:27:58,291 - INFO - POST http://localhost:9200/_bulk [status:200 request:7.403s]
2025-10-02 16:27:59,141 - INFO - Worker 0: Parsed 2,350,000 documents
2025-10-02 16:27:59,721 - INFO - POST http://localhost:9200/_bulk [status:200 request:10.363s]
2025-10-02 16:28:00,138 - INFO - Progress: 4,370,000 indexed, 0 failed, Rate: 11250.3 docs/sec, Queue: 80, Elapsed: 388.4s
2025-10-02 16:28:00,147 - INFO - Progress: 4,380,000 indexed, 0 failed, Rate: 11275.8 docs/sec, Queue: 80, Elapsed: 388.4s
2025-10-02 16:28:00,208 - INFO - POST http://localhost:9200/_bulk [status:200 request:5.279s]
2025-10-02 16:28:00,356 - INFO - Progress: 4,390,000 indexed, 0 failed, Rate: 11295.4 docs/sec, Queue: 80, Elapsed: 388.7s
2025-10-02 16:28:00,365 - INFO - Progress: 4,400,000 indexed, 0 failed, Rate: 11320.9 docs/sec, Queue: 80, Elapsed: 388.7s
2025-10-02 16:28:00,427 - INFO - POST http://localhost:9200/_bulk [status:200 request:8.452s]
2025-10-02 16:28:00,806 - INFO - === METRICS ES CONSUMER AT 4400000 DOCS ===
2025-10-02 16:28:00,859 - INFO - Process Memory:
2025-10-02 16:28:00,862 - INFO -   RSS: 5.12 GB
2025-10-02 16:28:00,862 - INFO -   VMS: 9.05 GB
2025-10-02 16:28:00,879 - INFO -   % of System: 0.6%
2025-10-02 16:28:00,884 - INFO - System Memory:
2025-10-02 16:28:00,889 - INFO -   Total Used: 17.3%
2025-10-02 16:28:00,894 - INFO -   Available: 706.45 GB
2025-10-02 16:28:00,900 - INFO -   Cached: 60.04 GB
2025-10-02 16:28:01,634 - INFO - Worker 1: Parsed 2,250,000 documents
2025-10-02 16:28:01,948 - INFO - CPU:
2025-10-02 16:28:01,953 - INFO -   Process usage: 101.3%
2025-10-02 16:28:01,958 - INFO -   Threads: 38
2025-10-02 16:28:01,960 - INFO -   Allocated cores: 288 (IDs: [0, 1, 2, 3, 4]...)
2025-10-02 16:28:01,960 - INFO - Process I/O:
2025-10-02 16:28:01,960 - INFO -   Read: 0.00 GB
2025-10-02 16:28:01,960 - INFO -   Write: 0.00 GB
2025-10-02 16:28:01,960 - INFO - ==================================================
2025-10-02 16:28:02,089 - INFO - Progress: 4,410,000 indexed, 0 failed, Rate: 11296.5 docs/sec, Queue: 80, Elapsed: 390.4s
2025-10-02 16:28:02,114 - INFO - Progress: 4,420,000 indexed, 0 failed, Rate: 11321.4 docs/sec, Queue: 80, Elapsed: 390.4s
2025-10-02 16:28:02,123 - INFO - Progress: 4,430,000 indexed, 0 failed, Rate: 11346.8 docs/sec, Queue: 80, Elapsed: 390.4s
2025-10-02 16:28:02,156 - INFO - Progress: 4,440,000 indexed, 0 failed, Rate: 11371.4 docs/sec, Queue: 80, Elapsed: 390.5s
2025-10-02 16:28:02,164 - INFO - Progress: 4,450,000 indexed, 0 failed, Rate: 11396.8 docs/sec, Queue: 80, Elapsed: 390.5s
2025-10-02 16:28:02,631 - INFO - POST http://localhost:9200/_bulk [status:200 request:3.590s]
2025-10-02 16:28:03,743 - INFO - Overall progress: Parsed 4,635,000, Indexed 0, Queue: 80
2025-10-02 16:28:04,312 - INFO - POST http://localhost:9200/_bulk [status:200 request:7.164s]
2025-10-02 16:28:04,512 - INFO - POST http://localhost:9200/_bulk [status:200 request:8.495s]
2025-10-02 16:28:04,958 - INFO - Progress: 4,460,000 indexed, 0 failed, Rate: 11341.2 docs/sec, Queue: 80, Elapsed: 393.3s
2025-10-02 16:28:04,963 - INFO - Progress: 4,470,000 indexed, 0 failed, Rate: 11366.5 docs/sec, Queue: 80, Elapsed: 393.3s
2025-10-02 16:28:04,980 - INFO - Progress: 4,480,000 indexed, 0 failed, Rate: 11391.5 docs/sec, Queue: 80, Elapsed: 393.3s
2025-10-02 16:28:05,002 - INFO - Progress: 4,490,000 indexed, 0 failed, Rate: 11416.3 docs/sec, Queue: 80, Elapsed: 393.3s
2025-10-02 16:28:05,010 - INFO - Progress: 4,500,000 indexed, 0 failed, Rate: 11441.4 docs/sec, Queue: 80, Elapsed: 393.3s
2025-10-02 16:28:05,059 - INFO - === METRICS ES CONSUMER AT 4500000 DOCS ===
2025-10-02 16:28:05,059 - INFO - Process Memory:
2025-10-02 16:28:05,059 - INFO -   RSS: 5.11 GB
2025-10-02 16:28:05,059 - INFO -   VMS: 9.04 GB
2025-10-02 16:28:05,059 - INFO -   % of System: 0.6%
2025-10-02 16:28:05,060 - INFO - System Memory:
2025-10-02 16:28:05,060 - INFO -   Total Used: 17.4%
2025-10-02 16:28:05,060 - INFO -   Available: 705.95 GB
2025-10-02 16:28:05,060 - INFO -   Cached: 60.34 GB
2025-10-02 16:28:05,452 - INFO - POST http://localhost:9200/_bulk [status:200 request:4.132s]
2025-10-02 16:28:06,232 - INFO - CPU:
2025-10-02 16:28:06,237 - INFO -   Process usage: 100.3%
2025-10-02 16:28:06,238 - INFO -   Threads: 38
2025-10-02 16:28:06,238 - INFO -   Allocated cores: 288 (IDs: [0, 1, 2, 3, 4]...)
2025-10-02 16:28:06,239 - INFO - Process I/O:
2025-10-02 16:28:06,239 - INFO -   Read: 0.00 GB
2025-10-02 16:28:06,239 - INFO -   Write: 0.00 GB
2025-10-02 16:28:06,239 - INFO - ==================================================
2025-10-02 16:28:06,338 - INFO - Progress: 4,510,000 indexed, 0 failed, Rate: 11428.3 docs/sec, Queue: 80, Elapsed: 394.6s
2025-10-02 16:28:06,354 - INFO - Progress: 4,520,000 indexed, 0 failed, Rate: 11453.2 docs/sec, Queue: 80, Elapsed: 394.7s
2025-10-02 16:28:06,667 - INFO - POST http://localhost:9200/_bulk [status:200 request:4.033s]
2025-10-02 16:28:06,997 - INFO - Progress: 4,530,000 indexed, 0 failed, Rate: 11459.8 docs/sec, Queue: 80, Elapsed: 395.3s
2025-10-02 16:28:07,006 - INFO - Progress: 4,540,000 indexed, 0 failed, Rate: 11484.9 docs/sec, Queue: 80, Elapsed: 395.3s
2025-10-02 16:28:08,604 - INFO - Worker 0: Parsed 2,400,000 documents
2025-10-02 16:28:10,096 - INFO - POST http://localhost:9200/_bulk [status:200 request:5.953s]
2025-10-02 16:28:10,474 - INFO - Progress: 4,550,000 indexed, 0 failed, Rate: 11410.1 docs/sec, Queue: 80, Elapsed: 398.8s
2025-10-02 16:28:10,564 - INFO - Worker 1: Parsed 2,300,000 documents
2025-10-02 16:28:11,938 - INFO - POST http://localhost:9200/_bulk [status:200 request:5.659s]
2025-10-02 16:28:12,286 - INFO - Progress: 4,560,000 indexed, 0 failed, Rate: 11383.4 docs/sec, Queue: 80, Elapsed: 400.6s
2025-10-02 16:28:12,295 - INFO - Progress: 4,570,000 indexed, 0 failed, Rate: 11408.1 docs/sec, Queue: 80, Elapsed: 400.6s
2025-10-02 16:28:12,987 - INFO - POST http://localhost:9200/_bulk [status:200 request:5.132s]
2025-10-02 16:28:13,338 - INFO - Progress: 4,580,000 indexed, 0 failed, Rate: 11403.4 docs/sec, Queue: 80, Elapsed: 401.6s
2025-10-02 16:28:13,347 - INFO - Progress: 4,590,000 indexed, 0 failed, Rate: 11428.0 docs/sec, Queue: 80, Elapsed: 401.6s
2025-10-02 16:28:13,763 - INFO - Overall progress: Parsed 4,747,000, Indexed 0, Queue: 80
2025-10-02 16:28:14,148 - INFO - POST http://localhost:9200/_bulk [status:200 request:4.054s]
2025-10-02 16:28:16,371 - INFO - Worker 0: Parsed 2,450,000 documents
2025-10-02 16:28:17,357 - INFO - POST http://localhost:9200/_bulk [status:200 request:5.645s]
2025-10-02 16:28:17,782 - INFO - POST http://localhost:9200/_bulk [status:200 request:8.852s]
2025-10-02 16:28:18,077 - INFO - Progress: 4,600,000 indexed, 0 failed, Rate: 11319.6 docs/sec, Queue: 80, Elapsed: 406.4s
2025-10-02 16:28:18,129 - INFO - === METRICS ES CONSUMER AT 4600000 DOCS ===
2025-10-02 16:28:18,132 - INFO - Process Memory:
2025-10-02 16:28:18,132 - INFO -   RSS: 5.60 GB
2025-10-02 16:28:18,132 - INFO -   VMS: 9.52 GB
2025-10-02 16:28:18,132 - INFO -   % of System: 0.7%
2025-10-02 16:28:18,132 - INFO - System Memory:
2025-10-02 16:28:18,133 - INFO -   Total Used: 17.5%
2025-10-02 16:28:18,133 - INFO -   Available: 705.02 GB
2025-10-02 16:28:18,133 - INFO -   Cached: 60.93 GB
2025-10-02 16:28:19,127 - INFO - Worker 1: Parsed 2,350,000 documents
2025-10-02 16:28:19,286 - INFO - CPU:
2025-10-02 16:28:19,287 - INFO -   Process usage: 100.4%
2025-10-02 16:28:19,287 - INFO -   Threads: 38
2025-10-02 16:28:19,287 - INFO -   Allocated cores: 288 (IDs: [0, 1, 2, 3, 4]...)
2025-10-02 16:28:19,287 - INFO - Process I/O:
2025-10-02 16:28:19,287 - INFO -   Read: 0.00 GB
2025-10-02 16:28:19,288 - INFO -   Write: 0.00 GB
2025-10-02 16:28:19,288 - INFO - ==================================================
2025-10-02 16:28:19,414 - INFO - Progress: 4,610,000 indexed, 0 failed, Rate: 11307.0 docs/sec, Queue: 80, Elapsed: 407.7s
2025-10-02 16:28:19,418 - INFO - Progress: 4,620,000 indexed, 0 failed, Rate: 11331.5 docs/sec, Queue: 80, Elapsed: 407.7s
2025-10-02 16:28:19,473 - INFO - Progress: 4,630,000 indexed, 0 failed, Rate: 11354.4 docs/sec, Queue: 80, Elapsed: 407.8s
2025-10-02 16:28:19,482 - INFO - Progress: 4,640,000 indexed, 0 failed, Rate: 11378.7 docs/sec, Queue: 80, Elapsed: 407.8s
2025-10-02 16:28:19,913 - INFO - POST http://localhost:9200/_bulk [status:200 request:6.316s]
2025-10-02 16:28:20,212 - INFO - Progress: 4,650,000 indexed, 0 failed, Rate: 11382.9 docs/sec, Queue: 80, Elapsed: 408.5s
2025-10-02 16:28:20,221 - INFO - Progress: 4,660,000 indexed, 0 failed, Rate: 11407.1 docs/sec, Queue: 80, Elapsed: 408.5s
2025-10-02 16:28:21,435 - INFO - POST http://localhost:9200/_bulk [status:200 request:5.242s]
2025-10-02 16:28:22,199 - INFO - POST http://localhost:9200/_bulk [status:200 request:4.840s]
2025-10-02 16:28:22,404 - INFO - POST http://localhost:9200/_bulk [status:200 request:7.293s]
2025-10-02 16:28:22,861 - INFO - Progress: 4,670,000 indexed, 0 failed, Rate: 11358.2 docs/sec, Queue: 80, Elapsed: 411.2s
2025-10-02 16:28:22,869 - INFO - Progress: 4,680,000 indexed, 0 failed, Rate: 11382.3 docs/sec, Queue: 80, Elapsed: 411.2s
2025-10-02 16:28:22,887 - INFO - Progress: 4,690,000 indexed, 0 failed, Rate: 11406.1 docs/sec, Queue: 80, Elapsed: 411.2s
2025-10-02 16:28:22,907 - INFO - Progress: 4,700,000 indexed, 0 failed, Rate: 11429.9 docs/sec, Queue: 80, Elapsed: 411.2s
2025-10-02 16:28:22,935 - INFO - === METRICS ES CONSUMER AT 4700000 DOCS ===
2025-10-02 16:28:22,941 - INFO - Process Memory:
2025-10-02 16:28:22,946 - INFO -   RSS: 4.63 GB
2025-10-02 16:28:22,951 - INFO -   VMS: 8.55 GB
2025-10-02 16:28:22,998 - INFO - POST http://localhost:9200/_bulk [status:200 request:3.671s]
2025-10-02 16:28:23,206 - INFO -   % of System: 0.5%
2025-10-02 16:28:23,211 - INFO - System Memory:
2025-10-02 16:28:23,217 - INFO -   Total Used: 17.3%
2025-10-02 16:28:23,222 - INFO -   Available: 707.02 GB
2025-10-02 16:28:23,228 - INFO -   Cached: 58.57 GB
2025-10-02 16:28:23,763 - INFO - Overall progress: Parsed 4,853,000, Indexed 0, Queue: 80
2025-10-02 16:28:24,360 - INFO - CPU:
2025-10-02 16:28:24,365 - INFO -   Process usage: 96.6%
2025-10-02 16:28:24,371 - INFO -   Threads: 38
2025-10-02 16:28:24,376 - INFO -   Allocated cores: 288 (IDs: [0, 1, 2, 3, 4]...)
2025-10-02 16:28:24,390 - INFO - Process I/O:
2025-10-02 16:28:24,390 - INFO -   Read: 0.00 GB
2025-10-02 16:28:24,390 - INFO -   Write: 0.00 GB
2025-10-02 16:28:24,390 - INFO - ==================================================
2025-10-02 16:28:24,447 - INFO - Progress: 4,710,000 indexed, 0 failed, Rate: 11411.4 docs/sec, Queue: 80, Elapsed: 412.7s
2025-10-02 16:28:24,471 - INFO - Progress: 4,720,000 indexed, 0 failed, Rate: 11435.0 docs/sec, Queue: 80, Elapsed: 412.8s
2025-10-02 16:28:24,516 - INFO - Progress: 4,730,000 indexed, 0 failed, Rate: 11458.0 docs/sec, Queue: 80, Elapsed: 412.8s
2025-10-02 16:28:24,517 - INFO - POST http://localhost:9200/_bulk [status:200 request:3.510s]
2025-10-02 16:28:24,816 - INFO - Progress: 4,740,000 indexed, 0 failed, Rate: 11473.9 docs/sec, Queue: 80, Elapsed: 413.1s
2025-10-02 16:28:24,824 - INFO - Progress: 4,750,000 indexed, 0 failed, Rate: 11497.8 docs/sec, Queue: 80, Elapsed: 413.1s
2025-10-02 16:28:26,285 - INFO - Worker 0: Parsed 2,500,000 documents
2025-10-02 16:28:27,058 - INFO - POST http://localhost:9200/_bulk [status:200 request:3.536s]
2025-10-02 16:28:27,376 - INFO - Progress: 4,760,000 indexed, 0 failed, Rate: 11451.3 docs/sec, Queue: 80, Elapsed: 415.7s
2025-10-02 16:28:28,624 - INFO - Worker 1: Parsed 2,400,000 documents
2025-10-02 16:28:29,494 - INFO - POST http://localhost:9200/_bulk [status:200 request:4.289s]
2025-10-02 16:28:29,836 - INFO - Progress: 4,770,000 indexed, 0 failed, Rate: 11407.9 docs/sec, Queue: 80, Elapsed: 418.1s
2025-10-02 16:28:29,845 - INFO - Progress: 4,780,000 indexed, 0 failed, Rate: 11431.5 docs/sec, Queue: 80, Elapsed: 418.1s
2025-10-02 16:28:31,782 - INFO - POST http://localhost:9200/_bulk [status:200 request:3.929s]
2025-10-02 16:28:32,389 - INFO - POST http://localhost:9200/_bulk [status:200 request:6.066s]
2025-10-02 16:28:32,662 - INFO - Progress: 4,790,000 indexed, 0 failed, Rate: 11378.8 docs/sec, Queue: 80, Elapsed: 421.0s
2025-10-02 16:28:32,666 - INFO - Progress: 4,800,000 indexed, 0 failed, Rate: 11402.4 docs/sec, Queue: 80, Elapsed: 421.0s
2025-10-02 16:28:32,694 - INFO - === METRICS ES CONSUMER AT 4800000 DOCS ===
2025-10-02 16:28:32,699 - INFO - Process Memory:
2025-10-02 16:28:32,704 - INFO -   RSS: 5.11 GB
2025-10-02 16:28:32,709 - INFO -   VMS: 9.03 GB
2025-10-02 16:28:32,724 - INFO -   % of System: 0.6%
2025-10-02 16:28:32,724 - INFO - System Memory:
2025-10-02 16:28:32,724 - INFO -   Total Used: 17.4%
2025-10-02 16:28:32,724 - INFO -   Available: 705.95 GB
2025-10-02 16:28:32,724 - INFO -   Cached: 59.46 GB
2025-10-02 16:28:33,128 - INFO - POST http://localhost:9200/_bulk [status:200 request:4.118s]
2025-10-02 16:28:33,871 - INFO - Overall progress: Parsed 4,971,000, Indexed 0, Queue: 80
2025-10-02 16:28:33,877 - INFO - CPU:
2025-10-02 16:28:34,084 - INFO -   Process usage: 115.3%
2025-10-02 16:28:34,090 - INFO -   Threads: 38
2025-10-02 16:28:34,095 - INFO -   Allocated cores: 288 (IDs: [0, 1, 2, 3, 4]...)
2025-10-02 16:28:34,108 - INFO - Process I/O:
2025-10-02 16:28:34,108 - INFO -   Read: 0.00 GB
2025-10-02 16:28:34,108 - INFO -   Write: 0.00 GB
2025-10-02 16:28:34,108 - INFO - ==================================================
2025-10-02 16:28:34,212 - INFO - Progress: 4,810,000 indexed, 0 failed, Rate: 11384.4 docs/sec, Queue: 80, Elapsed: 422.5s
2025-10-02 16:28:34,215 - INFO - Progress: 4,820,000 indexed, 0 failed, Rate: 11408.0 docs/sec, Queue: 80, Elapsed: 422.5s
2025-10-02 16:28:34,242 - INFO - Progress: 4,830,000 indexed, 0 failed, Rate: 11430.9 docs/sec, Queue: 80, Elapsed: 422.5s
2025-10-02 16:28:34,335 - INFO - POST http://localhost:9200/_bulk [status:200 request:3.838s]
2025-10-02 16:28:34,627 - INFO - Progress: 4,840,000 indexed, 0 failed, Rate: 11444.1 docs/sec, Queue: 80, Elapsed: 422.9s
2025-10-02 16:28:34,636 - INFO - Progress: 4,850,000 indexed, 0 failed, Rate: 11467.6 docs/sec, Queue: 80, Elapsed: 422.9s
2025-10-02 16:28:34,902 - INFO - Worker 0: Parsed 2,550,000 documents
2025-10-02 16:28:34,992 - INFO - POST http://localhost:9200/_bulk [status:200 request:3.316s]
2025-10-02 16:28:35,332 - INFO - Progress: 4,860,000 indexed, 0 failed, Rate: 11472.3 docs/sec, Queue: 80, Elapsed: 423.6s
2025-10-02 16:28:35,341 - INFO - Progress: 4,870,000 indexed, 0 failed, Rate: 11495.7 docs/sec, Queue: 80, Elapsed: 423.6s
2025-10-02 16:28:37,388 - INFO - POST http://localhost:9200/_bulk [status:200 request:3.487s]
2025-10-02 16:28:37,753 - INFO - Progress: 4,880,000 indexed, 0 failed, Rate: 11454.1 docs/sec, Queue: 80, Elapsed: 426.0s
2025-10-02 16:28:37,761 - INFO - Progress: 4,890,000 indexed, 0 failed, Rate: 11477.3 docs/sec, Queue: 80, Elapsed: 426.1s
2025-10-02 16:28:38,074 - INFO - Worker 1: Parsed 2,450,000 documents
2025-10-02 16:28:39,838 - INFO - POST http://localhost:9200/_bulk [status:200 request:3.946s]
2025-10-02 16:28:40,179 - INFO - Progress: 4,900,000 indexed, 0 failed, Rate: 11435.9 docs/sec, Queue: 80, Elapsed: 428.5s
2025-10-02 16:28:40,227 - INFO - === METRICS ES CONSUMER AT 4900000 DOCS ===
2025-10-02 16:28:40,228 - INFO - Process Memory:
2025-10-02 16:28:40,228 - INFO -   RSS: 5.11 GB
2025-10-02 16:28:40,228 - INFO -   VMS: 9.03 GB
2025-10-02 16:28:40,228 - INFO -   % of System: 0.6%
2025-10-02 16:28:40,228 - INFO - System Memory:
2025-10-02 16:28:40,228 - INFO -   Total Used: 17.4%
2025-10-02 16:28:40,228 - INFO -   Available: 705.59 GB
2025-10-02 16:28:40,228 - INFO -   Cached: 60.92 GB
2025-10-02 16:28:41,245 - INFO - CPU:
2025-10-02 16:28:41,245 - INFO -   Process usage: 102.8%
2025-10-02 16:28:41,245 - INFO -   Threads: 38
2025-10-02 16:28:41,245 - INFO -   Allocated cores: 288 (IDs: [0, 1, 2, 3, 4]...)
2025-10-02 16:28:41,246 - INFO - Process I/O:
2025-10-02 16:28:41,251 - INFO -   Read: 0.00 GB
2025-10-02 16:28:41,256 - INFO -   Write: 0.00 GB
2025-10-02 16:28:41,261 - INFO - ==================================================
2025-10-02 16:28:42,211 - INFO - Worker 0: Parsed 2,600,000 documents
2025-10-02 16:28:43,362 - INFO - POST http://localhost:9200/_bulk [status:200 request:6.344s]
2025-10-02 16:28:43,557 - INFO - POST http://localhost:9200/_bulk [status:200 request:3.856s]
2025-10-02 16:28:43,889 - INFO - Progress: 4,910,000 indexed, 0 failed, Rate: 11360.9 docs/sec, Queue: 80, Elapsed: 432.2s
2025-10-02 16:28:43,909 - INFO - Progress: 4,920,000 indexed, 0 failed, Rate: 11383.5 docs/sec, Queue: 80, Elapsed: 432.2s
2025-10-02 16:28:44,178 - INFO - Overall progress: Parsed 5,094,000, Indexed 0, Queue: 80
2025-10-02 16:28:45,448 - INFO - POST http://localhost:9200/_bulk [status:200 request:4.137s]
2025-10-02 16:28:46,233 - INFO - POST http://localhost:9200/_bulk [status:200 request:7.662s]
2025-10-02 16:28:46,523 - INFO - Progress: 4,930,000 indexed, 0 failed, Rate: 11338.0 docs/sec, Queue: 80, Elapsed: 434.8s
2025-10-02 16:28:46,531 - INFO - Progress: 4,940,000 indexed, 0 failed, Rate: 11360.8 docs/sec, Queue: 80, Elapsed: 434.8s
2025-10-02 16:28:46,562 - INFO - Progress: 4,950,000 indexed, 0 failed, Rate: 11383.0 docs/sec, Queue: 80, Elapsed: 434.9s
2025-10-02 16:28:46,571 - INFO - Progress: 4,960,000 indexed, 0 failed, Rate: 11405.8 docs/sec, Queue: 80, Elapsed: 434.9s
2025-10-02 16:28:46,603 - INFO - Progress: 4,970,000 indexed, 0 failed, Rate: 11427.9 docs/sec, Queue: 80, Elapsed: 434.9s
2025-10-02 16:28:47,061 - INFO - Worker 1: Parsed 2,500,000 documents
2025-10-02 16:28:48,921 - INFO - POST http://localhost:9200/_bulk [status:200 request:6.525s]
2025-10-02 16:28:49,274 - INFO - Progress: 4,980,000 indexed, 0 failed, Rate: 11381.0 docs/sec, Queue: 80, Elapsed: 437.6s
2025-10-02 16:28:49,282 - INFO - Progress: 4,990,000 indexed, 0 failed, Rate: 11403.7 docs/sec, Queue: 80, Elapsed: 437.6s
2025-10-02 16:28:50,366 - INFO - Worker 0: Parsed 2,650,000 documents
2025-10-02 16:28:50,901 - INFO - POST http://localhost:9200/_bulk [status:200 request:6.685s]
2025-10-02 16:28:51,254 - INFO - Progress: 5,000,000 indexed, 0 failed, Rate: 11375.2 docs/sec, Queue: 80, Elapsed: 439.6s
2025-10-02 16:28:51,280 - INFO - === METRICS ES CONSUMER AT 5000000 DOCS ===
2025-10-02 16:28:51,280 - INFO - Process Memory:
2025-10-02 16:28:51,286 - INFO -   RSS: 5.60 GB
2025-10-02 16:28:51,291 - INFO -   VMS: 9.51 GB
2025-10-02 16:28:51,311 - INFO -   % of System: 0.7%
2025-10-02 16:28:51,316 - INFO - System Memory:
2025-10-02 16:28:51,321 - INFO -   Total Used: 17.6%
2025-10-02 16:28:51,327 - INFO -   Available: 704.23 GB
2025-10-02 16:28:51,332 - INFO -   Cached: 61.79 GB
2025-10-02 16:28:51,957 - INFO - POST http://localhost:9200/_bulk [status:200 request:6.463s]
2025-10-02 16:28:52,356 - INFO - POST http://localhost:9200/_bulk [status:200 request:3.780s]
2025-10-02 16:28:52,535 - INFO - CPU:
2025-10-02 16:28:52,545 - INFO -   Process usage: 102.4%
2025-10-02 16:28:52,552 - INFO -   Threads: 38
2025-10-02 16:28:52,557 - INFO -   Allocated cores: 288 (IDs: [0, 1, 2, 3, 4]...)
2025-10-02 16:28:52,626 - INFO - Process I/O:
2025-10-02 16:28:52,632 - INFO -   Read: 0.00 GB
2025-10-02 16:28:52,632 - INFO -   Write: 0.00 GB
2025-10-02 16:28:52,632 - INFO - ==================================================
2025-10-02 16:28:52,741 - INFO - Progress: 5,010,000 indexed, 0 failed, Rate: 11359.6 docs/sec, Queue: 80, Elapsed: 441.0s
2025-10-02 16:28:52,776 - INFO - Progress: 5,020,000 indexed, 0 failed, Rate: 11381.3 docs/sec, Queue: 80, Elapsed: 441.1s
2025-10-02 16:28:52,785 - INFO - Progress: 5,030,000 indexed, 0 failed, Rate: 11403.8 docs/sec, Queue: 80, Elapsed: 441.1s
2025-10-02 16:28:53,869 - INFO - POST http://localhost:9200/_bulk [status:200 request:3.822s]
2025-10-02 16:28:54,232 - INFO - Overall progress: Parsed 5,205,000, Indexed 0, Queue: 80
2025-10-02 16:28:55,419 - INFO - POST http://localhost:9200/_bulk [status:200 request:3.804s]
2025-10-02 16:28:55,740 - INFO - POST http://localhost:9200/_bulk [status:200 request:8.348s]
2025-10-02 16:28:56,111 - INFO - Progress: 5,040,000 indexed, 0 failed, Rate: 11340.9 docs/sec, Queue: 80, Elapsed: 444.4s
2025-10-02 16:28:56,143 - INFO - Progress: 5,050,000 indexed, 0 failed, Rate: 11362.6 docs/sec, Queue: 80, Elapsed: 444.4s
2025-10-02 16:28:56,151 - INFO - Progress: 5,060,000 indexed, 0 failed, Rate: 11384.9 docs/sec, Queue: 80, Elapsed: 444.4s
2025-10-02 16:28:56,197 - INFO - Progress: 5,070,000 indexed, 0 failed, Rate: 11406.2 docs/sec, Queue: 80, Elapsed: 444.5s
2025-10-02 16:28:56,206 - INFO - Progress: 5,080,000 indexed, 0 failed, Rate: 11428.5 docs/sec, Queue: 80, Elapsed: 444.5s
2025-10-02 16:28:56,243 - INFO - Progress: 5,090,000 indexed, 0 failed, Rate: 11450.0 docs/sec, Queue: 80, Elapsed: 444.5s
2025-10-02 16:28:56,250 - INFO - Progress: 5,100,000 indexed, 0 failed, Rate: 11472.4 docs/sec, Queue: 80, Elapsed: 444.5s
2025-10-02 16:28:56,252 - INFO - === METRICS ES CONSUMER AT 5100000 DOCS ===
2025-10-02 16:28:56,252 - INFO - Process Memory:
2025-10-02 16:28:56,259 - INFO -   RSS: 4.63 GB
2025-10-02 16:28:56,264 - INFO -   VMS: 8.55 GB
2025-10-02 16:28:56,285 - INFO -   % of System: 0.5%
2025-10-02 16:28:56,290 - INFO - System Memory:
2025-10-02 16:28:56,295 - INFO -   Total Used: 17.5%
2025-10-02 16:28:56,300 - INFO -   Available: 704.69 GB
2025-10-02 16:28:56,306 - INFO -   Cached: 62.34 GB
2025-10-02 16:28:56,689 - INFO - Worker 1: Parsed 2,550,000 documents
2025-10-02 16:28:57,288 - INFO - POST http://localhost:9200/_bulk [status:200 request:3.753s]
2025-10-02 16:28:57,507 - INFO - CPU:
2025-10-02 16:28:57,512 - INFO -   Process usage: 107.7%
2025-10-02 16:28:57,519 - INFO -   Threads: 38
2025-10-02 16:28:57,569 - INFO -   Allocated cores: 288 (IDs: [0, 1, 2, 3, 4]...)
2025-10-02 16:28:57,574 - INFO - Process I/O:
2025-10-02 16:28:57,575 - INFO -   Read: 0.00 GB
2025-10-02 16:28:57,575 - INFO -   Write: 0.00 GB
2025-10-02 16:28:57,575 - INFO - ==================================================
2025-10-02 16:28:57,662 - INFO - Progress: 5,110,000 indexed, 0 failed, Rate: 11458.5 docs/sec, Queue: 80, Elapsed: 446.0s
2025-10-02 16:28:58,564 - INFO - POST http://localhost:9200/_bulk [status:200 request:3.509s]
2025-10-02 16:28:58,915 - INFO - Progress: 5,120,000 indexed, 0 failed, Rate: 11448.7 docs/sec, Queue: 80, Elapsed: 447.2s
2025-10-02 16:28:58,919 - INFO - Progress: 5,130,000 indexed, 0 failed, Rate: 11471.0 docs/sec, Queue: 80, Elapsed: 447.2s
2025-10-02 16:28:59,557 - INFO - Worker 0: Parsed 2,700,000 documents
2025-10-02 16:29:00,785 - INFO - POST http://localhost:9200/_bulk [status:200 request:3.719s]
2025-10-02 16:29:01,092 - INFO - Progress: 5,140,000 indexed, 0 failed, Rate: 11437.8 docs/sec, Queue: 80, Elapsed: 449.4s
2025-10-02 16:29:01,096 - INFO - Progress: 5,150,000 indexed, 0 failed, Rate: 11459.9 docs/sec, Queue: 80, Elapsed: 449.4s
2025-10-02 16:29:03,402 - INFO - POST http://localhost:9200/_bulk [status:200 request:4.835s]
2025-10-02 16:29:03,714 - INFO - Progress: 5,160,000 indexed, 0 failed, Rate: 11415.7 docs/sec, Queue: 80, Elapsed: 452.0s
2025-10-02 16:29:03,723 - INFO - Progress: 5,170,000 indexed, 0 failed, Rate: 11437.6 docs/sec, Queue: 80, Elapsed: 452.0s
2025-10-02 16:29:03,929 - INFO - POST http://localhost:9200/_bulk [status:200 request:3.841s]
2025-10-02 16:29:04,246 - INFO - Progress: 5,180,000 indexed, 0 failed, Rate: 11446.4 docs/sec, Queue: 80, Elapsed: 452.5s
2025-10-02 16:29:04,262 - INFO - Overall progress: Parsed 5,320,000, Indexed 0, Queue: 80
2025-10-02 16:29:05,436 - INFO - Worker 1: Parsed 2,600,000 documents
2025-10-02 16:29:05,885 - INFO - POST http://localhost:9200/_bulk [status:200 request:4.334s]
2025-10-02 16:29:06,205 - INFO - Progress: 5,190,000 indexed, 0 failed, Rate: 11419.1 docs/sec, Queue: 80, Elapsed: 454.5s
2025-10-02 16:29:06,213 - INFO - Progress: 5,200,000 indexed, 0 failed, Rate: 11440.9 docs/sec, Queue: 80, Elapsed: 454.5s
2025-10-02 16:29:06,256 - INFO - === METRICS ES CONSUMER AT 5200000 DOCS ===
2025-10-02 16:29:06,257 - INFO - Process Memory:
2025-10-02 16:29:06,263 - INFO -   RSS: 5.12 GB
2025-10-02 16:29:06,268 - INFO -   VMS: 9.03 GB
2025-10-02 16:29:06,284 - INFO -   % of System: 0.6%
2025-10-02 16:29:06,289 - INFO - System Memory:
2025-10-02 16:29:06,294 - INFO -   Total Used: 17.7%
2025-10-02 16:29:06,300 - INFO -   Available: 703.41 GB
2025-10-02 16:29:06,305 - INFO -   Cached: 63.99 GB
2025-10-02 16:29:06,356 - INFO - POST http://localhost:9200/_bulk [status:200 request:3.613s]
2025-10-02 16:29:07,376 - INFO - CPU:
2025-10-02 16:29:07,376 - INFO -   Process usage: 100.7%
2025-10-02 16:29:07,376 - INFO -   Threads: 38
2025-10-02 16:29:07,376 - INFO -   Allocated cores: 288 (IDs: [0, 1, 2, 3, 4]...)
2025-10-02 16:29:07,377 - INFO - Process I/O:
2025-10-02 16:29:07,377 - INFO -   Read: 0.00 GB
2025-10-02 16:29:07,377 - INFO -   Write: 0.00 GB
2025-10-02 16:29:07,378 - INFO - ==================================================
2025-10-02 16:29:07,482 - INFO - Progress: 5,210,000 indexed, 0 failed, Rate: 11431.0 docs/sec, Queue: 80, Elapsed: 455.8s
2025-10-02 16:29:07,491 - INFO - Progress: 5,220,000 indexed, 0 failed, Rate: 11452.7 docs/sec, Queue: 80, Elapsed: 455.8s
2025-10-02 16:29:07,824 - INFO - Worker 0: Parsed 2,750,000 documents
2025-10-02 16:29:08,140 - INFO - POST http://localhost:9200/_bulk [status:200 request:3.564s]
2025-10-02 16:29:08,461 - INFO - Progress: 5,230,000 indexed, 0 failed, Rate: 11450.3 docs/sec, Queue: 80, Elapsed: 456.8s
2025-10-02 16:29:08,470 - INFO - Progress: 5,240,000 indexed, 0 failed, Rate: 11471.9 docs/sec, Queue: 80, Elapsed: 456.8s
2025-10-02 16:29:09,571 - INFO - POST http://localhost:9200/_bulk [status:200 request:3.756s]
2025-10-02 16:29:09,879 - INFO - Progress: 5,250,000 indexed, 0 failed, Rate: 11458.5 docs/sec, Queue: 80, Elapsed: 458.2s
2025-10-02 16:29:13,810 - INFO - POST http://localhost:9200/_bulk [status:200 request:6.018s]
2025-10-02 16:29:14,072 - INFO - Progress: 5,260,000 indexed, 0 failed, Rate: 11376.2 docs/sec, Queue: 80, Elapsed: 462.4s
2025-10-02 16:29:14,083 - INFO - Progress: 5,270,000 indexed, 0 failed, Rate: 11397.6 docs/sec, Queue: 80, Elapsed: 462.4s
2025-10-02 16:29:14,147 - INFO - Worker 1: Parsed 2,650,000 documents
2025-10-02 16:29:14,283 - INFO - Overall progress: Parsed 5,443,000, Indexed 0, Queue: 80
2025-10-02 16:29:14,690 - INFO - POST http://localhost:9200/_bulk [status:200 request:3.901s]
2025-10-02 16:29:15,535 - INFO - Worker 0: Parsed 2,800,000 documents
2025-10-02 16:29:19,027 - INFO - POST http://localhost:9200/_bulk [status:200 request:9.765s]
2025-10-02 16:29:19,313 - INFO - POST http://localhost:9200/_bulk [status:200 request:7.107s]
2025-10-02 16:29:19,667 - INFO - POST http://localhost:9200/_bulk [status:200 request:4.938s]
2025-10-02 16:29:19,955 - INFO - Progress: 5,280,000 indexed, 0 failed, Rate: 11276.0 docs/sec, Queue: 80, Elapsed: 468.3s
2025-10-02 16:29:19,978 - INFO - Progress: 5,290,000 indexed, 0 failed, Rate: 11296.8 docs/sec, Queue: 80, Elapsed: 468.3s
2025-10-02 16:29:20,021 - INFO - Progress: 5,300,000 indexed, 0 failed, Rate: 11317.1 docs/sec, Queue: 80, Elapsed: 468.3s
2025-10-02 16:29:20,104 - INFO - === METRICS ES CONSUMER AT 5300000 DOCS ===
2025-10-02 16:29:20,104 - INFO - Process Memory:
2025-10-02 16:29:20,111 - INFO -   RSS: 5.66 GB
2025-10-02 16:29:20,117 - INFO -   VMS: 9.58 GB
2025-10-02 16:29:20,138 - INFO -   % of System: 0.7%
2025-10-02 16:29:20,143 - INFO - System Memory:
2025-10-02 16:29:20,148 - INFO -   Total Used: 17.9%
2025-10-02 16:29:20,153 - INFO -   Available: 701.21 GB
2025-10-02 16:29:20,158 - INFO -   Cached: 65.94 GB
2025-10-02 16:29:21,198 - INFO - CPU:
2025-10-02 16:29:21,198 - INFO -   Process usage: 101.5%
2025-10-02 16:29:21,198 - INFO -   Threads: 38
2025-10-02 16:29:21,198 - INFO -   Allocated cores: 288 (IDs: [0, 1, 2, 3, 4]...)
2025-10-02 16:29:21,199 - INFO - Process I/O:
2025-10-02 16:29:21,199 - INFO -   Read: 0.00 GB
2025-10-02 16:29:21,199 - INFO -   Write: 0.00 GB
2025-10-02 16:29:21,199 - INFO - ==================================================
2025-10-02 16:29:21,312 - INFO - Progress: 5,310,000 indexed, 0 failed, Rate: 11307.3 docs/sec, Queue: 80, Elapsed: 469.6s
2025-10-02 16:29:21,353 - INFO - Progress: 5,320,000 indexed, 0 failed, Rate: 11327.6 docs/sec, Queue: 80, Elapsed: 469.7s
2025-10-02 16:29:21,362 - INFO - Progress: 5,330,000 indexed, 0 failed, Rate: 11348.7 docs/sec, Queue: 80, Elapsed: 469.7s
2025-10-02 16:29:21,491 - INFO - POST http://localhost:9200/_bulk [status:200 request:5.265s]
2025-10-02 16:29:22,365 - INFO - POST http://localhost:9200/_bulk [status:200 request:9.296s]
2025-10-02 16:29:22,680 - INFO - POST http://localhost:9200/_bulk [status:200 request:5.206s]
2025-10-02 16:29:23,108 - INFO - Progress: 5,340,000 indexed, 0 failed, Rate: 11327.9 docs/sec, Queue: 80, Elapsed: 471.4s
2025-10-02 16:29:23,134 - INFO - Progress: 5,350,000 indexed, 0 failed, Rate: 11348.4 docs/sec, Queue: 80, Elapsed: 471.4s
2025-10-02 16:29:23,138 - INFO - Progress: 5,360,000 indexed, 0 failed, Rate: 11369.6 docs/sec, Queue: 80, Elapsed: 471.4s
2025-10-02 16:29:23,161 - INFO - Progress: 5,370,000 indexed, 0 failed, Rate: 11390.2 docs/sec, Queue: 80, Elapsed: 471.5s
2025-10-02 16:29:23,165 - INFO - Progress: 5,380,000 indexed, 0 failed, Rate: 11411.3 docs/sec, Queue: 80, Elapsed: 471.5s
2025-10-02 16:29:23,236 - INFO - Progress: 5,390,000 indexed, 0 failed, Rate: 11430.8 docs/sec, Queue: 80, Elapsed: 471.5s
2025-10-02 16:29:23,246 - INFO - Progress: 5,400,000 indexed, 0 failed, Rate: 11451.8 docs/sec, Queue: 80, Elapsed: 471.5s
2025-10-02 16:29:23,291 - INFO - === METRICS ES CONSUMER AT 5400000 DOCS ===
2025-10-02 16:29:23,291 - INFO - Process Memory:
2025-10-02 16:29:23,291 - INFO -   RSS: 5.14 GB
2025-10-02 16:29:23,291 - INFO -   VMS: 9.06 GB
2025-10-02 16:29:23,291 - INFO -   % of System: 0.6%
2025-10-02 16:29:23,291 - INFO - System Memory:
2025-10-02 16:29:23,291 - INFO -   Total Used: 17.8%
2025-10-02 16:29:23,291 - INFO -   Available: 702.37 GB
2025-10-02 16:29:23,291 - INFO -   Cached: 64.71 GB
2025-10-02 16:29:23,609 - INFO - Worker 1: Parsed 2,700,000 documents
2025-10-02 16:29:24,300 - INFO - Overall progress: Parsed 5,551,000, Indexed 0, Queue: 80
2025-10-02 16:29:24,301 - INFO - CPU:
2025-10-02 16:29:24,301 - INFO -   Process usage: 98.2%
2025-10-02 16:29:24,301 - INFO -   Threads: 38
2025-10-02 16:29:24,301 - INFO -   Allocated cores: 288 (IDs: [0, 1, 2, 3, 4]...)
2025-10-02 16:29:24,327 - INFO - Process I/O:
2025-10-02 16:29:24,333 - INFO -   Read: 0.00 GB
2025-10-02 16:29:24,338 - INFO -   Write: 0.00 GB
2025-10-02 16:29:24,344 - INFO - ==================================================
2025-10-02 16:29:24,594 - INFO - Worker 0: Parsed 2,850,000 documents
2025-10-02 16:29:25,617 - INFO - POST http://localhost:9200/_bulk [status:200 request:4.846s]
2025-10-02 16:29:26,122 - INFO - POST http://localhost:9200/_bulk [status:200 request:7.538s]
2025-10-02 16:29:26,459 - INFO - Progress: 5,410,000 indexed, 0 failed, Rate: 11395.3 docs/sec, Queue: 80, Elapsed: 474.8s
2025-10-02 16:29:26,479 - INFO - Progress: 5,420,000 indexed, 0 failed, Rate: 11415.9 docs/sec, Queue: 80, Elapsed: 474.8s
2025-10-02 16:29:26,488 - INFO - Progress: 5,430,000 indexed, 0 failed, Rate: 11436.8 docs/sec, Queue: 80, Elapsed: 474.8s
2025-10-02 16:29:27,348 - INFO - POST http://localhost:9200/_bulk [status:200 request:4.991s]
2025-10-02 16:29:27,717 - INFO - Progress: 5,440,000 indexed, 0 failed, Rate: 11428.3 docs/sec, Queue: 80, Elapsed: 476.0s
2025-10-02 16:29:27,725 - INFO - Progress: 5,450,000 indexed, 0 failed, Rate: 11449.1 docs/sec, Queue: 80, Elapsed: 476.0s
2025-10-02 16:29:28,418 - INFO - POST http://localhost:9200/_bulk [status:200 request:4.073s]
2025-10-02 16:29:28,735 - INFO - Progress: 5,460,000 indexed, 0 failed, Rate: 11445.8 docs/sec, Queue: 80, Elapsed: 477.0s
2025-10-02 16:29:28,739 - INFO - Progress: 5,470,000 indexed, 0 failed, Rate: 11466.6 docs/sec, Queue: 80, Elapsed: 477.0s
2025-10-02 16:29:29,403 - INFO - POST http://localhost:9200/_bulk [status:200 request:3.917s]
2025-10-02 16:29:29,724 - INFO - Progress: 5,480,000 indexed, 0 failed, Rate: 11463.9 docs/sec, Queue: 80, Elapsed: 478.0s
2025-10-02 16:29:31,011 - INFO - POST http://localhost:9200/_bulk [status:200 request:3.666s]
2025-10-02 16:29:31,373 - INFO - Progress: 5,490,000 indexed, 0 failed, Rate: 11445.4 docs/sec, Queue: 80, Elapsed: 479.7s
2025-10-02 16:29:31,381 - INFO - Progress: 5,500,000 indexed, 0 failed, Rate: 11466.0 docs/sec, Queue: 80, Elapsed: 479.7s
2025-10-02 16:29:31,384 - INFO - === METRICS ES CONSUMER AT 5500000 DOCS ===
2025-10-02 16:29:31,392 - INFO - Process Memory:
2025-10-02 16:29:31,397 - INFO -   RSS: 4.65 GB
2025-10-02 16:29:31,404 - INFO -   VMS: 8.56 GB
2025-10-02 16:29:31,425 - INFO -   % of System: 0.5%
2025-10-02 16:29:31,430 - INFO - System Memory:
2025-10-02 16:29:31,435 - INFO -   Total Used: 17.7%
2025-10-02 16:29:31,440 - INFO -   Available: 703.10 GB
2025-10-02 16:29:31,445 - INFO -   Cached: 64.50 GB
2025-10-02 16:29:32,487 - INFO - CPU:
2025-10-02 16:29:32,487 - INFO -   Process usage: 97.3%
2025-10-02 16:29:32,487 - INFO -   Threads: 38
2025-10-02 16:29:32,487 - INFO -   Allocated cores: 288 (IDs: [0, 1, 2, 3, 4]...)
2025-10-02 16:29:32,488 - INFO - Process I/O:
2025-10-02 16:29:32,488 - INFO -   Read: 0.00 GB
2025-10-02 16:29:32,488 - INFO -   Write: 0.00 GB
2025-10-02 16:29:32,502 - INFO - Worker 1: Parsed 2,750,000 documents
2025-10-02 16:29:32,549 - INFO - ==================================================
2025-10-02 16:29:32,774 - INFO - POST http://localhost:9200/_bulk [status:200 request:3.548s]
2025-10-02 16:29:33,118 - INFO - Progress: 5,510,000 indexed, 0 failed, Rate: 11445.4 docs/sec, Queue: 80, Elapsed: 481.4s
2025-10-02 16:29:33,121 - INFO - Progress: 5,520,000 indexed, 0 failed, Rate: 11466.1 docs/sec, Queue: 80, Elapsed: 481.4s
2025-10-02 16:29:33,813 - INFO - Worker 0: Parsed 2,900,000 documents
2025-10-02 16:29:34,180 - INFO - POST http://localhost:9200/_bulk [status:200 request:3.412s]
2025-10-02 16:29:34,385 - INFO - Overall progress: Parsed 5,659,000, Indexed 0, Queue: 80
2025-10-02 16:29:34,520 - INFO - Progress: 5,530,000 indexed, 0 failed, Rate: 11453.6 docs/sec, Queue: 80, Elapsed: 482.8s
2025-10-02 16:29:35,625 - INFO - POST http://localhost:9200/_bulk [status:200 request:3.347s]
2025-10-02 16:29:35,987 - INFO - Progress: 5,540,000 indexed, 0 failed, Rate: 11439.6 docs/sec, Queue: 80, Elapsed: 484.3s
2025-10-02 16:29:35,996 - INFO - Progress: 5,550,000 indexed, 0 failed, Rate: 11460.0 docs/sec, Queue: 80, Elapsed: 484.3s
2025-10-02 16:29:37,279 - INFO - POST http://localhost:9200/_bulk [status:200 request:3.295s]
2025-10-02 16:29:37,627 - INFO - Progress: 5,560,000 indexed, 0 failed, Rate: 11442.1 docs/sec, Queue: 80, Elapsed: 485.9s
2025-10-02 16:29:37,635 - INFO - Progress: 5,570,000 indexed, 0 failed, Rate: 11462.5 docs/sec, Queue: 80, Elapsed: 485.9s
2025-10-02 16:29:40,604 - INFO - Worker 1: Parsed 2,800,000 documents
2025-10-02 16:29:41,624 - INFO - Worker 0: Parsed 2,950,000 documents
2025-10-02 16:29:42,259 - INFO - POST http://localhost:9200/_bulk [status:200 request:6.703s]
2025-10-02 16:29:42,645 - INFO - Progress: 5,580,000 indexed, 0 failed, Rate: 11365.9 docs/sec, Queue: 80, Elapsed: 490.9s
2025-10-02 16:29:42,653 - INFO - Progress: 5,590,000 indexed, 0 failed, Rate: 11386.1 docs/sec, Queue: 80, Elapsed: 491.0s
2025-10-02 16:29:43,799 - INFO - POST http://localhost:9200/_bulk [status:200 request:6.716s]
2025-10-02 16:29:44,203 - INFO - Progress: 5,600,000 indexed, 0 failed, Rate: 11370.6 docs/sec, Queue: 80, Elapsed: 492.5s
2025-10-02 16:29:44,217 - INFO - === METRICS ES CONSUMER AT 5600000 DOCS ===
2025-10-02 16:29:44,222 - INFO - Process Memory:
2025-10-02 16:29:44,227 - INFO -   RSS: 6.09 GB
2025-10-02 16:29:44,233 - INFO -   VMS: 10.00 GB
2025-10-02 16:29:44,253 - INFO -   % of System: 0.7%
2025-10-02 16:29:44,258 - INFO - System Memory:
2025-10-02 16:29:44,263 - INFO -   Total Used: 18.0%
2025-10-02 16:29:44,268 - INFO -   Available: 700.89 GB
2025-10-02 16:29:44,268 - INFO -   Cached: 65.64 GB
2025-10-02 16:29:44,401 - INFO - Overall progress: Parsed 5,784,000, Indexed 0, Queue: 80
2025-10-02 16:29:44,979 - INFO - POST http://localhost:9200/_bulk [status:200 request:4.000s]
2025-10-02 16:29:45,327 - INFO - CPU:
2025-10-02 16:29:45,332 - INFO -   Process usage: 101.7%
2025-10-02 16:29:45,337 - INFO -   Threads: 38
2025-10-02 16:29:45,338 - INFO -   Allocated cores: 288 (IDs: [0, 1, 2, 3, 4]...)
2025-10-02 16:29:45,338 - INFO - Process I/O:
2025-10-02 16:29:45,338 - INFO -   Read: 0.00 GB
2025-10-02 16:29:45,338 - INFO -   Write: 0.00 GB
2025-10-02 16:29:45,338 - INFO - ==================================================
2025-10-02 16:29:45,421 - INFO - Progress: 5,610,000 indexed, 0 failed, Rate: 11362.8 docs/sec, Queue: 80, Elapsed: 493.7s
2025-10-02 16:29:45,509 - INFO - POST http://localhost:9200/_bulk [status:200 request:6.866s]
2025-10-02 16:29:45,788 - INFO - Progress: 5,620,000 indexed, 0 failed, Rate: 11374.6 docs/sec, Queue: 80, Elapsed: 494.1s
2025-10-02 16:29:46,897 - INFO - POST http://localhost:9200/_bulk [status:200 request:4.655s]
2025-10-02 16:29:47,872 - INFO - POST http://localhost:9200/_bulk [status:200 request:4.069s]
2025-10-02 16:29:48,195 - INFO - POST http://localhost:9200/_bulk [status:200 request:8.366s]
2025-10-02 16:29:48,613 - INFO - Progress: 5,630,000 indexed, 0 failed, Rate: 11330.0 docs/sec, Queue: 80, Elapsed: 496.9s
2025-10-02 16:29:48,621 - INFO - Progress: 5,640,000 indexed, 0 failed, Rate: 11350.0 docs/sec, Queue: 80, Elapsed: 496.9s
2025-10-02 16:29:48,653 - INFO - Progress: 5,650,000 indexed, 0 failed, Rate: 11369.4 docs/sec, Queue: 80, Elapsed: 497.0s
2025-10-02 16:29:48,659 - INFO - Progress: 5,660,000 indexed, 0 failed, Rate: 11389.3 docs/sec, Queue: 80, Elapsed: 497.0s
2025-10-02 16:29:48,695 - INFO - Progress: 5,670,000 indexed, 0 failed, Rate: 11408.6 docs/sec, Queue: 80, Elapsed: 497.0s
2025-10-02 16:29:48,699 - INFO - Progress: 5,680,000 indexed, 0 failed, Rate: 11428.7 docs/sec, Queue: 80, Elapsed: 497.0s
2025-10-02 16:29:48,723 - INFO - Progress: 5,690,000 indexed, 0 failed, Rate: 11448.2 docs/sec, Queue: 80, Elapsed: 497.0s
2025-10-02 16:29:49,893 - INFO - POST http://localhost:9200/_bulk [status:200 request:3.806s]
2025-10-02 16:29:50,217 - INFO - Progress: 5,700,000 indexed, 0 failed, Rate: 11434.0 docs/sec, Queue: 80, Elapsed: 498.5s
2025-10-02 16:29:50,254 - INFO - === METRICS ES CONSUMER AT 5700000 DOCS ===
2025-10-02 16:29:50,254 - INFO - Process Memory:
2025-10-02 16:29:50,255 - INFO -   RSS: 4.64 GB
2025-10-02 16:29:50,255 - INFO -   VMS: 8.55 GB
2025-10-02 16:29:50,255 - INFO -   % of System: 0.5%
2025-10-02 16:29:50,255 - INFO - System Memory:
2025-10-02 16:29:50,255 - INFO -   Total Used: 17.8%
2025-10-02 16:29:50,255 - INFO -   Available: 701.98 GB
2025-10-02 16:29:50,255 - INFO -   Cached: 66.22 GB
2025-10-02 16:29:50,509 - INFO - Worker 1: Parsed 2,850,000 documents
2025-10-02 16:29:51,322 - INFO - POST http://localhost:9200/_bulk [status:200 request:3.606s]
2025-10-02 16:29:51,544 - INFO - CPU:
2025-10-02 16:29:51,610 - INFO -   Process usage: 123.4%
2025-10-02 16:29:51,616 - INFO -   Threads: 38
2025-10-02 16:29:51,626 - INFO -   Allocated cores: 288 (IDs: [0, 1, 2, 3, 4]...)
2025-10-02 16:29:51,647 - INFO - Process I/O:
2025-10-02 16:29:51,652 - INFO -   Read: 0.00 GB
2025-10-02 16:29:51,657 - INFO -   Write: 0.00 GB
2025-10-02 16:29:51,662 - INFO - ==================================================
2025-10-02 16:29:51,725 - INFO - Progress: 5,710,000 indexed, 0 failed, Rate: 11419.5 docs/sec, Queue: 80, Elapsed: 500.0s
2025-10-02 16:29:51,752 - INFO - Progress: 5,720,000 indexed, 0 failed, Rate: 11438.9 docs/sec, Queue: 80, Elapsed: 500.0s
2025-10-02 16:29:51,756 - INFO - Progress: 5,730,000 indexed, 0 failed, Rate: 11458.8 docs/sec, Queue: 80, Elapsed: 500.1s
2025-10-02 16:29:51,880 - INFO - Worker 0: Parsed 3,000,000 documents
2025-10-02 16:29:53,157 - INFO - POST http://localhost:9200/_bulk [status:200 request:3.520s]
2025-10-02 16:29:53,467 - INFO - Progress: 5,740,000 indexed, 0 failed, Rate: 11439.7 docs/sec, Queue: 80, Elapsed: 501.8s
2025-10-02 16:29:53,471 - INFO - Progress: 5,750,000 indexed, 0 failed, Rate: 11459.5 docs/sec, Queue: 80, Elapsed: 501.8s
2025-10-02 16:29:54,402 - INFO - Overall progress: Parsed 5,888,000, Indexed 0, Queue: 80
2025-10-02 16:29:54,941 - INFO - POST http://localhost:9200/_bulk [status:200 request:3.727s]
2025-10-02 16:29:55,266 - INFO - Progress: 5,760,000 indexed, 0 failed, Rate: 11438.5 docs/sec, Queue: 80, Elapsed: 503.6s
2025-10-02 16:29:56,566 - INFO - POST http://localhost:9200/_bulk [status:200 request:3.779s]
2025-10-02 16:29:56,925 - INFO - Progress: 5,770,000 indexed, 0 failed, Rate: 11420.7 docs/sec, Queue: 80, Elapsed: 505.2s
2025-10-02 16:29:56,934 - INFO - Progress: 5,780,000 indexed, 0 failed, Rate: 11440.3 docs/sec, Queue: 80, Elapsed: 505.2s
2025-10-02 16:29:57,938 - INFO - POST http://localhost:9200/_bulk [status:200 request:3.609s]
2025-10-02 16:29:58,276 - INFO - Progress: 5,790,000 indexed, 0 failed, Rate: 11429.8 docs/sec, Queue: 80, Elapsed: 506.6s
2025-10-02 16:29:58,285 - INFO - Progress: 5,800,000 indexed, 0 failed, Rate: 11449.3 docs/sec, Queue: 80, Elapsed: 506.6s
2025-10-02 16:29:58,316 - INFO - === METRICS ES CONSUMER AT 5800000 DOCS ===
2025-10-02 16:29:58,317 - INFO - Process Memory:
2025-10-02 16:29:58,317 - INFO -   RSS: 4.64 GB
2025-10-02 16:29:58,317 - INFO -   VMS: 8.55 GB
2025-10-02 16:29:58,317 - INFO -   % of System: 0.5%
2025-10-02 16:29:58,317 - INFO - System Memory:
2025-10-02 16:29:58,317 - INFO -   Total Used: 17.9%
2025-10-02 16:29:58,317 - INFO -   Available: 701.39 GB
2025-10-02 16:29:58,324 - INFO -   Cached: 67.63 GB
2025-10-02 16:29:59,035 - INFO - Worker 1: Parsed 2,900,000 documents
2025-10-02 16:29:59,372 - INFO - CPU:
2025-10-02 16:29:59,377 - INFO -   Process usage: 100.3%
2025-10-02 16:29:59,382 - INFO -   Threads: 38
2025-10-02 16:29:59,386 - INFO -   Allocated cores: 288 (IDs: [0, 1, 2, 3, 4]...)
2025-10-02 16:29:59,386 - INFO - Process I/O:
2025-10-02 16:29:59,386 - INFO -   Read: 0.00 GB
2025-10-02 16:29:59,386 - INFO -   Write: 0.01 GB
2025-10-02 16:29:59,386 - INFO - ==================================================
2025-10-02 16:29:59,972 - INFO - Worker 0: Parsed 3,050,000 documents
2025-10-02 16:30:00,356 - INFO - POST http://localhost:9200/_bulk [status:200 request:4.504s]
2025-10-02 16:30:00,693 - INFO - Progress: 5,810,000 indexed, 0 failed, Rate: 11414.8 docs/sec, Queue: 80, Elapsed: 509.0s
2025-10-02 16:30:00,702 - INFO - Progress: 5,820,000 indexed, 0 failed, Rate: 11434.2 docs/sec, Queue: 80, Elapsed: 509.0s
2025-10-02 16:30:01,843 - INFO - POST http://localhost:9200/_bulk [status:200 request:4.438s]
2025-10-02 16:30:02,156 - INFO - Progress: 5,830,000 indexed, 0 failed, Rate: 11421.2 docs/sec, Queue: 80, Elapsed: 510.5s
2025-10-02 16:30:02,165 - INFO - Progress: 5,840,000 indexed, 0 failed, Rate: 11440.6 docs/sec, Queue: 80, Elapsed: 510.5s
2025-10-02 16:30:02,564 - INFO - POST http://localhost:9200/_bulk [status:200 request:3.663s]
2025-10-02 16:30:02,889 - INFO - Progress: 5,850,000 indexed, 0 failed, Rate: 11444.0 docs/sec, Queue: 80, Elapsed: 511.2s
2025-10-02 16:30:03,995 - INFO - POST http://localhost:9200/_bulk [status:200 request:3.816s]
2025-10-02 16:30:04,307 - INFO - Progress: 5,860,000 indexed, 0 failed, Rate: 11431.8 docs/sec, Queue: 80, Elapsed: 512.6s
2025-10-02 16:30:04,316 - INFO - Progress: 5,870,000 indexed, 0 failed, Rate: 11451.1 docs/sec, Queue: 80, Elapsed: 512.6s
2025-10-02 16:30:04,420 - INFO - Overall progress: Parsed 5,999,000, Indexed 0, Queue: 80
2025-10-02 16:30:05,547 - INFO - POST http://localhost:9200/_bulk [status:200 request:3.836s]
2025-10-02 16:30:05,885 - INFO - Progress: 5,880,000 indexed, 0 failed, Rate: 11435.6 docs/sec, Queue: 80, Elapsed: 514.2s
2025-10-02 16:30:05,894 - INFO - Progress: 5,890,000 indexed, 0 failed, Rate: 11454.9 docs/sec, Queue: 80, Elapsed: 514.2s
2025-10-02 16:30:07,292 - INFO - POST http://localhost:9200/_bulk [status:200 request:3.656s]
2025-10-02 16:30:07,640 - INFO - Progress: 5,900,000 indexed, 0 failed, Rate: 11435.5 docs/sec, Queue: 80, Elapsed: 515.9s
2025-10-02 16:30:07,681 - INFO - === METRICS ES CONSUMER AT 5900000 DOCS ===
2025-10-02 16:30:07,681 - INFO - Process Memory:
2025-10-02 16:30:07,681 - INFO -   RSS: 4.64 GB
2025-10-02 16:30:07,681 - INFO -   VMS: 8.54 GB
2025-10-02 16:30:07,681 - INFO -   % of System: 0.5%
2025-10-02 16:30:07,682 - INFO - System Memory:
2025-10-02 16:30:07,682 - INFO -   Total Used: 18.0%
2025-10-02 16:30:07,682 - INFO -   Available: 700.59 GB
2025-10-02 16:30:07,682 - INFO -   Cached: 69.47 GB
2025-10-02 16:30:07,937 - INFO - Worker 1: Parsed 2,950,000 documents
2025-10-02 16:30:08,714 - INFO - CPU:
2025-10-02 16:30:08,718 - INFO -   Process usage: 101.3%
2025-10-02 16:30:08,719 - INFO -   Threads: 38
2025-10-02 16:30:08,719 - INFO -   Allocated cores: 288 (IDs: [0, 1, 2, 3, 4]...)
2025-10-02 16:30:08,719 - INFO - Process I/O:
2025-10-02 16:30:08,719 - INFO -   Read: 0.00 GB
2025-10-02 16:30:08,719 - INFO -   Write: 0.01 GB
2025-10-02 16:30:08,719 - INFO - ==================================================
2025-10-02 16:30:08,782 - INFO - Progress: 5,910,000 indexed, 0 failed, Rate: 11429.6 docs/sec, Queue: 80, Elapsed: 517.1s
2025-10-02 16:30:08,958 - INFO - Worker 0: Parsed 3,100,000 documents
2025-10-02 16:30:09,187 - INFO - POST http://localhost:9200/_bulk [status:200 request:4.039s]
2025-10-02 16:30:09,515 - INFO - Progress: 5,920,000 indexed, 0 failed, Rate: 11432.7 docs/sec, Queue: 80, Elapsed: 517.8s
2025-10-02 16:30:12,531 - INFO - POST http://localhost:9200/_bulk [status:200 request:5.816s]
2025-10-02 16:30:12,878 - INFO - Progress: 5,930,000 indexed, 0 failed, Rate: 11378.1 docs/sec, Queue: 80, Elapsed: 521.2s
2025-10-02 16:30:12,887 - INFO - Progress: 5,940,000 indexed, 0 failed, Rate: 11397.1 docs/sec, Queue: 80, Elapsed: 521.2s
2025-10-02 16:30:14,441 - INFO - Overall progress: Parsed 6,126,000, Indexed 0, Queue: 80
2025-10-02 16:30:14,951 - INFO - POST http://localhost:9200/_bulk [status:200 request:3.981s]
2025-10-02 16:30:15,832 - INFO - Worker 1: Parsed 3,000,000 documents
2025-10-02 16:30:16,801 - INFO - Worker 0: Parsed 3,150,000 documents
2025-10-02 16:30:17,516 - INFO - POST http://localhost:9200/_bulk [status:200 request:3.830s]
2025-10-02 16:30:19,502 - INFO - POST http://localhost:9200/_bulk [status:200 request:11.207s]
2025-10-02 16:30:19,756 - INFO - POST http://localhost:9200/_bulk [status:200 request:7.608s]
2025-10-02 16:30:20,097 - INFO - Progress: 5,950,000 indexed, 0 failed, Rate: 11260.6 docs/sec, Queue: 80, Elapsed: 528.4s
2025-10-02 16:30:20,116 - INFO - Progress: 5,960,000 indexed, 0 failed, Rate: 11279.1 docs/sec, Queue: 80, Elapsed: 528.4s
2025-10-02 16:30:20,169 - INFO - POST http://localhost:9200/_bulk [status:200 request:5.224s]
2025-10-02 16:30:20,415 - INFO - POST http://localhost:9200/_bulk [status:200 request:10.562s]
2025-10-02 16:30:20,921 - INFO - POST http://localhost:9200/_bulk [status:200 request:4.385s]
2025-10-02 16:30:21,086 - INFO - Progress: 5,970,000 indexed, 0 failed, Rate: 11277.3 docs/sec, Queue: 80, Elapsed: 529.4s
2025-10-02 16:30:21,095 - INFO - Progress: 5,980,000 indexed, 0 failed, Rate: 11296.0 docs/sec, Queue: 80, Elapsed: 529.4s
2025-10-02 16:30:21,128 - INFO - Progress: 5,990,000 indexed, 0 failed, Rate: 11314.2 docs/sec, Queue: 80, Elapsed: 529.4s
2025-10-02 16:30:21,165 - INFO - Progress: 6,000,000 indexed, 0 failed, Rate: 11332.3 docs/sec, Queue: 80, Elapsed: 529.5s
2025-10-02 16:30:21,288 - INFO - === METRICS ES CONSUMER AT 6000000 DOCS ===
2025-10-02 16:30:21,293 - INFO - Process Memory:
2025-10-02 16:30:21,299 - INFO -   RSS: 4.72 GB
2025-10-02 16:30:21,304 - INFO -   VMS: 8.63 GB
2025-10-02 16:30:21,305 - INFO -   % of System: 0.6%
2025-10-02 16:30:21,305 - INFO - System Memory:
2025-10-02 16:30:21,305 - INFO -   Total Used: 18.2%
2025-10-02 16:30:21,305 - INFO -   Available: 698.84 GB
2025-10-02 16:30:21,306 - INFO -   Cached: 70.77 GB
2025-10-02 16:30:21,736 - INFO - POST http://localhost:9200/_bulk [status:200 request:3.784s]
2025-10-02 16:30:22,333 - INFO - CPU:
2025-10-02 16:30:22,338 - INFO -   Process usage: 100.4%
2025-10-02 16:30:22,343 - INFO -   Threads: 38
2025-10-02 16:30:22,348 - INFO -   Allocated cores: 288 (IDs: [0, 1, 2, 3, 4]...)
2025-10-02 16:30:22,352 - INFO - Process I/O:
2025-10-02 16:30:22,352 - INFO -   Read: 0.00 GB
2025-10-02 16:30:22,352 - INFO -   Write: 0.01 GB
2025-10-02 16:30:22,352 - INFO - ==================================================
2025-10-02 16:30:22,446 - INFO - Progress: 6,010,000 indexed, 0 failed, Rate: 11323.8 docs/sec, Queue: 80, Elapsed: 530.7s
2025-10-02 16:30:22,469 - INFO - Progress: 6,020,000 indexed, 0 failed, Rate: 11342.1 docs/sec, Queue: 80, Elapsed: 530.8s
2025-10-02 16:30:22,473 - INFO - Progress: 6,030,000 indexed, 0 failed, Rate: 11360.9 docs/sec, Queue: 80, Elapsed: 530.8s
2025-10-02 16:30:22,503 - INFO - Progress: 6,040,000 indexed, 0 failed, Rate: 11379.1 docs/sec, Queue: 80, Elapsed: 530.8s
2025-10-02 16:30:22,512 - INFO - Progress: 6,050,000 indexed, 0 failed, Rate: 11397.7 docs/sec, Queue: 80, Elapsed: 530.8s
2025-10-02 16:30:22,576 - INFO - Progress: 6,060,000 indexed, 0 failed, Rate: 11415.2 docs/sec, Queue: 80, Elapsed: 530.9s
2025-10-02 16:30:22,610 - INFO - Progress: 6,070,000 indexed, 0 failed, Rate: 11433.3 docs/sec, Queue: 80, Elapsed: 530.9s
2025-10-02 16:30:22,619 - INFO - Progress: 6,080,000 indexed, 0 failed, Rate: 11451.9 docs/sec, Queue: 80, Elapsed: 530.9s
2025-10-02 16:30:22,809 - INFO - POST http://localhost:9200/_bulk [status:200 request:3.517s]
2025-10-02 16:30:23,108 - INFO - Progress: 6,090,000 indexed, 0 failed, Rate: 11460.2 docs/sec, Queue: 80, Elapsed: 531.4s
2025-10-02 16:30:23,116 - INFO - Progress: 6,100,000 indexed, 0 failed, Rate: 11478.8 docs/sec, Queue: 80, Elapsed: 531.4s
2025-10-02 16:30:23,151 - INFO - === METRICS ES CONSUMER AT 6100000 DOCS ===
2025-10-02 16:30:23,151 - INFO - Process Memory:
2025-10-02 16:30:23,151 - INFO -   RSS: 4.15 GB
2025-10-02 16:30:23,151 - INFO -   VMS: 8.04 GB
2025-10-02 16:30:23,151 - INFO -   % of System: 0.5%
2025-10-02 16:30:23,151 - INFO - System Memory:
2025-10-02 16:30:23,152 - INFO -   Total Used: 18.2%
2025-10-02 16:30:23,152 - INFO -   Available: 699.25 GB
2025-10-02 16:30:23,152 - INFO -   Cached: 71.07 GB
2025-10-02 16:30:24,184 - INFO - CPU:
2025-10-02 16:30:24,189 - INFO -   Process usage: 100.4%
2025-10-02 16:30:24,194 - INFO -   Threads: 38
2025-10-02 16:30:24,199 - INFO -   Allocated cores: 288 (IDs: [0, 1, 2, 3, 4]...)
2025-10-02 16:30:24,201 - INFO - Process I/O:
2025-10-02 16:30:24,201 - INFO -   Read: 0.00 GB
2025-10-02 16:30:24,201 - INFO -   Write: 0.01 GB
2025-10-02 16:30:24,201 - INFO - ==================================================
2025-10-02 16:30:24,466 - INFO - Overall progress: Parsed 6,221,000, Indexed 0, Queue: 80
2025-10-02 16:30:25,645 - INFO - Worker 1: Parsed 3,050,000 documents
2025-10-02 16:30:26,859 - INFO - Worker 0: Parsed 3,200,000 documents
2025-10-02 16:30:27,775 - INFO - POST http://localhost:9200/_bulk [status:200 request:4.969s]
2025-10-02 16:30:28,099 - INFO - Progress: 6,110,000 indexed, 0 failed, Rate: 11390.9 docs/sec, Queue: 80, Elapsed: 536.4s
2025-10-02 16:30:28,107 - INFO - Progress: 6,120,000 indexed, 0 failed, Rate: 11409.3 docs/sec, Queue: 80, Elapsed: 536.4s
2025-10-02 16:30:29,876 - INFO - POST http://localhost:9200/_bulk [status:200 request:5.420s]
2025-10-02 16:30:30,233 - INFO - Progress: 6,130,000 indexed, 0 failed, Rate: 11382.8 docs/sec, Queue: 80, Elapsed: 538.5s
2025-10-02 16:30:30,449 - INFO - POST http://localhost:9200/_bulk [status:200 request:4.885s]
2025-10-02 16:30:30,837 - INFO - POST http://localhost:9200/_bulk [status:200 request:4.015s]
2025-10-02 16:30:30,837 - INFO - Progress: 6,140,000 indexed, 0 failed, Rate: 11388.6 docs/sec, Queue: 80, Elapsed: 539.1s
2025-10-02 16:30:30,984 - INFO - Progress: 6,150,000 indexed, 0 failed, Rate: 11404.1 docs/sec, Queue: 80, Elapsed: 539.3s
2025-10-02 16:30:31,171 - INFO - Progress: 6,160,000 indexed, 0 failed, Rate: 11418.7 docs/sec, Queue: 80, Elapsed: 539.5s
2025-10-02 16:30:31,175 - INFO - Progress: 6,170,000 indexed, 0 failed, Rate: 11437.1 docs/sec, Queue: 80, Elapsed: 539.5s
2025-10-02 16:30:32,762 - INFO - POST http://localhost:9200/_bulk [status:200 request:4.456s]
2025-10-02 16:30:33,029 - INFO - Progress: 6,180,000 indexed, 0 failed, Rate: 11416.4 docs/sec, Queue: 80, Elapsed: 541.3s
2025-10-02 16:30:33,038 - INFO - Progress: 6,190,000 indexed, 0 failed, Rate: 11434.7 docs/sec, Queue: 80, Elapsed: 541.3s
2025-10-02 16:30:34,156 - INFO - POST http://localhost:9200/_bulk [status:200 request:4.660s]
2025-10-02 16:30:34,468 - INFO - Progress: 6,200,000 indexed, 0 failed, Rate: 11423.0 docs/sec, Queue: 80, Elapsed: 542.8s
2025-10-02 16:30:34,469 - INFO - Worker 1: Parsed 3,100,000 documents
2025-10-02 16:30:34,485 - INFO - Overall progress: Parsed 6,340,000, Indexed 0, Queue: 80
2025-10-02 16:30:34,527 - INFO - === METRICS ES CONSUMER AT 6200000 DOCS ===
2025-10-02 16:30:34,529 - INFO - Process Memory:
2025-10-02 16:30:34,529 - INFO -   RSS: 4.63 GB
2025-10-02 16:30:34,529 - INFO -   VMS: 8.52 GB
2025-10-02 16:30:34,529 - INFO -   % of System: 0.5%
2025-10-02 16:30:34,530 - INFO - System Memory:
2025-10-02 16:30:34,530 - INFO -   Total Used: 18.1%
2025-10-02 16:30:34,530 - INFO -   Available: 700.04 GB
2025-10-02 16:30:34,531 - INFO -   Cached: 68.83 GB
2025-10-02 16:30:35,579 - INFO - CPU:
2025-10-02 16:30:35,585 - INFO -   Process usage: 100.9%
2025-10-02 16:30:35,590 - INFO -   Threads: 38
2025-10-02 16:30:35,595 - INFO -   Allocated cores: 288 (IDs: [0, 1, 2, 3, 4]...)
2025-10-02 16:30:35,607 - INFO - Process I/O:
2025-10-02 16:30:35,607 - INFO -   Read: 0.00 GB
2025-10-02 16:30:35,607 - INFO -   Write: 0.01 GB
2025-10-02 16:30:35,607 - INFO - ==================================================
2025-10-02 16:30:35,796 - INFO - Worker 0: Parsed 3,250,000 documents
2025-10-02 16:30:37,529 - INFO - POST http://localhost:9200/_bulk [status:200 request:5.710s]
2025-10-02 16:30:37,805 - INFO - Progress: 6,210,000 indexed, 0 failed, Rate: 11371.5 docs/sec, Queue: 80, Elapsed: 546.1s
2025-10-02 16:30:37,814 - INFO - Progress: 6,220,000 indexed, 0 failed, Rate: 11389.6 docs/sec, Queue: 80, Elapsed: 546.1s
2025-10-02 16:30:38,343 - INFO - POST http://localhost:9200/_bulk [status:200 request:4.963s]
2025-10-02 16:30:38,735 - INFO - Progress: 6,230,000 indexed, 0 failed, Rate: 11388.7 docs/sec, Queue: 80, Elapsed: 547.0s
2025-10-02 16:30:38,744 - INFO - Progress: 6,240,000 indexed, 0 failed, Rate: 11406.8 docs/sec, Queue: 80, Elapsed: 547.0s
2025-10-02 16:30:39,010 - INFO - POST http://localhost:9200/_bulk [status:200 request:4.095s]
2025-10-02 16:30:39,301 - INFO - Progress: 6,250,000 indexed, 0 failed, Rate: 11413.5 docs/sec, Queue: 80, Elapsed: 547.6s
2025-10-02 16:30:39,311 - INFO - Progress: 6,260,000 indexed, 0 failed, Rate: 11431.5 docs/sec, Queue: 80, Elapsed: 547.6s
2025-10-02 16:30:40,002 - INFO - POST http://localhost:9200/_bulk [status:200 request:3.819s]
2025-10-02 16:30:40,340 - INFO - Progress: 6,270,000 indexed, 0 failed, Rate: 11428.3 docs/sec, Queue: 80, Elapsed: 548.6s
2025-10-02 16:30:40,346 - INFO - Progress: 6,280,000 indexed, 0 failed, Rate: 11446.4 docs/sec, Queue: 80, Elapsed: 548.6s
2025-10-02 16:30:41,685 - INFO - POST http://localhost:9200/_bulk [status:200 request:4.379s]
2025-10-02 16:30:41,992 - INFO - Progress: 6,290,000 indexed, 0 failed, Rate: 11430.4 docs/sec, Queue: 80, Elapsed: 550.3s
2025-10-02 16:30:43,201 - INFO - Worker 1: Parsed 3,150,000 documents
2025-10-02 16:30:43,709 - INFO - POST http://localhost:9200/_bulk [status:200 request:3.958s]
2025-10-02 16:30:44,077 - INFO - Progress: 6,300,000 indexed, 0 failed, Rate: 11405.3 docs/sec, Queue: 80, Elapsed: 552.4s
2025-10-02 16:30:44,086 - INFO - === METRICS ES CONSUMER AT 6300000 DOCS ===
2025-10-02 16:30:44,091 - INFO - Process Memory:
2025-10-02 16:30:44,097 - INFO -   RSS: 4.63 GB
2025-10-02 16:30:44,102 - INFO -   VMS: 8.52 GB
2025-10-02 16:30:44,122 - INFO -   % of System: 0.5%
2025-10-02 16:30:44,127 - INFO - System Memory:
2025-10-02 16:30:44,132 - INFO -   Total Used: 18.1%
2025-10-02 16:30:44,138 - INFO -   Available: 699.66 GB
2025-10-02 16:30:44,143 - INFO -   Cached: 70.30 GB
2025-10-02 16:30:44,511 - INFO - Overall progress: Parsed 6,452,000, Indexed 0, Queue: 80
2025-10-02 16:30:44,852 - INFO - Worker 0: Parsed 3,300,000 documents
2025-10-02 16:30:45,176 - INFO - CPU:
2025-10-02 16:30:45,181 - INFO -   Process usage: 99.4%
2025-10-02 16:30:45,186 - INFO -   Threads: 38
2025-10-02 16:30:45,190 - INFO -   Allocated cores: 288 (IDs: [0, 1, 2, 3, 4]...)
2025-10-02 16:30:45,191 - INFO - Process I/O:
2025-10-02 16:30:45,191 - INFO -   Read: 0.00 GB
2025-10-02 16:30:45,191 - INFO -   Write: 0.01 GB
2025-10-02 16:30:45,191 - INFO - ==================================================
2025-10-02 16:30:45,261 - INFO - Progress: 6,310,000 indexed, 0 failed, Rate: 11399.0 docs/sec, Queue: 80, Elapsed: 553.6s
2025-10-02 16:30:46,788 - INFO - POST http://localhost:9200/_bulk [status:200 request:5.489s]
2025-10-02 16:30:47,157 - INFO - Progress: 6,320,000 indexed, 0 failed, Rate: 11378.1 docs/sec, Queue: 80, Elapsed: 555.5s
2025-10-02 16:30:47,166 - INFO - Progress: 6,330,000 indexed, 0 failed, Rate: 11395.9 docs/sec, Queue: 80, Elapsed: 555.5s
2025-10-02 16:30:47,989 - INFO - POST http://localhost:9200/_bulk [status:200 request:3.581s]
2025-10-02 16:30:49,239 - INFO - POST http://localhost:9200/_bulk [status:200 request:6.396s]
2025-10-02 16:30:49,593 - INFO - Progress: 6,340,000 indexed, 0 failed, Rate: 11364.2 docs/sec, Queue: 80, Elapsed: 557.9s
2025-10-02 16:30:49,643 - INFO - Progress: 6,350,000 indexed, 0 failed, Rate: 11381.2 docs/sec, Queue: 80, Elapsed: 557.9s
2025-10-02 16:30:49,649 - INFO - POST http://localhost:9200/_bulk [status:200 request:3.995s]
2025-10-02 16:30:49,671 - INFO - Progress: 6,360,000 indexed, 0 failed, Rate: 11398.5 docs/sec, Queue: 80, Elapsed: 558.0s
2025-10-02 16:30:49,948 - INFO - Progress: 6,370,000 indexed, 0 failed, Rate: 11410.8 docs/sec, Queue: 80, Elapsed: 558.2s
2025-10-02 16:30:49,952 - INFO - Progress: 6,380,000 indexed, 0 failed, Rate: 11428.6 docs/sec, Queue: 80, Elapsed: 558.2s
2025-10-02 16:30:50,781 - INFO - POST http://localhost:9200/_bulk [status:200 request:4.044s]
2025-10-02 16:30:51,121 - INFO - Progress: 6,390,000 indexed, 0 failed, Rate: 11422.6 docs/sec, Queue: 80, Elapsed: 559.4s
2025-10-02 16:30:51,125 - INFO - Progress: 6,400,000 indexed, 0 failed, Rate: 11440.4 docs/sec, Queue: 80, Elapsed: 559.4s
2025-10-02 16:30:51,167 - INFO - === METRICS ES CONSUMER AT 6400000 DOCS ===
2025-10-02 16:30:51,173 - INFO - Process Memory:
2025-10-02 16:30:51,178 - INFO -   RSS: 4.62 GB
2025-10-02 16:30:51,183 - INFO -   VMS: 8.52 GB
2025-10-02 16:30:51,186 - INFO -   % of System: 0.5%
2025-10-02 16:30:51,186 - INFO - System Memory:
2025-10-02 16:30:51,186 - INFO -   Total Used: 18.2%
2025-10-02 16:30:51,186 - INFO -   Available: 699.13 GB
2025-10-02 16:30:51,186 - INFO -   Cached: 70.69 GB
2025-10-02 16:30:52,204 - INFO - CPU:
2025-10-02 16:30:52,205 - INFO -   Process usage: 102.4%
2025-10-02 16:30:52,205 - INFO -   Threads: 38
2025-10-02 16:30:52,205 - INFO -   Allocated cores: 288 (IDs: [0, 1, 2, 3, 4]...)
2025-10-02 16:30:52,205 - INFO - Process I/O:
2025-10-02 16:30:52,206 - INFO -   Read: 0.00 GB
2025-10-02 16:30:52,211 - INFO -   Write: 0.01 GB
2025-10-02 16:30:52,216 - INFO - ==================================================
2025-10-02 16:30:52,381 - INFO - Worker 1: Parsed 3,200,000 documents
2025-10-02 16:30:53,424 - INFO - POST http://localhost:9200/_bulk [status:200 request:4.684s]
2025-10-02 16:30:53,779 - INFO - Progress: 6,410,000 indexed, 0 failed, Rate: 11404.2 docs/sec, Queue: 80, Elapsed: 562.1s
2025-10-02 16:30:53,788 - INFO - Progress: 6,420,000 indexed, 0 failed, Rate: 11421.8 docs/sec, Queue: 80, Elapsed: 562.1s
2025-10-02 16:30:54,135 - INFO - POST http://localhost:9200/_bulk [status:200 request:3.533s]
2025-10-02 16:30:54,342 - INFO - Worker 0: Parsed 3,350,000 documents
2025-10-02 16:30:54,486 - INFO - Progress: 6,430,000 indexed, 0 failed, Rate: 11425.4 docs/sec, Queue: 80, Elapsed: 562.8s
2025-10-02 16:30:54,517 - INFO - Overall progress: Parsed 6,559,000, Indexed 0, Queue: 80
2025-10-02 16:30:55,607 - INFO - POST http://localhost:9200/_bulk [status:200 request:3.440s]
2025-10-02 16:30:55,910 - INFO - Progress: 6,440,000 indexed, 0 failed, Rate: 11414.3 docs/sec, Queue: 80, Elapsed: 564.2s
2025-10-02 16:30:55,914 - INFO - Progress: 6,450,000 indexed, 0 failed, Rate: 11431.9 docs/sec, Queue: 80, Elapsed: 564.2s
2025-10-02 16:30:58,979 - INFO - POST http://localhost:9200/_bulk [status:200 request:5.557s]
2025-10-02 16:30:59,241 - INFO - Progress: 6,460,000 indexed, 0 failed, Rate: 11382.5 docs/sec, Queue: 80, Elapsed: 567.5s
2025-10-02 16:30:59,249 - INFO - Progress: 6,470,000 indexed, 0 failed, Rate: 11400.0 docs/sec, Queue: 80, Elapsed: 567.5s
2025-10-02 16:30:59,937 - INFO - POST http://localhost:9200/_bulk [status:200 request:4.499s]
2025-10-02 16:31:00,285 - INFO - Progress: 6,480,000 indexed, 0 failed, Rate: 11396.8 docs/sec, Queue: 80, Elapsed: 568.6s
2025-10-02 16:31:00,979 - INFO - Worker 1: Parsed 3,250,000 documents
2025-10-02 16:31:02,400 - INFO - Worker 0: Parsed 3,400,000 documents
2025-10-02 16:31:03,980 - INFO - POST http://localhost:9200/_bulk [status:200 request:7.040s]
2025-10-02 16:31:04,343 - INFO - Progress: 6,490,000 indexed, 0 failed, Rate: 11333.5 docs/sec, Queue: 80, Elapsed: 572.6s
2025-10-02 16:31:04,348 - INFO - Progress: 6,500,000 indexed, 0 failed, Rate: 11350.8 docs/sec, Queue: 80, Elapsed: 572.6s
2025-10-02 16:31:04,377 - INFO - === METRICS ES CONSUMER AT 6500000 DOCS ===
2025-10-02 16:31:04,383 - INFO - Process Memory:
2025-10-02 16:31:04,388 - INFO -   RSS: 6.07 GB
2025-10-02 16:31:04,393 - INFO -   VMS: 9.96 GB
2025-10-02 16:31:04,413 - INFO -   % of System: 0.7%
2025-10-02 16:31:04,413 - INFO - System Memory:
2025-10-02 16:31:04,413 - INFO -   Total Used: 18.5%
2025-10-02 16:31:04,413 - INFO -   Available: 696.56 GB
2025-10-02 16:31:04,414 - INFO -   Cached: 72.57 GB
2025-10-02 16:31:04,537 - INFO - Overall progress: Parsed 6,686,000, Indexed 0, Queue: 80
2025-10-02 16:31:04,770 - INFO - POST http://localhost:9200/_bulk [status:200 request:5.126s]
2025-10-02 16:31:05,299 - INFO - POST http://localhost:9200/_bulk [status:200 request:4.106s]
2025-10-02 16:31:05,576 - INFO - CPU:
2025-10-02 16:31:05,582 - INFO -   Process usage: 100.3%
2025-10-02 16:31:05,589 - INFO -   Threads: 38
2025-10-02 16:31:05,650 - INFO -   Allocated cores: 288 (IDs: [0, 1, 2, 3, 4]...)
2025-10-02 16:31:05,669 - INFO - Process I/O:
2025-10-02 16:31:05,674 - INFO -   Read: 0.00 GB
2025-10-02 16:31:05,680 - INFO -   Write: 0.01 GB
2025-10-02 16:31:05,685 - INFO - ==================================================
2025-10-02 16:31:05,974 - INFO - POST http://localhost:9200/_bulk [status:200 request:7.884s]
2025-10-02 16:31:06,297 - INFO - Progress: 6,510,000 indexed, 0 failed, Rate: 11329.7 docs/sec, Queue: 80, Elapsed: 574.6s
2025-10-02 16:31:06,306 - INFO - Progress: 6,520,000 indexed, 0 failed, Rate: 11347.0 docs/sec, Queue: 80, Elapsed: 574.6s
2025-10-02 16:31:06,332 - INFO - Progress: 6,530,000 indexed, 0 failed, Rate: 11363.9 docs/sec, Queue: 80, Elapsed: 574.6s
2025-10-02 16:31:06,336 - INFO - Progress: 6,540,000 indexed, 0 failed, Rate: 11381.2 docs/sec, Queue: 80, Elapsed: 574.6s
2025-10-02 16:31:06,362 - INFO - Progress: 6,550,000 indexed, 0 failed, Rate: 11398.1 docs/sec, Queue: 80, Elapsed: 574.7s
2025-10-02 16:31:09,197 - INFO - Worker 1: Parsed 3,300,000 documents
2025-10-02 16:31:09,484 - INFO - POST http://localhost:9200/_bulk [status:200 request:3.506s]
2025-10-02 16:31:09,870 - INFO - POST http://localhost:9200/_bulk [status:200 request:7.384s]
2025-10-02 16:31:10,102 - INFO - POST http://localhost:9200/_bulk [status:200 request:6.529s]
2025-10-02 16:31:10,478 - INFO - Progress: 6,560,000 indexed, 0 failed, Rate: 11334.3 docs/sec, Queue: 80, Elapsed: 578.8s
2025-10-02 16:31:10,492 - INFO - Progress: 6,570,000 indexed, 0 failed, Rate: 11351.3 docs/sec, Queue: 80, Elapsed: 578.8s
2025-10-02 16:31:10,578 - INFO - Progress: 6,580,000 indexed, 0 failed, Rate: 11366.9 docs/sec, Queue: 80, Elapsed: 578.9s
2025-10-02 16:31:10,583 - INFO - Progress: 6,590,000 indexed, 0 failed, Rate: 11384.1 docs/sec, Queue: 80, Elapsed: 578.9s
2025-10-02 16:31:10,604 - INFO - Progress: 6,600,000 indexed, 0 failed, Rate: 11400.9 docs/sec, Queue: 80, Elapsed: 578.9s
2025-10-02 16:31:10,632 - INFO - === METRICS ES CONSUMER AT 6600000 DOCS ===
2025-10-02 16:31:10,637 - INFO - Process Memory:
2025-10-02 16:31:10,643 - INFO -   RSS: 4.62 GB
2025-10-02 16:31:10,648 - INFO -   VMS: 8.51 GB
2025-10-02 16:31:10,667 - INFO -   % of System: 0.5%
2025-10-02 16:31:10,667 - INFO - System Memory:
2025-10-02 16:31:10,667 - INFO -   Total Used: 18.4%
2025-10-02 16:31:10,667 - INFO -   Available: 697.33 GB
2025-10-02 16:31:10,667 - INFO -   Cached: 73.40 GB
2025-10-02 16:31:11,360 - INFO - POST http://localhost:9200/_bulk [status:200 request:3.751s]
2025-10-02 16:31:11,716 - INFO - CPU:
2025-10-02 16:31:11,721 - INFO -   Process usage: 102.4%
2025-10-02 16:31:11,727 - INFO -   Threads: 38
2025-10-02 16:31:11,727 - INFO -   Allocated cores: 288 (IDs: [0, 1, 2, 3, 4]...)
2025-10-02 16:31:11,727 - INFO - Process I/O:
2025-10-02 16:31:11,727 - INFO -   Read: 0.00 GB
2025-10-02 16:31:11,727 - INFO -   Write: 0.01 GB
2025-10-02 16:31:11,727 - INFO - ==================================================
2025-10-02 16:31:11,791 - INFO - Progress: 6,610,000 indexed, 0 failed, Rate: 11394.8 docs/sec, Queue: 80, Elapsed: 580.1s
2025-10-02 16:31:11,816 - INFO - Progress: 6,620,000 indexed, 0 failed, Rate: 11411.6 docs/sec, Queue: 80, Elapsed: 580.1s
2025-10-02 16:31:11,820 - INFO - Progress: 6,630,000 indexed, 0 failed, Rate: 11428.7 docs/sec, Queue: 80, Elapsed: 580.1s
2025-10-02 16:31:12,140 - INFO - Worker 0: Parsed 3,450,000 documents
2025-10-02 16:31:12,759 - INFO - POST http://localhost:9200/_bulk [status:200 request:3.931s]
2025-10-02 16:31:13,098 - INFO - Progress: 6,640,000 indexed, 0 failed, Rate: 11420.8 docs/sec, Queue: 80, Elapsed: 581.4s
2025-10-02 16:31:14,552 - INFO - Overall progress: Parsed 6,789,000, Indexed 0, Queue: 79
2025-10-02 16:31:14,922 - INFO - POST http://localhost:9200/_bulk [status:200 request:3.875s]
2025-10-02 16:31:15,228 - INFO - Progress: 6,650,000 indexed, 0 failed, Rate: 11396.3 docs/sec, Queue: 80, Elapsed: 583.5s
2025-10-02 16:31:15,237 - INFO - Progress: 6,660,000 indexed, 0 failed, Rate: 11413.2 docs/sec, Queue: 80, Elapsed: 583.5s
2025-10-02 16:31:16,805 - INFO - POST http://localhost:9200/_bulk [status:200 request:4.170s]
2025-10-02 16:31:17,274 - INFO - Progress: 6,670,000 indexed, 0 failed, Rate: 11390.6 docs/sec, Queue: 80, Elapsed: 585.6s
2025-10-02 16:31:17,277 - INFO - Progress: 6,680,000 indexed, 0 failed, Rate: 11407.6 docs/sec, Queue: 80, Elapsed: 585.6s
2025-10-02 16:31:17,818 - INFO - POST http://localhost:9200/_bulk [status:200 request:3.699s]
2025-10-02 16:31:18,160 - INFO - Progress: 6,690,000 indexed, 0 failed, Rate: 11407.5 docs/sec, Queue: 80, Elapsed: 586.5s
2025-10-02 16:31:18,169 - INFO - Progress: 6,700,000 indexed, 0 failed, Rate: 11424.4 docs/sec, Queue: 80, Elapsed: 586.5s
2025-10-02 16:31:18,206 - INFO - === METRICS ES CONSUMER AT 6700000 DOCS ===
2025-10-02 16:31:18,211 - INFO - Process Memory:
2025-10-02 16:31:18,216 - INFO -   RSS: 4.62 GB
2025-10-02 16:31:18,221 - INFO -   VMS: 8.51 GB
2025-10-02 16:31:18,242 - INFO -   % of System: 0.5%
2025-10-02 16:31:18,247 - INFO - System Memory:
2025-10-02 16:31:18,252 - INFO -   Total Used: 18.5%
2025-10-02 16:31:18,257 - INFO -   Available: 696.49 GB
2025-10-02 16:31:18,262 - INFO -   Cached: 74.58 GB
2025-10-02 16:31:18,878 - INFO - Worker 1: Parsed 3,350,000 documents
2025-10-02 16:31:19,294 - INFO - CPU:
2025-10-02 16:31:19,294 - INFO -   Process usage: 98.4%
2025-10-02 16:31:19,294 - INFO -   Threads: 38
2025-10-02 16:31:19,294 - INFO -   Allocated cores: 288 (IDs: [0, 1, 2, 3, 4]...)
2025-10-02 16:31:19,295 - INFO - Process I/O:
2025-10-02 16:31:19,295 - INFO -   Read: 0.00 GB
2025-10-02 16:31:19,295 - INFO -   Write: 0.01 GB
2025-10-02 16:31:19,295 - INFO - ==================================================
2025-10-02 16:31:19,454 - INFO - POST http://localhost:9200/_bulk [status:200 request:3.782s]
2025-10-02 16:31:19,832 - INFO - Progress: 6,710,000 indexed, 0 failed, Rate: 11409.1 docs/sec, Queue: 80, Elapsed: 588.1s
2025-10-02 16:31:19,841 - INFO - Progress: 6,720,000 indexed, 0 failed, Rate: 11425.9 docs/sec, Queue: 80, Elapsed: 588.1s
2025-10-02 16:31:20,736 - INFO - Worker 0: Parsed 3,500,000 documents
2025-10-02 16:31:20,930 - INFO - POST http://localhost:9200/_bulk [status:200 request:3.808s]
2025-10-02 16:31:21,283 - INFO - Progress: 6,730,000 indexed, 0 failed, Rate: 11414.9 docs/sec, Queue: 80, Elapsed: 589.6s
2025-10-02 16:31:22,451 - INFO - POST http://localhost:9200/_bulk [status:200 request:3.564s]
2025-10-02 16:31:22,782 - INFO - Progress: 6,740,000 indexed, 0 failed, Rate: 11402.9 docs/sec, Queue: 80, Elapsed: 591.1s
2025-10-02 16:31:22,786 - INFO - Progress: 6,750,000 indexed, 0 failed, Rate: 11419.7 docs/sec, Queue: 80, Elapsed: 591.1s
2025-10-02 16:31:24,569 - INFO - POST http://localhost:9200/_bulk [status:200 request:4.045s]
2025-10-02 16:31:24,763 - INFO - Overall progress: Parsed 6,903,000, Indexed 0, Queue: 80
2025-10-02 16:31:24,881 - INFO - Progress: 6,760,000 indexed, 0 failed, Rate: 11396.3 docs/sec, Queue: 80, Elapsed: 593.2s
2025-10-02 16:31:24,885 - INFO - Progress: 6,770,000 indexed, 0 failed, Rate: 11413.0 docs/sec, Queue: 80, Elapsed: 593.2s
2025-10-02 16:31:27,208 - INFO - Worker 1: Parsed 3,400,000 documents
2025-10-02 16:31:27,938 - INFO - POST http://localhost:9200/_bulk [status:200 request:5.838s]
2025-10-02 16:31:28,282 - INFO - Progress: 6,780,000 indexed, 0 failed, Rate: 11364.8 docs/sec, Queue: 80, Elapsed: 596.6s
2025-10-02 16:31:28,291 - INFO - Progress: 6,790,000 indexed, 0 failed, Rate: 11381.4 docs/sec, Queue: 80, Elapsed: 596.6s
2025-10-02 16:31:28,348 - INFO - POST http://localhost:9200/_bulk [status:200 request:4.632s]
2025-10-02 16:31:28,694 - INFO - Progress: 6,800,000 indexed, 0 failed, Rate: 11390.5 docs/sec, Queue: 80, Elapsed: 597.0s
2025-10-02 16:31:28,746 - INFO - === METRICS ES CONSUMER AT 6800000 DOCS ===
2025-10-02 16:31:28,749 - INFO - Process Memory:
2025-10-02 16:31:28,750 - INFO -   RSS: 5.10 GB
2025-10-02 16:31:28,750 - INFO -   VMS: 8.99 GB
2025-10-02 16:31:28,750 - INFO -   % of System: 0.6%
2025-10-02 16:31:28,750 - INFO - System Memory:
2025-10-02 16:31:28,750 - INFO -   Total Used: 18.6%
2025-10-02 16:31:28,750 - INFO -   Available: 695.30 GB
2025-10-02 16:31:28,750 - INFO -   Cached: 75.59 GB
2025-10-02 16:31:29,395 - INFO - Worker 0: Parsed 3,550,000 documents
2025-10-02 16:31:29,791 - INFO - CPU:
2025-10-02 16:31:29,791 - INFO -   Process usage: 101.4%
2025-10-02 16:31:29,791 - INFO -   Threads: 38
2025-10-02 16:31:29,791 - INFO -   Allocated cores: 288 (IDs: [0, 1, 2, 3, 4]...)
2025-10-02 16:31:29,792 - INFO - Process I/O:
2025-10-02 16:31:29,792 - INFO -   Read: 0.00 GB
2025-10-02 16:31:29,792 - INFO -   Write: 0.01 GB
2025-10-02 16:31:29,798 - INFO - ==================================================
2025-10-02 16:31:32,993 - INFO - POST http://localhost:9200/_bulk [status:200 request:6.560s]
2025-10-02 16:31:34,537 - INFO - POST http://localhost:9200/_bulk [status:200 request:9.242s]
2025-10-02 16:31:34,804 - INFO - Overall progress: Parsed 7,029,000, Indexed 0, Queue: 80
2025-10-02 16:31:34,871 - INFO - POST http://localhost:9200/_bulk [status:200 request:4.036s]
2025-10-02 16:31:35,147 - INFO - Progress: 6,810,000 indexed, 0 failed, Rate: 11285.2 docs/sec, Queue: 80, Elapsed: 603.4s
2025-10-02 16:31:35,156 - INFO - Progress: 6,820,000 indexed, 0 failed, Rate: 11301.6 docs/sec, Queue: 80, Elapsed: 603.5s
2025-10-02 16:31:35,189 - INFO - Progress: 6,830,000 indexed, 0 failed, Rate: 11317.6 docs/sec, Queue: 80, Elapsed: 603.5s
2025-10-02 16:31:35,203 - INFO - Progress: 6,840,000 indexed, 0 failed, Rate: 11333.9 docs/sec, Queue: 80, Elapsed: 603.5s
2025-10-02 16:31:35,982 - INFO - Worker 1: Parsed 3,450,000 documents
2025-10-02 16:31:36,236 - INFO - POST http://localhost:9200/_bulk [status:200 request:6.629s]
2025-10-02 16:31:37,027 - INFO - POST http://localhost:9200/_bulk [status:200 request:9.325s]
2025-10-02 16:31:37,335 - INFO - Progress: 6,850,000 indexed, 0 failed, Rate: 11310.5 docs/sec, Queue: 80, Elapsed: 605.6s
2025-10-02 16:31:37,344 - INFO - Progress: 6,860,000 indexed, 0 failed, Rate: 11326.8 docs/sec, Queue: 80, Elapsed: 605.6s
2025-10-02 16:31:37,498 - INFO - Progress: 6,870,000 indexed, 0 failed, Rate: 11340.5 docs/sec, Queue: 80, Elapsed: 605.8s
2025-10-02 16:31:37,532 - INFO - Progress: 6,880,000 indexed, 0 failed, Rate: 11356.3 docs/sec, Queue: 80, Elapsed: 605.8s
2025-10-02 16:31:37,537 - INFO - Progress: 6,890,000 indexed, 0 failed, Rate: 11372.8 docs/sec, Queue: 80, Elapsed: 605.8s
2025-10-02 16:31:37,885 - INFO - POST http://localhost:9200/_bulk [status:200 request:5.829s]
2025-10-02 16:31:38,224 - INFO - Progress: 6,900,000 indexed, 0 failed, Rate: 11376.4 docs/sec, Queue: 80, Elapsed: 606.5s
2025-10-02 16:31:38,241 - INFO - === METRICS ES CONSUMER AT 6900000 DOCS ===
2025-10-02 16:31:38,241 - INFO - Process Memory:
2025-10-02 16:31:38,241 - INFO -   RSS: 5.12 GB
2025-10-02 16:31:38,241 - INFO -   VMS: 9.01 GB
2025-10-02 16:31:38,241 - INFO -   % of System: 0.6%
2025-10-02 16:31:38,246 - INFO - System Memory:
2025-10-02 16:31:38,251 - INFO -   Total Used: 18.7%
2025-10-02 16:31:38,256 - INFO -   Available: 694.81 GB
2025-10-02 16:31:38,261 - INFO -   Cached: 74.53 GB
2025-10-02 16:31:38,590 - INFO - Worker 0: Parsed 3,600,000 documents
2025-10-02 16:31:39,046 - INFO - POST http://localhost:9200/_bulk [status:200 request:5.515s]
2025-10-02 16:31:39,429 - INFO - CPU:
2025-10-02 16:31:39,430 - INFO -   Process usage: 90.5%
2025-10-02 16:31:39,430 - INFO -   Threads: 38
2025-10-02 16:31:39,430 - INFO -   Allocated cores: 288 (IDs: [0, 1, 2, 3, 4]...)
2025-10-02 16:31:39,430 - INFO - Process I/O:
2025-10-02 16:31:39,430 - INFO -   Read: 0.00 GB
2025-10-02 16:31:39,430 - INFO -   Write: 0.01 GB
2025-10-02 16:31:39,430 - INFO - ==================================================
2025-10-02 16:31:39,501 - INFO - Progress: 6,910,000 indexed, 0 failed, Rate: 11368.9 docs/sec, Queue: 80, Elapsed: 607.8s
2025-10-02 16:31:39,526 - INFO - Progress: 6,920,000 indexed, 0 failed, Rate: 11384.9 docs/sec, Queue: 80, Elapsed: 607.8s
2025-10-02 16:31:39,572 - INFO - Progress: 6,930,000 indexed, 0 failed, Rate: 11400.5 docs/sec, Queue: 80, Elapsed: 607.9s
2025-10-02 16:31:39,577 - INFO - POST http://localhost:9200/_bulk [status:200 request:4.053s]
2025-10-02 16:31:39,877 - INFO - Progress: 6,940,000 indexed, 0 failed, Rate: 11411.2 docs/sec, Queue: 80, Elapsed: 608.2s
2025-10-02 16:31:39,881 - INFO - Progress: 6,950,000 indexed, 0 failed, Rate: 11427.6 docs/sec, Queue: 80, Elapsed: 608.2s
2025-10-02 16:31:41,231 - INFO - POST http://localhost:9200/_bulk [status:200 request:3.690s]
2025-10-02 16:31:41,552 - INFO - Progress: 6,960,000 indexed, 0 failed, Rate: 11412.7 docs/sec, Queue: 80, Elapsed: 609.8s
2025-10-02 16:31:43,235 - INFO - POST http://localhost:9200/_bulk [status:200 request:3.767s]
2025-10-02 16:31:43,566 - INFO - Progress: 6,970,000 indexed, 0 failed, Rate: 11391.4 docs/sec, Queue: 80, Elapsed: 611.9s
2025-10-02 16:31:43,570 - INFO - Progress: 6,980,000 indexed, 0 failed, Rate: 11407.7 docs/sec, Queue: 80, Elapsed: 611.9s
2025-10-02 16:31:44,732 - INFO - POST http://localhost:9200/_bulk [status:200 request:3.611s]
2025-10-02 16:31:44,868 - INFO - Overall progress: Parsed 7,126,000, Indexed 0, Queue: 80
2025-10-02 16:31:45,071 - INFO - Progress: 6,990,000 indexed, 0 failed, Rate: 11396.1 docs/sec, Queue: 80, Elapsed: 613.4s
2025-10-02 16:31:45,079 - INFO - Progress: 7,000,000 indexed, 0 failed, Rate: 11412.3 docs/sec, Queue: 80, Elapsed: 613.4s
2025-10-02 16:31:45,132 - INFO - === METRICS ES CONSUMER AT 7000000 DOCS ===
2025-10-02 16:31:45,132 - INFO - Process Memory:
2025-10-02 16:31:45,132 - INFO -   RSS: 4.63 GB
2025-10-02 16:31:45,132 - INFO -   VMS: 8.53 GB
2025-10-02 16:31:45,132 - INFO -   % of System: 0.5%
2025-10-02 16:31:45,132 - INFO - System Memory:
2025-10-02 16:31:45,132 - INFO -   Total Used: 18.6%
2025-10-02 16:31:45,132 - INFO -   Available: 695.41 GB
2025-10-02 16:31:45,132 - INFO -   Cached: 74.32 GB
2025-10-02 16:31:45,916 - INFO - Worker 1: Parsed 3,500,000 documents
2025-10-02 16:31:46,159 - INFO - CPU:
2025-10-02 16:31:46,165 - INFO -   Process usage: 98.4%
2025-10-02 16:31:46,165 - INFO -   Threads: 38
2025-10-02 16:31:46,165 - INFO -   Allocated cores: 288 (IDs: [0, 1, 2, 3, 4]...)
2025-10-02 16:31:46,165 - INFO - Process I/O:
2025-10-02 16:31:46,166 - INFO -   Read: 0.00 GB
2025-10-02 16:31:46,166 - INFO -   Write: 0.01 GB
2025-10-02 16:31:46,166 - INFO - ==================================================
2025-10-02 16:31:46,263 - INFO - POST http://localhost:9200/_bulk [status:200 request:3.572s]
2025-10-02 16:31:46,564 - INFO - Progress: 7,010,000 indexed, 0 failed, Rate: 11400.9 docs/sec, Queue: 80, Elapsed: 614.9s
2025-10-02 16:31:46,573 - INFO - Progress: 7,020,000 indexed, 0 failed, Rate: 11417.1 docs/sec, Queue: 80, Elapsed: 614.9s
2025-10-02 16:31:47,818 - INFO - Worker 0: Parsed 3,650,000 documents
2025-10-02 16:31:48,059 - INFO - POST http://localhost:9200/_bulk [status:200 request:3.738s]
2025-10-02 16:31:48,411 - INFO - Progress: 7,030,000 indexed, 0 failed, Rate: 11399.2 docs/sec, Queue: 80, Elapsed: 616.7s
2025-10-02 16:31:49,405 - INFO - POST http://localhost:9200/_bulk [status:200 request:3.563s]
2025-10-02 16:31:49,738 - INFO - Progress: 7,040,000 indexed, 0 failed, Rate: 11390.9 docs/sec, Queue: 80, Elapsed: 618.0s
2025-10-02 16:31:49,747 - INFO - Progress: 7,050,000 indexed, 0 failed, Rate: 11407.0 docs/sec, Queue: 80, Elapsed: 618.0s
2025-10-02 16:31:51,139 - INFO - POST http://localhost:9200/_bulk [status:200 request:3.675s]
2025-10-02 16:31:51,485 - INFO - Progress: 7,060,000 indexed, 0 failed, Rate: 11391.1 docs/sec, Queue: 80, Elapsed: 619.8s
2025-10-02 16:31:51,494 - INFO - Progress: 7,070,000 indexed, 0 failed, Rate: 11407.1 docs/sec, Queue: 80, Elapsed: 619.8s
2025-10-02 16:31:52,937 - INFO - POST http://localhost:9200/_bulk [status:200 request:3.897s]
2025-10-02 16:31:53,252 - INFO - Progress: 7,080,000 indexed, 0 failed, Rate: 11390.9 docs/sec, Queue: 80, Elapsed: 621.5s
2025-10-02 16:31:53,262 - INFO - Progress: 7,090,000 indexed, 0 failed, Rate: 11406.8 docs/sec, Queue: 80, Elapsed: 621.6s
2025-10-02 16:31:54,138 - INFO - POST http://localhost:9200/_bulk [status:200 request:3.568s]
2025-10-02 16:31:54,477 - INFO - Progress: 7,100,000 indexed, 0 failed, Rate: 11400.6 docs/sec, Queue: 80, Elapsed: 622.8s
2025-10-02 16:31:54,521 - INFO - === METRICS ES CONSUMER AT 7100000 DOCS ===
2025-10-02 16:31:54,521 - INFO - Process Memory:
2025-10-02 16:31:54,521 - INFO -   RSS: 4.63 GB
2025-10-02 16:31:54,521 - INFO -   VMS: 8.53 GB
2025-10-02 16:31:54,521 - INFO -   % of System: 0.5%
2025-10-02 16:31:54,522 - INFO - System Memory:
2025-10-02 16:31:54,522 - INFO -   Total Used: 18.7%
2025-10-02 16:31:54,522 - INFO -   Available: 694.80 GB
2025-10-02 16:31:54,522 - INFO -   Cached: 76.48 GB
2025-10-02 16:31:54,658 - INFO - Worker 1: Parsed 3,550,000 documents
2025-10-02 16:31:54,889 - INFO - Overall progress: Parsed 7,237,000, Indexed 0, Queue: 79
2025-10-02 16:31:55,545 - INFO - CPU:
2025-10-02 16:31:55,545 - INFO -   Process usage: 99.2%
2025-10-02 16:31:55,545 - INFO -   Threads: 38
2025-10-02 16:31:55,545 - INFO -   Allocated cores: 288 (IDs: [0, 1, 2, 3, 4]...)
2025-10-02 16:31:55,546 - INFO - Process I/O:
2025-10-02 16:31:55,546 - INFO -   Read: 0.00 GB
2025-10-02 16:31:55,546 - INFO -   Write: 0.01 GB
2025-10-02 16:31:55,546 - INFO - ==================================================
2025-10-02 16:31:55,834 - INFO - POST http://localhost:9200/_bulk [status:200 request:3.608s]
2025-10-02 16:31:56,179 - INFO - Progress: 7,110,000 indexed, 0 failed, Rate: 11385.6 docs/sec, Queue: 80, Elapsed: 624.5s
2025-10-02 16:31:56,185 - INFO - Progress: 7,120,000 indexed, 0 failed, Rate: 11401.5 docs/sec, Queue: 80, Elapsed: 624.5s
2025-10-02 16:31:57,066 - INFO - Worker 0: Parsed 3,700,000 documents
2025-10-02 16:32:00,153 - INFO - POST http://localhost:9200/_bulk [status:200 request:6.410s]
2025-10-02 16:32:00,447 - INFO - Progress: 7,130,000 indexed, 0 failed, Rate: 11340.1 docs/sec, Queue: 80, Elapsed: 628.7s
2025-10-02 16:32:00,456 - INFO - Progress: 7,140,000 indexed, 0 failed, Rate: 11355.8 docs/sec, Queue: 80, Elapsed: 628.8s
2025-10-02 16:32:01,990 - INFO - Worker 1: Parsed 3,600,000 documents
2025-10-02 16:32:03,296 - INFO - POST http://localhost:9200/_bulk [status:200 request:7.983s]
2025-10-02 16:32:03,578 - INFO - Progress: 7,150,000 indexed, 0 failed, Rate: 11315.5 docs/sec, Queue: 80, Elapsed: 631.9s
2025-10-02 16:32:03,582 - INFO - Progress: 7,160,000 indexed, 0 failed, Rate: 11331.3 docs/sec, Queue: 80, Elapsed: 631.9s
2025-10-02 16:32:03,975 - INFO - POST http://localhost:9200/_bulk [status:200 request:7.088s]
2025-10-02 16:32:04,292 - INFO - Progress: 7,170,000 indexed, 0 failed, Rate: 11334.4 docs/sec, Queue: 80, Elapsed: 632.6s
2025-10-02 16:32:04,507 - INFO - POST http://localhost:9200/_bulk [status:200 request:5.224s]
2025-10-02 16:32:04,937 - INFO - POST http://localhost:9200/_bulk [status:200 request:6.835s]
2025-10-02 16:32:04,939 - INFO - Overall progress: Parsed 7,358,000, Indexed 0, Queue: 80
2025-10-02 16:32:05,328 - INFO - Progress: 7,180,000 indexed, 0 failed, Rate: 11331.6 docs/sec, Queue: 80, Elapsed: 633.6s
2025-10-02 16:32:05,337 - INFO - Progress: 7,190,000 indexed, 0 failed, Rate: 11347.3 docs/sec, Queue: 80, Elapsed: 633.6s
2025-10-02 16:32:05,368 - INFO - Progress: 7,200,000 indexed, 0 failed, Rate: 11362.5 docs/sec, Queue: 80, Elapsed: 633.7s
2025-10-02 16:32:05,393 - INFO - === METRICS ES CONSUMER AT 7200000 DOCS ===
2025-10-02 16:32:05,393 - INFO - Process Memory:
2025-10-02 16:32:05,394 - INFO -   RSS: 5.12 GB
2025-10-02 16:32:05,394 - INFO -   VMS: 9.01 GB
2025-10-02 16:32:05,394 - INFO -   % of System: 0.6%
2025-10-02 16:32:05,399 - INFO - System Memory:
2025-10-02 16:32:05,405 - INFO -   Total Used: 18.9%
2025-10-02 16:32:05,410 - INFO -   Available: 693.38 GB
2025-10-02 16:32:05,415 - INFO -   Cached: 77.98 GB
2025-10-02 16:32:05,785 - INFO - Worker 0: Parsed 3,750,000 documents
2025-10-02 16:32:06,008 - INFO - POST http://localhost:9200/_bulk [status:200 request:4.020s]
2025-10-02 16:32:06,453 - INFO - CPU:
2025-10-02 16:32:06,453 - INFO -   Process usage: 102.3%
2025-10-02 16:32:06,453 - INFO -   Threads: 38
2025-10-02 16:32:06,454 - INFO -   Allocated cores: 288 (IDs: [0, 1, 2, 3, 4]...)
2025-10-02 16:32:06,454 - INFO - Process I/O:
2025-10-02 16:32:06,454 - INFO -   Read: 0.00 GB
2025-10-02 16:32:06,454 - INFO -   Write: 0.01 GB
2025-10-02 16:32:06,459 - INFO - ==================================================
2025-10-02 16:32:06,536 - INFO - Progress: 7,210,000 indexed, 0 failed, Rate: 11357.3 docs/sec, Queue: 80, Elapsed: 634.8s
2025-10-02 16:32:06,927 - INFO - POST http://localhost:9200/_bulk [status:200 request:3.680s]
2025-10-02 16:32:09,919 - INFO - POST http://localhost:9200/_bulk [status:200 request:3.923s]
2025-10-02 16:32:10,204 - INFO - POST http://localhost:9200/_bulk [status:200 request:9.356s]
2025-10-02 16:32:10,604 - INFO - Progress: 7,220,000 indexed, 0 failed, Rate: 11300.7 docs/sec, Queue: 80, Elapsed: 638.9s
2025-10-02 16:32:10,608 - INFO - Progress: 7,230,000 indexed, 0 failed, Rate: 11316.2 docs/sec, Queue: 80, Elapsed: 638.9s
2025-10-02 16:32:10,627 - INFO - Progress: 7,240,000 indexed, 0 failed, Rate: 11331.6 docs/sec, Queue: 80, Elapsed: 638.9s
2025-10-02 16:32:10,631 - INFO - Progress: 7,250,000 indexed, 0 failed, Rate: 11347.1 docs/sec, Queue: 80, Elapsed: 638.9s
2025-10-02 16:32:10,680 - INFO - Progress: 7,260,000 indexed, 0 failed, Rate: 11361.9 docs/sec, Queue: 80, Elapsed: 639.0s
2025-10-02 16:32:10,722 - INFO - Progress: 7,270,000 indexed, 0 failed, Rate: 11376.8 docs/sec, Queue: 80, Elapsed: 639.0s
2025-10-02 16:32:10,730 - INFO - Progress: 7,280,000 indexed, 0 failed, Rate: 11392.3 docs/sec, Queue: 80, Elapsed: 639.0s
2025-10-02 16:32:11,888 - INFO - Worker 1: Parsed 3,650,000 documents
2025-10-02 16:32:12,261 - INFO - POST http://localhost:9200/_bulk [status:200 request:4.273s]
2025-10-02 16:32:12,612 - INFO - Progress: 7,290,000 indexed, 0 failed, Rate: 11374.5 docs/sec, Queue: 80, Elapsed: 640.9s
2025-10-02 16:32:12,616 - INFO - Progress: 7,300,000 indexed, 0 failed, Rate: 11390.0 docs/sec, Queue: 80, Elapsed: 640.9s
2025-10-02 16:32:12,635 - INFO - === METRICS ES CONSUMER AT 7300000 DOCS ===
2025-10-02 16:32:12,640 - INFO - Process Memory:
2025-10-02 16:32:12,645 - INFO -   RSS: 4.63 GB
2025-10-02 16:32:12,651 - INFO -   VMS: 8.52 GB
2025-10-02 16:32:12,672 - INFO -   % of System: 0.5%
2025-10-02 16:32:12,677 - INFO - System Memory:
2025-10-02 16:32:12,682 - INFO -   Total Used: 18.9%
2025-10-02 16:32:12,685 - INFO -   Available: 693.20 GB
2025-10-02 16:32:12,685 - INFO -   Cached: 78.63 GB
2025-10-02 16:32:12,888 - INFO - POST http://localhost:9200/_bulk [status:200 request:3.715s]
2025-10-02 16:32:13,690 - INFO - CPU:
2025-10-02 16:32:13,690 - INFO -   Process usage: 102.5%
2025-10-02 16:32:13,691 - INFO -   Threads: 38
2025-10-02 16:32:13,696 - INFO -   Allocated cores: 288 (IDs: [0, 1, 2, 3, 4]...)
2025-10-02 16:32:13,717 - INFO - Process I/O:
2025-10-02 16:32:13,722 - INFO -   Read: 0.00 GB
2025-10-02 16:32:13,727 - INFO -   Write: 0.01 GB
2025-10-02 16:32:13,733 - INFO - ==================================================
2025-10-02 16:32:13,830 - INFO - Progress: 7,310,000 indexed, 0 failed, Rate: 11384.1 docs/sec, Queue: 80, Elapsed: 642.1s
2025-10-02 16:32:13,836 - INFO - Progress: 7,320,000 indexed, 0 failed, Rate: 11399.5 docs/sec, Queue: 80, Elapsed: 642.1s
2025-10-02 16:32:14,674 - INFO - POST http://localhost:9200/_bulk [status:200 request:3.445s]
2025-10-02 16:32:14,995 - INFO - Progress: 7,330,000 indexed, 0 failed, Rate: 11394.5 docs/sec, Queue: 80, Elapsed: 643.3s
2025-10-02 16:32:15,100 - INFO - Overall progress: Parsed 7,460,000, Indexed 0, Queue: 80
2025-10-02 16:32:15,424 - INFO - Worker 0: Parsed 3,800,000 documents
2025-10-02 16:32:16,918 - INFO - POST http://localhost:9200/_bulk [status:200 request:4.038s]
2025-10-02 16:32:17,251 - INFO - Progress: 7,340,000 indexed, 0 failed, Rate: 11370.2 docs/sec, Queue: 80, Elapsed: 645.5s
2025-10-02 16:32:17,260 - INFO - Progress: 7,350,000 indexed, 0 failed, Rate: 11385.5 docs/sec, Queue: 80, Elapsed: 645.6s
2025-10-02 16:32:18,171 - INFO - POST http://localhost:9200/_bulk [status:200 request:3.671s]
2025-10-02 16:32:18,507 - INFO - Progress: 7,360,000 indexed, 0 failed, Rate: 11379.0 docs/sec, Queue: 80, Elapsed: 646.8s
2025-10-02 16:32:18,515 - INFO - Progress: 7,370,000 indexed, 0 failed, Rate: 11394.3 docs/sec, Queue: 80, Elapsed: 646.8s
2025-10-02 16:32:20,594 - INFO - Worker 1: Parsed 3,700,000 documents
2025-10-02 16:32:20,962 - INFO - POST http://localhost:9200/_bulk [status:200 request:4.957s]
2025-10-02 16:32:21,284 - INFO - Progress: 7,380,000 indexed, 0 failed, Rate: 11361.2 docs/sec, Queue: 80, Elapsed: 649.6s
2025-10-02 16:32:21,293 - INFO - Progress: 7,390,000 indexed, 0 failed, Rate: 11376.4 docs/sec, Queue: 80, Elapsed: 649.6s
2025-10-02 16:32:23,133 - INFO - POST http://localhost:9200/_bulk [status:200 request:3.992s]
2025-10-02 16:32:23,661 - INFO - Worker 0: Parsed 3,850,000 documents
2025-10-02 16:32:23,764 - INFO - POST http://localhost:9200/_bulk [status:200 request:6.194s]
2025-10-02 16:32:24,133 - INFO - Progress: 7,400,000 indexed, 0 failed, Rate: 11342.2 docs/sec, Queue: 80, Elapsed: 652.4s
2025-10-02 16:32:24,176 - INFO - === METRICS ES CONSUMER AT 7400000 DOCS ===
2025-10-02 16:32:24,177 - INFO - Process Memory:
2025-10-02 16:32:24,177 - INFO -   RSS: 5.11 GB
2025-10-02 16:32:24,177 - INFO -   VMS: 9.00 GB
2025-10-02 16:32:24,177 - INFO -   % of System: 0.6%
2025-10-02 16:32:24,177 - INFO - System Memory:
2025-10-02 16:32:24,177 - INFO -   Total Used: 19.0%
2025-10-02 16:32:24,177 - INFO -   Available: 692.08 GB
2025-10-02 16:32:24,177 - INFO -   Cached: 79.89 GB
2025-10-02 16:32:24,261 - INFO - POST http://localhost:9200/_bulk [status:200 request:3.938s]
2025-10-02 16:32:25,190 - INFO - Overall progress: Parsed 7,577,000, Indexed 0, Queue: 80
2025-10-02 16:32:25,191 - INFO - CPU:
2025-10-02 16:32:25,406 - INFO -   Process usage: 100.6%
2025-10-02 16:32:25,411 - INFO -   Threads: 38
2025-10-02 16:32:25,416 - INFO -   Allocated cores: 288 (IDs: [0, 1, 2, 3, 4]...)
2025-10-02 16:32:25,437 - INFO - Process I/O:
2025-10-02 16:32:25,437 - INFO -   Read: 0.00 GB
2025-10-02 16:32:25,437 - INFO -   Write: 0.01 GB
2025-10-02 16:32:25,437 - INFO - ==================================================
2025-10-02 16:32:25,543 - INFO - Progress: 7,410,000 indexed, 0 failed, Rate: 11333.1 docs/sec, Queue: 80, Elapsed: 653.8s
2025-10-02 16:32:25,546 - INFO - Progress: 7,420,000 indexed, 0 failed, Rate: 11348.3 docs/sec, Queue: 80, Elapsed: 653.8s
2025-10-02 16:32:25,571 - INFO - Progress: 7,430,000 indexed, 0 failed, Rate: 11363.2 docs/sec, Queue: 80, Elapsed: 653.9s
2025-10-02 16:32:25,586 - INFO - Progress: 7,440,000 indexed, 0 failed, Rate: 11378.2 docs/sec, Queue: 80, Elapsed: 653.9s
2025-10-02 16:32:25,729 - INFO - POST http://localhost:9200/_bulk [status:200 request:3.887s]
2025-10-02 16:32:26,043 - INFO - Progress: 7,450,000 indexed, 0 failed, Rate: 11385.5 docs/sec, Queue: 80, Elapsed: 654.3s
2025-10-02 16:32:26,052 - INFO - Progress: 7,460,000 indexed, 0 failed, Rate: 11400.6 docs/sec, Queue: 80, Elapsed: 654.3s
2025-10-02 16:32:27,156 - INFO - POST http://localhost:9200/_bulk [status:200 request:4.045s]
2025-10-02 16:32:27,489 - INFO - Progress: 7,470,000 indexed, 0 failed, Rate: 11390.9 docs/sec, Queue: 80, Elapsed: 655.8s
2025-10-02 16:32:27,498 - INFO - Progress: 7,480,000 indexed, 0 failed, Rate: 11406.0 docs/sec, Queue: 80, Elapsed: 655.8s
2025-10-02 16:32:29,797 - INFO - Worker 1: Parsed 3,750,000 documents
2025-10-02 16:32:32,253 - INFO - Worker 0: Parsed 3,900,000 documents
2025-10-02 16:32:32,377 - INFO - POST http://localhost:9200/_bulk [status:200 request:3.723s]
2025-10-02 16:32:34,545 - INFO - POST http://localhost:9200/_bulk [status:200 request:4.779s]
2025-10-02 16:32:35,064 - INFO - POST http://localhost:9200/_bulk [status:200 request:9.617s]
2025-10-02 16:32:35,302 - INFO - POST http://localhost:9200/_bulk [status:200 request:4.329s]
2025-10-02 16:32:35,683 - INFO - Overall progress: Parsed 7,700,000, Indexed 0, Queue: 80
2025-10-02 16:32:35,717 - INFO - Progress: 7,490,000 indexed, 0 failed, Rate: 11279.9 docs/sec, Queue: 80, Elapsed: 664.0s
2025-10-02 16:32:35,792 - INFO - POST http://localhost:9200/_bulk [status:200 request:8.652s]
2025-10-02 16:32:36,225 - INFO - Progress: 7,500,000 indexed, 0 failed, Rate: 11286.3 docs/sec, Queue: 80, Elapsed: 664.5s
2025-10-02 16:32:36,274 - INFO - === METRICS ES CONSUMER AT 7500000 DOCS ===
2025-10-02 16:32:36,319 - INFO - Process Memory:
2025-10-02 16:32:36,405 - INFO -   RSS: 4.72 GB
2025-10-02 16:32:36,410 - INFO -   VMS: 8.61 GB
2025-10-02 16:32:36,413 - INFO -   % of System: 0.6%
2025-10-02 16:32:36,413 - INFO - System Memory:
2025-10-02 16:32:36,413 - INFO -   Total Used: 19.0%
2025-10-02 16:32:36,413 - INFO -   Available: 691.71 GB
2025-10-02 16:32:36,413 - INFO -   Cached: 81.70 GB
2025-10-02 16:32:37,439 - INFO - CPU:
2025-10-02 16:32:37,439 - INFO -   Process usage: 97.4%
2025-10-02 16:32:37,439 - INFO -   Threads: 38
2025-10-02 16:32:37,439 - INFO -   Allocated cores: 288 (IDs: [0, 1, 2, 3, 4]...)
2025-10-02 16:32:37,439 - INFO - Process I/O:
2025-10-02 16:32:37,439 - INFO -   Read: 0.00 GB
2025-10-02 16:32:37,439 - INFO -   Write: 0.01 GB
2025-10-02 16:32:37,439 - INFO - ==================================================
2025-10-02 16:32:37,531 - INFO - Progress: 7,510,000 indexed, 0 failed, Rate: 11279.2 docs/sec, Queue: 80, Elapsed: 665.8s
2025-10-02 16:32:37,557 - INFO - Progress: 7,520,000 indexed, 0 failed, Rate: 11293.8 docs/sec, Queue: 80, Elapsed: 665.9s
2025-10-02 16:32:37,566 - INFO - Progress: 7,530,000 indexed, 0 failed, Rate: 11308.6 docs/sec, Queue: 80, Elapsed: 665.9s
2025-10-02 16:32:37,593 - INFO - Progress: 7,540,000 indexed, 0 failed, Rate: 11323.2 docs/sec, Queue: 80, Elapsed: 665.9s
2025-10-02 16:32:37,623 - INFO - Progress: 7,550,000 indexed, 0 failed, Rate: 11337.7 docs/sec, Queue: 80, Elapsed: 665.9s
2025-10-02 16:32:37,632 - INFO - Progress: 7,560,000 indexed, 0 failed, Rate: 11352.6 docs/sec, Queue: 80, Elapsed: 665.9s
2025-10-02 16:32:38,426 - INFO - Worker 1: Parsed 3,800,000 documents
2025-10-02 16:32:40,070 - INFO - POST http://localhost:9200/_bulk [status:200 request:7.851s]
2025-10-02 16:32:40,382 - INFO - Progress: 7,570,000 indexed, 0 failed, Rate: 11320.8 docs/sec, Queue: 80, Elapsed: 668.7s
2025-10-02 16:32:40,390 - INFO - Progress: 7,580,000 indexed, 0 failed, Rate: 11335.7 docs/sec, Queue: 80, Elapsed: 668.7s
2025-10-02 16:32:40,865 - INFO - POST http://localhost:9200/_bulk [status:200 request:4.409s]
2025-10-02 16:32:41,547 - INFO - Worker 0: Parsed 3,950,000 documents
2025-10-02 16:32:41,995 - INFO - POST http://localhost:9200/_bulk [status:200 request:8.224s]
2025-10-02 16:32:42,334 - INFO - Progress: 7,590,000 indexed, 0 failed, Rate: 11317.7 docs/sec, Queue: 80, Elapsed: 670.6s
2025-10-02 16:32:42,343 - INFO - Progress: 7,600,000 indexed, 0 failed, Rate: 11332.5 docs/sec, Queue: 80, Elapsed: 670.6s
2025-10-02 16:32:42,378 - INFO - === METRICS ES CONSUMER AT 7600000 DOCS ===
2025-10-02 16:32:42,378 - INFO - Process Memory:
2025-10-02 16:32:42,378 - INFO -   RSS: 5.68 GB
2025-10-02 16:32:42,379 - INFO -   VMS: 9.57 GB
2025-10-02 16:32:42,379 - INFO -   % of System: 0.7%
2025-10-02 16:32:42,379 - INFO - System Memory:
2025-10-02 16:32:42,379 - INFO -   Total Used: 19.2%
2025-10-02 16:32:42,379 - INFO -   Available: 690.63 GB
2025-10-02 16:32:42,379 - INFO -   Cached: 82.34 GB
2025-10-02 16:32:43,429 - INFO - CPU:
2025-10-02 16:32:43,430 - INFO -   Process usage: 94.2%
2025-10-02 16:32:43,430 - INFO -   Threads: 38
2025-10-02 16:32:43,430 - INFO -   Allocated cores: 288 (IDs: [0, 1, 2, 3, 4]...)
2025-10-02 16:32:43,430 - INFO - Process I/O:
2025-10-02 16:32:43,430 - INFO -   Read: 0.00 GB
2025-10-02 16:32:43,430 - INFO -   Write: 0.01 GB
2025-10-02 16:32:43,430 - INFO - ==================================================
2025-10-02 16:32:43,530 - INFO - Progress: 7,610,000 indexed, 0 failed, Rate: 11327.3 docs/sec, Queue: 80, Elapsed: 671.8s
2025-10-02 16:32:43,534 - INFO - Progress: 7,620,000 indexed, 0 failed, Rate: 11342.1 docs/sec, Queue: 80, Elapsed: 671.8s
2025-10-02 16:32:43,870 - INFO - POST http://localhost:9200/_bulk [status:200 request:6.050s]
2025-10-02 16:32:44,143 - INFO - Progress: 7,630,000 indexed, 0 failed, Rate: 11346.7 docs/sec, Queue: 80, Elapsed: 672.4s
2025-10-02 16:32:44,407 - INFO - POST http://localhost:9200/_bulk [status:200 request:4.387s]
2025-10-02 16:32:44,819 - INFO - POST http://localhost:9200/_bulk [status:200 request:5.912s]
2025-10-02 16:32:45,186 - INFO - Progress: 7,640,000 indexed, 0 failed, Rate: 11344.0 docs/sec, Queue: 80, Elapsed: 673.5s
2025-10-02 16:32:45,189 - INFO - Progress: 7,650,000 indexed, 0 failed, Rate: 11358.8 docs/sec, Queue: 80, Elapsed: 673.5s
2025-10-02 16:32:45,252 - INFO - Progress: 7,660,000 indexed, 0 failed, Rate: 11372.6 docs/sec, Queue: 80, Elapsed: 673.5s
2025-10-02 16:32:45,256 - INFO - Progress: 7,670,000 indexed, 0 failed, Rate: 11387.4 docs/sec, Queue: 80, Elapsed: 673.6s
2025-10-02 16:32:45,359 - INFO - POST http://localhost:9200/_bulk [status:200 request:3.581s]
2025-10-02 16:32:45,724 - INFO - Progress: 7,680,000 indexed, 0 failed, Rate: 11394.3 docs/sec, Queue: 80, Elapsed: 674.0s
2025-10-02 16:32:45,729 - INFO - Overall progress: Parsed 7,802,000, Indexed 0, Queue: 80
2025-10-02 16:32:47,578 - INFO - Worker 1: Parsed 3,850,000 documents
2025-10-02 16:32:48,242 - INFO - POST http://localhost:9200/_bulk [status:200 request:4.799s]
2025-10-02 16:32:48,569 - INFO - Progress: 7,690,000 indexed, 0 failed, Rate: 11361.2 docs/sec, Queue: 80, Elapsed: 676.9s
2025-10-02 16:32:48,578 - INFO - Progress: 7,700,000 indexed, 0 failed, Rate: 11375.8 docs/sec, Queue: 80, Elapsed: 676.9s
2025-10-02 16:32:48,615 - INFO - === METRICS ES CONSUMER AT 7700000 DOCS ===
2025-10-02 16:32:48,619 - INFO - Process Memory:
2025-10-02 16:32:48,619 - INFO -   RSS: 4.68 GB
2025-10-02 16:32:48,619 - INFO -   VMS: 8.57 GB
2025-10-02 16:32:48,619 - INFO -   % of System: 0.5%
2025-10-02 16:32:48,620 - INFO - System Memory:
2025-10-02 16:32:48,620 - INFO -   Total Used: 19.0%
2025-10-02 16:32:48,620 - INFO -   Available: 691.77 GB
2025-10-02 16:32:48,620 - INFO -   Cached: 81.47 GB
2025-10-02 16:32:49,653 - INFO - CPU:
2025-10-02 16:32:49,653 - INFO -   Process usage: 101.8%
2025-10-02 16:32:49,653 - INFO -   Threads: 38
2025-10-02 16:32:49,653 - INFO -   Allocated cores: 288 (IDs: [0, 1, 2, 3, 4]...)
2025-10-02 16:32:49,653 - INFO - Process I/O:
2025-10-02 16:32:49,654 - INFO -   Read: 0.00 GB
2025-10-02 16:32:49,654 - INFO -   Write: 0.01 GB
2025-10-02 16:32:49,654 - INFO - ==================================================
2025-10-02 16:32:50,730 - INFO - Worker 0: Parsed 4,000,000 documents
2025-10-02 16:32:51,130 - INFO - POST http://localhost:9200/_bulk [status:200 request:3.740s]
2025-10-02 16:32:52,187 - INFO - POST http://localhost:9200/_bulk [status:200 request:6.032s]
2025-10-02 16:32:52,556 - INFO - Progress: 7,710,000 indexed, 0 failed, Rate: 11324.0 docs/sec, Queue: 80, Elapsed: 680.9s
2025-10-02 16:32:52,564 - INFO - Progress: 7,720,000 indexed, 0 failed, Rate: 11338.6 docs/sec, Queue: 80, Elapsed: 680.9s
2025-10-02 16:32:52,594 - INFO - Progress: 7,730,000 indexed, 0 failed, Rate: 11352.8 docs/sec, Queue: 80, Elapsed: 680.9s
2025-10-02 16:32:52,603 - INFO - Progress: 7,740,000 indexed, 0 failed, Rate: 11367.3 docs/sec, Queue: 80, Elapsed: 680.9s
2025-10-02 16:32:54,487 - INFO - POST http://localhost:9200/_bulk [status:200 request:5.531s]
2025-10-02 16:32:54,858 - INFO - Progress: 7,750,000 indexed, 0 failed, Rate: 11344.4 docs/sec, Queue: 80, Elapsed: 683.2s
2025-10-02 16:32:54,866 - INFO - Progress: 7,760,000 indexed, 0 failed, Rate: 11358.9 docs/sec, Queue: 80, Elapsed: 683.2s
2025-10-02 16:32:55,371 - INFO - POST http://localhost:9200/_bulk [status:200 request:5.224s]
2025-10-02 16:32:55,680 - INFO - POST http://localhost:9200/_bulk [status:200 request:4.061s]
2025-10-02 16:32:55,909 - INFO - Progress: 7,770,000 indexed, 0 failed, Rate: 11356.2 docs/sec, Queue: 80, Elapsed: 684.2s
2025-10-02 16:32:55,909 - INFO - Overall progress: Parsed 7,921,000, Indexed 0, Queue: 80
2025-10-02 16:32:56,121 - INFO - Progress: 7,780,000 indexed, 0 failed, Rate: 11367.3 docs/sec, Queue: 80, Elapsed: 684.4s
2025-10-02 16:32:56,130 - INFO - Progress: 7,790,000 indexed, 0 failed, Rate: 11381.8 docs/sec, Queue: 80, Elapsed: 684.4s
2025-10-02 16:32:56,356 - INFO - Worker 1: Parsed 3,900,000 documents
2025-10-02 16:32:59,385 - INFO - POST http://localhost:9200/_bulk [status:200 request:4.935s]
2025-10-02 16:32:59,819 - INFO - Worker 0: Parsed 4,050,000 documents
2025-10-02 16:33:00,564 - INFO - POST http://localhost:9200/_bulk [status:200 request:3.768s]
2025-10-02 16:33:00,768 - INFO - POST http://localhost:9200/_bulk [status:200 request:7.540s]
2025-10-02 16:33:01,427 - INFO - Progress: 7,800,000 indexed, 0 failed, Rate: 11308.9 docs/sec, Queue: 80, Elapsed: 689.7s
2025-10-02 16:33:01,442 - INFO - === METRICS ES CONSUMER AT 7800000 DOCS ===
2025-10-02 16:33:01,443 - INFO - Process Memory:
2025-10-02 16:33:01,443 - INFO -   RSS: 5.16 GB
2025-10-02 16:33:01,443 - INFO -   VMS: 9.05 GB
2025-10-02 16:33:01,443 - INFO -   % of System: 0.6%
2025-10-02 16:33:01,443 - INFO - System Memory:
2025-10-02 16:33:01,443 - INFO -   Total Used: 19.1%
2025-10-02 16:33:01,452 - INFO -   Available: 691.60 GB
2025-10-02 16:33:01,458 - INFO -   Cached: 83.71 GB
2025-10-02 16:33:02,605 - INFO - CPU:
2025-10-02 16:33:02,610 - INFO -   Process usage: 107.2%
2025-10-02 16:33:02,615 - INFO -   Threads: 38
2025-10-02 16:33:02,615 - INFO -   Allocated cores: 288 (IDs: [0, 1, 2, 3, 4]...)
2025-10-02 16:33:02,616 - INFO - Process I/O:
2025-10-02 16:33:02,616 - INFO -   Read: 0.00 GB
2025-10-02 16:33:02,616 - INFO -   Write: 0.01 GB
2025-10-02 16:33:02,616 - INFO - ==================================================
2025-10-02 16:33:02,714 - INFO - Progress: 7,810,000 indexed, 0 failed, Rate: 11302.3 docs/sec, Queue: 80, Elapsed: 691.0s
2025-10-02 16:33:02,757 - INFO - Progress: 7,820,000 indexed, 0 failed, Rate: 11316.0 docs/sec, Queue: 80, Elapsed: 691.1s
2025-10-02 16:33:02,766 - INFO - Progress: 7,830,000 indexed, 0 failed, Rate: 11330.4 docs/sec, Queue: 80, Elapsed: 691.1s
2025-10-02 16:33:02,800 - INFO - Progress: 7,840,000 indexed, 0 failed, Rate: 11344.3 docs/sec, Queue: 80, Elapsed: 691.1s
2025-10-02 16:33:04,345 - INFO - POST http://localhost:9200/_bulk [status:200 request:6.403s]
2025-10-02 16:33:04,704 - INFO - Progress: 7,850,000 indexed, 0 failed, Rate: 11327.6 docs/sec, Queue: 80, Elapsed: 693.0s
2025-10-02 16:33:04,707 - INFO - Progress: 7,860,000 indexed, 0 failed, Rate: 11341.9 docs/sec, Queue: 80, Elapsed: 693.0s
2025-10-02 16:33:04,718 - INFO - Worker 1: Parsed 3,950,000 documents
2025-10-02 16:33:05,010 - INFO - POST http://localhost:9200/_bulk [status:200 request:3.720s]
2025-10-02 16:33:06,047 - INFO - Overall progress: Parsed 8,038,000, Indexed 0, Queue: 78
2025-10-02 16:33:06,948 - INFO - POST http://localhost:9200/_bulk [status:200 request:7.838s]
2025-10-02 16:33:07,341 - INFO - POST http://localhost:9200/_bulk [status:200 request:4.712s]
2025-10-02 16:33:07,500 - INFO - Progress: 7,870,000 indexed, 0 failed, Rate: 11310.8 docs/sec, Queue: 80, Elapsed: 695.8s
2025-10-02 16:33:07,508 - INFO - Progress: 7,880,000 indexed, 0 failed, Rate: 11325.0 docs/sec, Queue: 80, Elapsed: 695.8s
2025-10-02 16:33:07,538 - INFO - Progress: 7,890,000 indexed, 0 failed, Rate: 11338.9 docs/sec, Queue: 80, Elapsed: 695.8s
2025-10-02 16:33:07,625 - INFO - Progress: 7,900,000 indexed, 0 failed, Rate: 11351.9 docs/sec, Queue: 80, Elapsed: 695.9s
2025-10-02 16:33:07,744 - INFO - === METRICS ES CONSUMER AT 7900000 DOCS ===
2025-10-02 16:33:07,749 - INFO - Process Memory:
2025-10-02 16:33:07,755 - INFO -   RSS: 5.16 GB
2025-10-02 16:33:07,760 - INFO -   VMS: 9.05 GB
2025-10-02 16:33:07,775 - INFO -   % of System: 0.6%
2025-10-02 16:33:07,780 - INFO - System Memory:
2025-10-02 16:33:07,786 - INFO -   Total Used: 19.0%
2025-10-02 16:33:07,787 - INFO -   Available: 691.72 GB
2025-10-02 16:33:07,787 - INFO -   Cached: 84.31 GB
2025-10-02 16:33:07,889 - INFO - POST http://localhost:9200/_bulk [status:200 request:3.939s]
2025-10-02 16:33:08,791 - INFO - CPU:
2025-10-02 16:33:08,791 - INFO -   Process usage: 99.6%
2025-10-02 16:33:08,791 - INFO -   Threads: 38
2025-10-02 16:33:08,791 - INFO -   Allocated cores: 288 (IDs: [0, 1, 2, 3, 4]...)
2025-10-02 16:33:08,791 - INFO - Process I/O:
2025-10-02 16:33:08,791 - INFO -   Read: 0.00 GB
2025-10-02 16:33:08,792 - INFO -   Write: 0.01 GB
2025-10-02 16:33:08,792 - INFO - ==================================================
2025-10-02 16:33:08,906 - INFO - Progress: 7,910,000 indexed, 0 failed, Rate: 11345.3 docs/sec, Queue: 80, Elapsed: 697.2s
2025-10-02 16:33:08,934 - INFO - Progress: 7,920,000 indexed, 0 failed, Rate: 11359.2 docs/sec, Queue: 80, Elapsed: 697.2s
2025-10-02 16:33:08,938 - INFO - Progress: 7,930,000 indexed, 0 failed, Rate: 11373.5 docs/sec, Queue: 80, Elapsed: 697.2s
2025-10-02 16:33:09,446 - INFO - POST http://localhost:9200/_bulk [status:200 request:3.642s]
2025-10-02 16:33:09,697 - INFO - Progress: 7,940,000 indexed, 0 failed, Rate: 11375.5 docs/sec, Queue: 80, Elapsed: 698.0s
2025-10-02 16:33:09,705 - INFO - Progress: 7,950,000 indexed, 0 failed, Rate: 11389.7 docs/sec, Queue: 80, Elapsed: 698.0s
2025-10-02 16:33:09,817 - INFO - Worker 0: Parsed 4,100,000 documents
2025-10-02 16:33:10,670 - INFO - POST http://localhost:9200/_bulk [status:200 request:3.719s]
2025-10-02 16:33:10,981 - INFO - Progress: 7,960,000 indexed, 0 failed, Rate: 11383.2 docs/sec, Queue: 80, Elapsed: 699.3s
2025-10-02 16:33:10,989 - INFO - Progress: 7,970,000 indexed, 0 failed, Rate: 11397.3 docs/sec, Queue: 80, Elapsed: 699.3s
2025-10-02 16:33:13,595 - INFO - POST http://localhost:9200/_bulk [status:200 request:4.160s]
2025-10-02 16:33:13,967 - INFO - Progress: 7,980,000 indexed, 0 failed, Rate: 11363.2 docs/sec, Queue: 80, Elapsed: 702.3s
2025-10-02 16:33:14,172 - INFO - Worker 1: Parsed 4,000,000 documents
2025-10-02 16:33:14,765 - INFO - POST http://localhost:9200/_bulk [status:200 request:3.479s]
2025-10-02 16:33:15,087 - INFO - Progress: 7,990,000 indexed, 0 failed, Rate: 11359.4 docs/sec, Queue: 80, Elapsed: 703.4s
2025-10-02 16:33:15,096 - INFO - Progress: 8,000,000 indexed, 0 failed, Rate: 11373.4 docs/sec, Queue: 80, Elapsed: 703.4s
2025-10-02 16:33:15,150 - INFO - === METRICS ES CONSUMER AT 8000000 DOCS ===
2025-10-02 16:33:15,155 - INFO - Process Memory:
2025-10-02 16:33:15,155 - INFO -   RSS: 4.68 GB
2025-10-02 16:33:15,155 - INFO -   VMS: 8.57 GB
2025-10-02 16:33:15,155 - INFO -   % of System: 0.5%
2025-10-02 16:33:15,155 - INFO - System Memory:
2025-10-02 16:33:15,156 - INFO -   Total Used: 19.0%
2025-10-02 16:33:15,156 - INFO -   Available: 692.02 GB
2025-10-02 16:33:15,156 - INFO -   Cached: 86.00 GB
2025-10-02 16:33:16,104 - INFO - Overall progress: Parsed 8,147,000, Indexed 0, Queue: 80
2025-10-02 16:33:16,105 - INFO - POST http://localhost:9200/_bulk [status:200 request:3.592s]
2025-10-02 16:33:16,354 - INFO - CPU:
2025-10-02 16:33:16,359 - INFO -   Process usage: 100.5%
2025-10-02 16:33:16,410 - INFO -   Threads: 38
2025-10-02 16:33:16,419 - INFO -   Allocated cores: 288 (IDs: [0, 1, 2, 3, 4]...)
2025-10-02 16:33:16,440 - INFO - Process I/O:
2025-10-02 16:33:16,445 - INFO -   Read: 0.00 GB
2025-10-02 16:33:16,450 - INFO -   Write: 0.01 GB
2025-10-02 16:33:16,455 - INFO - ==================================================
2025-10-02 16:33:16,553 - INFO - Progress: 8,010,000 indexed, 0 failed, Rate: 11364.1 docs/sec, Queue: 80, Elapsed: 704.8s
2025-10-02 16:33:16,556 - INFO - Progress: 8,020,000 indexed, 0 failed, Rate: 11378.3 docs/sec, Queue: 80, Elapsed: 704.9s
2025-10-02 16:33:17,946 - INFO - POST http://localhost:9200/_bulk [status:200 request:3.803s]
2025-10-02 16:33:18,298 - INFO - Progress: 8,030,000 indexed, 0 failed, Rate: 11364.4 docs/sec, Queue: 80, Elapsed: 706.6s
2025-10-02 16:33:18,306 - INFO - Progress: 8,040,000 indexed, 0 failed, Rate: 11378.4 docs/sec, Queue: 80, Elapsed: 706.6s
2025-10-02 16:33:18,437 - INFO - Worker 0: Parsed 4,150,000 documents
2025-10-02 16:33:19,519 - INFO - POST http://localhost:9200/_bulk [status:200 request:3.796s]
2025-10-02 16:33:19,878 - INFO - Progress: 8,050,000 indexed, 0 failed, Rate: 11367.2 docs/sec, Queue: 80, Elapsed: 708.2s
2025-10-02 16:33:19,887 - INFO - Progress: 8,060,000 indexed, 0 failed, Rate: 11381.2 docs/sec, Queue: 80, Elapsed: 708.2s
2025-10-02 16:33:21,051 - INFO - POST http://localhost:9200/_bulk [status:200 request:3.787s]
2025-10-02 16:33:21,365 - INFO - Progress: 8,070,000 indexed, 0 failed, Rate: 11371.6 docs/sec, Queue: 80, Elapsed: 709.7s
2025-10-02 16:33:22,615 - INFO - Worker 1: Parsed 4,050,000 documents
2025-10-02 16:33:22,829 - INFO - POST http://localhost:9200/_bulk [status:200 request:4.054s]
2025-10-02 16:33:23,144 - INFO - Progress: 8,080,000 indexed, 0 failed, Rate: 11357.2 docs/sec, Queue: 80, Elapsed: 711.4s
2025-10-02 16:33:23,152 - INFO - Progress: 8,090,000 indexed, 0 failed, Rate: 11371.2 docs/sec, Queue: 80, Elapsed: 711.4s
2025-10-02 16:33:26,130 - INFO - Overall progress: Parsed 8,270,000, Indexed 0, Queue: 80
2025-10-02 16:33:26,347 - INFO - Worker 0: Parsed 4,200,000 documents
2025-10-02 16:33:28,441 - INFO - POST http://localhost:9200/_bulk [status:200 request:8.075s]
2025-10-02 16:33:28,821 - INFO - Progress: 8,100,000 indexed, 0 failed, Rate: 11295.2 docs/sec, Queue: 80, Elapsed: 717.1s
2025-10-02 16:33:28,854 - INFO - === METRICS ES CONSUMER AT 8100000 DOCS ===
2025-10-02 16:33:28,854 - INFO - Process Memory:
2025-10-02 16:33:28,854 - INFO -   RSS: 6.61 GB
2025-10-02 16:33:28,854 - INFO -   VMS: 10.50 GB
2025-10-02 16:33:28,855 - INFO -   % of System: 0.8%
2025-10-02 16:33:28,855 - INFO - System Memory:
2025-10-02 16:33:28,855 - INFO -   Total Used: 19.2%
2025-10-02 16:33:28,855 - INFO -   Available: 690.37 GB
2025-10-02 16:33:28,855 - INFO -   Cached: 89.08 GB
2025-10-02 16:33:29,235 - INFO - POST http://localhost:9200/_bulk [status:200 request:4.650s]
2025-10-02 16:33:29,431 - INFO - POST http://localhost:9200/_bulk [status:200 request:7.361s]
2025-10-02 16:33:29,905 - INFO - CPU:
2025-10-02 16:33:29,905 - INFO -   Process usage: 98.2%
2025-10-02 16:33:29,905 - INFO -   Threads: 38
2025-10-02 16:33:29,905 - INFO -   Allocated cores: 288 (IDs: [0, 1, 2, 3, 4]...)
2025-10-02 16:33:29,905 - INFO - Process I/O:
2025-10-02 16:33:29,912 - INFO -   Read: 0.00 GB
2025-10-02 16:33:29,917 - INFO -   Write: 0.01 GB
2025-10-02 16:33:29,922 - INFO - ==================================================
2025-10-02 16:33:30,030 - INFO - Progress: 8,110,000 indexed, 0 failed, Rate: 11290.1 docs/sec, Queue: 80, Elapsed: 718.3s
2025-10-02 16:33:30,058 - INFO - Progress: 8,120,000 indexed, 0 failed, Rate: 11303.6 docs/sec, Queue: 80, Elapsed: 718.4s
2025-10-02 16:33:30,068 - INFO - Progress: 8,130,000 indexed, 0 failed, Rate: 11317.4 docs/sec, Queue: 80, Elapsed: 718.4s
2025-10-02 16:33:30,119 - INFO - POST http://localhost:9200/_bulk [status:200 request:4.310s]
2025-10-02 16:33:31,378 - INFO - Worker 1: Parsed 4,100,000 documents
2025-10-02 16:33:31,527 - INFO - POST http://localhost:9200/_bulk [status:200 request:8.124s]
2025-10-02 16:33:31,847 - INFO - Progress: 8,140,000 indexed, 0 failed, Rate: 11303.3 docs/sec, Queue: 80, Elapsed: 720.1s
2025-10-02 16:33:31,881 - INFO - Progress: 8,150,000 indexed, 0 failed, Rate: 11316.7 docs/sec, Queue: 80, Elapsed: 720.2s
2025-10-02 16:33:31,889 - INFO - Progress: 8,160,000 indexed, 0 failed, Rate: 11330.4 docs/sec, Queue: 80, Elapsed: 720.2s
2025-10-02 16:33:31,923 - INFO - Progress: 8,170,000 indexed, 0 failed, Rate: 11343.8 docs/sec, Queue: 80, Elapsed: 720.2s
2025-10-02 16:33:31,929 - INFO - Progress: 8,180,000 indexed, 0 failed, Rate: 11357.6 docs/sec, Queue: 80, Elapsed: 720.2s
2025-10-02 16:33:34,054 - INFO - POST http://localhost:9200/_bulk [status:200 request:7.021s]
2025-10-02 16:33:34,416 - INFO - Progress: 8,190,000 indexed, 0 failed, Rate: 11332.3 docs/sec, Queue: 80, Elapsed: 722.7s
2025-10-02 16:33:34,423 - INFO - Progress: 8,200,000 indexed, 0 failed, Rate: 11346.0 docs/sec, Queue: 80, Elapsed: 722.7s
2025-10-02 16:33:34,435 - INFO - === METRICS ES CONSUMER AT 8200000 DOCS ===
2025-10-02 16:33:34,441 - INFO - Process Memory:
2025-10-02 16:33:34,446 - INFO -   RSS: 5.64 GB
2025-10-02 16:33:34,451 - INFO -   VMS: 9.52 GB
2025-10-02 16:33:34,471 - INFO -   % of System: 0.7%
2025-10-02 16:33:34,477 - INFO - System Memory:
2025-10-02 16:33:34,479 - INFO -   Total Used: 19.1%
2025-10-02 16:33:34,479 - INFO -   Available: 690.85 GB
2025-10-02 16:33:34,479 - INFO -   Cached: 89.44 GB
2025-10-02 16:33:35,153 - INFO - POST http://localhost:9200/_bulk [status:200 request:4.263s]
2025-10-02 16:33:35,557 - INFO - CPU:
2025-10-02 16:33:35,562 - INFO -   Process usage: 100.8%
2025-10-02 16:33:35,567 - INFO -   Threads: 38
2025-10-02 16:33:35,567 - INFO -   Allocated cores: 288 (IDs: [0, 1, 2, 3, 4]...)
2025-10-02 16:33:35,567 - INFO - Process I/O:
2025-10-02 16:33:35,567 - INFO -   Read: 0.00 GB
2025-10-02 16:33:35,567 - INFO -   Write: 0.01 GB
2025-10-02 16:33:35,567 - INFO - ==================================================
2025-10-02 16:33:35,698 - INFO - POST http://localhost:9200/_bulk [status:200 request:7.427s]
2025-10-02 16:33:35,997 - INFO - Progress: 8,210,000 indexed, 0 failed, Rate: 11335.2 docs/sec, Queue: 80, Elapsed: 724.3s
2025-10-02 16:33:36,018 - INFO - Progress: 8,220,000 indexed, 0 failed, Rate: 11348.7 docs/sec, Queue: 80, Elapsed: 724.3s
2025-10-02 16:33:36,022 - INFO - Progress: 8,230,000 indexed, 0 failed, Rate: 11362.4 docs/sec, Queue: 80, Elapsed: 724.3s
2025-10-02 16:33:36,146 - INFO - Overall progress: Parsed 8,373,000, Indexed 0, Queue: 80
2025-10-02 16:33:36,275 - INFO - Worker 0: Parsed 4,250,000 documents
2025-10-02 16:33:37,241 - INFO - POST http://localhost:9200/_bulk [status:200 request:4.703s]
2025-10-02 16:33:37,604 - INFO - Progress: 8,240,000 indexed, 0 failed, Rate: 11351.4 docs/sec, Queue: 80, Elapsed: 725.9s
2025-10-02 16:33:37,613 - INFO - Progress: 8,250,000 indexed, 0 failed, Rate: 11365.1 docs/sec, Queue: 80, Elapsed: 725.9s
2025-10-02 16:33:37,665 - INFO - POST http://localhost:9200/_bulk [status:200 request:3.895s]
2025-10-02 16:33:38,007 - INFO - Progress: 8,260,000 indexed, 0 failed, Rate: 11372.7 docs/sec, Queue: 80, Elapsed: 726.3s
2025-10-02 16:33:38,018 - INFO - Progress: 8,270,000 indexed, 0 failed, Rate: 11386.3 docs/sec, Queue: 80, Elapsed: 726.3s
2025-10-02 16:33:39,288 - INFO - POST http://localhost:9200/_bulk [status:200 request:3.795s]
2025-10-02 16:33:39,618 - INFO - Progress: 8,280,000 indexed, 0 failed, Rate: 11375.0 docs/sec, Queue: 80, Elapsed: 727.9s
2025-10-02 16:33:40,514 - INFO - Worker 1: Parsed 4,150,000 documents
2025-10-02 16:33:41,557 - INFO - POST http://localhost:9200/_bulk [status:200 request:4.318s]
2025-10-02 16:33:41,901 - INFO - Progress: 8,290,000 indexed, 0 failed, Rate: 11353.1 docs/sec, Queue: 80, Elapsed: 730.2s
2025-10-02 16:33:41,910 - INFO - Progress: 8,300,000 indexed, 0 failed, Rate: 11366.6 docs/sec, Queue: 80, Elapsed: 730.2s
2025-10-02 16:33:41,931 - INFO - === METRICS ES CONSUMER AT 8300000 DOCS ===
2025-10-02 16:33:41,931 - INFO - Process Memory:
2025-10-02 16:33:41,931 - INFO -   RSS: 4.67 GB
2025-10-02 16:33:41,931 - INFO -   VMS: 8.55 GB
2025-10-02 16:33:41,948 - INFO -   % of System: 0.5%
2025-10-02 16:33:41,953 - INFO - System Memory:
2025-10-02 16:33:41,959 - INFO -   Total Used: 19.0%
2025-10-02 16:33:41,964 - INFO -   Available: 691.90 GB
2025-10-02 16:33:41,969 - INFO -   Cached: 90.08 GB
2025-10-02 16:33:43,023 - INFO - CPU:
2025-10-02 16:33:43,028 - INFO -   Process usage: 94.0%
2025-10-02 16:33:43,033 - INFO -   Threads: 38
2025-10-02 16:33:43,038 - INFO -   Allocated cores: 288 (IDs: [0, 1, 2, 3, 4]...)
2025-10-02 16:33:43,047 - INFO - Process I/O:
2025-10-02 16:33:43,047 - INFO -   Read: 0.00 GB
2025-10-02 16:33:43,047 - INFO -   Write: 0.01 GB
2025-10-02 16:33:43,047 - INFO - ==================================================
2025-10-02 16:33:43,256 - INFO - POST http://localhost:9200/_bulk [status:200 request:4.047s]
2025-10-02 16:33:43,542 - INFO - Progress: 8,310,000 indexed, 0 failed, Rate: 11355.0 docs/sec, Queue: 80, Elapsed: 731.8s
2025-10-02 16:33:43,551 - INFO - Progress: 8,320,000 indexed, 0 failed, Rate: 11368.5 docs/sec, Queue: 80, Elapsed: 731.8s
2025-10-02 16:33:44,517 - INFO - POST http://localhost:9200/_bulk [status:200 request:3.772s]
2025-10-02 16:33:44,854 - INFO - Progress: 8,330,000 indexed, 0 failed, Rate: 11361.9 docs/sec, Queue: 80, Elapsed: 733.2s
2025-10-02 16:33:44,862 - INFO - Progress: 8,340,000 indexed, 0 failed, Rate: 11375.4 docs/sec, Queue: 80, Elapsed: 733.2s
2025-10-02 16:33:45,244 - INFO - Worker 0: Parsed 4,300,000 documents
2025-10-02 16:33:46,159 - INFO - POST http://localhost:9200/_bulk [status:200 request:3.844s]
2025-10-02 16:33:46,159 - INFO - Overall progress: Parsed 8,486,000, Indexed 0, Queue: 80
2025-10-02 16:33:46,510 - INFO - Progress: 8,350,000 indexed, 0 failed, Rate: 11363.5 docs/sec, Queue: 80, Elapsed: 734.8s
2025-10-02 16:33:46,519 - INFO - Progress: 8,360,000 indexed, 0 failed, Rate: 11377.0 docs/sec, Queue: 80, Elapsed: 734.8s
2025-10-02 16:33:47,585 - INFO - POST http://localhost:9200/_bulk [status:200 request:3.646s]
2025-10-02 16:33:47,917 - INFO - Progress: 8,370,000 indexed, 0 failed, Rate: 11369.0 docs/sec, Queue: 80, Elapsed: 736.2s
2025-10-02 16:33:49,212 - INFO - Worker 1: Parsed 4,200,000 documents
2025-10-02 16:33:49,300 - INFO - POST http://localhost:9200/_bulk [status:200 request:3.748s]
2025-10-02 16:33:49,680 - INFO - Progress: 8,380,000 indexed, 0 failed, Rate: 11355.4 docs/sec, Queue: 80, Elapsed: 738.0s
2025-10-02 16:33:49,687 - INFO - Progress: 8,390,000 indexed, 0 failed, Rate: 11368.8 docs/sec, Queue: 80, Elapsed: 738.0s
2025-10-02 16:33:53,253 - INFO - POST http://localhost:9200/_bulk [status:200 request:6.127s]
2025-10-02 16:33:53,609 - INFO - Progress: 8,400,000 indexed, 0 failed, Rate: 11322.2 docs/sec, Queue: 80, Elapsed: 741.9s
2025-10-02 16:33:53,611 - INFO - Worker 0: Parsed 4,350,000 documents
2025-10-02 16:33:53,634 - INFO - === METRICS ES CONSUMER AT 8400000 DOCS ===
2025-10-02 16:33:53,639 - INFO - Process Memory:
2025-10-02 16:33:53,645 - INFO -   RSS: 5.63 GB
2025-10-02 16:33:53,650 - INFO -   VMS: 9.52 GB
2025-10-02 16:33:53,670 - INFO -   % of System: 0.7%
2025-10-02 16:33:53,675 - INFO - System Memory:
2025-10-02 16:33:53,679 - INFO -   Total Used: 19.2%
2025-10-02 16:33:53,679 - INFO -   Available: 690.81 GB
2025-10-02 16:33:53,680 - INFO -   Cached: 90.81 GB
2025-10-02 16:33:54,712 - INFO - CPU:
2025-10-02 16:33:54,717 - INFO -   Process usage: 100.4%
2025-10-02 16:33:54,722 - INFO -   Threads: 38
2025-10-02 16:33:54,728 - INFO -   Allocated cores: 288 (IDs: [0, 1, 2, 3, 4]...)
2025-10-02 16:33:54,731 - INFO - Process I/O:
2025-10-02 16:33:54,731 - INFO -   Read: 0.00 GB
2025-10-02 16:33:54,731 - INFO -   Write: 0.01 GB
2025-10-02 16:33:54,731 - INFO - ==================================================
2025-10-02 16:33:54,811 - INFO - Progress: 8,410,000 indexed, 0 failed, Rate: 11317.3 docs/sec, Queue: 80, Elapsed: 743.1s
2025-10-02 16:33:55,075 - INFO - POST http://localhost:9200/_bulk [status:200 request:6.437s]
2025-10-02 16:33:55,379 - INFO - Progress: 8,420,000 indexed, 0 failed, Rate: 11322.1 docs/sec, Queue: 80, Elapsed: 743.7s
2025-10-02 16:33:55,382 - INFO - Progress: 8,430,000 indexed, 0 failed, Rate: 11335.5 docs/sec, Queue: 80, Elapsed: 743.7s
2025-10-02 16:33:56,059 - INFO - POST http://localhost:9200/_bulk [status:200 request:5.838s]
2025-10-02 16:33:56,397 - INFO - Overall progress: Parsed 8,603,000, Indexed 0, Queue: 80
2025-10-02 16:33:56,430 - INFO - Progress: 8,440,000 indexed, 0 failed, Rate: 11333.0 docs/sec, Queue: 80, Elapsed: 744.7s
2025-10-02 16:33:56,504 - INFO - POST http://localhost:9200/_bulk [status:200 request:3.857s]
2025-10-02 16:33:57,710 - INFO - POST http://localhost:9200/_bulk [status:200 request:6.264s]
2025-10-02 16:33:58,232 - INFO - Progress: 8,450,000 indexed, 0 failed, Rate: 11319.1 docs/sec, Queue: 80, Elapsed: 746.5s
2025-10-02 16:33:58,236 - INFO - Progress: 8,460,000 indexed, 0 failed, Rate: 11332.4 docs/sec, Queue: 80, Elapsed: 746.5s
2025-10-02 16:33:58,255 - INFO - Progress: 8,470,000 indexed, 0 failed, Rate: 11345.5 docs/sec, Queue: 80, Elapsed: 746.6s
2025-10-02 16:33:58,259 - INFO - Progress: 8,480,000 indexed, 0 failed, Rate: 11358.8 docs/sec, Queue: 80, Elapsed: 746.6s
2025-10-02 16:33:58,303 - INFO - POST http://localhost:9200/_bulk [status:200 request:4.053s]
2025-10-02 16:33:58,603 - INFO - Progress: 8,490,000 indexed, 0 failed, Rate: 11367.0 docs/sec, Queue: 80, Elapsed: 746.9s
2025-10-02 16:33:58,612 - INFO - Progress: 8,500,000 indexed, 0 failed, Rate: 11380.2 docs/sec, Queue: 80, Elapsed: 746.9s
2025-10-02 16:33:58,635 - INFO - === METRICS ES CONSUMER AT 8500000 DOCS ===
2025-10-02 16:33:58,635 - INFO - Process Memory:
2025-10-02 16:33:58,636 - INFO -   RSS: 4.67 GB
2025-10-02 16:33:58,636 - INFO -   VMS: 8.55 GB
2025-10-02 16:33:58,648 - INFO -   % of System: 0.5%
2025-10-02 16:33:58,653 - INFO - System Memory:
2025-10-02 16:33:58,658 - INFO -   Total Used: 19.1%
2025-10-02 16:33:58,663 - INFO -   Available: 691.38 GB
2025-10-02 16:33:58,668 - INFO -   Cached: 89.29 GB
2025-10-02 16:33:58,771 - INFO - Worker 1: Parsed 4,250,000 documents
2025-10-02 16:33:59,773 - INFO - CPU:
2025-10-02 16:33:59,774 - INFO -   Process usage: 99.4%
2025-10-02 16:33:59,774 - INFO -   Threads: 38
2025-10-02 16:33:59,774 - INFO -   Allocated cores: 288 (IDs: [0, 1, 2, 3, 4]...)
2025-10-02 16:33:59,774 - INFO - Process I/O:
2025-10-02 16:33:59,774 - INFO -   Read: 0.00 GB
2025-10-02 16:33:59,774 - INFO -   Write: 0.01 GB
2025-10-02 16:33:59,774 - INFO - ==================================================
2025-10-02 16:34:00,253 - INFO - POST http://localhost:9200/_bulk [status:200 request:4.315s]
2025-10-02 16:34:00,592 - INFO - Progress: 8,510,000 indexed, 0 failed, Rate: 11363.5 docs/sec, Queue: 80, Elapsed: 748.9s
2025-10-02 16:34:02,806 - INFO - Worker 0: Parsed 4,400,000 documents
2025-10-02 16:34:04,358 - INFO - POST http://localhost:9200/_bulk [status:200 request:4.547s]
2025-10-02 16:34:05,529 - INFO - POST http://localhost:9200/_bulk [status:200 request:4.160s]
2025-10-02 16:34:05,936 - INFO - POST http://localhost:9200/_bulk [status:200 request:7.869s]
2025-10-02 16:34:06,274 - INFO - Progress: 8,520,000 indexed, 0 failed, Rate: 11291.2 docs/sec, Queue: 80, Elapsed: 754.6s
2025-10-02 16:34:06,278 - INFO - Progress: 8,530,000 indexed, 0 failed, Rate: 11304.4 docs/sec, Queue: 80, Elapsed: 754.6s
2025-10-02 16:34:06,303 - INFO - Progress: 8,540,000 indexed, 0 failed, Rate: 11317.3 docs/sec, Queue: 80, Elapsed: 754.6s
2025-10-02 16:34:06,306 - INFO - Progress: 8,550,000 indexed, 0 failed, Rate: 11330.5 docs/sec, Queue: 80, Elapsed: 754.6s
2025-10-02 16:34:06,331 - INFO - Progress: 8,560,000 indexed, 0 failed, Rate: 11343.3 docs/sec, Queue: 80, Elapsed: 754.6s
2025-10-02 16:34:06,339 - INFO - Progress: 8,570,000 indexed, 0 failed, Rate: 11356.5 docs/sec, Queue: 80, Elapsed: 754.6s
2025-10-02 16:34:06,423 - INFO - POST http://localhost:9200/_bulk [status:200 request:3.815s]
2025-10-02 16:34:06,614 - INFO - Overall progress: Parsed 8,709,000, Indexed 0, Queue: 80
2025-10-02 16:34:06,744 - INFO - Progress: 8,580,000 indexed, 0 failed, Rate: 11363.6 docs/sec, Queue: 80, Elapsed: 755.0s
2025-10-02 16:34:06,754 - INFO - Progress: 8,590,000 indexed, 0 failed, Rate: 11376.7 docs/sec, Queue: 80, Elapsed: 755.1s
2025-10-02 16:34:07,559 - INFO - Worker 1: Parsed 4,300,000 documents
2025-10-02 16:34:07,897 - INFO - POST http://localhost:9200/_bulk [status:200 request:4.106s]
2025-10-02 16:34:08,204 - INFO - Progress: 8,600,000 indexed, 0 failed, Rate: 11368.1 docs/sec, Queue: 80, Elapsed: 756.5s
2025-10-02 16:34:08,237 - INFO - === METRICS ES CONSUMER AT 8600000 DOCS ===
2025-10-02 16:34:08,237 - INFO - Process Memory:
2025-10-02 16:34:08,238 - INFO -   RSS: 4.66 GB
2025-10-02 16:34:08,238 - INFO -   VMS: 8.55 GB
2025-10-02 16:34:08,238 - INFO -   % of System: 0.5%
2025-10-02 16:34:08,243 - INFO - System Memory:
2025-10-02 16:34:08,248 - INFO -   Total Used: 19.1%
2025-10-02 16:34:08,254 - INFO -   Available: 691.37 GB
2025-10-02 16:34:08,259 - INFO -   Cached: 89.85 GB
2025-10-02 16:34:09,313 - INFO - CPU:
2025-10-02 16:34:09,318 - INFO -   Process usage: 95.9%
2025-10-02 16:34:09,318 - INFO -   Threads: 38
2025-10-02 16:34:09,360 - INFO -   Allocated cores: 288 (IDs: [0, 1, 2, 3, 4]...)
2025-10-02 16:34:09,360 - INFO - POST http://localhost:9200/_bulk [status:200 request:3.937s]
2025-10-02 16:34:09,539 - INFO - Process I/O:
2025-10-02 16:34:09,550 - INFO -   Read: 0.00 GB
2025-10-02 16:34:09,555 - INFO -   Write: 0.01 GB
2025-10-02 16:34:09,561 - INFO - ==================================================
2025-10-02 16:34:09,724 - INFO - Progress: 8,610,000 indexed, 0 failed, Rate: 11358.5 docs/sec, Queue: 80, Elapsed: 758.0s
2025-10-02 16:34:09,733 - INFO - Progress: 8,620,000 indexed, 0 failed, Rate: 11371.6 docs/sec, Queue: 80, Elapsed: 758.0s
2025-10-02 16:34:11,493 - INFO - POST http://localhost:9200/_bulk [status:200 request:3.656s]
2025-10-02 16:34:11,806 - INFO - Progress: 8,630,000 indexed, 0 failed, Rate: 11353.7 docs/sec, Queue: 80, Elapsed: 760.1s
2025-10-02 16:34:11,821 - INFO - Progress: 8,640,000 indexed, 0 failed, Rate: 11366.7 docs/sec, Queue: 80, Elapsed: 760.1s
2025-10-02 16:34:12,258 - INFO - Worker 0: Parsed 4,450,000 documents
2025-10-02 16:34:13,403 - INFO - POST http://localhost:9200/_bulk [status:200 request:4.071s]
2025-10-02 16:34:13,713 - INFO - Progress: 8,650,000 indexed, 0 failed, Rate: 11351.6 docs/sec, Queue: 80, Elapsed: 762.0s
2025-10-02 16:34:13,717 - INFO - Progress: 8,660,000 indexed, 0 failed, Rate: 11364.6 docs/sec, Queue: 80, Elapsed: 762.0s
2025-10-02 16:34:15,722 - INFO - POST http://localhost:9200/_bulk [status:200 request:4.837s]
2025-10-02 16:34:15,981 - INFO - Progress: 8,670,000 indexed, 0 failed, Rate: 11344.0 docs/sec, Queue: 80, Elapsed: 764.3s
2025-10-02 16:34:16,122 - INFO - Worker 1: Parsed 4,350,000 documents
2025-10-02 16:34:16,766 - INFO - Overall progress: Parsed 8,829,000, Indexed 0, Queue: 80
2025-10-02 16:34:18,161 - INFO - POST http://localhost:9200/_bulk [status:200 request:4.196s]
2025-10-02 16:34:19,237 - INFO - POST http://localhost:9200/_bulk [status:200 request:6.777s]
2025-10-02 16:34:19,419 - INFO - POST http://localhost:9200/_bulk [status:200 request:4.085s]
2025-10-02 16:34:19,876 - INFO - Progress: 8,680,000 indexed, 0 failed, Rate: 11299.5 docs/sec, Queue: 80, Elapsed: 768.2s
2025-10-02 16:34:19,885 - INFO - Progress: 8,690,000 indexed, 0 failed, Rate: 11312.4 docs/sec, Queue: 80, Elapsed: 768.2s
2025-10-02 16:34:19,914 - INFO - Progress: 8,700,000 indexed, 0 failed, Rate: 11325.0 docs/sec, Queue: 80, Elapsed: 768.2s
2025-10-02 16:34:19,954 - INFO - === METRICS ES CONSUMER AT 8700000 DOCS ===
2025-10-02 16:34:19,955 - INFO - Process Memory:
2025-10-02 16:34:19,955 - INFO -   RSS: 4.67 GB
2025-10-02 16:34:19,955 - INFO -   VMS: 8.55 GB
2025-10-02 16:34:19,955 - INFO -   % of System: 0.5%
2025-10-02 16:34:19,955 - INFO - System Memory:
2025-10-02 16:34:19,955 - INFO -   Total Used: 19.1%
2025-10-02 16:34:19,955 - INFO -   Available: 691.37 GB
2025-10-02 16:34:19,955 - INFO -   Cached: 91.87 GB
2025-10-02 16:34:20,836 - INFO - Worker 0: Parsed 4,500,000 documents
2025-10-02 16:34:20,957 - INFO - CPU:
2025-10-02 16:34:20,957 - INFO -   Process usage: 92.9%
2025-10-02 16:34:20,957 - INFO -   Threads: 38
2025-10-02 16:34:20,957 - INFO -   Allocated cores: 288 (IDs: [0, 1, 2, 3, 4]...)
2025-10-02 16:34:20,957 - INFO - Process I/O:
2025-10-02 16:34:20,957 - INFO -   Read: 0.00 GB
2025-10-02 16:34:20,957 - INFO -   Write: 0.01 GB
2025-10-02 16:34:20,957 - INFO - ==================================================
2025-10-02 16:34:21,032 - INFO - Progress: 8,710,000 indexed, 0 failed, Rate: 11321.6 docs/sec, Queue: 80, Elapsed: 769.3s
2025-10-02 16:34:21,055 - INFO - Progress: 8,720,000 indexed, 0 failed, Rate: 11334.2 docs/sec, Queue: 80, Elapsed: 769.4s
2025-10-02 16:34:21,059 - INFO - Progress: 8,730,000 indexed, 0 failed, Rate: 11347.2 docs/sec, Queue: 80, Elapsed: 769.4s
2025-10-02 16:34:23,471 - INFO - POST http://localhost:9200/_bulk [status:200 request:6.664s]
2025-10-02 16:34:23,728 - INFO - Progress: 8,740,000 indexed, 0 failed, Rate: 11320.9 docs/sec, Queue: 80, Elapsed: 772.0s
2025-10-02 16:34:23,970 - INFO - POST http://localhost:9200/_bulk [status:200 request:3.719s]
2025-10-02 16:34:24,870 - INFO - Worker 1: Parsed 4,400,000 documents
2025-10-02 16:34:26,787 - INFO - Overall progress: Parsed 8,950,000, Indexed 0, Queue: 80
2025-10-02 16:34:27,244 - INFO - POST http://localhost:9200/_bulk [status:200 request:9.302s]
2025-10-02 16:34:27,530 - INFO - Progress: 8,750,000 indexed, 0 failed, Rate: 11278.3 docs/sec, Queue: 80, Elapsed: 775.8s
2025-10-02 16:34:27,538 - INFO - Progress: 8,760,000 indexed, 0 failed, Rate: 11291.1 docs/sec, Queue: 80, Elapsed: 775.8s
2025-10-02 16:34:27,561 - INFO - Progress: 8,770,000 indexed, 0 failed, Rate: 11303.6 docs/sec, Queue: 80, Elapsed: 775.9s
2025-10-02 16:34:27,564 - INFO - Progress: 8,780,000 indexed, 0 failed, Rate: 11316.5 docs/sec, Queue: 80, Elapsed: 775.9s
2025-10-02 16:34:28,673 - INFO - POST http://localhost:9200/_bulk [status:200 request:3.968s]
2025-10-02 16:34:29,001 - INFO - POST http://localhost:9200/_bulk [status:200 request:7.376s]
2025-10-02 16:34:29,285 - INFO - POST http://localhost:9200/_bulk [status:200 request:6.584s]
2025-10-02 16:34:29,791 - INFO - Progress: 8,790,000 indexed, 0 failed, Rate: 11296.9 docs/sec, Queue: 80, Elapsed: 778.1s
2025-10-02 16:34:29,804 - INFO - Progress: 8,800,000 indexed, 0 failed, Rate: 11309.6 docs/sec, Queue: 80, Elapsed: 778.1s
2025-10-02 16:34:29,852 - INFO - POST http://localhost:9200/_bulk [status:200 request:3.946s]
2025-10-02 16:34:30,158 - INFO - === METRICS ES CONSUMER AT 8800000 DOCS ===
2025-10-02 16:34:30,158 - INFO - Process Memory:
2025-10-02 16:34:30,159 - INFO -   RSS: 4.66 GB
2025-10-02 16:34:30,159 - INFO -   VMS: 8.56 GB
2025-10-02 16:34:30,159 - INFO -   % of System: 0.5%
2025-10-02 16:34:30,159 - INFO - System Memory:
2025-10-02 16:34:30,159 - INFO -   Total Used: 19.1%
2025-10-02 16:34:30,159 - INFO -   Available: 691.01 GB
2025-10-02 16:34:30,159 - INFO -   Cached: 93.38 GB
2025-10-02 16:34:30,298 - INFO - Worker 0: Parsed 4,550,000 documents
2025-10-02 16:34:31,076 - INFO - POST http://localhost:9200/_bulk [status:200 request:3.959s]
2025-10-02 16:34:31,282 - INFO - CPU:
2025-10-02 16:34:31,300 - INFO -   Process usage: 100.8%
2025-10-02 16:34:31,305 - INFO -   Threads: 38
2025-10-02 16:34:31,356 - INFO -   Allocated cores: 288 (IDs: [0, 1, 2, 3, 4]...)
2025-10-02 16:34:31,358 - INFO - Process I/O:
2025-10-02 16:34:31,359 - INFO -   Read: 0.00 GB
2025-10-02 16:34:31,359 - INFO -   Write: 0.01 GB
2025-10-02 16:34:31,359 - INFO - ==================================================
2025-10-02 16:34:31,488 - INFO - Progress: 8,810,000 indexed, 0 failed, Rate: 11298.0 docs/sec, Queue: 80, Elapsed: 779.8s
2025-10-02 16:34:31,517 - INFO - Progress: 8,820,000 indexed, 0 failed, Rate: 11310.4 docs/sec, Queue: 80, Elapsed: 779.8s
2025-10-02 16:34:31,526 - INFO - Progress: 8,830,000 indexed, 0 failed, Rate: 11323.1 docs/sec, Queue: 80, Elapsed: 779.8s
2025-10-02 16:34:31,563 - INFO - Progress: 8,840,000 indexed, 0 failed, Rate: 11335.4 docs/sec, Queue: 80, Elapsed: 779.9s
2025-10-02 16:34:31,571 - INFO - Progress: 8,850,000 indexed, 0 failed, Rate: 11348.1 docs/sec, Queue: 80, Elapsed: 779.9s
2025-10-02 16:34:31,606 - INFO - Progress: 8,860,000 indexed, 0 failed, Rate: 11360.4 docs/sec, Queue: 80, Elapsed: 779.9s
2025-10-02 16:34:31,615 - INFO - Progress: 8,870,000 indexed, 0 failed, Rate: 11373.1 docs/sec, Queue: 80, Elapsed: 779.9s
2025-10-02 16:34:32,212 - INFO - POST http://localhost:9200/_bulk [status:200 request:3.543s]
2025-10-02 16:34:32,454 - INFO - Progress: 8,880,000 indexed, 0 failed, Rate: 11373.7 docs/sec, Queue: 80, Elapsed: 780.8s
2025-10-02 16:34:32,458 - INFO - Progress: 8,890,000 indexed, 0 failed, Rate: 11386.4 docs/sec, Queue: 80, Elapsed: 780.8s
2025-10-02 16:34:34,207 - INFO - Worker 1: Parsed 4,450,000 documents
2025-10-02 16:34:36,884 - INFO - Overall progress: Parsed 9,059,000, Indexed 0, Queue: 80
2025-10-02 16:34:37,951 - INFO - Worker 0: Parsed 4,600,000 documents
2025-10-02 16:34:38,527 - INFO - POST http://localhost:9200/_bulk [status:200 request:3.949s]
2025-10-02 16:34:40,232 - INFO - POST http://localhost:9200/_bulk [status:200 request:4.491s]
2025-10-02 16:34:40,606 - INFO - POST http://localhost:9200/_bulk [status:200 request:7.170s]
2025-10-02 16:34:40,830 - INFO - POST http://localhost:9200/_bulk [status:200 request:3.901s]
2025-10-02 16:34:41,866 - INFO - POST http://localhost:9200/_bulk [status:200 request:9.972s]
2025-10-02 16:34:42,048 - INFO - POST http://localhost:9200/_bulk [status:200 request:3.897s]
2025-10-02 16:34:42,536 - INFO - Progress: 8,900,000 indexed, 0 failed, Rate: 11254.0 docs/sec, Queue: 80, Elapsed: 790.8s
2025-10-02 16:34:42,573 - INFO - === METRICS ES CONSUMER AT 8900000 DOCS ===
2025-10-02 16:34:42,573 - INFO - Process Memory:
2025-10-02 16:34:42,573 - INFO -   RSS: 4.74 GB
2025-10-02 16:34:42,573 - INFO -   VMS: 8.63 GB
2025-10-02 16:34:42,574 - INFO -   % of System: 0.6%
2025-10-02 16:34:42,574 - INFO - System Memory:
2025-10-02 16:34:42,574 - INFO -   Total Used: 19.1%
2025-10-02 16:34:42,574 - INFO -   Available: 690.95 GB
2025-10-02 16:34:42,574 - INFO -   Cached: 95.45 GB
2025-10-02 16:34:43,155 - INFO - POST http://localhost:9200/_bulk [status:200 request:3.506s]
2025-10-02 16:34:43,292 - INFO - Worker 1: Parsed 4,500,000 documents
2025-10-02 16:34:43,593 - INFO - CPU:
2025-10-02 16:34:43,593 - INFO -   Process usage: 97.4%
2025-10-02 16:34:43,593 - INFO -   Threads: 38
2025-10-02 16:34:43,593 - INFO -   Allocated cores: 288 (IDs: [0, 1, 2, 3, 4]...)
2025-10-02 16:34:43,593 - INFO - Process I/O:
2025-10-02 16:34:43,594 - INFO -   Read: 0.00 GB
2025-10-02 16:34:43,594 - INFO -   Write: 0.01 GB
2025-10-02 16:34:43,594 - INFO - ==================================================
2025-10-02 16:34:43,724 - INFO - Progress: 8,910,000 indexed, 0 failed, Rate: 11249.7 docs/sec, Queue: 80, Elapsed: 792.0s
2025-10-02 16:34:43,733 - INFO - Progress: 8,920,000 indexed, 0 failed, Rate: 11262.2 docs/sec, Queue: 80, Elapsed: 792.0s
2025-10-02 16:34:43,766 - INFO - Progress: 8,930,000 indexed, 0 failed, Rate: 11274.4 docs/sec, Queue: 80, Elapsed: 792.1s
2025-10-02 16:34:43,775 - INFO - Progress: 8,940,000 indexed, 0 failed, Rate: 11286.9 docs/sec, Queue: 80, Elapsed: 792.1s
2025-10-02 16:34:43,801 - INFO - Progress: 8,950,000 indexed, 0 failed, Rate: 11299.1 docs/sec, Queue: 80, Elapsed: 792.1s
2025-10-02 16:34:43,810 - INFO - Progress: 8,960,000 indexed, 0 failed, Rate: 11311.6 docs/sec, Queue: 80, Elapsed: 792.1s
2025-10-02 16:34:43,838 - INFO - Progress: 8,970,000 indexed, 0 failed, Rate: 11323.8 docs/sec, Queue: 80, Elapsed: 792.1s
2025-10-02 16:34:43,897 - INFO - Progress: 8,980,000 indexed, 0 failed, Rate: 11335.6 docs/sec, Queue: 80, Elapsed: 792.2s
2025-10-02 16:34:43,902 - INFO - Progress: 8,990,000 indexed, 0 failed, Rate: 11348.2 docs/sec, Queue: 80, Elapsed: 792.2s
2025-10-02 16:34:43,917 - INFO - Progress: 9,000,000 indexed, 0 failed, Rate: 11360.6 docs/sec, Queue: 80, Elapsed: 792.2s
2025-10-02 16:34:43,924 - INFO - === METRICS ES CONSUMER AT 9000000 DOCS ===
2025-10-02 16:34:43,929 - INFO - Process Memory:
2025-10-02 16:34:43,934 - INFO -   RSS: 4.20 GB
2025-10-02 16:34:43,939 - INFO -   VMS: 8.10 GB
2025-10-02 16:34:43,960 - INFO -   % of System: 0.5%
2025-10-02 16:34:43,965 - INFO - System Memory:
2025-10-02 16:34:43,970 - INFO -   Total Used: 19.1%
2025-10-02 16:34:43,971 - INFO -   Available: 691.44 GB
2025-10-02 16:34:43,971 - INFO -   Cached: 95.74 GB
2025-10-02 16:34:44,973 - INFO - CPU:
2025-10-02 16:34:44,973 - INFO -   Process usage: 96.9%
2025-10-02 16:34:44,973 - INFO -   Threads: 38
2025-10-02 16:34:44,974 - INFO -   Allocated cores: 288 (IDs: [0, 1, 2, 3, 4]...)
2025-10-02 16:34:44,974 - INFO - Process I/O:
2025-10-02 16:34:44,974 - INFO -   Read: 0.00 GB
2025-10-02 16:34:44,974 - INFO -   Write: 0.01 GB
2025-10-02 16:34:44,974 - INFO - ==================================================
2025-10-02 16:34:45,027 - INFO - Progress: 9,010,000 indexed, 0 failed, Rate: 11357.3 docs/sec, Queue: 80, Elapsed: 793.3s
2025-10-02 16:34:45,166 - INFO - POST http://localhost:9200/_bulk [status:200 request:3.312s]
2025-10-02 16:34:45,476 - INFO - Progress: 9,020,000 indexed, 0 failed, Rate: 11363.5 docs/sec, Queue: 80, Elapsed: 793.8s
2025-10-02 16:34:45,480 - INFO - Progress: 9,030,000 indexed, 0 failed, Rate: 11376.0 docs/sec, Queue: 80, Elapsed: 793.8s
2025-10-02 16:34:47,024 - INFO - Overall progress: Parsed 9,164,000, Indexed 0, Queue: 80
2025-10-02 16:34:47,674 - INFO - Worker 0: Parsed 4,650,000 documents
2025-10-02 16:34:50,702 - INFO - Worker 1: Parsed 4,550,000 documents
2025-10-02 16:34:50,967 - INFO - POST http://localhost:9200/_bulk [status:200 request:3.903s]
2025-10-02 16:34:53,239 - INFO - POST http://localhost:9200/_bulk [status:200 request:8.888s]
2025-10-02 16:34:53,635 - INFO - Progress: 9,040,000 indexed, 0 failed, Rate: 11272.8 docs/sec, Queue: 80, Elapsed: 801.9s
2025-10-02 16:34:53,850 - INFO - POST http://localhost:9200/_bulk [status:200 request:7.932s]
2025-10-02 16:34:54,147 - INFO - Progress: 9,050,000 indexed, 0 failed, Rate: 11278.1 docs/sec, Queue: 80, Elapsed: 802.4s
2025-10-02 16:34:54,155 - INFO - Progress: 9,060,000 indexed, 0 failed, Rate: 11290.4 docs/sec, Queue: 80, Elapsed: 802.5s
2025-10-02 16:34:54,185 - INFO - Progress: 9,070,000 indexed, 0 failed, Rate: 11302.4 docs/sec, Queue: 80, Elapsed: 802.5s
2025-10-02 16:34:54,193 - INFO - Progress: 9,080,000 indexed, 0 failed, Rate: 11314.8 docs/sec, Queue: 80, Elapsed: 802.5s
2025-10-02 16:34:54,914 - INFO - POST http://localhost:9200/_bulk [status:200 request:4.344s]
2025-10-02 16:34:55,793 - INFO - POST http://localhost:9200/_bulk [status:200 request:3.663s]
2025-10-02 16:34:56,139 - INFO - POST http://localhost:9200/_bulk [status:200 request:7.887s]
2025-10-02 16:34:56,507 - INFO - Progress: 9,090,000 indexed, 0 failed, Rate: 11294.7 docs/sec, Queue: 80, Elapsed: 804.8s
2025-10-02 16:34:56,516 - INFO - Progress: 9,100,000 indexed, 0 failed, Rate: 11307.0 docs/sec, Queue: 80, Elapsed: 804.8s
2025-10-02 16:34:56,548 - INFO - === METRICS ES CONSUMER AT 9100000 DOCS ===
2025-10-02 16:34:56,551 - INFO - Worker 0: Parsed 4,700,000 documents
2025-10-02 16:34:56,554 - INFO - Process Memory:
2025-10-02 16:34:56,559 - INFO -   RSS: 5.14 GB
2025-10-02 16:34:56,564 - INFO -   VMS: 9.04 GB
2025-10-02 16:34:56,585 - INFO -   % of System: 0.6%
2025-10-02 16:34:56,590 - INFO - System Memory:
2025-10-02 16:34:56,595 - INFO -   Total Used: 19.2%
2025-10-02 16:34:56,597 - INFO -   Available: 690.40 GB
2025-10-02 16:34:56,597 - INFO -   Cached: 98.22 GB
2025-10-02 16:34:57,040 - INFO - Overall progress: Parsed 9,283,000, Indexed 0, Queue: 78
2025-10-02 16:34:57,608 - INFO - CPU:
2025-10-02 16:34:57,608 - INFO -   Process usage: 97.4%
2025-10-02 16:34:57,609 - INFO -   Threads: 38
2025-10-02 16:34:57,609 - INFO -   Allocated cores: 288 (IDs: [0, 1, 2, 3, 4]...)
2025-10-02 16:34:57,609 - INFO - Process I/O:
2025-10-02 16:34:57,609 - INFO -   Read: 0.00 GB
2025-10-02 16:34:57,609 - INFO -   Write: 0.01 GB
2025-10-02 16:34:57,609 - INFO - ==================================================
2025-10-02 16:34:58,093 - INFO - POST http://localhost:9200/_bulk [status:200 request:8.658s]
2025-10-02 16:34:58,350 - INFO - Progress: 9,110,000 indexed, 0 failed, Rate: 11293.7 docs/sec, Queue: 80, Elapsed: 806.6s
2025-10-02 16:34:58,377 - INFO - Progress: 9,120,000 indexed, 0 failed, Rate: 11305.7 docs/sec, Queue: 80, Elapsed: 806.7s
2025-10-02 16:34:58,385 - INFO - Progress: 9,130,000 indexed, 0 failed, Rate: 11318.0 docs/sec, Queue: 80, Elapsed: 806.7s
2025-10-02 16:34:58,422 - INFO - Progress: 9,140,000 indexed, 0 failed, Rate: 11329.8 docs/sec, Queue: 80, Elapsed: 806.7s
2025-10-02 16:34:58,431 - INFO - Progress: 9,150,000 indexed, 0 failed, Rate: 11342.1 docs/sec, Queue: 80, Elapsed: 806.7s
2025-10-02 16:34:59,836 - INFO - Worker 1: Parsed 4,600,000 documents
2025-10-02 16:35:00,783 - INFO - POST http://localhost:9200/_bulk [status:200 request:5.286s]
2025-10-02 16:35:01,357 - INFO - POST http://localhost:9200/_bulk [status:200 request:8.129s]
2025-10-02 16:35:01,741 - INFO - Progress: 9,160,000 indexed, 0 failed, Rate: 11308.1 docs/sec, Queue: 80, Elapsed: 810.0s
2025-10-02 16:35:01,750 - INFO - Progress: 9,170,000 indexed, 0 failed, Rate: 11320.3 docs/sec, Queue: 80, Elapsed: 810.0s
2025-10-02 16:35:01,778 - INFO - Progress: 9,180,000 indexed, 0 failed, Rate: 11332.3 docs/sec, Queue: 80, Elapsed: 810.1s
2025-10-02 16:35:03,013 - INFO - POST http://localhost:9200/_bulk [status:200 request:5.627s]
2025-10-02 16:35:03,289 - INFO - Progress: 9,190,000 indexed, 0 failed, Rate: 11323.5 docs/sec, Queue: 80, Elapsed: 811.6s
2025-10-02 16:35:03,297 - INFO - Progress: 9,200,000 indexed, 0 failed, Rate: 11335.7 docs/sec, Queue: 80, Elapsed: 811.6s
2025-10-02 16:35:03,324 - INFO - === METRICS ES CONSUMER AT 9200000 DOCS ===
2025-10-02 16:35:03,325 - INFO - Process Memory:
2025-10-02 16:35:03,325 - INFO -   RSS: 5.14 GB
2025-10-02 16:35:03,325 - INFO -   VMS: 9.04 GB
2025-10-02 16:35:03,325 - INFO -   % of System: 0.6%
2025-10-02 16:35:03,331 - INFO - System Memory:
2025-10-02 16:35:03,336 - INFO -   Total Used: 19.2%
2025-10-02 16:35:03,341 - INFO -   Available: 690.23 GB
2025-10-02 16:35:03,346 - INFO -   Cached: 99.47 GB
2025-10-02 16:35:04,394 - INFO - CPU:
2025-10-02 16:35:04,394 - INFO -   Process usage: 97.4%
2025-10-02 16:35:04,394 - INFO -   Threads: 38
2025-10-02 16:35:04,394 - INFO -   Allocated cores: 288 (IDs: [0, 1, 2, 3, 4]...)
2025-10-02 16:35:04,394 - INFO - Process I/O:
2025-10-02 16:35:04,394 - INFO -   Read: 0.00 GB
2025-10-02 16:35:04,394 - INFO -   Write: 0.01 GB
2025-10-02 16:35:04,394 - INFO - ==================================================
2025-10-02 16:35:05,259 - INFO - Worker 0: Parsed 4,750,000 documents
2025-10-02 16:35:05,382 - INFO - POST http://localhost:9200/_bulk [status:200 request:6.325s]
2025-10-02 16:35:05,725 - INFO - Progress: 9,210,000 indexed, 0 failed, Rate: 11314.2 docs/sec, Queue: 80, Elapsed: 814.0s
2025-10-02 16:35:05,733 - INFO - Progress: 9,220,000 indexed, 0 failed, Rate: 11326.4 docs/sec, Queue: 80, Elapsed: 814.0s
2025-10-02 16:35:06,168 - INFO - POST http://localhost:9200/_bulk [status:200 request:3.992s]
2025-10-02 16:35:07,061 - INFO - Overall progress: Parsed 9,396,000, Indexed 0, Queue: 80
2025-10-02 16:35:08,021 - INFO - POST http://localhost:9200/_bulk [status:200 request:7.813s]
2025-10-02 16:35:08,373 - INFO - Progress: 9,230,000 indexed, 0 failed, Rate: 11302.0 docs/sec, Queue: 80, Elapsed: 816.7s
2025-10-02 16:35:08,381 - INFO - Progress: 9,240,000 indexed, 0 failed, Rate: 11314.1 docs/sec, Queue: 80, Elapsed: 816.7s
2025-10-02 16:35:08,405 - INFO - Progress: 9,250,000 indexed, 0 failed, Rate: 11326.0 docs/sec, Queue: 80, Elapsed: 816.7s
2025-10-02 16:35:08,478 - INFO - Worker 1: Parsed 4,650,000 documents
2025-10-02 16:35:08,607 - INFO - POST http://localhost:9200/_bulk [status:200 request:4.802s]
2025-10-02 16:35:08,962 - INFO - Progress: 9,260,000 indexed, 0 failed, Rate: 11330.6 docs/sec, Queue: 80, Elapsed: 817.3s
2025-10-02 16:35:08,970 - INFO - Progress: 9,270,000 indexed, 0 failed, Rate: 11342.7 docs/sec, Queue: 80, Elapsed: 817.3s
2025-10-02 16:35:11,212 - INFO - POST http://localhost:9200/_bulk [status:200 request:6.167s]
2025-10-02 16:35:11,572 - INFO - Progress: 9,280,000 indexed, 0 failed, Rate: 11318.9 docs/sec, Queue: 80, Elapsed: 819.9s
2025-10-02 16:35:11,580 - INFO - Progress: 9,290,000 indexed, 0 failed, Rate: 11331.0 docs/sec, Queue: 80, Elapsed: 819.9s
2025-10-02 16:35:11,696 - INFO - POST http://localhost:9200/_bulk [status:200 request:3.693s]
2025-10-02 16:35:11,887 - INFO - POST http://localhost:9200/_bulk [status:200 request:5.011s]
2025-10-02 16:35:12,358 - INFO - Progress: 9,300,000 indexed, 0 failed, Rate: 11332.4 docs/sec, Queue: 80, Elapsed: 820.7s
2025-10-02 16:35:12,395 - INFO - === METRICS ES CONSUMER AT 9300000 DOCS ===
2025-10-02 16:35:12,395 - INFO - Process Memory:
2025-10-02 16:35:12,396 - INFO -   RSS: 4.66 GB
2025-10-02 16:35:12,396 - INFO -   VMS: 8.56 GB
2025-10-02 16:35:12,423 - INFO -   % of System: 0.5%
2025-10-02 16:35:12,428 - INFO - System Memory:
2025-10-02 16:35:12,433 - INFO -   Total Used: 19.2%
2025-10-02 16:35:12,439 - INFO -   Available: 690.82 GB
2025-10-02 16:35:12,444 - INFO -   Cached: 100.30 GB
2025-10-02 16:35:13,304 - INFO - POST http://localhost:9200/_bulk [status:200 request:3.388s]
2025-10-02 16:35:13,770 - INFO - CPU:
2025-10-02 16:35:13,775 - INFO -   Process usage: 107.3%
2025-10-02 16:35:13,775 - INFO -   Threads: 38
2025-10-02 16:35:13,775 - INFO -   Allocated cores: 288 (IDs: [0, 1, 2, 3, 4]...)
2025-10-02 16:35:13,797 - INFO - Process I/O:
2025-10-02 16:35:13,802 - INFO -   Read: 0.00 GB
2025-10-02 16:35:13,807 - INFO -   Write: 0.01 GB
2025-10-02 16:35:13,812 - INFO - ==================================================
2025-10-02 16:35:13,894 - INFO - Progress: 9,310,000 indexed, 0 failed, Rate: 11323.4 docs/sec, Queue: 80, Elapsed: 822.2s
2025-10-02 16:35:13,930 - INFO - Progress: 9,320,000 indexed, 0 failed, Rate: 11335.1 docs/sec, Queue: 80, Elapsed: 822.2s
2025-10-02 16:35:13,961 - INFO - Progress: 9,330,000 indexed, 0 failed, Rate: 11346.8 docs/sec, Queue: 80, Elapsed: 822.3s
2025-10-02 16:35:13,964 - INFO - Progress: 9,340,000 indexed, 0 failed, Rate: 11358.9 docs/sec, Queue: 80, Elapsed: 822.3s
2025-10-02 16:35:15,761 - INFO - Worker 0: Parsed 4,800,000 documents
2025-10-02 16:35:15,912 - INFO - POST http://localhost:9200/_bulk [status:200 request:4.764s]
2025-10-02 16:35:16,196 - INFO - Progress: 9,350,000 indexed, 0 failed, Rate: 11340.3 docs/sec, Queue: 80, Elapsed: 824.5s
2025-10-02 16:35:16,205 - INFO - Progress: 9,360,000 indexed, 0 failed, Rate: 11352.3 docs/sec, Queue: 80, Elapsed: 824.5s
2025-10-02 16:35:16,853 - INFO - Worker 1: Parsed 4,700,000 documents
2025-10-02 16:35:17,070 - INFO - Overall progress: Parsed 9,507,000, Indexed 0, Queue: 80
2025-10-02 16:35:17,787 - INFO - POST http://localhost:9200/_bulk [status:200 request:4.140s]
2025-10-02 16:35:18,149 - INFO - Progress: 9,370,000 indexed, 0 failed, Rate: 11337.7 docs/sec, Queue: 80, Elapsed: 826.4s
2025-10-02 16:35:18,158 - INFO - Progress: 9,380,000 indexed, 0 failed, Rate: 11349.7 docs/sec, Queue: 80, Elapsed: 826.5s
2025-10-02 16:35:19,017 - INFO - POST http://localhost:9200/_bulk [status:200 request:3.915s]
2025-10-02 16:35:19,380 - INFO - Progress: 9,390,000 indexed, 0 failed, Rate: 11345.0 docs/sec, Queue: 80, Elapsed: 827.7s
2025-10-02 16:35:19,389 - INFO - Progress: 9,400,000 indexed, 0 failed, Rate: 11357.0 docs/sec, Queue: 80, Elapsed: 827.7s
2025-10-02 16:35:19,437 - INFO - === METRICS ES CONSUMER AT 9400000 DOCS ===
2025-10-02 16:35:19,438 - INFO - Process Memory:
2025-10-02 16:35:19,438 - INFO -   RSS: 4.67 GB
2025-10-02 16:35:19,439 - INFO -   VMS: 8.56 GB
2025-10-02 16:35:19,439 - INFO -   % of System: 0.5%
2025-10-02 16:35:19,439 - INFO - System Memory:
2025-10-02 16:35:19,439 - INFO -   Total Used: 19.2%
2025-10-02 16:35:19,439 - INFO -   Available: 690.81 GB
2025-10-02 16:35:19,439 - INFO -   Cached: 99.36 GB
2025-10-02 16:35:20,446 - INFO - CPU:
2025-10-02 16:35:20,446 - INFO -   Process usage: 101.4%
2025-10-02 16:35:20,446 - INFO -   Threads: 38
2025-10-02 16:35:20,446 - INFO -   Allocated cores: 288 (IDs: [0, 1, 2, 3, 4]...)
2025-10-02 16:35:20,447 - INFO - Process I/O:
2025-10-02 16:35:20,447 - INFO -   Read: 0.00 GB
2025-10-02 16:35:20,447 - INFO -   Write: 0.01 GB
2025-10-02 16:35:20,447 - INFO - ==================================================
2025-10-02 16:35:21,870 - INFO - POST http://localhost:9200/_bulk [status:200 request:5.222s]
2025-10-02 16:35:22,373 - INFO - Progress: 9,410,000 indexed, 0 failed, Rate: 11328.2 docs/sec, Queue: 80, Elapsed: 830.7s
2025-10-02 16:35:23,318 - INFO - POST http://localhost:9200/_bulk [status:200 request:3.488s]
2025-10-02 16:35:23,510 - INFO - POST http://localhost:9200/_bulk [status:200 request:5.744s]
2025-10-02 16:35:23,978 - INFO - Progress: 9,420,000 indexed, 0 failed, Rate: 11318.4 docs/sec, Queue: 80, Elapsed: 832.3s
2025-10-02 16:35:23,988 - INFO - Progress: 9,430,000 indexed, 0 failed, Rate: 11330.3 docs/sec, Queue: 80, Elapsed: 832.3s
2025-10-02 16:35:24,016 - INFO - Progress: 9,440,000 indexed, 0 failed, Rate: 11341.9 docs/sec, Queue: 80, Elapsed: 832.3s
2025-10-02 16:35:24,023 - INFO - Progress: 9,450,000 indexed, 0 failed, Rate: 11353.8 docs/sec, Queue: 80, Elapsed: 832.3s
2025-10-02 16:35:24,653 - INFO - POST http://localhost:9200/_bulk [status:200 request:3.571s]
2025-10-02 16:35:24,992 - INFO - Progress: 9,460,000 indexed, 0 failed, Rate: 11352.6 docs/sec, Queue: 80, Elapsed: 833.3s
2025-10-02 16:35:25,001 - INFO - Progress: 9,470,000 indexed, 0 failed, Rate: 11364.5 docs/sec, Queue: 80, Elapsed: 833.3s
2025-10-02 16:35:25,106 - INFO - Worker 1: Parsed 4,750,000 documents
2025-10-02 16:35:26,194 - INFO - POST http://localhost:9200/_bulk [status:200 request:3.506s]
2025-10-02 16:35:26,522 - INFO - Progress: 9,480,000 indexed, 0 failed, Rate: 11355.8 docs/sec, Queue: 80, Elapsed: 834.8s
2025-10-02 16:35:26,854 - INFO - Worker 0: Parsed 4,850,000 documents
2025-10-02 16:35:27,081 - INFO - Overall progress: Parsed 9,614,000, Indexed 0, Queue: 78
2025-10-02 16:35:28,333 - INFO - POST http://localhost:9200/_bulk [status:200 request:3.696s]
2025-10-02 16:35:28,684 - INFO - Progress: 9,490,000 indexed, 0 failed, Rate: 11338.4 docs/sec, Queue: 80, Elapsed: 837.0s
2025-10-02 16:35:28,692 - INFO - Progress: 9,500,000 indexed, 0 failed, Rate: 11350.2 docs/sec, Queue: 80, Elapsed: 837.0s
2025-10-02 16:35:28,719 - INFO - === METRICS ES CONSUMER AT 9500000 DOCS ===
2025-10-02 16:35:28,719 - INFO - Process Memory:
2025-10-02 16:35:28,719 - INFO -   RSS: 4.67 GB
2025-10-02 16:35:28,719 - INFO -   VMS: 8.55 GB
2025-10-02 16:35:28,719 - INFO -   % of System: 0.5%
2025-10-02 16:35:28,726 - INFO - System Memory:
2025-10-02 16:35:28,731 - INFO -   Total Used: 19.2%
2025-10-02 16:35:28,736 - INFO -   Available: 690.59 GB
2025-10-02 16:35:28,741 - INFO -   Cached: 101.53 GB
2025-10-02 16:35:29,802 - INFO - CPU:
2025-10-02 16:35:29,844 - INFO -   Process usage: 99.6%
2025-10-02 16:35:29,844 - INFO - POST http://localhost:9200/_bulk [status:200 request:3.650s]
2025-10-02 16:35:29,844 - INFO -   Threads: 38
2025-10-02 16:35:29,979 - INFO -   Allocated cores: 288 (IDs: [0, 1, 2, 3, 4]...)
2025-10-02 16:35:30,084 - INFO - Process I/O:
2025-10-02 16:35:30,095 - INFO -   Read: 0.00 GB
2025-10-02 16:35:30,176 - INFO -   Write: 0.01 GB
2025-10-02 16:35:30,181 - INFO - ==================================================
2025-10-02 16:35:30,293 - INFO - Progress: 9,510,000 indexed, 0 failed, Rate: 11340.5 docs/sec, Queue: 80, Elapsed: 838.6s
2025-10-02 16:35:30,302 - INFO - Progress: 9,520,000 indexed, 0 failed, Rate: 11352.3 docs/sec, Queue: 80, Elapsed: 838.6s
2025-10-02 16:35:32,009 - INFO - Worker 1: Parsed 4,800,000 documents
2025-10-02 16:35:34,877 - INFO - POST http://localhost:9200/_bulk [status:200 request:3.949s]
2025-10-02 16:35:35,882 - INFO - POST http://localhost:9200/_bulk [status:200 request:8.179s]
2025-10-02 16:35:36,200 - INFO - Progress: 9,530,000 indexed, 0 failed, Rate: 11284.8 docs/sec, Queue: 80, Elapsed: 844.5s
2025-10-02 16:35:36,244 - INFO - Progress: 9,540,000 indexed, 0 failed, Rate: 11296.1 docs/sec, Queue: 80, Elapsed: 844.5s
2025-10-02 16:35:36,244 - INFO - POST http://localhost:9200/_bulk [status:200 request:7.056s]
2025-10-02 16:35:36,647 - INFO - Progress: 9,550,000 indexed, 0 failed, Rate: 11302.5 docs/sec, Queue: 80, Elapsed: 844.9s
2025-10-02 16:35:36,682 - INFO - Progress: 9,560,000 indexed, 0 failed, Rate: 11313.9 docs/sec, Queue: 80, Elapsed: 845.0s
2025-10-02 16:35:36,689 - INFO - Progress: 9,570,000 indexed, 0 failed, Rate: 11325.6 docs/sec, Queue: 80, Elapsed: 845.0s
2025-10-02 16:35:36,769 - INFO - Worker 0: Parsed 4,900,000 documents
2025-10-02 16:35:37,102 - INFO - Overall progress: Parsed 9,735,000, Indexed 0, Queue: 80
2025-10-02 16:35:38,481 - INFO - POST http://localhost:9200/_bulk [status:200 request:4.065s]
2025-10-02 16:35:38,797 - INFO - POST http://localhost:9200/_bulk [status:200 request:5.590s]
2025-10-02 16:35:39,051 - INFO - POST http://localhost:9200/_bulk [status:200 request:7.017s]
2025-10-02 16:35:39,451 - INFO - Progress: 9,580,000 indexed, 0 failed, Rate: 11300.5 docs/sec, Queue: 80, Elapsed: 847.7s
2025-10-02 16:35:39,456 - INFO - Progress: 9,590,000 indexed, 0 failed, Rate: 11312.3 docs/sec, Queue: 80, Elapsed: 847.8s
2025-10-02 16:35:39,475 - INFO - Progress: 9,600,000 indexed, 0 failed, Rate: 11323.8 docs/sec, Queue: 80, Elapsed: 847.8s
2025-10-02 16:35:39,518 - INFO - === METRICS ES CONSUMER AT 9600000 DOCS ===
2025-10-02 16:35:39,524 - INFO - Process Memory:
2025-10-02 16:35:39,529 - INFO -   RSS: 4.67 GB
2025-10-02 16:35:39,534 - INFO -   VMS: 8.55 GB
2025-10-02 16:35:39,542 - INFO -   % of System: 0.5%
2025-10-02 16:35:39,542 - INFO - System Memory:
2025-10-02 16:35:39,542 - INFO -   Total Used: 19.2%
2025-10-02 16:35:39,542 - INFO -   Available: 690.52 GB
2025-10-02 16:35:39,542 - INFO -   Cached: 103.71 GB
2025-10-02 16:35:39,992 - INFO - POST http://localhost:9200/_bulk [status:200 request:4.112s]
2025-10-02 16:35:40,218 - INFO - Worker 1: Parsed 4,850,000 documents
2025-10-02 16:35:40,574 - INFO - CPU:
2025-10-02 16:35:40,580 - INFO -   Process usage: 102.4%
2025-10-02 16:35:40,585 - INFO -   Threads: 38
2025-10-02 16:35:40,590 - INFO -   Allocated cores: 288 (IDs: [0, 1, 2, 3, 4]...)
2025-10-02 16:35:40,597 - INFO - Process I/O:
2025-10-02 16:35:40,597 - INFO -   Read: 0.00 GB
2025-10-02 16:35:40,597 - INFO -   Write: 0.01 GB
2025-10-02 16:35:40,597 - INFO - ==================================================
2025-10-02 16:35:40,675 - INFO - Progress: 9,610,000 indexed, 0 failed, Rate: 11319.6 docs/sec, Queue: 80, Elapsed: 849.0s
2025-10-02 16:35:40,699 - INFO - Progress: 9,620,000 indexed, 0 failed, Rate: 11331.0 docs/sec, Queue: 80, Elapsed: 849.0s
2025-10-02 16:35:40,730 - INFO - Progress: 9,630,000 indexed, 0 failed, Rate: 11342.4 docs/sec, Queue: 80, Elapsed: 849.0s
2025-10-02 16:35:40,739 - INFO - Progress: 9,640,000 indexed, 0 failed, Rate: 11354.1 docs/sec, Queue: 80, Elapsed: 849.0s
2025-10-02 16:35:41,349 - INFO - POST http://localhost:9200/_bulk [status:200 request:3.499s]
2025-10-02 16:35:41,669 - INFO - Progress: 9,650,000 indexed, 0 failed, Rate: 11353.4 docs/sec, Queue: 80, Elapsed: 850.0s
2025-10-02 16:35:41,678 - INFO - Progress: 9,660,000 indexed, 0 failed, Rate: 11365.0 docs/sec, Queue: 80, Elapsed: 850.0s
2025-10-02 16:35:43,904 - INFO - POST http://localhost:9200/_bulk [status:200 request:3.941s]
2025-10-02 16:35:44,219 - INFO - Progress: 9,670,000 indexed, 0 failed, Rate: 11342.9 docs/sec, Queue: 80, Elapsed: 852.5s
2025-10-02 16:35:44,227 - INFO - Progress: 9,680,000 indexed, 0 failed, Rate: 11354.5 docs/sec, Queue: 80, Elapsed: 852.5s
2025-10-02 16:35:45,987 - INFO - POST http://localhost:9200/_bulk [status:200 request:4.038s]
2025-10-02 16:35:46,314 - INFO - Progress: 9,690,000 indexed, 0 failed, Rate: 11338.5 docs/sec, Queue: 80, Elapsed: 854.6s
2025-10-02 16:35:46,964 - INFO - POST http://localhost:9200/_bulk [status:200 request:3.893s]
2025-10-02 16:35:47,205 - INFO - Overall progress: Parsed 9,846,000, Indexed 0, Queue: 80
2025-10-02 16:35:47,298 - INFO - Progress: 9,700,000 indexed, 0 failed, Rate: 11337.1 docs/sec, Queue: 80, Elapsed: 855.6s
2025-10-02 16:35:47,324 - INFO - === METRICS ES CONSUMER AT 9700000 DOCS ===
2025-10-02 16:35:47,324 - INFO - Process Memory:
2025-10-02 16:35:47,324 - INFO -   RSS: 4.67 GB
2025-10-02 16:35:47,324 - INFO -   VMS: 8.55 GB
2025-10-02 16:35:47,341 - INFO -   % of System: 0.5%
2025-10-02 16:35:47,346 - INFO - System Memory:
2025-10-02 16:35:47,351 - INFO -   Total Used: 19.2%
2025-10-02 16:35:47,356 - INFO -   Available: 690.05 GB
2025-10-02 16:35:47,361 - INFO -   Cached: 104.54 GB
2025-10-02 16:35:47,395 - INFO - Worker 0: Parsed 4,950,000 documents
2025-10-02 16:35:47,454 - INFO - Worker 1: Parsed 4,900,000 documents
2025-10-02 16:35:48,379 - INFO - CPU:
2025-10-02 16:35:48,379 - INFO -   Process usage: 98.9%
2025-10-02 16:35:48,379 - INFO -   Threads: 38
2025-10-02 16:35:48,379 - INFO -   Allocated cores: 288 (IDs: [0, 1, 2, 3, 4]...)
2025-10-02 16:35:48,379 - INFO - Process I/O:
2025-10-02 16:35:48,379 - INFO -   Read: 0.00 GB
2025-10-02 16:35:48,379 - INFO -   Write: 0.01 GB
2025-10-02 16:35:48,379 - INFO - ==================================================
2025-10-02 16:35:48,444 - INFO - Progress: 9,710,000 indexed, 0 failed, Rate: 11333.7 docs/sec, Queue: 80, Elapsed: 856.7s
2025-10-02 16:35:52,741 - INFO - POST http://localhost:9200/_bulk [status:200 request:6.989s]
2025-10-02 16:35:53,254 - INFO - POST http://localhost:9200/_bulk [status:200 request:8.656s]
2025-10-02 16:35:53,671 - INFO - Progress: 9,720,000 indexed, 0 failed, Rate: 11276.5 docs/sec, Queue: 80, Elapsed: 862.0s
2025-10-02 16:35:53,679 - INFO - Progress: 9,730,000 indexed, 0 failed, Rate: 11288.0 docs/sec, Queue: 80, Elapsed: 862.0s
2025-10-02 16:35:53,709 - INFO - Progress: 9,740,000 indexed, 0 failed, Rate: 11299.2 docs/sec, Queue: 80, Elapsed: 862.0s
2025-10-02 16:35:53,718 - INFO - Progress: 9,750,000 indexed, 0 failed, Rate: 11310.7 docs/sec, Queue: 80, Elapsed: 862.0s
2025-10-02 16:35:54,332 - INFO - POST http://localhost:9200/_bulk [status:200 request:4.350s]
2025-10-02 16:35:54,654 - INFO - Worker 1: Parsed 4,950,000 documents
2025-10-02 16:35:55,090 - INFO - POST http://localhost:9200/_bulk [status:200 request:7.434s]
2025-10-02 16:35:55,458 - INFO - Progress: 9,760,000 indexed, 0 failed, Rate: 11299.5 docs/sec, Queue: 80, Elapsed: 863.8s
2025-10-02 16:35:55,842 - INFO - POST http://localhost:9200/_bulk [status:200 request:4.631s]
2025-10-02 16:35:56,640 - INFO - Worker 0: Parsed 5,000,000 documents
2025-10-02 16:35:56,734 - INFO - POST http://localhost:9200/_bulk [status:200 request:4.320s]
2025-10-02 16:35:57,264 - INFO - Overall progress: Parsed 9,964,000, Indexed 0, Queue: 80
2025-10-02 16:35:57,684 - INFO - POST http://localhost:9200/_bulk [status:200 request:8.815s]
2025-10-02 16:35:57,942 - INFO - Progress: 9,770,000 indexed, 0 failed, Rate: 11278.6 docs/sec, Queue: 80, Elapsed: 866.2s
2025-10-02 16:35:57,951 - INFO - Progress: 9,780,000 indexed, 0 failed, Rate: 11290.1 docs/sec, Queue: 80, Elapsed: 866.2s
2025-10-02 16:35:57,975 - INFO - Progress: 9,790,000 indexed, 0 failed, Rate: 11301.3 docs/sec, Queue: 80, Elapsed: 866.3s
2025-10-02 16:35:57,984 - INFO - Progress: 9,800,000 indexed, 0 failed, Rate: 11312.7 docs/sec, Queue: 80, Elapsed: 866.3s
2025-10-02 16:35:58,014 - INFO - === METRICS ES CONSUMER AT 9800000 DOCS ===
2025-10-02 16:35:58,014 - INFO - Process Memory:
2025-10-02 16:35:58,014 - INFO -   RSS: 4.66 GB
2025-10-02 16:35:58,014 - INFO -   VMS: 8.55 GB
2025-10-02 16:35:58,015 - INFO -   % of System: 0.5%
2025-10-02 16:35:58,015 - INFO - System Memory:
2025-10-02 16:35:58,015 - INFO -   Total Used: 19.3%
2025-10-02 16:35:58,020 - INFO -   Available: 689.78 GB
2025-10-02 16:35:58,026 - INFO -   Cached: 106.08 GB
2025-10-02 16:35:58,092 - INFO - POST http://localhost:9200/_bulk [status:200 request:3.873s]
2025-10-02 16:35:59,119 - INFO - CPU:
2025-10-02 16:35:59,125 - INFO -   Process usage: 101.2%
2025-10-02 16:35:59,130 - INFO -   Threads: 38
2025-10-02 16:35:59,131 - INFO -   Allocated cores: 288 (IDs: [0, 1, 2, 3, 4]...)
2025-10-02 16:35:59,132 - INFO - Process I/O:
2025-10-02 16:35:59,132 - INFO -   Read: 0.00 GB
2025-10-02 16:35:59,132 - INFO -   Write: 0.01 GB
2025-10-02 16:35:59,132 - INFO - ==================================================
2025-10-02 16:35:59,271 - INFO - Progress: 9,810,000 indexed, 0 failed, Rate: 11307.5 docs/sec, Queue: 80, Elapsed: 867.6s
2025-10-02 16:35:59,274 - INFO - Progress: 9,820,000 indexed, 0 failed, Rate: 11319.0 docs/sec, Queue: 80, Elapsed: 867.6s
2025-10-02 16:35:59,314 - INFO - Progress: 9,830,000 indexed, 0 failed, Rate: 11330.0 docs/sec, Queue: 80, Elapsed: 867.6s
2025-10-02 16:35:59,322 - INFO - Progress: 9,840,000 indexed, 0 failed, Rate: 11341.4 docs/sec, Queue: 80, Elapsed: 867.6s
2025-10-02 16:35:59,353 - INFO - Progress: 9,850,000 indexed, 0 failed, Rate: 11352.5 docs/sec, Queue: 80, Elapsed: 867.6s
2025-10-02 16:35:59,869 - INFO - POST http://localhost:9200/_bulk [status:200 request:3.374s]
2025-10-02 16:36:00,140 - INFO - Progress: 9,860,000 indexed, 0 failed, Rate: 11353.7 docs/sec, Queue: 80, Elapsed: 868.4s
2025-10-02 16:36:00,149 - INFO - Progress: 9,870,000 indexed, 0 failed, Rate: 11365.1 docs/sec, Queue: 80, Elapsed: 868.4s
2025-10-02 16:36:02,922 - INFO - Worker 1: Parsed 5,000,000 documents
2025-10-02 16:36:03,980 - INFO - POST http://localhost:9200/_bulk [status:200 request:5.321s]
2025-10-02 16:36:04,315 - INFO - Progress: 9,880,000 indexed, 0 failed, Rate: 11322.3 docs/sec, Queue: 80, Elapsed: 872.6s
2025-10-02 16:36:04,324 - INFO - Progress: 9,890,000 indexed, 0 failed, Rate: 11333.7 docs/sec, Queue: 80, Elapsed: 872.6s
2025-10-02 16:36:05,693 - INFO - POST http://localhost:9200/_bulk [status:200 request:4.133s]
2025-10-02 16:36:06,388 - INFO - Worker 0: Parsed 5,050,000 documents
2025-10-02 16:36:07,067 - INFO - POST http://localhost:9200/_bulk [status:200 request:4.306s]
2025-10-02 16:36:07,334 - INFO - Overall progress: Parsed 10,081,000, Indexed 0, Queue: 80
2025-10-02 16:36:08,756 - INFO - POST http://localhost:9200/_bulk [status:200 request:8.423s]
2025-10-02 16:36:09,161 - INFO - Progress: 9,900,000 indexed, 0 failed, Rate: 11282.6 docs/sec, Queue: 80, Elapsed: 877.5s
2025-10-02 16:36:09,183 - INFO - === METRICS ES CONSUMER AT 9900000 DOCS ===
2025-10-02 16:36:09,184 - INFO - Process Memory:
2025-10-02 16:36:09,184 - INFO -   RSS: 5.64 GB
2025-10-02 16:36:09,184 - INFO -   VMS: 9.52 GB
2025-10-02 16:36:09,210 - INFO -   % of System: 0.7%
2025-10-02 16:36:09,215 - INFO - System Memory:
2025-10-02 16:36:09,220 - INFO -   Total Used: 19.4%
2025-10-02 16:36:09,225 - INFO -   Available: 688.92 GB
2025-10-02 16:36:09,230 - INFO -   Cached: 107.87 GB
2025-10-02 16:36:10,322 - INFO - CPU:
2025-10-02 16:36:10,328 - INFO -   Process usage: 100.0%
2025-10-02 16:36:10,333 - INFO -   Threads: 38
2025-10-02 16:36:10,338 - INFO -   Allocated cores: 288 (IDs: [0, 1, 2, 3, 4]...)
2025-10-02 16:36:10,352 - INFO - Process I/O:
2025-10-02 16:36:10,352 - INFO -   Read: 0.00 GB
2025-10-02 16:36:10,352 - INFO -   Write: 0.01 GB
2025-10-02 16:36:10,352 - INFO - ==================================================
2025-10-02 16:36:10,447 - INFO - Progress: 9,910,000 indexed, 0 failed, Rate: 11277.5 docs/sec, Queue: 80, Elapsed: 878.7s
2025-10-02 16:36:10,465 - INFO - Progress: 9,920,000 indexed, 0 failed, Rate: 11288.6 docs/sec, Queue: 80, Elapsed: 878.8s
2025-10-02 16:36:10,497 - INFO - Worker 1: Parsed 5,050,000 documents
2025-10-02 16:36:10,502 - INFO - Progress: 9,930,000 indexed, 0 failed, Rate: 11299.5 docs/sec, Queue: 80, Elapsed: 878.8s
2025-10-02 16:36:10,511 - INFO - Progress: 9,940,000 indexed, 0 failed, Rate: 11310.8 docs/sec, Queue: 80, Elapsed: 878.8s
2025-10-02 16:36:12,190 - INFO - POST http://localhost:9200/_bulk [status:200 request:3.638s]
2025-10-02 16:36:12,503 - INFO - POST http://localhost:9200/_bulk [status:200 request:7.036s]
2025-10-02 16:36:13,538 - INFO - POST http://localhost:9200/_bulk [status:200 request:9.573s]
2025-10-02 16:36:13,867 - INFO - Progress: 9,950,000 indexed, 0 failed, Rate: 11279.1 docs/sec, Queue: 80, Elapsed: 882.2s
2025-10-02 16:36:13,871 - INFO - Progress: 9,960,000 indexed, 0 failed, Rate: 11290.4 docs/sec, Queue: 80, Elapsed: 882.2s
2025-10-02 16:36:13,894 - INFO - Progress: 9,970,000 indexed, 0 failed, Rate: 11301.4 docs/sec, Queue: 80, Elapsed: 882.2s
2025-10-02 16:36:13,904 - INFO - Progress: 9,980,000 indexed, 0 failed, Rate: 11312.6 docs/sec, Queue: 80, Elapsed: 882.2s
2025-10-02 16:36:14,512 - INFO - POST http://localhost:9200/_bulk [status:200 request:7.462s]
2025-10-02 16:36:14,879 - INFO - Progress: 9,990,000 indexed, 0 failed, Rate: 11311.5 docs/sec, Queue: 80, Elapsed: 883.2s
2025-10-02 16:36:14,884 - INFO - Progress: 10,000,000 indexed, 0 failed, Rate: 11322.7 docs/sec, Queue: 80, Elapsed: 883.2s
2025-10-02 16:36:14,933 - INFO - === METRICS ES CONSUMER AT 10000000 DOCS ===
2025-10-02 16:36:14,938 - INFO - Process Memory:
2025-10-02 16:36:14,944 - INFO -   RSS: 5.15 GB
2025-10-02 16:36:14,949 - INFO -   VMS: 9.03 GB
2025-10-02 16:36:14,953 - INFO -   % of System: 0.6%
2025-10-02 16:36:14,953 - INFO - System Memory:
2025-10-02 16:36:14,953 - INFO -   Total Used: 19.4%
2025-10-02 16:36:14,953 - INFO -   Available: 689.09 GB
2025-10-02 16:36:14,953 - INFO -   Cached: 108.68 GB
2025-10-02 16:36:15,976 - INFO - CPU:
2025-10-02 16:36:15,976 - INFO -   Process usage: 101.4%
2025-10-02 16:36:15,976 - INFO -   Threads: 38
2025-10-02 16:36:15,977 - INFO -   Allocated cores: 288 (IDs: [0, 1, 2, 3, 4]...)
2025-10-02 16:36:15,977 - INFO - Process I/O:
2025-10-02 16:36:15,977 - INFO -   Read: 0.00 GB
2025-10-02 16:36:15,977 - INFO -   Write: 0.01 GB
2025-10-02 16:36:15,977 - INFO - ==================================================
2025-10-02 16:36:16,083 - INFO - Progress: 10,010,000 indexed, 0 failed, Rate: 11318.7 docs/sec, Queue: 80, Elapsed: 884.4s
2025-10-02 16:36:16,137 - INFO - POST http://localhost:9200/_bulk [status:200 request:4.637s]
2025-10-02 16:36:16,368 - INFO - POST http://localhost:9200/_bulk [status:200 request:6.219s]
2025-10-02 16:36:16,808 - INFO - Progress: 10,020,000 indexed, 0 failed, Rate: 11320.7 docs/sec, Queue: 80, Elapsed: 885.1s
2025-10-02 16:36:16,821 - INFO - Progress: 10,030,000 indexed, 0 failed, Rate: 11331.8 docs/sec, Queue: 80, Elapsed: 885.1s
2025-10-02 16:36:16,853 - INFO - Progress: 10,040,000 indexed, 0 failed, Rate: 11342.7 docs/sec, Queue: 80, Elapsed: 885.1s
2025-10-02 16:36:16,862 - INFO - Progress: 10,050,000 indexed, 0 failed, Rate: 11353.9 docs/sec, Queue: 80, Elapsed: 885.2s
2025-10-02 16:36:17,361 - INFO - Overall progress: Parsed 10,183,000, Indexed 0, Queue: 80
2025-10-02 16:36:17,573 - INFO - Worker 0: Parsed 5,100,000 documents
2025-10-02 16:36:19,140 - INFO - Worker 1: Parsed 5,100,000 documents
2025-10-02 16:36:21,746 - INFO - POST http://localhost:9200/_bulk [status:200 request:7.459s]
2025-10-02 16:36:22,032 - INFO - Progress: 10,060,000 indexed, 0 failed, Rate: 11299.2 docs/sec, Queue: 80, Elapsed: 890.3s
2025-10-02 16:36:22,040 - INFO - Progress: 10,070,000 indexed, 0 failed, Rate: 11310.3 docs/sec, Queue: 80, Elapsed: 890.3s
2025-10-02 16:36:22,984 - INFO - POST http://localhost:9200/_bulk [status:200 request:7.044s]
2025-10-02 16:36:22,985 - INFO - POST http://localhost:9200/_bulk [status:200 request:3.925s]
2025-10-02 16:36:23,460 - INFO - POST http://localhost:9200/_bulk [status:200 request:5.565s]
2025-10-02 16:36:23,946 - INFO - Progress: 10,080,000 indexed, 0 failed, Rate: 11297.4 docs/sec, Queue: 80, Elapsed: 892.2s
2025-10-02 16:36:23,955 - INFO - Progress: 10,090,000 indexed, 0 failed, Rate: 11308.5 docs/sec, Queue: 80, Elapsed: 892.3s
2025-10-02 16:36:24,097 - INFO - Progress: 10,100,000 indexed, 0 failed, Rate: 11317.9 docs/sec, Queue: 80, Elapsed: 892.4s
2025-10-02 16:36:24,110 - INFO - === METRICS ES CONSUMER AT 10100000 DOCS ===
2025-10-02 16:36:24,110 - INFO - Process Memory:
2025-10-02 16:36:24,110 - INFO -   RSS: 5.15 GB
2025-10-02 16:36:24,110 - INFO -   VMS: 9.04 GB
2025-10-02 16:36:24,110 - INFO -   % of System: 0.6%
2025-10-02 16:36:24,110 - INFO - System Memory:
2025-10-02 16:36:24,120 - INFO -   Total Used: 19.3%
2025-10-02 16:36:24,125 - INFO -   Available: 689.22 GB
2025-10-02 16:36:24,130 - INFO -   Cached: 106.56 GB
2025-10-02 16:36:25,109 - INFO - POST http://localhost:9200/_bulk [status:200 request:3.801s]
2025-10-02 16:36:25,363 - INFO - CPU:
2025-10-02 16:36:25,410 - INFO -   Process usage: 99.7%
2025-10-02 16:36:25,415 - INFO -   Threads: 38
2025-10-02 16:36:25,421 - INFO -   Allocated cores: 288 (IDs: [0, 1, 2, 3, 4]...)
2025-10-02 16:36:25,437 - INFO - Process I/O:
2025-10-02 16:36:25,442 - INFO -   Read: 0.00 GB
2025-10-02 16:36:25,486 - INFO -   Write: 0.01 GB
2025-10-02 16:36:25,571 - INFO - ==================================================
2025-10-02 16:36:25,690 - INFO - Progress: 10,110,000 indexed, 0 failed, Rate: 11308.9 docs/sec, Queue: 80, Elapsed: 894.0s
2025-10-02 16:36:25,699 - INFO - Progress: 10,120,000 indexed, 0 failed, Rate: 11320.0 docs/sec, Queue: 80, Elapsed: 894.0s
2025-10-02 16:36:25,742 - INFO - POST http://localhost:9200/_bulk [status:200 request:5.491s]
2025-10-02 16:36:26,013 - INFO - Progress: 10,130,000 indexed, 0 failed, Rate: 11327.2 docs/sec, Queue: 80, Elapsed: 894.3s
2025-10-02 16:36:26,022 - INFO - Progress: 10,140,000 indexed, 0 failed, Rate: 11338.2 docs/sec, Queue: 80, Elapsed: 894.3s
2025-10-02 16:36:26,054 - INFO - Progress: 10,150,000 indexed, 0 failed, Rate: 11349.0 docs/sec, Queue: 80, Elapsed: 894.4s
2025-10-02 16:36:26,812 - INFO - POST http://localhost:9200/_bulk [status:200 request:3.876s]
2025-10-02 16:36:27,131 - INFO - Progress: 10,160,000 indexed, 0 failed, Rate: 11346.5 docs/sec, Queue: 80, Elapsed: 895.4s
2025-10-02 16:36:27,140 - INFO - Progress: 10,170,000 indexed, 0 failed, Rate: 11357.6 docs/sec, Queue: 80, Elapsed: 895.4s
2025-10-02 16:36:27,374 - INFO - Overall progress: Parsed 10,291,000, Indexed 0, Queue: 80
2025-10-02 16:36:27,853 - INFO - Worker 1: Parsed 5,150,000 documents
2025-10-02 16:36:27,975 - INFO - Worker 0: Parsed 5,150,000 documents
2025-10-02 16:36:31,106 - INFO - POST http://localhost:9200/_bulk [status:200 request:5.489s]
2025-10-02 16:36:31,478 - INFO - Progress: 10,180,000 indexed, 0 failed, Rate: 11313.9 docs/sec, Queue: 80, Elapsed: 899.8s
2025-10-02 16:36:31,487 - INFO - Progress: 10,190,000 indexed, 0 failed, Rate: 11324.9 docs/sec, Queue: 80, Elapsed: 899.8s
2025-10-02 16:36:32,910 - INFO - POST http://localhost:9200/_bulk [status:200 request:5.283s]
2025-10-02 16:36:33,261 - INFO - Progress: 10,200,000 indexed, 0 failed, Rate: 11313.7 docs/sec, Queue: 80, Elapsed: 901.6s
2025-10-02 16:36:33,285 - INFO - === METRICS ES CONSUMER AT 10200000 DOCS ===
2025-10-02 16:36:33,286 - INFO - Process Memory:
2025-10-02 16:36:33,286 - INFO -   RSS: 5.62 GB
2025-10-02 16:36:33,286 - INFO -   VMS: 9.51 GB
2025-10-02 16:36:33,286 - INFO -   % of System: 0.7%
2025-10-02 16:36:33,293 - INFO - System Memory:
2025-10-02 16:36:33,298 - INFO -   Total Used: 19.4%
2025-10-02 16:36:33,304 - INFO -   Available: 688.39 GB
2025-10-02 16:36:33,309 - INFO -   Cached: 108.43 GB
2025-10-02 16:36:34,050 - INFO - POST http://localhost:9200/_bulk [status:200 request:4.150s]
2025-10-02 16:36:34,432 - INFO - CPU:
2025-10-02 16:36:34,433 - INFO -   Process usage: 107.8%
2025-10-02 16:36:34,433 - INFO -   Threads: 38
2025-10-02 16:36:34,433 - INFO -   Allocated cores: 288 (IDs: [0, 1, 2, 3, 4]...)
2025-10-02 16:36:34,433 - INFO - Process I/O:
2025-10-02 16:36:34,433 - INFO -   Read: 0.00 GB
2025-10-02 16:36:34,433 - INFO -   Write: 0.01 GB
2025-10-02 16:36:34,433 - INFO - ==================================================
2025-10-02 16:36:34,507 - INFO - Progress: 10,210,000 indexed, 0 failed, Rate: 11309.2 docs/sec, Queue: 80, Elapsed: 902.8s
2025-10-02 16:36:35,046 - INFO - Worker 1: Parsed 5,200,000 documents
2025-10-02 16:36:35,375 - INFO - POST http://localhost:9200/_bulk [status:200 request:4.269s]
2025-10-02 16:36:35,676 - INFO - POST http://localhost:9200/_bulk [status:200 request:6.830s]
2025-10-02 16:36:35,988 - INFO - Progress: 10,220,000 indexed, 0 failed, Rate: 11301.8 docs/sec, Queue: 80, Elapsed: 904.3s
2025-10-02 16:36:36,015 - INFO - Progress: 10,230,000 indexed, 0 failed, Rate: 11312.5 docs/sec, Queue: 80, Elapsed: 904.3s
2025-10-02 16:36:36,024 - INFO - Progress: 10,240,000 indexed, 0 failed, Rate: 11323.4 docs/sec, Queue: 80, Elapsed: 904.3s
2025-10-02 16:36:36,055 - INFO - Progress: 10,250,000 indexed, 0 failed, Rate: 11334.1 docs/sec, Queue: 80, Elapsed: 904.4s
2025-10-02 16:36:36,066 - INFO - Progress: 10,260,000 indexed, 0 failed, Rate: 11345.0 docs/sec, Queue: 80, Elapsed: 904.4s
2025-10-02 16:36:36,900 - INFO - Worker 0: Parsed 5,200,000 documents
2025-10-02 16:36:37,437 - INFO - Overall progress: Parsed 10,415,000, Indexed 0, Queue: 80
2025-10-02 16:36:38,433 - INFO - POST http://localhost:9200/_bulk [status:200 request:5.798s]
2025-10-02 16:36:38,711 - INFO - Progress: 10,270,000 indexed, 0 failed, Rate: 11322.9 docs/sec, Queue: 80, Elapsed: 907.0s
2025-10-02 16:36:38,717 - INFO - Progress: 10,280,000 indexed, 0 failed, Rate: 11333.9 docs/sec, Queue: 80, Elapsed: 907.0s
2025-10-02 16:36:39,632 - INFO - POST http://localhost:9200/_bulk [status:200 request:5.156s]
2025-10-02 16:36:39,977 - INFO - Progress: 10,290,000 indexed, 0 failed, Rate: 11329.2 docs/sec, Queue: 80, Elapsed: 908.3s
2025-10-02 16:36:40,033 - INFO - POST http://localhost:9200/_bulk [status:200 request:3.735s]
2025-10-02 16:36:40,325 - INFO - Progress: 10,300,000 indexed, 0 failed, Rate: 11335.8 docs/sec, Queue: 80, Elapsed: 908.6s
2025-10-02 16:36:40,342 - INFO - === METRICS ES CONSUMER AT 10300000 DOCS ===
2025-10-02 16:36:40,343 - INFO - Process Memory:
2025-10-02 16:36:40,343 - INFO -   RSS: 4.66 GB
2025-10-02 16:36:40,343 - INFO -   VMS: 8.54 GB
2025-10-02 16:36:40,361 - INFO -   % of System: 0.5%
2025-10-02 16:36:40,366 - INFO - System Memory:
2025-10-02 16:36:40,371 - INFO -   Total Used: 19.3%
2025-10-02 16:36:40,377 - INFO -   Available: 689.53 GB
2025-10-02 16:36:40,382 - INFO -   Cached: 109.28 GB
2025-10-02 16:36:41,202 - INFO - POST http://localhost:9200/_bulk [status:200 request:3.720s]
2025-10-02 16:36:41,511 - INFO - CPU:
2025-10-02 16:36:41,511 - INFO -   Process usage: 102.0%
2025-10-02 16:36:41,512 - INFO -   Threads: 38
2025-10-02 16:36:41,512 - INFO -   Allocated cores: 288 (IDs: [0, 1, 2, 3, 4]...)
2025-10-02 16:36:41,512 - INFO - Process I/O:
2025-10-02 16:36:41,512 - INFO -   Read: 0.00 GB
2025-10-02 16:36:41,512 - INFO -   Write: 0.01 GB
2025-10-02 16:36:41,512 - INFO - ==================================================
2025-10-02 16:36:41,576 - INFO - Progress: 10,310,000 indexed, 0 failed, Rate: 11331.3 docs/sec, Queue: 80, Elapsed: 909.9s
2025-10-02 16:36:41,616 - INFO - Progress: 10,320,000 indexed, 0 failed, Rate: 11341.7 docs/sec, Queue: 80, Elapsed: 909.9s
2025-10-02 16:36:41,625 - INFO - Progress: 10,330,000 indexed, 0 failed, Rate: 11352.6 docs/sec, Queue: 80, Elapsed: 909.9s
2025-10-02 16:36:42,700 - INFO - POST http://localhost:9200/_bulk [status:200 request:3.656s]
2025-10-02 16:36:43,032 - INFO - Progress: 10,340,000 indexed, 0 failed, Rate: 11346.1 docs/sec, Queue: 80, Elapsed: 911.3s
2025-10-02 16:36:43,041 - INFO - Progress: 10,350,000 indexed, 0 failed, Rate: 11356.9 docs/sec, Queue: 80, Elapsed: 911.3s
2025-10-02 16:36:43,696 - INFO - Worker 1: Parsed 5,250,000 documents
2025-10-02 16:36:44,864 - INFO - POST http://localhost:9200/_bulk [status:200 request:3.810s]
2025-10-02 16:36:45,203 - INFO - Progress: 10,360,000 indexed, 0 failed, Rate: 11341.0 docs/sec, Queue: 80, Elapsed: 913.5s
2025-10-02 16:36:46,235 - INFO - POST http://localhost:9200/_bulk [status:200 request:3.600s]
2025-10-02 16:36:46,591 - INFO - Progress: 10,370,000 indexed, 0 failed, Rate: 11334.7 docs/sec, Queue: 80, Elapsed: 914.9s
2025-10-02 16:36:46,599 - INFO - Progress: 10,380,000 indexed, 0 failed, Rate: 11345.6 docs/sec, Queue: 80, Elapsed: 914.9s
2025-10-02 16:36:47,053 - INFO - Worker 0: Parsed 5,250,000 documents
2025-10-02 16:36:47,443 - INFO - Overall progress: Parsed 10,523,000, Indexed 0, Queue: 80
2025-10-02 16:36:48,096 - INFO - POST http://localhost:9200/_bulk [status:200 request:3.903s]
2025-10-02 16:36:48,450 - INFO - Progress: 10,390,000 indexed, 0 failed, Rate: 11333.6 docs/sec, Queue: 80, Elapsed: 916.7s
2025-10-02 16:36:48,458 - INFO - Progress: 10,400,000 indexed, 0 failed, Rate: 11344.4 docs/sec, Queue: 80, Elapsed: 916.8s
2025-10-02 16:36:48,478 - INFO - === METRICS ES CONSUMER AT 10400000 DOCS ===
2025-10-02 16:36:48,478 - INFO - Process Memory:
2025-10-02 16:36:48,478 - INFO -   RSS: 4.66 GB
2025-10-02 16:36:48,478 - INFO -   VMS: 8.54 GB
2025-10-02 16:36:48,478 - INFO -   % of System: 0.5%
2025-10-02 16:36:48,485 - INFO - System Memory:
2025-10-02 16:36:48,490 - INFO -   Total Used: 19.3%
2025-10-02 16:36:48,497 - INFO -   Available: 689.82 GB
2025-10-02 16:36:48,502 - INFO -   Cached: 110.97 GB
2025-10-02 16:36:49,347 - INFO - POST http://localhost:9200/_bulk [status:200 request:3.642s]
2025-10-02 16:36:49,594 - INFO - CPU:
2025-10-02 16:36:49,649 - INFO -   Process usage: 101.9%
2025-10-02 16:36:49,655 - INFO -   Threads: 38
2025-10-02 16:36:49,655 - INFO -   Allocated cores: 288 (IDs: [0, 1, 2, 3, 4]...)
2025-10-02 16:36:49,673 - INFO - Process I/O:
2025-10-02 16:36:49,678 - INFO -   Read: 0.00 GB
2025-10-02 16:36:49,683 - INFO -   Write: 0.01 GB
2025-10-02 16:36:49,688 - INFO - ==================================================
2025-10-02 16:36:49,785 - INFO - Progress: 10,410,000 indexed, 0 failed, Rate: 11338.9 docs/sec, Queue: 80, Elapsed: 918.1s
2025-10-02 16:36:49,795 - INFO - Progress: 10,420,000 indexed, 0 failed, Rate: 11349.6 docs/sec, Queue: 80, Elapsed: 918.1s
2025-10-02 16:36:50,936 - INFO - POST http://localhost:9200/_bulk [status:200 request:3.599s]
2025-10-02 16:36:51,247 - INFO - Progress: 10,430,000 indexed, 0 failed, Rate: 11342.6 docs/sec, Queue: 80, Elapsed: 919.5s
2025-10-02 16:36:51,255 - INFO - Progress: 10,440,000 indexed, 0 failed, Rate: 11353.4 docs/sec, Queue: 80, Elapsed: 919.6s
2025-10-02 16:36:51,923 - INFO - Worker 1: Parsed 5,300,000 documents
2025-10-02 16:36:55,531 - INFO - Worker 0: Parsed 5,300,000 documents
2025-10-02 16:36:55,905 - INFO - POST http://localhost:9200/_bulk [status:200 request:3.958s]
2025-10-02 16:36:56,850 - INFO - POST http://localhost:9200/_bulk [status:200 request:7.957s]
2025-10-02 16:36:57,278 - INFO - Progress: 10,450,000 indexed, 0 failed, Rate: 11290.3 docs/sec, Queue: 80, Elapsed: 925.6s
2025-10-02 16:36:57,421 - INFO - POST http://localhost:9200/_bulk [status:200 request:4.300s]
2025-10-02 16:36:57,674 - INFO - Overall progress: Parsed 10,646,000, Indexed 0, Queue: 80
2025-10-02 16:36:58,894 - INFO - POST http://localhost:9200/_bulk [status:200 request:8.464s]
2025-10-02 16:36:59,301 - INFO - Progress: 10,460,000 indexed, 0 failed, Rate: 11276.4 docs/sec, Queue: 80, Elapsed: 927.6s
2025-10-02 16:36:59,309 - INFO - Progress: 10,470,000 indexed, 0 failed, Rate: 11287.1 docs/sec, Queue: 80, Elapsed: 927.6s
2025-10-02 16:36:59,341 - INFO - Progress: 10,480,000 indexed, 0 failed, Rate: 11297.5 docs/sec, Queue: 80, Elapsed: 927.6s
2025-10-02 16:36:59,349 - INFO - Progress: 10,490,000 indexed, 0 failed, Rate: 11308.2 docs/sec, Queue: 80, Elapsed: 927.6s
2025-10-02 16:36:59,380 - INFO - Progress: 10,500,000 indexed, 0 failed, Rate: 11318.6 docs/sec, Queue: 80, Elapsed: 927.7s
2025-10-02 16:36:59,391 - INFO - === METRICS ES CONSUMER AT 10500000 DOCS ===
2025-10-02 16:36:59,397 - INFO - Process Memory:
2025-10-02 16:36:59,402 - INFO -   RSS: 5.63 GB
2025-10-02 16:36:59,407 - INFO -   VMS: 9.51 GB
2025-10-02 16:36:59,428 - INFO -   % of System: 0.7%
2025-10-02 16:36:59,433 - INFO - System Memory:
2025-10-02 16:36:59,438 - INFO -   Total Used: 19.6%
2025-10-02 16:36:59,442 - INFO -   Available: 687.23 GB
2025-10-02 16:36:59,442 - INFO -   Cached: 110.37 GB
2025-10-02 16:36:59,515 - INFO - Worker 1: Parsed 5,350,000 documents
2025-10-02 16:37:00,447 - INFO - CPU:
2025-10-02 16:37:00,447 - INFO -   Process usage: 99.7%
2025-10-02 16:37:00,447 - INFO -   Threads: 38
2025-10-02 16:37:00,447 - INFO -   Allocated cores: 288 (IDs: [0, 1, 2, 3, 4]...)
2025-10-02 16:37:00,448 - INFO - Process I/O:
2025-10-02 16:37:00,448 - INFO -   Read: 0.00 GB
2025-10-02 16:37:00,448 - INFO -   Write: 0.01 GB
2025-10-02 16:37:00,448 - INFO - ==================================================
2025-10-02 16:37:00,673 - INFO - POST http://localhost:9200/_bulk [status:200 request:6.376s]
2025-10-02 16:37:00,932 - INFO - Progress: 10,510,000 indexed, 0 failed, Rate: 11310.5 docs/sec, Queue: 80, Elapsed: 929.2s
2025-10-02 16:37:00,941 - INFO - Progress: 10,520,000 indexed, 0 failed, Rate: 11321.1 docs/sec, Queue: 80, Elapsed: 929.2s
2025-10-02 16:37:02,805 - INFO - POST http://localhost:9200/_bulk [status:200 request:7.389s]
2025-10-02 16:37:03,257 - INFO - POST http://localhost:9200/_bulk [status:200 request:4.374s]
2025-10-02 16:37:03,817 - INFO - Progress: 10,530,000 indexed, 0 failed, Rate: 11296.9 docs/sec, Queue: 80, Elapsed: 932.1s
2025-10-02 16:37:03,826 - INFO - Progress: 10,540,000 indexed, 0 failed, Rate: 11307.5 docs/sec, Queue: 80, Elapsed: 932.1s
2025-10-02 16:37:04,482 - INFO - POST http://localhost:9200/_bulk [status:200 request:3.990s]
2025-10-02 16:37:05,544 - INFO - POST http://localhost:9200/_bulk [status:200 request:3.514s]
2025-10-02 16:37:06,337 - INFO - POST http://localhost:9200/_bulk [status:200 request:9.125s]
2025-10-02 16:37:06,501 - INFO - Worker 0: Parsed 5,350,000 documents
2025-10-02 16:37:06,631 - INFO - Progress: 10,550,000 indexed, 0 failed, Rate: 11284.3 docs/sec, Queue: 80, Elapsed: 934.9s
2025-10-02 16:37:06,640 - INFO - Progress: 10,560,000 indexed, 0 failed, Rate: 11294.9 docs/sec, Queue: 80, Elapsed: 934.9s
2025-10-02 16:37:06,671 - INFO - Progress: 10,570,000 indexed, 0 failed, Rate: 11305.2 docs/sec, Queue: 80, Elapsed: 935.0s
2025-10-02 16:37:06,680 - INFO - Progress: 10,580,000 indexed, 0 failed, Rate: 11315.8 docs/sec, Queue: 80, Elapsed: 935.0s
2025-10-02 16:37:06,710 - INFO - Progress: 10,590,000 indexed, 0 failed, Rate: 11326.1 docs/sec, Queue: 80, Elapsed: 935.0s
2025-10-02 16:37:06,747 - INFO - Progress: 10,600,000 indexed, 0 failed, Rate: 11336.4 docs/sec, Queue: 80, Elapsed: 935.0s
2025-10-02 16:37:06,752 - INFO - === METRICS ES CONSUMER AT 10600000 DOCS ===
2025-10-02 16:37:06,758 - INFO - Process Memory:
2025-10-02 16:37:06,763 - INFO -   RSS: 4.66 GB
2025-10-02 16:37:06,768 - INFO -   VMS: 8.54 GB
2025-10-02 16:37:06,788 - INFO -   % of System: 0.5%
2025-10-02 16:37:06,794 - INFO - System Memory:
2025-10-02 16:37:06,799 - INFO -   Total Used: 19.5%
2025-10-02 16:37:06,804 - INFO -   Available: 687.61 GB
2025-10-02 16:37:06,809 - INFO -   Cached: 110.88 GB
2025-10-02 16:37:07,769 - INFO - Overall progress: Parsed 10,751,000, Indexed 0, Queue: 80
2025-10-02 16:37:07,844 - INFO - CPU:
2025-10-02 16:37:07,844 - INFO -   Process usage: 102.8%
2025-10-02 16:37:07,844 - INFO -   Threads: 38
2025-10-02 16:37:07,844 - INFO -   Allocated cores: 288 (IDs: [0, 1, 2, 3, 4]...)
2025-10-02 16:37:07,844 - INFO - Process I/O:
2025-10-02 16:37:07,844 - INFO -   Read: 0.00 GB
2025-10-02 16:37:07,844 - INFO -   Write: 0.01 GB
2025-10-02 16:37:07,844 - INFO - ==================================================
2025-10-02 16:37:07,901 - INFO - Progress: 10,610,000 indexed, 0 failed, Rate: 11333.1 docs/sec, Queue: 80, Elapsed: 936.2s
2025-10-02 16:37:07,946 - INFO - POST http://localhost:9200/_bulk [status:200 request:3.766s]
2025-10-02 16:37:08,231 - INFO - Progress: 10,620,000 indexed, 0 failed, Rate: 11339.8 docs/sec, Queue: 80, Elapsed: 936.5s
2025-10-02 16:37:08,240 - INFO - Progress: 10,630,000 indexed, 0 failed, Rate: 11350.3 docs/sec, Queue: 80, Elapsed: 936.5s
2025-10-02 16:37:08,788 - INFO - Worker 1: Parsed 5,400,000 documents
2025-10-02 16:37:13,939 - INFO - POST http://localhost:9200/_bulk [status:200 request:7.756s]
2025-10-02 16:37:14,236 - INFO - Progress: 10,640,000 indexed, 0 failed, Rate: 11288.7 docs/sec, Queue: 80, Elapsed: 942.5s
2025-10-02 16:37:14,250 - INFO - Progress: 10,650,000 indexed, 0 failed, Rate: 11299.2 docs/sec, Queue: 80, Elapsed: 942.5s
2025-10-02 16:37:14,296 - INFO - POST http://localhost:9200/_bulk [status:200 request:4.972s]
2025-10-02 16:37:14,591 - INFO - POST http://localhost:9200/_bulk [status:200 request:4.071s]
2025-10-02 16:37:15,147 - INFO - Worker 0: Parsed 5,400,000 documents
2025-10-02 16:37:15,653 - INFO - POST http://localhost:9200/_bulk [status:200 request:3.986s]
2025-10-02 16:37:15,913 - INFO - POST http://localhost:9200/_bulk [status:200 request:8.103s]
2025-10-02 16:37:16,382 - INFO - Progress: 10,660,000 indexed, 0 failed, Rate: 11284.3 docs/sec, Queue: 80, Elapsed: 944.7s
2025-10-02 16:37:16,388 - INFO - Progress: 10,670,000 indexed, 0 failed, Rate: 11294.8 docs/sec, Queue: 80, Elapsed: 944.7s
2025-10-02 16:37:16,416 - INFO - Progress: 10,680,000 indexed, 0 failed, Rate: 11305.0 docs/sec, Queue: 80, Elapsed: 944.7s
2025-10-02 16:37:16,452 - INFO - Progress: 10,690,000 indexed, 0 failed, Rate: 11315.2 docs/sec, Queue: 80, Elapsed: 944.7s
2025-10-02 16:37:16,461 - INFO - Progress: 10,700,000 indexed, 0 failed, Rate: 11325.7 docs/sec, Queue: 80, Elapsed: 944.8s
2025-10-02 16:37:16,502 - INFO - === METRICS ES CONSUMER AT 10700000 DOCS ===
2025-10-02 16:37:16,502 - INFO - Process Memory:
2025-10-02 16:37:16,502 - INFO -   RSS: 4.66 GB
2025-10-02 16:37:16,502 - INFO -   VMS: 8.55 GB
2025-10-02 16:37:16,502 - INFO -   % of System: 0.5%
2025-10-02 16:37:16,508 - INFO - System Memory:
2025-10-02 16:37:16,514 - INFO -   Total Used: 19.5%
2025-10-02 16:37:16,519 - INFO -   Available: 687.54 GB
2025-10-02 16:37:16,524 - INFO -   Cached: 112.03 GB
2025-10-02 16:37:16,882 - INFO - Worker 1: Parsed 5,450,000 documents
2025-10-02 16:37:17,200 - INFO - POST http://localhost:9200/_bulk [status:200 request:4.436s]
2025-10-02 16:37:17,549 - INFO - CPU:
2025-10-02 16:37:17,550 - INFO -   Process usage: 100.1%
2025-10-02 16:37:17,550 - INFO -   Threads: 38
2025-10-02 16:37:17,550 - INFO -   Allocated cores: 288 (IDs: [0, 1, 2, 3, 4]...)
2025-10-02 16:37:17,550 - INFO - Process I/O:
2025-10-02 16:37:17,550 - INFO -   Read: 0.00 GB
2025-10-02 16:37:17,550 - INFO -   Write: 0.01 GB
2025-10-02 16:37:17,550 - INFO - ==================================================
2025-10-02 16:37:17,655 - INFO - Progress: 10,710,000 indexed, 0 failed, Rate: 11321.9 docs/sec, Queue: 80, Elapsed: 946.0s
2025-10-02 16:37:17,710 - INFO - Progress: 10,720,000 indexed, 0 failed, Rate: 11331.8 docs/sec, Queue: 80, Elapsed: 946.0s
2025-10-02 16:37:17,716 - INFO - POST http://localhost:9200/_bulk [status:200 request:3.727s]
2025-10-02 16:37:17,753 - INFO - Progress: 10,730,000 indexed, 0 failed, Rate: 11341.9 docs/sec, Queue: 80, Elapsed: 946.1s
2025-10-02 16:37:17,912 - INFO - Progress: 10,740,000 indexed, 0 failed, Rate: 11350.6 docs/sec, Queue: 80, Elapsed: 946.2s
2025-10-02 16:37:17,917 - INFO - Overall progress: Parsed 10,860,000, Indexed 0, Queue: 80
2025-10-02 16:37:18,017 - INFO - Progress: 10,750,000 indexed, 0 failed, Rate: 11359.9 docs/sec, Queue: 80, Elapsed: 946.3s
2025-10-02 16:37:20,609 - INFO - POST http://localhost:9200/_bulk [status:200 request:3.508s]
2025-10-02 16:37:20,932 - INFO - Progress: 10,760,000 indexed, 0 failed, Rate: 11335.5 docs/sec, Queue: 80, Elapsed: 949.2s
2025-10-02 16:37:20,935 - INFO - Progress: 10,770,000 indexed, 0 failed, Rate: 11346.0 docs/sec, Queue: 80, Elapsed: 949.2s
2025-10-02 16:37:22,599 - INFO - POST http://localhost:9200/_bulk [status:200 request:3.565s]
2025-10-02 16:37:22,896 - INFO - Progress: 10,780,000 indexed, 0 failed, Rate: 11333.1 docs/sec, Queue: 80, Elapsed: 951.2s
2025-10-02 16:37:22,905 - INFO - Progress: 10,790,000 indexed, 0 failed, Rate: 11343.5 docs/sec, Queue: 80, Elapsed: 951.2s
2025-10-02 16:37:24,637 - INFO - POST http://localhost:9200/_bulk [status:200 request:4.452s]
2025-10-02 16:37:24,848 - INFO - Worker 0: Parsed 5,450,000 documents
2025-10-02 16:37:24,933 - INFO - Progress: 10,800,000 indexed, 0 failed, Rate: 11329.9 docs/sec, Queue: 80, Elapsed: 953.2s
2025-10-02 16:37:24,976 - INFO - === METRICS ES CONSUMER AT 10800000 DOCS ===
2025-10-02 16:37:24,977 - INFO - Process Memory:
2025-10-02 16:37:24,977 - INFO -   RSS: 5.13 GB
2025-10-02 16:37:24,977 - INFO -   VMS: 9.02 GB
2025-10-02 16:37:24,977 - INFO -   % of System: 0.6%
2025-10-02 16:37:24,977 - INFO - System Memory:
2025-10-02 16:37:24,977 - INFO -   Total Used: 19.6%
2025-10-02 16:37:24,977 - INFO -   Available: 686.76 GB
2025-10-02 16:37:24,977 - INFO -   Cached: 112.67 GB
2025-10-02 16:37:24,986 - INFO - Worker 1: Parsed 5,500,000 documents
2025-10-02 16:37:25,999 - INFO - CPU:
2025-10-02 16:37:26,000 - INFO -   Process usage: 102.4%
2025-10-02 16:37:26,000 - INFO -   Threads: 38
2025-10-02 16:37:26,000 - INFO -   Allocated cores: 288 (IDs: [0, 1, 2, 3, 4]...)
2025-10-02 16:37:26,000 - INFO - Process I/O:
2025-10-02 16:37:26,000 - INFO -   Read: 0.00 GB
2025-10-02 16:37:26,000 - INFO -   Write: 0.01 GB
2025-10-02 16:37:26,000 - INFO - ==================================================
2025-10-02 16:37:26,067 - INFO - Progress: 10,810,000 indexed, 0 failed, Rate: 11326.9 docs/sec, Queue: 80, Elapsed: 954.4s
2025-10-02 16:37:27,942 - INFO - POST http://localhost:9200/_bulk [status:200 request:4.723s]
2025-10-02 16:37:28,075 - INFO - Overall progress: Parsed 10,995,000, Indexed 0, Queue: 80
2025-10-02 16:37:28,677 - INFO - POST http://localhost:9200/_bulk [status:200 request:6.978s]
2025-10-02 16:37:28,953 - INFO - Progress: 10,820,000 indexed, 0 failed, Rate: 11303.2 docs/sec, Queue: 80, Elapsed: 957.2s
2025-10-02 16:37:28,984 - INFO - Progress: 10,830,000 indexed, 0 failed, Rate: 11313.3 docs/sec, Queue: 80, Elapsed: 957.3s
2025-10-02 16:37:28,993 - INFO - Progress: 10,840,000 indexed, 0 failed, Rate: 11323.6 docs/sec, Queue: 80, Elapsed: 957.3s
2025-10-02 16:37:31,210 - INFO - POST http://localhost:9200/_bulk [status:200 request:5.412s]
2025-10-02 16:37:31,485 - INFO - POST http://localhost:9200/_bulk [status:200 request:4.491s]
2025-10-02 16:37:32,302 - INFO - POST http://localhost:9200/_bulk [status:200 request:3.879s]
2025-10-02 16:37:32,934 - INFO - Worker 1: Parsed 5,550,000 documents
2025-10-02 16:37:33,074 - INFO - POST http://localhost:9200/_bulk [status:200 request:8.685s]
2025-10-02 16:37:33,338 - INFO - Progress: 10,850,000 indexed, 0 failed, Rate: 11282.9 docs/sec, Queue: 80, Elapsed: 961.6s
2025-10-02 16:37:33,341 - INFO - Progress: 10,860,000 indexed, 0 failed, Rate: 11293.2 docs/sec, Queue: 80, Elapsed: 961.6s
2025-10-02 16:37:33,365 - INFO - Progress: 10,870,000 indexed, 0 failed, Rate: 11303.4 docs/sec, Queue: 80, Elapsed: 961.7s
2025-10-02 16:37:33,373 - INFO - Progress: 10,880,000 indexed, 0 failed, Rate: 11313.7 docs/sec, Queue: 80, Elapsed: 961.7s
2025-10-02 16:37:33,405 - INFO - Progress: 10,890,000 indexed, 0 failed, Rate: 11323.7 docs/sec, Queue: 80, Elapsed: 961.7s
2025-10-02 16:37:33,435 - INFO - Progress: 10,900,000 indexed, 0 failed, Rate: 11333.7 docs/sec, Queue: 80, Elapsed: 961.7s
2025-10-02 16:37:33,463 - INFO - === METRICS ES CONSUMER AT 10900000 DOCS ===
2025-10-02 16:37:33,463 - INFO - Process Memory:
2025-10-02 16:37:33,463 - INFO -   RSS: 4.65 GB
2025-10-02 16:37:33,464 - INFO -   VMS: 8.54 GB
2025-10-02 16:37:33,485 - INFO -   % of System: 0.5%
2025-10-02 16:37:33,491 - INFO - System Memory:
2025-10-02 16:37:33,496 - INFO -   Total Used: 19.6%
2025-10-02 16:37:33,540 - INFO -   Available: 686.62 GB
2025-10-02 16:37:33,626 - INFO -   Cached: 111.13 GB
2025-10-02 16:37:33,775 - INFO - Worker 0: Parsed 5,500,000 documents
2025-10-02 16:37:34,669 - INFO - CPU:
2025-10-02 16:37:34,674 - INFO -   Process usage: 101.3%
2025-10-02 16:37:34,676 - INFO -   Threads: 38
2025-10-02 16:37:34,676 - INFO -   Allocated cores: 288 (IDs: [0, 1, 2, 3, 4]...)
2025-10-02 16:37:34,677 - INFO - Process I/O:
2025-10-02 16:37:34,677 - INFO -   Read: 0.00 GB
2025-10-02 16:37:34,677 - INFO -   Write: 0.01 GB
2025-10-02 16:37:34,677 - INFO - ==================================================
2025-10-02 16:37:34,745 - INFO - Progress: 10,910,000 indexed, 0 failed, Rate: 11328.7 docs/sec, Queue: 80, Elapsed: 963.0s
2025-10-02 16:37:35,789 - INFO - POST http://localhost:9200/_bulk [status:200 request:5.756s]
2025-10-02 16:37:36,152 - INFO - Progress: 10,920,000 indexed, 0 failed, Rate: 11322.5 docs/sec, Queue: 80, Elapsed: 964.4s
2025-10-02 16:37:36,163 - INFO - Progress: 10,930,000 indexed, 0 failed, Rate: 11332.8 docs/sec, Queue: 80, Elapsed: 964.5s
2025-10-02 16:37:37,058 - INFO - POST http://localhost:9200/_bulk [status:200 request:3.384s]
2025-10-02 16:37:37,460 - INFO - POST http://localhost:9200/_bulk [status:200 request:6.323s]
2025-10-02 16:37:37,829 - INFO - Progress: 10,940,000 indexed, 0 failed, Rate: 11323.6 docs/sec, Queue: 80, Elapsed: 966.1s
2025-10-02 16:37:37,838 - INFO - Progress: 10,950,000 indexed, 0 failed, Rate: 11333.8 docs/sec, Queue: 80, Elapsed: 966.1s
2025-10-02 16:37:37,869 - INFO - Progress: 10,960,000 indexed, 0 failed, Rate: 11343.8 docs/sec, Queue: 80, Elapsed: 966.2s
2025-10-02 16:37:38,101 - INFO - Overall progress: Parsed 11,099,000, Indexed 0, Queue: 80
2025-10-02 16:37:40,211 - INFO - POST http://localhost:9200/_bulk [status:200 request:5.259s]
2025-10-02 16:37:40,581 - INFO - Progress: 10,970,000 indexed, 0 failed, Rate: 11322.4 docs/sec, Queue: 80, Elapsed: 968.9s
2025-10-02 16:37:40,585 - INFO - Progress: 10,980,000 indexed, 0 failed, Rate: 11332.7 docs/sec, Queue: 80, Elapsed: 968.9s
2025-10-02 16:37:41,245 - INFO - Worker 1: Parsed 5,600,000 documents
2025-10-02 16:37:41,665 - INFO - POST http://localhost:9200/_bulk [status:200 request:5.211s]
2025-10-02 16:37:41,994 - INFO - Progress: 10,990,000 indexed, 0 failed, Rate: 11326.5 docs/sec, Queue: 80, Elapsed: 970.3s
2025-10-02 16:37:42,003 - INFO - Progress: 11,000,000 indexed, 0 failed, Rate: 11336.7 docs/sec, Queue: 80, Elapsed: 970.3s
2025-10-02 16:37:42,033 - INFO - === METRICS ES CONSUMER AT 11000000 DOCS ===
2025-10-02 16:37:42,033 - INFO - Process Memory:
2025-10-02 16:37:42,033 - INFO -   RSS: 5.13 GB
2025-10-02 16:37:42,033 - INFO -   VMS: 9.03 GB
2025-10-02 16:37:42,033 - INFO -   % of System: 0.6%
2025-10-02 16:37:42,039 - INFO - System Memory:
2025-10-02 16:37:42,044 - INFO -   Total Used: 19.7%
2025-10-02 16:37:42,050 - INFO -   Available: 686.14 GB
2025-10-02 16:37:42,055 - INFO -   Cached: 112.78 GB
2025-10-02 16:37:42,377 - INFO - Worker 0: Parsed 5,550,000 documents
2025-10-02 16:37:43,103 - INFO - CPU:
2025-10-02 16:37:43,108 - INFO -   Process usage: 101.3%
2025-10-02 16:37:43,112 - INFO -   Threads: 38
2025-10-02 16:37:43,112 - INFO -   Allocated cores: 288 (IDs: [0, 1, 2, 3, 4]...)
2025-10-02 16:37:43,112 - INFO - Process I/O:
2025-10-02 16:37:43,112 - INFO -   Read: 0.00 GB
2025-10-02 16:37:43,112 - INFO -   Write: 0.01 GB
2025-10-02 16:37:43,112 - INFO - ==================================================
2025-10-02 16:37:44,910 - INFO - POST http://localhost:9200/_bulk [status:200 request:3.831s]
2025-10-02 16:37:45,183 - INFO - POST http://localhost:9200/_bulk [status:200 request:6.774s]
2025-10-02 16:37:45,707 - INFO - Progress: 11,010,000 indexed, 0 failed, Rate: 11303.9 docs/sec, Queue: 80, Elapsed: 974.0s
2025-10-02 16:37:45,715 - INFO - Progress: 11,020,000 indexed, 0 failed, Rate: 11314.0 docs/sec, Queue: 80, Elapsed: 974.0s
2025-10-02 16:37:45,757 - INFO - POST http://localhost:9200/_bulk [status:200 request:6.236s]
2025-10-02 16:37:46,058 - INFO - Progress: 11,030,000 indexed, 0 failed, Rate: 11320.3 docs/sec, Queue: 80, Elapsed: 974.4s
2025-10-02 16:37:46,092 - INFO - Progress: 11,040,000 indexed, 0 failed, Rate: 11330.2 docs/sec, Queue: 80, Elapsed: 974.4s
2025-10-02 16:37:46,100 - INFO - Progress: 11,050,000 indexed, 0 failed, Rate: 11340.3 docs/sec, Queue: 80, Elapsed: 974.4s
2025-10-02 16:37:46,808 - INFO - POST http://localhost:9200/_bulk [status:200 request:4.236s]
2025-10-02 16:37:47,191 - INFO - Progress: 11,060,000 indexed, 0 failed, Rate: 11337.9 docs/sec, Queue: 80, Elapsed: 975.5s
2025-10-02 16:37:47,200 - INFO - Progress: 11,070,000 indexed, 0 failed, Rate: 11348.1 docs/sec, Queue: 80, Elapsed: 975.5s
2025-10-02 16:37:47,701 - INFO - POST http://localhost:9200/_bulk [status:200 request:3.878s]
2025-10-02 16:37:48,004 - INFO - Progress: 11,080,000 indexed, 0 failed, Rate: 11349.0 docs/sec, Queue: 80, Elapsed: 976.3s
2025-10-02 16:37:48,008 - INFO - Progress: 11,090,000 indexed, 0 failed, Rate: 11359.2 docs/sec, Queue: 80, Elapsed: 976.3s
2025-10-02 16:37:48,122 - INFO - Overall progress: Parsed 11,210,000, Indexed 0, Queue: 80
2025-10-02 16:37:48,357 - INFO - POST http://localhost:9200/_bulk [status:200 request:3.463s]
2025-10-02 16:37:48,641 - INFO - Progress: 11,100,000 indexed, 0 failed, Rate: 11362.0 docs/sec, Queue: 80, Elapsed: 976.9s
2025-10-02 16:37:48,683 - INFO - === METRICS ES CONSUMER AT 11100000 DOCS ===
2025-10-02 16:37:48,688 - INFO - Process Memory:
2025-10-02 16:37:48,688 - INFO -   RSS: 4.17 GB
2025-10-02 16:37:48,688 - INFO -   VMS: 8.06 GB
2025-10-02 16:37:48,688 - INFO -   % of System: 0.5%
2025-10-02 16:37:48,688 - INFO - System Memory:
2025-10-02 16:37:48,688 - INFO -   Total Used: 19.6%
2025-10-02 16:37:48,688 - INFO -   Available: 686.75 GB
2025-10-02 16:37:48,689 - INFO -   Cached: 113.44 GB
2025-10-02 16:37:49,721 - INFO - CPU:
2025-10-02 16:37:49,726 - INFO -   Process usage: 102.3%
2025-10-02 16:37:49,731 - INFO -   Threads: 38
2025-10-02 16:37:49,737 - INFO -   Allocated cores: 288 (IDs: [0, 1, 2, 3, 4]...)
2025-10-02 16:37:49,745 - INFO - Process I/O:
2025-10-02 16:37:49,745 - INFO -   Read: 0.00 GB
2025-10-02 16:37:49,745 - INFO -   Write: 0.01 GB
2025-10-02 16:37:49,745 - INFO - ==================================================
2025-10-02 16:37:49,796 - INFO - Progress: 11,110,000 indexed, 0 failed, Rate: 11358.8 docs/sec, Queue: 80, Elapsed: 978.1s
2025-10-02 16:37:50,313 - INFO - Worker 1: Parsed 5,650,000 documents
2025-10-02 16:37:51,291 - INFO - POST http://localhost:9200/_bulk [status:200 request:3.544s]
2025-10-02 16:37:51,691 - INFO - Progress: 11,120,000 indexed, 0 failed, Rate: 11347.1 docs/sec, Queue: 80, Elapsed: 980.0s
2025-10-02 16:37:52,090 - INFO - Worker 0: Parsed 5,600,000 documents
2025-10-02 16:37:54,819 - INFO - POST http://localhost:9200/_bulk [status:200 request:5.306s]
2025-10-02 16:37:55,159 - INFO - Progress: 11,130,000 indexed, 0 failed, Rate: 11317.2 docs/sec, Queue: 80, Elapsed: 983.5s
2025-10-02 16:37:55,168 - INFO - Progress: 11,140,000 indexed, 0 failed, Rate: 11327.3 docs/sec, Queue: 80, Elapsed: 983.5s
2025-10-02 16:37:55,634 - INFO - POST http://localhost:9200/_bulk [status:200 request:4.970s]
2025-10-02 16:37:55,981 - INFO - Progress: 11,150,000 indexed, 0 failed, Rate: 11328.1 docs/sec, Queue: 80, Elapsed: 984.3s
2025-10-02 16:37:55,989 - INFO - Progress: 11,160,000 indexed, 0 failed, Rate: 11338.2 docs/sec, Queue: 80, Elapsed: 984.3s
2025-10-02 16:37:57,738 - INFO - Worker 1: Parsed 5,700,000 documents
2025-10-02 16:37:58,146 - INFO - Overall progress: Parsed 11,341,000, Indexed 0, Queue: 80
2025-10-02 16:37:58,223 - INFO - POST http://localhost:9200/_bulk [status:200 request:3.639s]
2025-10-02 16:38:00,383 - INFO - POST http://localhost:9200/_bulk [status:200 request:3.952s]
2025-10-02 16:38:00,642 - INFO - Worker 0: Parsed 5,650,000 documents
2025-10-02 16:38:00,800 - INFO - POST http://localhost:9200/_bulk [status:200 request:8.502s]
2025-10-02 16:38:01,115 - INFO - Progress: 11,170,000 indexed, 0 failed, Rate: 11289.5 docs/sec, Queue: 80, Elapsed: 989.4s
2025-10-02 16:38:01,232 - INFO - POST http://localhost:9200/_bulk [status:200 request:3.624s]
2025-10-02 16:38:01,650 - INFO - POST http://localhost:9200/_bulk [status:200 request:8.165s]
2025-10-02 16:38:02,076 - INFO - Progress: 11,180,000 indexed, 0 failed, Rate: 11288.7 docs/sec, Queue: 80, Elapsed: 990.4s
2025-10-02 16:38:02,080 - INFO - Progress: 11,190,000 indexed, 0 failed, Rate: 11298.7 docs/sec, Queue: 80, Elapsed: 990.4s
2025-10-02 16:38:02,107 - INFO - Progress: 11,200,000 indexed, 0 failed, Rate: 11308.5 docs/sec, Queue: 80, Elapsed: 990.4s
2025-10-02 16:38:02,162 - INFO - === METRICS ES CONSUMER AT 11200000 DOCS ===
2025-10-02 16:38:02,167 - INFO - Process Memory:
2025-10-02 16:38:02,172 - INFO -   RSS: 4.66 GB
2025-10-02 16:38:02,173 - INFO -   VMS: 8.55 GB
2025-10-02 16:38:02,174 - INFO -   % of System: 0.5%
2025-10-02 16:38:02,174 - INFO - System Memory:
2025-10-02 16:38:02,174 - INFO -   Total Used: 19.8%
2025-10-02 16:38:02,174 - INFO -   Available: 685.14 GB
2025-10-02 16:38:02,174 - INFO -   Cached: 111.86 GB
2025-10-02 16:38:02,990 - INFO - POST http://localhost:9200/_bulk [status:200 request:3.953s]
2025-10-02 16:38:03,231 - INFO - CPU:
2025-10-02 16:38:03,232 - INFO -   Process usage: 106.7%
2025-10-02 16:38:03,237 - INFO -   Threads: 38
2025-10-02 16:38:03,243 - INFO -   Allocated cores: 288 (IDs: [0, 1, 2, 3, 4]...)
2025-10-02 16:38:03,263 - INFO - Process I/O:
2025-10-02 16:38:03,268 - INFO -   Read: 0.00 GB
2025-10-02 16:38:03,273 - INFO -   Write: 0.01 GB
2025-10-02 16:38:03,279 - INFO - ==================================================
2025-10-02 16:38:03,374 - INFO - Progress: 11,210,000 indexed, 0 failed, Rate: 11304.2 docs/sec, Queue: 80, Elapsed: 991.7s
2025-10-02 16:38:03,410 - INFO - Progress: 11,220,000 indexed, 0 failed, Rate: 11313.8 docs/sec, Queue: 80, Elapsed: 991.7s
2025-10-02 16:38:03,414 - INFO - Progress: 11,230,000 indexed, 0 failed, Rate: 11323.9 docs/sec, Queue: 80, Elapsed: 991.7s
2025-10-02 16:38:03,434 - INFO - Progress: 11,240,000 indexed, 0 failed, Rate: 11333.7 docs/sec, Queue: 80, Elapsed: 991.7s
2025-10-02 16:38:03,464 - INFO - Progress: 11,250,000 indexed, 0 failed, Rate: 11343.5 docs/sec, Queue: 80, Elapsed: 991.8s
2025-10-02 16:38:03,468 - INFO - Progress: 11,260,000 indexed, 0 failed, Rate: 11353.5 docs/sec, Queue: 80, Elapsed: 991.8s
2025-10-02 16:38:04,082 - INFO - POST http://localhost:9200/_bulk [status:200 request:3.842s]
2025-10-02 16:38:04,422 - INFO - Progress: 11,270,000 indexed, 0 failed, Rate: 11352.7 docs/sec, Queue: 80, Elapsed: 992.7s
2025-10-02 16:38:04,430 - INFO - Progress: 11,280,000 indexed, 0 failed, Rate: 11362.6 docs/sec, Queue: 80, Elapsed: 992.7s
2025-10-02 16:38:06,341 - INFO - POST http://localhost:9200/_bulk [status:200 request:3.407s]
2025-10-02 16:38:06,588 - INFO - Progress: 11,290,000 indexed, 0 failed, Rate: 11348.0 docs/sec, Queue: 80, Elapsed: 994.9s
2025-10-02 16:38:06,604 - INFO - Progress: 11,300,000 indexed, 0 failed, Rate: 11357.9 docs/sec, Queue: 80, Elapsed: 994.9s
2025-10-02 16:38:06,650 - INFO - === METRICS ES CONSUMER AT 11300000 DOCS ===
2025-10-02 16:38:06,650 - INFO - Process Memory:
2025-10-02 16:38:06,650 - INFO -   RSS: 4.65 GB
2025-10-02 16:38:06,650 - INFO -   VMS: 8.54 GB
2025-10-02 16:38:06,650 - INFO -   % of System: 0.5%
2025-10-02 16:38:06,650 - INFO - System Memory:
2025-10-02 16:38:06,651 - INFO -   Total Used: 19.8%
2025-10-02 16:38:06,651 - INFO -   Available: 685.03 GB
2025-10-02 16:38:06,651 - INFO -   Cached: 112.77 GB
2025-10-02 16:38:06,962 - INFO - Worker 1: Parsed 5,750,000 documents
2025-10-02 16:38:07,684 - INFO - CPU:
2025-10-02 16:38:07,684 - INFO -   Process usage: 103.3%
2025-10-02 16:38:07,684 - INFO -   Threads: 38
2025-10-02 16:38:07,684 - INFO -   Allocated cores: 288 (IDs: [0, 1, 2, 3, 4]...)
2025-10-02 16:38:07,684 - INFO - Process I/O:
2025-10-02 16:38:07,685 - INFO -   Read: 0.00 GB
2025-10-02 16:38:07,685 - INFO -   Write: 0.01 GB
2025-10-02 16:38:07,685 - INFO - ==================================================
2025-10-02 16:38:08,165 - INFO - Overall progress: Parsed 11,448,000, Indexed 0, Queue: 80
2025-10-02 16:38:09,419 - INFO - Worker 0: Parsed 5,700,000 documents
2025-10-02 16:38:11,227 - INFO - POST http://localhost:9200/_bulk [status:200 request:6.400s]
2025-10-02 16:38:11,478 - INFO - Progress: 11,310,000 indexed, 0 failed, Rate: 11312.6 docs/sec, Queue: 80, Elapsed: 999.8s
2025-10-02 16:38:11,585 - INFO - POST http://localhost:9200/_bulk [status:200 request:4.121s]
2025-10-02 16:38:12,904 - INFO - POST http://localhost:9200/_bulk [status:200 request:6.963s]
2025-10-02 16:38:13,249 - INFO - Progress: 11,320,000 indexed, 0 failed, Rate: 11302.5 docs/sec, Queue: 80, Elapsed: 1001.5s
2025-10-02 16:38:13,253 - INFO - Progress: 11,330,000 indexed, 0 failed, Rate: 11312.5 docs/sec, Queue: 80, Elapsed: 1001.5s
2025-10-02 16:38:13,282 - INFO - Progress: 11,340,000 indexed, 0 failed, Rate: 11322.1 docs/sec, Queue: 80, Elapsed: 1001.6s
2025-10-02 16:38:13,291 - INFO - Progress: 11,350,000 indexed, 0 failed, Rate: 11332.0 docs/sec, Queue: 80, Elapsed: 1001.6s
2025-10-02 16:38:14,480 - INFO - POST http://localhost:9200/_bulk [status:200 request:4.694s]
2025-10-02 16:38:14,936 - INFO - Worker 1: Parsed 5,800,000 documents
2025-10-02 16:38:15,292 - INFO - POST http://localhost:9200/_bulk [status:200 request:6.660s]
2025-10-02 16:38:15,559 - INFO - Progress: 11,360,000 indexed, 0 failed, Rate: 11316.4 docs/sec, Queue: 80, Elapsed: 1003.9s
2025-10-02 16:38:15,563 - INFO - Progress: 11,370,000 indexed, 0 failed, Rate: 11326.3 docs/sec, Queue: 80, Elapsed: 1003.9s
2025-10-02 16:38:15,590 - INFO - Progress: 11,380,000 indexed, 0 failed, Rate: 11335.9 docs/sec, Queue: 80, Elapsed: 1003.9s
2025-10-02 16:38:15,598 - INFO - Progress: 11,390,000 indexed, 0 failed, Rate: 11345.8 docs/sec, Queue: 80, Elapsed: 1003.9s
2025-10-02 16:38:16,624 - INFO - POST http://localhost:9200/_bulk [status:200 request:3.898s]
2025-10-02 16:38:18,113 - INFO - Worker 0: Parsed 5,750,000 documents
2025-10-02 16:38:18,181 - INFO - Overall progress: Parsed 11,570,000, Indexed 0, Queue: 80
2025-10-02 16:38:19,137 - INFO - POST http://localhost:9200/_bulk [status:200 request:4.901s]
2025-10-02 16:38:19,517 - INFO - POST http://localhost:9200/_bulk [status:200 request:8.649s]
2025-10-02 16:38:19,821 - INFO - Progress: 11,400,000 indexed, 0 failed, Rate: 11308.2 docs/sec, Queue: 80, Elapsed: 1008.1s
2025-10-02 16:38:19,824 - INFO - === METRICS ES CONSUMER AT 11400000 DOCS ===
2025-10-02 16:38:19,830 - INFO - Process Memory:
2025-10-02 16:38:19,835 - INFO -   RSS: 5.15 GB
2025-10-02 16:38:19,840 - INFO -   VMS: 9.03 GB
2025-10-02 16:38:19,861 - INFO -   % of System: 0.6%
2025-10-02 16:38:19,866 - INFO - System Memory:
2025-10-02 16:38:19,871 - INFO -   Total Used: 19.9%
2025-10-02 16:38:19,878 - INFO -   Available: 684.78 GB
2025-10-02 16:38:19,924 - INFO -   Cached: 114.82 GB
2025-10-02 16:38:19,929 - INFO - POST http://localhost:9200/_bulk [status:200 request:3.759s]
2025-10-02 16:38:20,972 - INFO - CPU:
2025-10-02 16:38:20,977 - INFO -   Process usage: 100.9%
2025-10-02 16:38:20,981 - INFO -   Threads: 38
2025-10-02 16:38:20,981 - INFO -   Allocated cores: 288 (IDs: [0, 1, 2, 3, 4]...)
2025-10-02 16:38:20,981 - INFO - Process I/O:
2025-10-02 16:38:20,981 - INFO -   Read: 0.00 GB
2025-10-02 16:38:20,981 - INFO -   Write: 0.01 GB
2025-10-02 16:38:20,981 - INFO - ==================================================
2025-10-02 16:38:21,099 - INFO - Progress: 11,410,000 indexed, 0 failed, Rate: 11303.8 docs/sec, Queue: 80, Elapsed: 1009.4s
2025-10-02 16:38:21,102 - INFO - Progress: 11,420,000 indexed, 0 failed, Rate: 11313.7 docs/sec, Queue: 80, Elapsed: 1009.4s
2025-10-02 16:38:21,140 - INFO - Progress: 11,430,000 indexed, 0 failed, Rate: 11323.1 docs/sec, Queue: 80, Elapsed: 1009.4s
2025-10-02 16:38:21,149 - INFO - Progress: 11,440,000 indexed, 0 failed, Rate: 11333.0 docs/sec, Queue: 80, Elapsed: 1009.4s
2025-10-02 16:38:21,176 - INFO - Progress: 11,450,000 indexed, 0 failed, Rate: 11342.6 docs/sec, Queue: 80, Elapsed: 1009.5s
2025-10-02 16:38:21,185 - INFO - Progress: 11,460,000 indexed, 0 failed, Rate: 11352.4 docs/sec, Queue: 80, Elapsed: 1009.5s
2025-10-02 16:38:21,360 - INFO - POST http://localhost:9200/_bulk [status:200 request:3.752s]
2025-10-02 16:38:21,622 - INFO - Progress: 11,470,000 indexed, 0 failed, Rate: 11357.3 docs/sec, Queue: 80, Elapsed: 1009.9s
2025-10-02 16:38:22,646 - INFO - POST http://localhost:9200/_bulk [status:200 request:3.835s]
2025-10-02 16:38:22,996 - INFO - Progress: 11,480,000 indexed, 0 failed, Rate: 11351.8 docs/sec, Queue: 80, Elapsed: 1011.3s
2025-10-02 16:38:23,005 - INFO - Progress: 11,490,000 indexed, 0 failed, Rate: 11361.6 docs/sec, Queue: 80, Elapsed: 1011.3s
2025-10-02 16:38:23,787 - INFO - Worker 1: Parsed 5,850,000 documents
2025-10-02 16:38:26,650 - INFO - Worker 0: Parsed 5,800,000 documents
2025-10-02 16:38:28,120 - INFO - POST http://localhost:9200/_bulk [status:200 request:7.133s]
2025-10-02 16:38:28,336 - INFO - Overall progress: Parsed 11,695,000, Indexed 0, Queue: 80
2025-10-02 16:38:28,476 - INFO - Progress: 11,500,000 indexed, 0 failed, Rate: 11310.3 docs/sec, Queue: 80, Elapsed: 1016.8s
2025-10-02 16:38:28,543 - INFO - POST http://localhost:9200/_bulk [status:200 request:5.894s]
2025-10-02 16:38:28,770 - INFO - === METRICS ES CONSUMER AT 11500000 DOCS ===
2025-10-02 16:38:28,776 - INFO - Process Memory:
2025-10-02 16:38:28,782 - INFO -   RSS: 6.50 GB
2025-10-02 16:38:28,787 - INFO -   VMS: 10.38 GB
2025-10-02 16:38:28,804 - INFO -   % of System: 0.7%
2025-10-02 16:38:28,819 - INFO - System Memory:
2025-10-02 16:38:28,887 - INFO -   Total Used: 20.1%
2025-10-02 16:38:28,897 - INFO -   Available: 682.89 GB
2025-10-02 16:38:28,902 - INFO -   Cached: 114.06 GB
2025-10-02 16:38:29,936 - INFO - CPU:
2025-10-02 16:38:29,936 - INFO -   Process usage: 100.8%
2025-10-02 16:38:29,936 - INFO -   Threads: 38
2025-10-02 16:38:29,936 - INFO -   Allocated cores: 288 (IDs: [0, 1, 2, 3, 4]...)
2025-10-02 16:38:29,936 - INFO - Process I/O:
2025-10-02 16:38:29,936 - INFO -   Read: 0.00 GB
2025-10-02 16:38:29,936 - INFO -   Write: 0.01 GB
2025-10-02 16:38:29,937 - INFO - ==================================================
2025-10-02 16:38:30,032 - INFO - Progress: 11,510,000 indexed, 0 failed, Rate: 11302.8 docs/sec, Queue: 80, Elapsed: 1018.3s
2025-10-02 16:38:30,057 - INFO - Progress: 11,520,000 indexed, 0 failed, Rate: 11312.4 docs/sec, Queue: 80, Elapsed: 1018.4s
2025-10-02 16:38:30,066 - INFO - Progress: 11,530,000 indexed, 0 failed, Rate: 11322.1 docs/sec, Queue: 80, Elapsed: 1018.4s
2025-10-02 16:38:30,857 - INFO - Worker 1: Parsed 5,900,000 documents
2025-10-02 16:38:31,591 - INFO - POST http://localhost:9200/_bulk [status:200 request:4.076s]
2025-10-02 16:38:32,121 - INFO - POST http://localhost:9200/_bulk [status:200 request:6.846s]
2025-10-02 16:38:32,516 - INFO - POST http://localhost:9200/_bulk [status:200 request:6.172s]
2025-10-02 16:38:33,072 - INFO - POST http://localhost:9200/_bulk [status:200 request:3.660s]
2025-10-02 16:38:33,576 - INFO - POST http://localhost:9200/_bulk [status:200 request:9.442s]
2025-10-02 16:38:33,896 - INFO - Progress: 11,540,000 indexed, 0 failed, Rate: 11289.5 docs/sec, Queue: 80, Elapsed: 1022.2s
2025-10-02 16:38:33,904 - INFO - Progress: 11,550,000 indexed, 0 failed, Rate: 11299.1 docs/sec, Queue: 80, Elapsed: 1022.2s
2025-10-02 16:38:33,934 - INFO - Progress: 11,560,000 indexed, 0 failed, Rate: 11308.6 docs/sec, Queue: 80, Elapsed: 1022.2s
2025-10-02 16:38:33,964 - INFO - Progress: 11,570,000 indexed, 0 failed, Rate: 11318.1 docs/sec, Queue: 80, Elapsed: 1022.3s
2025-10-02 16:38:33,973 - INFO - Progress: 11,580,000 indexed, 0 failed, Rate: 11327.7 docs/sec, Queue: 80, Elapsed: 1022.3s
2025-10-02 16:38:34,004 - INFO - Progress: 11,590,000 indexed, 0 failed, Rate: 11337.2 docs/sec, Queue: 80, Elapsed: 1022.3s
2025-10-02 16:38:34,012 - INFO - Progress: 11,600,000 indexed, 0 failed, Rate: 11346.9 docs/sec, Queue: 80, Elapsed: 1022.3s
2025-10-02 16:38:34,014 - INFO - === METRICS ES CONSUMER AT 11600000 DOCS ===
2025-10-02 16:38:34,015 - INFO - Process Memory:
2025-10-02 16:38:34,015 - INFO -   RSS: 4.67 GB
2025-10-02 16:38:34,015 - INFO -   VMS: 8.56 GB
2025-10-02 16:38:34,015 - INFO -   % of System: 0.5%
2025-10-02 16:38:34,015 - INFO - System Memory:
2025-10-02 16:38:34,015 - INFO -   Total Used: 19.9%
2025-10-02 16:38:34,015 - INFO -   Available: 684.56 GB
2025-10-02 16:38:34,015 - INFO -   Cached: 114.76 GB
2025-10-02 16:38:34,745 - INFO - POST http://localhost:9200/_bulk [status:200 request:4.082s]
2025-10-02 16:38:35,086 - INFO - CPU:
2025-10-02 16:38:35,091 - INFO -   Process usage: 102.5%
2025-10-02 16:38:35,097 - INFO -   Threads: 38
2025-10-02 16:38:35,097 - INFO -   Allocated cores: 288 (IDs: [0, 1, 2, 3, 4]...)
2025-10-02 16:38:35,097 - INFO - Process I/O:
2025-10-02 16:38:35,098 - INFO -   Read: 0.00 GB
2025-10-02 16:38:35,098 - INFO -   Write: 0.01 GB
2025-10-02 16:38:35,098 - INFO - ==================================================
2025-10-02 16:38:35,182 - INFO - Progress: 11,610,000 indexed, 0 failed, Rate: 11343.7 docs/sec, Queue: 80, Elapsed: 1023.5s
2025-10-02 16:38:35,188 - INFO - Progress: 11,620,000 indexed, 0 failed, Rate: 11353.4 docs/sec, Queue: 80, Elapsed: 1023.5s
2025-10-02 16:38:35,221 - INFO - Progress: 11,630,000 indexed, 0 failed, Rate: 11362.8 docs/sec, Queue: 80, Elapsed: 1023.5s
2025-10-02 16:38:36,394 - INFO - Worker 0: Parsed 5,850,000 documents
2025-10-02 16:38:37,858 - INFO - POST http://localhost:9200/_bulk [status:200 request:5.754s]
2025-10-02 16:38:38,170 - INFO - Progress: 11,640,000 indexed, 0 failed, Rate: 11339.9 docs/sec, Queue: 80, Elapsed: 1026.5s
2025-10-02 16:38:38,173 - INFO - Progress: 11,650,000 indexed, 0 failed, Rate: 11349.6 docs/sec, Queue: 80, Elapsed: 1026.5s
2025-10-02 16:38:38,379 - INFO - Overall progress: Parsed 11,800,000, Indexed 0, Queue: 80
2025-10-02 16:38:39,831 - INFO - Worker 1: Parsed 5,950,000 documents
2025-10-02 16:38:41,403 - INFO - POST http://localhost:9200/_bulk [status:200 request:6.669s]
2025-10-02 16:38:41,771 - INFO - Progress: 11,660,000 indexed, 0 failed, Rate: 11319.6 docs/sec, Queue: 80, Elapsed: 1030.1s
2025-10-02 16:38:41,781 - INFO - Progress: 11,670,000 indexed, 0 failed, Rate: 11329.2 docs/sec, Queue: 80, Elapsed: 1030.1s
2025-10-02 16:38:41,847 - INFO - POST http://localhost:9200/_bulk [status:200 request:5.541s]
2025-10-02 16:38:42,604 - INFO - Progress: 11,680,000 indexed, 0 failed, Rate: 11329.9 docs/sec, Queue: 80, Elapsed: 1030.9s
2025-10-02 16:38:42,614 - INFO - Progress: 11,690,000 indexed, 0 failed, Rate: 11339.5 docs/sec, Queue: 80, Elapsed: 1030.9s
2025-10-02 16:38:43,540 - INFO - POST http://localhost:9200/_bulk [status:200 request:6.102s]
2025-10-02 16:38:43,836 - INFO - POST http://localhost:9200/_bulk [status:200 request:4.948s]
2025-10-02 16:38:44,064 - INFO - Progress: 11,700,000 indexed, 0 failed, Rate: 11333.3 docs/sec, Queue: 80, Elapsed: 1032.4s
2025-10-02 16:38:44,255 - INFO - === METRICS ES CONSUMER AT 11700000 DOCS ===
2025-10-02 16:38:44,260 - INFO - Process Memory:
2025-10-02 16:38:44,266 - INFO -   RSS: 5.15 GB
2025-10-02 16:38:44,271 - INFO -   VMS: 9.03 GB
2025-10-02 16:38:44,285 - INFO -   % of System: 0.6%
2025-10-02 16:38:44,285 - INFO - System Memory:
2025-10-02 16:38:44,285 - INFO -   Total Used: 19.9%
2025-10-02 16:38:44,285 - INFO -   Available: 684.08 GB
2025-10-02 16:38:44,285 - INFO -   Cached: 109.66 GB
2025-10-02 16:38:45,054 - INFO - Worker 0: Parsed 5,900,000 documents
2025-10-02 16:38:45,330 - INFO - CPU:
2025-10-02 16:38:45,330 - INFO -   Process usage: 100.6%
2025-10-02 16:38:45,330 - INFO -   Threads: 38
2025-10-02 16:38:45,330 - INFO -   Allocated cores: 288 (IDs: [0, 1, 2, 3, 4]...)
2025-10-02 16:38:45,330 - INFO - Process I/O:
2025-10-02 16:38:45,330 - INFO -   Read: 0.00 GB
2025-10-02 16:38:45,330 - INFO -   Write: 0.01 GB
2025-10-02 16:38:45,331 - INFO - ==================================================
2025-10-02 16:38:45,432 - INFO - Progress: 11,710,000 indexed, 0 failed, Rate: 11327.9 docs/sec, Queue: 80, Elapsed: 1033.7s
2025-10-02 16:38:45,446 - INFO - Progress: 11,720,000 indexed, 0 failed, Rate: 11337.4 docs/sec, Queue: 80, Elapsed: 1033.7s
2025-10-02 16:38:45,505 - INFO - POST http://localhost:9200/_bulk [status:200 request:5.422s]
2025-10-02 16:38:45,699 - INFO - POST http://localhost:9200/_bulk [status:200 request:4.518s]
2025-10-02 16:38:46,123 - INFO - Progress: 11,730,000 indexed, 0 failed, Rate: 11339.7 docs/sec, Queue: 80, Elapsed: 1034.4s
2025-10-02 16:38:46,132 - INFO - Progress: 11,740,000 indexed, 0 failed, Rate: 11349.3 docs/sec, Queue: 80, Elapsed: 1034.4s
2025-10-02 16:38:46,164 - INFO - Progress: 11,750,000 indexed, 0 failed, Rate: 11358.6 docs/sec, Queue: 80, Elapsed: 1034.5s
2025-10-02 16:38:46,172 - INFO - Progress: 11,760,000 indexed, 0 failed, Rate: 11368.2 docs/sec, Queue: 80, Elapsed: 1034.5s
2025-10-02 16:38:46,910 - INFO - POST http://localhost:9200/_bulk [status:200 request:3.409s]
2025-10-02 16:38:47,225 - INFO - Progress: 11,770,000 indexed, 0 failed, Rate: 11366.3 docs/sec, Queue: 80, Elapsed: 1035.5s
2025-10-02 16:38:47,234 - INFO - Progress: 11,780,000 indexed, 0 failed, Rate: 11375.8 docs/sec, Queue: 80, Elapsed: 1035.5s
2025-10-02 16:38:48,391 - INFO - Overall progress: Parsed 11,910,000, Indexed 0, Queue: 80
2025-10-02 16:38:48,773 - INFO - POST http://localhost:9200/_bulk [status:200 request:3.433s]
2025-10-02 16:38:49,098 - INFO - Progress: 11,790,000 indexed, 0 failed, Rate: 11365.0 docs/sec, Queue: 80, Elapsed: 1037.4s
2025-10-02 16:38:49,486 - INFO - Worker 1: Parsed 6,000,000 documents
2025-10-02 16:38:52,122 - INFO - POST http://localhost:9200/_bulk [status:200 request:4.471s]
2025-10-02 16:38:52,453 - INFO - Progress: 11,800,000 indexed, 0 failed, Rate: 11338.0 docs/sec, Queue: 80, Elapsed: 1040.7s
2025-10-02 16:38:52,498 - INFO - === METRICS ES CONSUMER AT 11800000 DOCS ===
2025-10-02 16:38:52,498 - INFO - Process Memory:
2025-10-02 16:38:52,499 - INFO -   RSS: 5.14 GB
2025-10-02 16:38:52,499 - INFO -   VMS: 9.03 GB
2025-10-02 16:38:52,499 - INFO -   % of System: 0.6%
2025-10-02 16:38:52,499 - INFO - System Memory:
2025-10-02 16:38:52,499 - INFO -   Total Used: 19.9%
2025-10-02 16:38:52,499 - INFO -   Available: 684.15 GB
2025-10-02 16:38:52,499 - INFO -   Cached: 111.03 GB
2025-10-02 16:38:52,888 - INFO - POST http://localhost:9200/_bulk [status:200 request:4.118s]
2025-10-02 16:38:53,526 - INFO - CPU:
2025-10-02 16:38:53,531 - INFO -   Process usage: 101.4%
2025-10-02 16:38:53,537 - INFO -   Threads: 38
2025-10-02 16:38:53,537 - INFO -   Allocated cores: 288 (IDs: [0, 1, 2, 3, 4]...)
2025-10-02 16:38:53,538 - INFO - Process I/O:
2025-10-02 16:38:53,538 - INFO -   Read: 0.00 GB
2025-10-02 16:38:53,538 - INFO -   Write: 0.01 GB
2025-10-02 16:38:53,538 - INFO - ==================================================
2025-10-02 16:38:53,610 - INFO - Progress: 11,810,000 indexed, 0 failed, Rate: 11335.0 docs/sec, Queue: 80, Elapsed: 1041.9s
2025-10-02 16:38:53,630 - INFO - Progress: 11,820,000 indexed, 0 failed, Rate: 11344.4 docs/sec, Queue: 80, Elapsed: 1041.9s
2025-10-02 16:38:53,634 - INFO - Progress: 11,830,000 indexed, 0 failed, Rate: 11353.9 docs/sec, Queue: 80, Elapsed: 1041.9s
2025-10-02 16:38:53,913 - INFO - Worker 0: Parsed 5,950,000 documents
2025-10-02 16:38:54,515 - INFO - POST http://localhost:9200/_bulk [status:200 request:4.242s]
2025-10-02 16:38:54,861 - INFO - Progress: 11,840,000 indexed, 0 failed, Rate: 11350.2 docs/sec, Queue: 80, Elapsed: 1043.2s
2025-10-02 16:38:54,869 - INFO - Progress: 11,850,000 indexed, 0 failed, Rate: 11359.6 docs/sec, Queue: 80, Elapsed: 1043.2s
2025-10-02 16:38:57,060 - INFO - Worker 1: Parsed 6,050,000 documents
2025-10-02 16:38:57,674 - INFO - POST http://localhost:9200/_bulk [status:200 request:6.252s]
2025-10-02 16:38:58,022 - INFO - Progress: 11,860,000 indexed, 0 failed, Rate: 11335.0 docs/sec, Queue: 80, Elapsed: 1046.3s
2025-10-02 16:38:58,512 - INFO - Overall progress: Parsed 12,037,000, Indexed 0, Queue: 80
2025-10-02 16:38:58,609 - INFO - POST http://localhost:9200/_bulk [status:200 request:5.741s]
2025-10-02 16:38:58,878 - INFO - POST http://localhost:9200/_bulk [status:200 request:4.427s]
2025-10-02 16:38:59,255 - INFO - Progress: 11,870,000 indexed, 0 failed, Rate: 11331.2 docs/sec, Queue: 80, Elapsed: 1047.6s
2025-10-02 16:38:59,271 - INFO - Progress: 11,880,000 indexed, 0 failed, Rate: 11340.6 docs/sec, Queue: 80, Elapsed: 1047.6s
2025-10-02 16:38:59,352 - INFO - Progress: 11,890,000 indexed, 0 failed, Rate: 11349.2 docs/sec, Queue: 80, Elapsed: 1047.6s
2025-10-02 16:38:59,361 - INFO - Progress: 11,900,000 indexed, 0 failed, Rate: 11358.7 docs/sec, Queue: 80, Elapsed: 1047.7s
2025-10-02 16:38:59,373 - INFO - === METRICS ES CONSUMER AT 11900000 DOCS ===
2025-10-02 16:38:59,373 - INFO - Process Memory:
2025-10-02 16:38:59,380 - INFO -   RSS: 5.14 GB
2025-10-02 16:38:59,386 - INFO -   VMS: 9.03 GB
2025-10-02 16:38:59,406 - INFO -   % of System: 0.6%
2025-10-02 16:38:59,411 - INFO - System Memory:
2025-10-02 16:38:59,416 - INFO -   Total Used: 20.0%
2025-10-02 16:38:59,422 - INFO -   Available: 683.87 GB
2025-10-02 16:38:59,427 - INFO -   Cached: 110.94 GB
2025-10-02 16:39:00,477 - INFO - CPU:
2025-10-02 16:39:00,482 - INFO -   Process usage: 100.7%
2025-10-02 16:39:00,488 - INFO -   Threads: 38
2025-10-02 16:39:00,493 - INFO -   Allocated cores: 288 (IDs: [0, 1, 2, 3, 4]...)
2025-10-02 16:39:00,493 - INFO - Process I/O:
2025-10-02 16:39:00,493 - INFO -   Read: 0.00 GB
2025-10-02 16:39:00,493 - INFO -   Write: 0.01 GB
2025-10-02 16:39:00,493 - INFO - ==================================================
2025-10-02 16:39:01,846 - INFO - Worker 0: Parsed 6,000,000 documents
2025-10-02 16:39:02,562 - INFO - POST http://localhost:9200/_bulk [status:200 request:5.467s]
2025-10-02 16:39:03,696 - INFO - POST http://localhost:9200/_bulk [status:200 request:7.761s]
2025-10-02 16:39:04,089 - INFO - Progress: 11,910,000 indexed, 0 failed, Rate: 11317.1 docs/sec, Queue: 80, Elapsed: 1052.4s
2025-10-02 16:39:04,098 - INFO - Progress: 11,920,000 indexed, 0 failed, Rate: 11326.5 docs/sec, Queue: 80, Elapsed: 1052.4s
2025-10-02 16:39:04,174 - INFO - Progress: 11,930,000 indexed, 0 failed, Rate: 11335.2 docs/sec, Queue: 80, Elapsed: 1052.5s
2025-10-02 16:39:04,175 - INFO - POST http://localhost:9200/_bulk [status:200 request:3.690s]
2025-10-02 16:39:05,111 - INFO - POST http://localhost:9200/_bulk [status:200 request:3.472s]
2025-10-02 16:39:05,416 - INFO - POST http://localhost:9200/_bulk [status:200 request:6.858s]
2025-10-02 16:39:05,894 - INFO - Progress: 11,940,000 indexed, 0 failed, Rate: 11326.2 docs/sec, Queue: 80, Elapsed: 1054.2s
2025-10-02 16:39:05,903 - INFO - Progress: 11,950,000 indexed, 0 failed, Rate: 11335.6 docs/sec, Queue: 80, Elapsed: 1054.2s
2025-10-02 16:39:05,934 - INFO - Progress: 11,960,000 indexed, 0 failed, Rate: 11344.8 docs/sec, Queue: 80, Elapsed: 1054.2s
2025-10-02 16:39:05,943 - INFO - Progress: 11,970,000 indexed, 0 failed, Rate: 11354.2 docs/sec, Queue: 80, Elapsed: 1054.2s
2025-10-02 16:39:05,978 - INFO - Progress: 11,980,000 indexed, 0 failed, Rate: 11363.3 docs/sec, Queue: 80, Elapsed: 1054.3s
2025-10-02 16:39:05,987 - INFO - Progress: 11,990,000 indexed, 0 failed, Rate: 11372.7 docs/sec, Queue: 80, Elapsed: 1054.3s
2025-10-02 16:39:06,542 - INFO - Worker 1: Parsed 6,100,000 documents
2025-10-02 16:39:06,857 - INFO - POST http://localhost:9200/_bulk [status:200 request:3.689s]
2025-10-02 16:39:07,196 - INFO - Progress: 12,000,000 indexed, 0 failed, Rate: 11369.1 docs/sec, Queue: 80, Elapsed: 1055.5s
2025-10-02 16:39:07,213 - INFO - === METRICS ES CONSUMER AT 12000000 DOCS ===
2025-10-02 16:39:07,214 - INFO - Process Memory:
2025-10-02 16:39:07,214 - INFO -   RSS: 4.18 GB
2025-10-02 16:39:07,219 - INFO -   VMS: 8.06 GB
2025-10-02 16:39:07,234 - INFO -   % of System: 0.5%
2025-10-02 16:39:07,239 - INFO - System Memory:
2025-10-02 16:39:07,245 - INFO -   Total Used: 19.9%
2025-10-02 16:39:07,289 - INFO -   Available: 684.13 GB
2025-10-02 16:39:07,375 - INFO -   Cached: 111.73 GB
2025-10-02 16:39:08,493 - INFO - CPU:
2025-10-02 16:39:08,494 - INFO -   Process usage: 108.6%
2025-10-02 16:39:08,494 - INFO -   Threads: 38
2025-10-02 16:39:08,494 - INFO -   Allocated cores: 288 (IDs: [0, 1, 2, 3, 4]...)
2025-10-02 16:39:08,494 - INFO - Process I/O:
2025-10-02 16:39:08,499 - INFO -   Read: 0.00 GB
2025-10-02 16:39:08,505 - INFO -   Write: 0.01 GB
2025-10-02 16:39:08,510 - INFO - ==================================================
2025-10-02 16:39:08,601 - INFO - Progress: 12,010,000 indexed, 0 failed, Rate: 11363.4 docs/sec, Queue: 80, Elapsed: 1056.9s
2025-10-02 16:39:08,606 - INFO - Overall progress: Parsed 12,145,000, Indexed 0, Queue: 80
2025-10-02 16:39:09,039 - INFO - POST http://localhost:9200/_bulk [status:200 request:3.939s]
2025-10-02 16:39:09,350 - INFO - Progress: 12,020,000 indexed, 0 failed, Rate: 11364.9 docs/sec, Queue: 80, Elapsed: 1057.6s
2025-10-02 16:39:10,929 - INFO - Worker 0: Parsed 6,050,000 documents
2025-10-02 16:39:11,449 - INFO - POST http://localhost:9200/_bulk [status:200 request:4.023s]
2025-10-02 16:39:11,787 - INFO - Progress: 12,030,000 indexed, 0 failed, Rate: 11348.2 docs/sec, Queue: 80, Elapsed: 1060.1s
2025-10-02 16:39:11,791 - INFO - Progress: 12,040,000 indexed, 0 failed, Rate: 11357.6 docs/sec, Queue: 80, Elapsed: 1060.1s
2025-10-02 16:39:14,151 - INFO - Worker 1: Parsed 6,150,000 documents
2025-10-02 16:39:15,010 - INFO - POST http://localhost:9200/_bulk [status:200 request:6.476s]
2025-10-02 16:39:15,272 - INFO - POST http://localhost:9200/_bulk [status:200 request:4.010s]
2025-10-02 16:39:15,666 - INFO - Progress: 12,050,000 indexed, 0 failed, Rate: 11325.6 docs/sec, Queue: 80, Elapsed: 1064.0s
2025-10-02 16:39:15,686 - INFO - Progress: 12,060,000 indexed, 0 failed, Rate: 11334.8 docs/sec, Queue: 80, Elapsed: 1064.0s
2025-10-02 16:39:16,533 - INFO - POST http://localhost:9200/_bulk [status:200 request:3.754s]
2025-10-02 16:39:17,317 - INFO - POST http://localhost:9200/_bulk [status:200 request:7.234s]
2025-10-02 16:39:17,719 - INFO - Progress: 12,070,000 indexed, 0 failed, Rate: 11322.5 docs/sec, Queue: 80, Elapsed: 1066.0s
2025-10-02 16:39:17,728 - INFO - Progress: 12,080,000 indexed, 0 failed, Rate: 11331.8 docs/sec, Queue: 80, Elapsed: 1066.0s
2025-10-02 16:39:17,763 - INFO - Progress: 12,090,000 indexed, 0 failed, Rate: 11340.8 docs/sec, Queue: 80, Elapsed: 1066.1s
2025-10-02 16:39:17,792 - INFO - Progress: 12,100,000 indexed, 0 failed, Rate: 11349.9 docs/sec, Queue: 80, Elapsed: 1066.1s
2025-10-02 16:39:17,854 - INFO - POST http://localhost:9200/_bulk [status:200 request:3.898s]
2025-10-02 16:39:18,009 - INFO - === METRICS ES CONSUMER AT 12100000 DOCS ===
2025-10-02 16:39:18,015 - INFO - Process Memory:
2025-10-02 16:39:18,020 - INFO -   RSS: 5.15 GB
2025-10-02 16:39:18,033 - INFO -   VMS: 9.03 GB
2025-10-02 16:39:18,098 - INFO -   % of System: 0.5%
2025-10-02 16:39:18,103 - INFO - System Memory:
2025-10-02 16:39:18,109 - INFO -   Total Used: 20.0%
2025-10-02 16:39:18,114 - INFO -   Available: 683.83 GB
2025-10-02 16:39:18,119 - INFO -   Cached: 113.50 GB
2025-10-02 16:39:18,670 - INFO - Overall progress: Parsed 12,261,000, Indexed 0, Queue: 80
2025-10-02 16:39:18,867 - INFO - POST http://localhost:9200/_bulk [status:200 request:3.859s]
2025-10-02 16:39:19,209 - INFO - CPU:
2025-10-02 16:39:19,209 - INFO -   Process usage: 104.5%
2025-10-02 16:39:19,209 - INFO -   Threads: 38
2025-10-02 16:39:19,209 - INFO -   Allocated cores: 288 (IDs: [0, 1, 2, 3, 4]...)
2025-10-02 16:39:19,209 - INFO - Process I/O:
2025-10-02 16:39:19,209 - INFO -   Read: 0.00 GB
2025-10-02 16:39:19,210 - INFO -   Write: 0.01 GB
2025-10-02 16:39:19,210 - INFO - ==================================================
2025-10-02 16:39:19,274 - INFO - Progress: 12,110,000 indexed, 0 failed, Rate: 11343.5 docs/sec, Queue: 80, Elapsed: 1067.6s
2025-10-02 16:39:19,306 - INFO - Progress: 12,120,000 indexed, 0 failed, Rate: 11352.5 docs/sec, Queue: 80, Elapsed: 1067.6s
2025-10-02 16:39:19,315 - INFO - Progress: 12,130,000 indexed, 0 failed, Rate: 11361.8 docs/sec, Queue: 80, Elapsed: 1067.6s
2025-10-02 16:39:19,351 - INFO - Progress: 12,140,000 indexed, 0 failed, Rate: 11370.8 docs/sec, Queue: 80, Elapsed: 1067.6s
2025-10-02 16:39:19,360 - INFO - Progress: 12,150,000 indexed, 0 failed, Rate: 11380.1 docs/sec, Queue: 80, Elapsed: 1067.7s
2025-10-02 16:39:20,194 - INFO - Worker 0: Parsed 6,100,000 documents
2025-10-02 16:39:22,800 - INFO - Worker 1: Parsed 6,200,000 documents
2025-10-02 16:39:23,921 - INFO - POST http://localhost:9200/_bulk [status:200 request:6.619s]
2025-10-02 16:39:24,279 - INFO - Progress: 12,160,000 indexed, 0 failed, Rate: 11337.2 docs/sec, Queue: 80, Elapsed: 1072.6s
2025-10-02 16:39:24,283 - INFO - Progress: 12,170,000 indexed, 0 failed, Rate: 11346.5 docs/sec, Queue: 80, Elapsed: 1072.6s
2025-10-02 16:39:24,448 - INFO - POST http://localhost:9200/_bulk [status:200 request:3.617s]
2025-10-02 16:39:25,935 - INFO - POST http://localhost:9200/_bulk [status:200 request:3.940s]
2025-10-02 16:39:26,306 - INFO - POST http://localhost:9200/_bulk [status:200 request:6.535s]
2025-10-02 16:39:26,628 - INFO - Progress: 12,180,000 indexed, 0 failed, Rate: 11331.0 docs/sec, Queue: 80, Elapsed: 1074.9s
2025-10-02 16:39:26,657 - INFO - Progress: 12,190,000 indexed, 0 failed, Rate: 11340.0 docs/sec, Queue: 80, Elapsed: 1075.0s
2025-10-02 16:39:26,661 - INFO - Progress: 12,200,000 indexed, 0 failed, Rate: 11349.3 docs/sec, Queue: 80, Elapsed: 1075.0s
2025-10-02 16:39:26,670 - INFO - === METRICS ES CONSUMER AT 12200000 DOCS ===
2025-10-02 16:39:26,675 - INFO - Process Memory:
2025-10-02 16:39:26,680 - INFO -   RSS: 4.67 GB
2025-10-02 16:39:26,686 - INFO -   VMS: 8.55 GB
2025-10-02 16:39:26,706 - INFO -   % of System: 0.5%
2025-10-02 16:39:26,751 - INFO - System Memory:
2025-10-02 16:39:26,837 - INFO -   Total Used: 20.0%
2025-10-02 16:39:26,843 - INFO -   Available: 683.69 GB
2025-10-02 16:39:26,848 - INFO -   Cached: 114.68 GB
2025-10-02 16:39:27,885 - INFO - CPU:
2025-10-02 16:39:27,890 - INFO -   Process usage: 102.3%
2025-10-02 16:39:27,894 - INFO -   Threads: 38
2025-10-02 16:39:27,895 - INFO -   Allocated cores: 288 (IDs: [0, 1, 2, 3, 4]...)
2025-10-02 16:39:27,895 - INFO - Process I/O:
2025-10-02 16:39:27,895 - INFO -   Read: 0.00 GB
2025-10-02 16:39:27,895 - INFO -   Write: 0.01 GB
2025-10-02 16:39:27,895 - INFO - ==================================================
2025-10-02 16:39:27,998 - INFO - Progress: 12,210,000 indexed, 0 failed, Rate: 11344.5 docs/sec, Queue: 80, Elapsed: 1076.3s
2025-10-02 16:39:28,002 - INFO - Progress: 12,220,000 indexed, 0 failed, Rate: 11353.7 docs/sec, Queue: 80, Elapsed: 1076.3s
2025-10-02 16:39:28,343 - INFO - Worker 0: Parsed 6,150,000 documents
2025-10-02 16:39:28,696 - INFO - Overall progress: Parsed 12,384,000, Indexed 0, Queue: 80
2025-10-02 16:39:30,495 - INFO - POST http://localhost:9200/_bulk [status:200 request:7.360s]
2025-10-02 16:39:30,781 - INFO - Progress: 12,230,000 indexed, 0 failed, Rate: 11333.7 docs/sec, Queue: 80, Elapsed: 1079.1s
2025-10-02 16:39:30,790 - INFO - Progress: 12,240,000 indexed, 0 failed, Rate: 11342.9 docs/sec, Queue: 80, Elapsed: 1079.1s
2025-10-02 16:39:31,196 - INFO - POST http://localhost:9200/_bulk [status:200 request:6.158s]
2025-10-02 16:39:31,684 - INFO - Progress: 12,250,000 indexed, 0 failed, Rate: 11342.8 docs/sec, Queue: 80, Elapsed: 1080.0s
2025-10-02 16:39:32,056 - INFO - Worker 1: Parsed 6,250,000 documents
2025-10-02 16:39:33,434 - INFO - POST http://localhost:9200/_bulk [status:200 request:6.551s]
2025-10-02 16:39:33,849 - INFO - Progress: 12,260,000 indexed, 0 failed, Rate: 11329.3 docs/sec, Queue: 80, Elapsed: 1082.1s
2025-10-02 16:39:33,936 - INFO - Progress: 12,270,000 indexed, 0 failed, Rate: 11337.7 docs/sec, Queue: 80, Elapsed: 1082.2s
2025-10-02 16:39:34,082 - INFO - POST http://localhost:9200/_bulk [status:200 request:5.873s]
2025-10-02 16:39:34,426 - INFO - Progress: 12,280,000 indexed, 0 failed, Rate: 11341.8 docs/sec, Queue: 80, Elapsed: 1082.7s
2025-10-02 16:39:34,430 - INFO - Progress: 12,290,000 indexed, 0 failed, Rate: 11351.0 docs/sec, Queue: 80, Elapsed: 1082.7s
2025-10-02 16:39:35,277 - INFO - POST http://localhost:9200/_bulk [status:200 request:4.785s]
2025-10-02 16:39:36,684 - INFO - POST http://localhost:9200/_bulk [status:200 request:4.156s]
2025-10-02 16:39:37,181 - INFO - Worker 0: Parsed 6,200,000 documents
2025-10-02 16:39:37,852 - INFO - POST http://localhost:9200/_bulk [status:200 request:3.874s]
2025-10-02 16:39:38,845 - INFO - Overall progress: Parsed 12,496,000, Indexed 0, Queue: 80
2025-10-02 16:39:39,009 - INFO - POST http://localhost:9200/_bulk [status:200 request:9.689s]
2025-10-02 16:39:39,300 - INFO - Progress: 12,300,000 indexed, 0 failed, Rate: 11309.3 docs/sec, Queue: 80, Elapsed: 1087.6s
2025-10-02 16:39:39,343 - INFO - === METRICS ES CONSUMER AT 12300000 DOCS ===
2025-10-02 16:39:39,348 - INFO - Process Memory:
2025-10-02 16:39:39,354 - INFO -   RSS: 5.16 GB
2025-10-02 16:39:39,359 - INFO -   VMS: 9.04 GB
2025-10-02 16:39:39,363 - INFO -   % of System: 0.6%
2025-10-02 16:39:39,363 - INFO - System Memory:
2025-10-02 16:39:39,363 - INFO -   Total Used: 20.2%
2025-10-02 16:39:39,363 - INFO -   Available: 682.19 GB
2025-10-02 16:39:39,363 - INFO -   Cached: 115.92 GB
2025-10-02 16:39:39,736 - INFO - POST http://localhost:9200/_bulk [status:200 request:3.859s]
2025-10-02 16:39:40,395 - INFO - CPU:
2025-10-02 16:39:40,401 - INFO -   Process usage: 101.4%
2025-10-02 16:39:40,406 - INFO -   Threads: 38
2025-10-02 16:39:40,409 - INFO -   Allocated cores: 288 (IDs: [0, 1, 2, 3, 4]...)
2025-10-02 16:39:40,409 - INFO - Process I/O:
2025-10-02 16:39:40,409 - INFO -   Read: 0.00 GB
2025-10-02 16:39:40,409 - INFO -   Write: 0.01 GB
2025-10-02 16:39:40,409 - INFO - ==================================================
2025-10-02 16:39:40,514 - INFO - Progress: 12,310,000 indexed, 0 failed, Rate: 11305.9 docs/sec, Queue: 80, Elapsed: 1088.8s
2025-10-02 16:39:40,537 - INFO - Progress: 12,320,000 indexed, 0 failed, Rate: 11314.9 docs/sec, Queue: 80, Elapsed: 1088.8s
2025-10-02 16:39:40,579 - INFO - Progress: 12,330,000 indexed, 0 failed, Rate: 11323.6 docs/sec, Queue: 80, Elapsed: 1088.9s
2025-10-02 16:39:40,588 - INFO - Progress: 12,340,000 indexed, 0 failed, Rate: 11332.7 docs/sec, Queue: 80, Elapsed: 1088.9s
2025-10-02 16:39:40,623 - INFO - Progress: 12,350,000 indexed, 0 failed, Rate: 11341.5 docs/sec, Queue: 80, Elapsed: 1088.9s
2025-10-02 16:39:40,632 - INFO - Progress: 12,360,000 indexed, 0 failed, Rate: 11350.6 docs/sec, Queue: 80, Elapsed: 1088.9s
2025-10-02 16:39:40,665 - INFO - Progress: 12,370,000 indexed, 0 failed, Rate: 11359.5 docs/sec, Queue: 80, Elapsed: 1089.0s
2025-10-02 16:39:40,673 - INFO - Progress: 12,380,000 indexed, 0 failed, Rate: 11368.5 docs/sec, Queue: 80, Elapsed: 1089.0s
2025-10-02 16:39:40,736 - INFO - POST http://localhost:9200/_bulk [status:200 request:3.307s]
2025-10-02 16:39:41,043 - INFO - Progress: 12,390,000 indexed, 0 failed, Rate: 11373.9 docs/sec, Queue: 80, Elapsed: 1089.3s
2025-10-02 16:39:41,761 - INFO - Worker 1: Parsed 6,300,000 documents
2025-10-02 16:39:42,195 - INFO - POST http://localhost:9200/_bulk [status:200 request:3.299s]
2025-10-02 16:39:42,438 - INFO - Progress: 12,400,000 indexed, 0 failed, Rate: 11368.5 docs/sec, Queue: 80, Elapsed: 1090.7s
2025-10-02 16:39:42,481 - INFO - === METRICS ES CONSUMER AT 12400000 DOCS ===
2025-10-02 16:39:42,486 - INFO - Process Memory:
2025-10-02 16:39:42,491 - INFO -   RSS: 4.18 GB
2025-10-02 16:39:42,496 - INFO -   VMS: 8.06 GB
2025-10-02 16:39:42,497 - INFO -   % of System: 0.5%
2025-10-02 16:39:42,497 - INFO - System Memory:
2025-10-02 16:39:42,497 - INFO -   Total Used: 20.0%
2025-10-02 16:39:42,497 - INFO -   Available: 683.33 GB
2025-10-02 16:39:42,497 - INFO -   Cached: 116.55 GB
2025-10-02 16:39:43,526 - INFO - CPU:
2025-10-02 16:39:43,526 - INFO -   Process usage: 102.4%
2025-10-02 16:39:43,526 - INFO -   Threads: 38
2025-10-02 16:39:43,526 - INFO -   Allocated cores: 288 (IDs: [0, 1, 2, 3, 4]...)
2025-10-02 16:39:43,526 - INFO - Process I/O:
2025-10-02 16:39:43,526 - INFO -   Read: 0.00 GB
2025-10-02 16:39:43,527 - INFO -   Write: 0.01 GB
2025-10-02 16:39:43,527 - INFO - ==================================================
2025-10-02 16:39:43,578 - INFO - Progress: 12,410,000 indexed, 0 failed, Rate: 11365.8 docs/sec, Queue: 80, Elapsed: 1091.9s
2025-10-02 16:39:45,772 - INFO - Worker 0: Parsed 6,250,000 documents
2025-10-02 16:39:46,303 - INFO - POST http://localhost:9200/_bulk [status:200 request:4.944s]
2025-10-02 16:39:46,666 - INFO - Progress: 12,420,000 indexed, 0 failed, Rate: 11342.8 docs/sec, Queue: 80, Elapsed: 1095.0s
2025-10-02 16:39:46,675 - INFO - Progress: 12,430,000 indexed, 0 failed, Rate: 11351.9 docs/sec, Queue: 80, Elapsed: 1095.0s
2025-10-02 16:39:47,362 - INFO - POST http://localhost:9200/_bulk [status:200 request:4.474s]
2025-10-02 16:39:47,703 - INFO - Progress: 12,440,000 indexed, 0 failed, Rate: 11350.4 docs/sec, Queue: 80, Elapsed: 1096.0s
2025-10-02 16:39:48,056 - INFO - POST http://localhost:9200/_bulk [status:200 request:4.001s]
2025-10-02 16:39:48,539 - INFO - Progress: 12,450,000 indexed, 0 failed, Rate: 11350.8 docs/sec, Queue: 80, Elapsed: 1096.8s
2025-10-02 16:39:48,542 - INFO - Progress: 12,460,000 indexed, 0 failed, Rate: 11359.9 docs/sec, Queue: 80, Elapsed: 1096.8s
2025-10-02 16:39:48,918 - INFO - Overall progress: Parsed 12,608,000, Indexed 0, Queue: 80
2025-10-02 16:39:49,766 - INFO - Worker 1: Parsed 6,350,000 documents
2025-10-02 16:39:50,132 - INFO - POST http://localhost:9200/_bulk [status:200 request:3.830s]
2025-10-02 16:39:52,038 - INFO - POST http://localhost:9200/_bulk [status:200 request:6.818s]
2025-10-02 16:39:52,388 - INFO - Progress: 12,470,000 indexed, 0 failed, Rate: 11329.3 docs/sec, Queue: 80, Elapsed: 1100.7s
2025-10-02 16:39:52,392 - INFO - Progress: 12,480,000 indexed, 0 failed, Rate: 11338.4 docs/sec, Queue: 80, Elapsed: 1100.7s
2025-10-02 16:39:52,411 - INFO - Progress: 12,490,000 indexed, 0 failed, Rate: 11347.3 docs/sec, Queue: 80, Elapsed: 1100.7s
2025-10-02 16:39:52,419 - INFO - Progress: 12,500,000 indexed, 0 failed, Rate: 11356.2 docs/sec, Queue: 80, Elapsed: 1100.7s
2025-10-02 16:39:52,463 - INFO - === METRICS ES CONSUMER AT 12500000 DOCS ===
2025-10-02 16:39:52,463 - INFO - Process Memory:
2025-10-02 16:39:52,463 - INFO -   RSS: 5.15 GB
2025-10-02 16:39:52,463 - INFO -   VMS: 9.03 GB
2025-10-02 16:39:52,464 - INFO -   % of System: 0.6%
2025-10-02 16:39:52,464 - INFO - System Memory:
2025-10-02 16:39:52,464 - INFO -   Total Used: 20.1%
2025-10-02 16:39:52,464 - INFO -   Available: 682.58 GB
2025-10-02 16:39:52,464 - INFO -   Cached: 110.14 GB
2025-10-02 16:39:53,473 - INFO - CPU:
2025-10-02 16:39:53,473 - INFO -   Process usage: 101.4%
2025-10-02 16:39:53,473 - INFO -   Threads: 38
2025-10-02 16:39:53,473 - INFO -   Allocated cores: 288 (IDs: [0, 1, 2, 3, 4]...)
2025-10-02 16:39:53,474 - INFO - Process I/O:
2025-10-02 16:39:53,474 - INFO -   Read: 0.00 GB
2025-10-02 16:39:53,474 - INFO -   Write: 0.01 GB
2025-10-02 16:39:53,474 - INFO - ==================================================
2025-10-02 16:39:54,195 - INFO - POST http://localhost:9200/_bulk [status:200 request:5.736s]
2025-10-02 16:39:54,326 - INFO - Worker 0: Parsed 6,300,000 documents
2025-10-02 16:39:54,574 - INFO - Progress: 12,510,000 indexed, 0 failed, Rate: 11343.1 docs/sec, Queue: 80, Elapsed: 1102.9s
2025-10-02 16:39:54,583 - INFO - Progress: 12,520,000 indexed, 0 failed, Rate: 11352.1 docs/sec, Queue: 80, Elapsed: 1102.9s
2025-10-02 16:39:56,530 - INFO - POST http://localhost:9200/_bulk [status:200 request:6.726s]
2025-10-02 16:39:56,808 - INFO - Progress: 12,530,000 indexed, 0 failed, Rate: 11338.3 docs/sec, Queue: 80, Elapsed: 1105.1s
2025-10-02 16:39:57,652 - INFO - Worker 1: Parsed 6,400,000 documents
2025-10-02 16:39:58,037 - INFO - POST http://localhost:9200/_bulk [status:200 request:6.719s]
2025-10-02 16:39:58,424 - INFO - Progress: 12,540,000 indexed, 0 failed, Rate: 11330.8 docs/sec, Queue: 80, Elapsed: 1106.7s
2025-10-02 16:39:58,433 - INFO - Progress: 12,550,000 indexed, 0 failed, Rate: 11339.7 docs/sec, Queue: 80, Elapsed: 1106.7s
2025-10-02 16:39:58,944 - INFO - Overall progress: Parsed 12,733,000, Indexed 0, Queue: 80
2025-10-02 16:39:59,555 - INFO - POST http://localhost:9200/_bulk [status:200 request:5.549s]
2025-10-02 16:40:00,552 - INFO - POST http://localhost:9200/_bulk [status:200 request:4.980s]
2025-10-02 16:40:00,925 - INFO - POST http://localhost:9200/_bulk [status:200 request:3.856s]
2025-10-02 16:40:02,314 - INFO - POST http://localhost:9200/_bulk [status:200 request:9.496s]
2025-10-02 16:40:02,636 - INFO - Progress: 12,560,000 indexed, 0 failed, Rate: 11305.8 docs/sec, Queue: 80, Elapsed: 1110.9s
2025-10-02 16:40:02,640 - INFO - Progress: 12,570,000 indexed, 0 failed, Rate: 11314.8 docs/sec, Queue: 80, Elapsed: 1110.9s
2025-10-02 16:40:02,660 - INFO - Progress: 12,580,000 indexed, 0 failed, Rate: 11323.6 docs/sec, Queue: 80, Elapsed: 1111.0s
2025-10-02 16:40:02,663 - INFO - Progress: 12,590,000 indexed, 0 failed, Rate: 11332.5 docs/sec, Queue: 80, Elapsed: 1111.0s
2025-10-02 16:40:02,691 - INFO - Progress: 12,600,000 indexed, 0 failed, Rate: 11341.3 docs/sec, Queue: 80, Elapsed: 1111.0s
2025-10-02 16:40:02,744 - INFO - === METRICS ES CONSUMER AT 12600000 DOCS ===
2025-10-02 16:40:02,750 - INFO - Process Memory:
2025-10-02 16:40:02,750 - INFO -   RSS: 5.15 GB
2025-10-02 16:40:02,750 - INFO -   VMS: 9.04 GB
2025-10-02 16:40:02,751 - INFO -   % of System: 0.6%
2025-10-02 16:40:02,751 - INFO - System Memory:
2025-10-02 16:40:02,751 - INFO -   Total Used: 20.2%
2025-10-02 16:40:02,751 - INFO -   Available: 682.15 GB
2025-10-02 16:40:02,751 - INFO -   Cached: 110.26 GB
2025-10-02 16:40:03,361 - INFO - Worker 0: Parsed 6,350,000 documents
2025-10-02 16:40:03,753 - INFO - CPU:
2025-10-02 16:40:03,753 - INFO -   Process usage: 101.8%
2025-10-02 16:40:03,753 - INFO -   Threads: 38
2025-10-02 16:40:03,753 - INFO -   Allocated cores: 288 (IDs: [0, 1, 2, 3, 4]...)
2025-10-02 16:40:03,754 - INFO - Process I/O:
2025-10-02 16:40:03,754 - INFO -   Read: 0.00 GB
2025-10-02 16:40:03,754 - INFO -   Write: 0.01 GB
2025-10-02 16:40:03,754 - INFO - ==================================================
2025-10-02 16:40:03,836 - INFO - Progress: 12,610,000 indexed, 0 failed, Rate: 11338.6 docs/sec, Queue: 80, Elapsed: 1112.1s
2025-10-02 16:40:03,872 - INFO - Progress: 12,620,000 indexed, 0 failed, Rate: 11347.2 docs/sec, Queue: 80, Elapsed: 1112.2s
2025-10-02 16:40:05,199 - INFO - POST http://localhost:9200/_bulk [status:200 request:6.532s]
2025-10-02 16:40:05,593 - INFO - Progress: 12,630,000 indexed, 0 failed, Rate: 11338.6 docs/sec, Queue: 80, Elapsed: 1113.9s
2025-10-02 16:40:05,602 - INFO - Progress: 12,640,000 indexed, 0 failed, Rate: 11347.5 docs/sec, Queue: 80, Elapsed: 1113.9s
2025-10-02 16:40:05,928 - INFO - POST http://localhost:9200/_bulk [status:200 request:3.797s]
2025-10-02 16:40:06,526 - INFO - POST http://localhost:9200/_bulk [status:200 request:6.359s]
2025-10-02 16:40:06,908 - INFO - Progress: 12,650,000 indexed, 0 failed, Rate: 11343.2 docs/sec, Queue: 80, Elapsed: 1115.2s
2025-10-02 16:40:06,917 - INFO - Progress: 12,660,000 indexed, 0 failed, Rate: 11352.1 docs/sec, Queue: 80, Elapsed: 1115.2s
2025-10-02 16:40:06,951 - INFO - Progress: 12,670,000 indexed, 0 failed, Rate: 11360.7 docs/sec, Queue: 80, Elapsed: 1115.2s
2025-10-02 16:40:06,959 - INFO - Progress: 12,680,000 indexed, 0 failed, Rate: 11369.6 docs/sec, Queue: 80, Elapsed: 1115.3s
2025-10-02 16:40:07,372 - INFO - POST http://localhost:9200/_bulk [status:200 request:3.693s]
2025-10-02 16:40:07,656 - INFO - Progress: 12,690,000 indexed, 0 failed, Rate: 11371.4 docs/sec, Queue: 80, Elapsed: 1116.0s
2025-10-02 16:40:07,796 - INFO - Worker 1: Parsed 6,450,000 documents
2025-10-02 16:40:08,149 - INFO - POST http://localhost:9200/_bulk [status:200 request:3.256s]
2025-10-02 16:40:08,462 - INFO - Progress: 12,700,000 indexed, 0 failed, Rate: 11372.2 docs/sec, Queue: 80, Elapsed: 1116.8s
2025-10-02 16:40:08,511 - INFO - === METRICS ES CONSUMER AT 12700000 DOCS ===
2025-10-02 16:40:08,516 - INFO - Process Memory:
2025-10-02 16:40:08,521 - INFO -   RSS: 4.18 GB
2025-10-02 16:40:08,523 - INFO -   VMS: 8.06 GB
2025-10-02 16:40:08,524 - INFO -   % of System: 0.5%
2025-10-02 16:40:08,524 - INFO - System Memory:
2025-10-02 16:40:08,524 - INFO -   Total Used: 20.1%
2025-10-02 16:40:08,524 - INFO -   Available: 682.97 GB
2025-10-02 16:40:08,524 - INFO -   Cached: 110.59 GB
2025-10-02 16:40:08,965 - INFO - Overall progress: Parsed 12,833,000, Indexed 0, Queue: 80
2025-10-02 16:40:09,560 - INFO - CPU:
2025-10-02 16:40:09,560 - INFO -   Process usage: 102.4%
2025-10-02 16:40:09,560 - INFO -   Threads: 38
2025-10-02 16:40:09,561 - INFO -   Allocated cores: 288 (IDs: [0, 1, 2, 3, 4]...)
2025-10-02 16:40:09,561 - INFO - Process I/O:
2025-10-02 16:40:09,561 - INFO -   Read: 0.00 GB
2025-10-02 16:40:09,561 - INFO -   Write: 0.01 GB
2025-10-02 16:40:09,561 - INFO - ==================================================
2025-10-02 16:40:09,614 - INFO - Progress: 12,710,000 indexed, 0 failed, Rate: 11369.4 docs/sec, Queue: 80, Elapsed: 1117.9s
2025-10-02 16:40:10,688 - INFO - POST http://localhost:9200/_bulk [status:200 request:3.389s]
2025-10-02 16:40:11,006 - INFO - Progress: 12,720,000 indexed, 0 failed, Rate: 11364.2 docs/sec, Queue: 80, Elapsed: 1119.3s
2025-10-02 16:40:11,017 - INFO - Progress: 12,730,000 indexed, 0 failed, Rate: 11373.0 docs/sec, Queue: 80, Elapsed: 1119.3s
2025-10-02 16:40:12,331 - INFO - Worker 0: Parsed 6,400,000 documents
2025-10-02 16:40:13,012 - INFO - POST http://localhost:9200/_bulk [status:200 request:3.860s]
2025-10-02 16:40:13,369 - INFO - Progress: 12,740,000 indexed, 0 failed, Rate: 11358.1 docs/sec, Queue: 80, Elapsed: 1121.7s
2025-10-02 16:40:13,373 - INFO - Progress: 12,750,000 indexed, 0 failed, Rate: 11367.0 docs/sec, Queue: 80, Elapsed: 1121.7s
2025-10-02 16:40:14,569 - INFO - POST http://localhost:9200/_bulk [status:200 request:4.249s]
2025-10-02 16:40:14,875 - INFO - Progress: 12,760,000 indexed, 0 failed, Rate: 11360.7 docs/sec, Queue: 80, Elapsed: 1123.2s
2025-10-02 16:40:14,883 - INFO - Progress: 12,770,000 indexed, 0 failed, Rate: 11369.5 docs/sec, Queue: 80, Elapsed: 1123.2s
2025-10-02 16:40:15,775 - INFO - Worker 1: Parsed 6,500,000 documents
2025-10-02 16:40:16,016 - INFO - POST http://localhost:9200/_bulk [status:200 request:4.156s]
2025-10-02 16:40:16,350 - INFO - Progress: 12,780,000 indexed, 0 failed, Rate: 11363.6 docs/sec, Queue: 80, Elapsed: 1124.6s
2025-10-02 16:40:16,586 - INFO - POST http://localhost:9200/_bulk [status:200 request:3.638s]
2025-10-02 16:40:16,920 - INFO - Progress: 12,790,000 indexed, 0 failed, Rate: 11366.7 docs/sec, Queue: 80, Elapsed: 1125.2s
2025-10-02 16:40:16,929 - INFO - Progress: 12,800,000 indexed, 0 failed, Rate: 11375.5 docs/sec, Queue: 80, Elapsed: 1125.2s
2025-10-02 16:40:16,951 - INFO - === METRICS ES CONSUMER AT 12800000 DOCS ===
2025-10-02 16:40:16,951 - INFO - Process Memory:
2025-10-02 16:40:16,951 - INFO -   RSS: 4.66 GB
2025-10-02 16:40:16,951 - INFO -   VMS: 8.54 GB
2025-10-02 16:40:16,967 - INFO -   % of System: 0.5%
2025-10-02 16:40:16,972 - INFO - System Memory:
2025-10-02 16:40:16,978 - INFO -   Total Used: 20.1%
2025-10-02 16:40:16,983 - INFO -   Available: 682.67 GB
2025-10-02 16:40:16,988 - INFO -   Cached: 112.31 GB
2025-10-02 16:40:18,036 - INFO - CPU:
2025-10-02 16:40:18,037 - INFO -   Process usage: 100.9%
2025-10-02 16:40:18,037 - INFO -   Threads: 38
2025-10-02 16:40:18,037 - INFO -   Allocated cores: 288 (IDs: [0, 1, 2, 3, 4]...)
2025-10-02 16:40:18,037 - INFO - Process I/O:
2025-10-02 16:40:18,037 - INFO -   Read: 0.00 GB
2025-10-02 16:40:18,037 - INFO -   Write: 0.01 GB
2025-10-02 16:40:18,037 - INFO - ==================================================
2025-10-02 16:40:18,579 - INFO - POST http://localhost:9200/_bulk [status:200 request:4.039s]
2025-10-02 16:40:18,996 - INFO - Overall progress: Parsed 12,949,000, Indexed 0, Queue: 80
2025-10-02 16:40:19,241 - INFO - Progress: 12,810,000 indexed, 0 failed, Rate: 11361.0 docs/sec, Queue: 80, Elapsed: 1127.5s
2025-10-02 16:40:19,257 - INFO - Progress: 12,820,000 indexed, 0 failed, Rate: 11369.8 docs/sec, Queue: 80, Elapsed: 1127.6s
2025-10-02 16:40:19,378 - INFO - POST http://localhost:9200/_bulk [status:200 request:3.411s]
2025-10-02 16:40:19,708 - INFO - Progress: 12,830,000 indexed, 0 failed, Rate: 11374.1 docs/sec, Queue: 80, Elapsed: 1128.0s
2025-10-02 16:40:21,304 - INFO - POST http://localhost:9200/_bulk [status:200 request:3.440s]
2025-10-02 16:40:21,571 - INFO - Progress: 12,840,000 indexed, 0 failed, Rate: 11364.2 docs/sec, Queue: 80, Elapsed: 1129.9s
2025-10-02 16:40:21,579 - INFO - Progress: 12,850,000 indexed, 0 failed, Rate: 11372.9 docs/sec, Queue: 80, Elapsed: 1129.9s
2025-10-02 16:40:21,852 - INFO - Worker 0: Parsed 6,450,000 documents
2025-10-02 16:40:23,649 - INFO - POST http://localhost:9200/_bulk [status:200 request:3.552s]
2025-10-02 16:40:23,958 - INFO - Progress: 12,860,000 indexed, 0 failed, Rate: 11357.9 docs/sec, Queue: 80, Elapsed: 1132.3s
2025-10-02 16:40:23,968 - INFO - Progress: 12,870,000 indexed, 0 failed, Rate: 11366.6 docs/sec, Queue: 80, Elapsed: 1132.3s
2025-10-02 16:40:24,874 - INFO - Worker 1: Parsed 6,550,000 documents
2025-10-02 16:40:25,362 - INFO - POST http://localhost:9200/_bulk [status:200 request:4.118s]
2025-10-02 16:40:25,713 - INFO - Progress: 12,880,000 indexed, 0 failed, Rate: 11357.9 docs/sec, Queue: 80, Elapsed: 1134.0s
2025-10-02 16:40:25,721 - INFO - Progress: 12,890,000 indexed, 0 failed, Rate: 11366.7 docs/sec, Queue: 80, Elapsed: 1134.0s
2025-10-02 16:40:29,101 - INFO - Overall progress: Parsed 13,077,000, Indexed 0, Queue: 80
2025-10-02 16:40:29,106 - INFO - Worker 0: Parsed 6,500,000 documents
2025-10-02 16:40:29,489 - INFO - POST http://localhost:9200/_bulk [status:200 request:4.124s]
2025-10-02 16:40:31,348 - INFO - POST http://localhost:9200/_bulk [status:200 request:7.059s]
2025-10-02 16:40:32,616 - INFO - POST http://localhost:9200/_bulk [status:200 request:9.845s]
2025-10-02 16:40:32,908 - INFO - Progress: 12,900,000 indexed, 0 failed, Rate: 11303.8 docs/sec, Queue: 80, Elapsed: 1141.2s
2025-10-02 16:40:32,909 - INFO - Worker 1: Parsed 6,600,000 documents
2025-10-02 16:40:32,948 - INFO - === METRICS ES CONSUMER AT 12900000 DOCS ===
2025-10-02 16:40:32,953 - INFO - Process Memory:
2025-10-02 16:40:32,959 - INFO -   RSS: 6.14 GB
2025-10-02 16:40:32,964 - INFO -   VMS: 10.02 GB
2025-10-02 16:40:32,978 - INFO -   % of System: 0.7%
2025-10-02 16:40:32,978 - INFO - System Memory:
2025-10-02 16:40:32,978 - INFO -   Total Used: 20.2%
2025-10-02 16:40:32,978 - INFO -   Available: 681.47 GB
2025-10-02 16:40:32,978 - INFO -   Cached: 116.39 GB
2025-10-02 16:40:33,986 - INFO - CPU:
2025-10-02 16:40:33,987 - INFO -   Process usage: 101.4%
2025-10-02 16:40:33,987 - INFO -   Threads: 38
2025-10-02 16:40:33,987 - INFO -   Allocated cores: 288 (IDs: [0, 1, 2, 3, 4]...)
2025-10-02 16:40:33,987 - INFO - Process I/O:
2025-10-02 16:40:33,987 - INFO -   Read: 0.00 GB
2025-10-02 16:40:33,987 - INFO -   Write: 0.01 GB
2025-10-02 16:40:33,987 - INFO - ==================================================
2025-10-02 16:40:34,122 - INFO - Progress: 12,910,000 indexed, 0 failed, Rate: 11300.6 docs/sec, Queue: 80, Elapsed: 1142.4s
2025-10-02 16:40:34,130 - INFO - Progress: 12,920,000 indexed, 0 failed, Rate: 11309.3 docs/sec, Queue: 80, Elapsed: 1142.4s
2025-10-02 16:40:34,158 - INFO - Progress: 12,930,000 indexed, 0 failed, Rate: 11317.7 docs/sec, Queue: 80, Elapsed: 1142.5s
2025-10-02 16:40:34,167 - INFO - Progress: 12,940,000 indexed, 0 failed, Rate: 11326.4 docs/sec, Queue: 80, Elapsed: 1142.5s
2025-10-02 16:40:35,410 - INFO - POST http://localhost:9200/_bulk [status:200 request:7.339s]
2025-10-02 16:40:35,906 - INFO - POST http://localhost:9200/_bulk [status:200 request:3.763s]
2025-10-02 16:40:36,122 - INFO - POST http://localhost:9200/_bulk [status:200 request:9.184s]
2025-10-02 16:40:36,611 - INFO - Progress: 12,950,000 indexed, 0 failed, Rate: 11311.0 docs/sec, Queue: 80, Elapsed: 1144.9s
2025-10-02 16:40:36,621 - INFO - Progress: 12,960,000 indexed, 0 failed, Rate: 11319.6 docs/sec, Queue: 80, Elapsed: 1144.9s
2025-10-02 16:40:36,654 - INFO - Progress: 12,970,000 indexed, 0 failed, Rate: 11328.0 docs/sec, Queue: 80, Elapsed: 1145.0s
2025-10-02 16:40:37,562 - INFO - POST http://localhost:9200/_bulk [status:200 request:3.824s]
2025-10-02 16:40:37,802 - INFO - POST http://localhost:9200/_bulk [status:200 request:8.659s]
2025-10-02 16:40:38,235 - INFO - Progress: 12,980,000 indexed, 0 failed, Rate: 11321.1 docs/sec, Queue: 80, Elapsed: 1146.5s
2025-10-02 16:40:38,245 - INFO - Progress: 12,990,000 indexed, 0 failed, Rate: 11329.7 docs/sec, Queue: 80, Elapsed: 1146.5s
2025-10-02 16:40:38,523 - INFO - POST http://localhost:9200/_bulk [status:200 request:7.843s]
2025-10-02 16:40:38,829 - INFO - POST http://localhost:9200/_bulk [status:200 request:3.818s]
2025-10-02 16:40:39,121 - INFO - Progress: 13,000,000 indexed, 0 failed, Rate: 11329.8 docs/sec, Queue: 80, Elapsed: 1147.4s
2025-10-02 16:40:39,135 - INFO - Overall progress: Parsed 13,175,000, Indexed 0, Queue: 80
2025-10-02 16:40:39,302 - INFO - === METRICS ES CONSUMER AT 13000000 DOCS ===
2025-10-02 16:40:39,307 - INFO - Process Memory:
2025-10-02 16:40:39,313 - INFO -   RSS: 4.19 GB
2025-10-02 16:40:39,318 - INFO -   VMS: 8.07 GB
2025-10-02 16:40:39,340 - INFO -   % of System: 0.5%
2025-10-02 16:40:39,345 - INFO - System Memory:
2025-10-02 16:40:39,350 - INFO -   Total Used: 20.1%
2025-10-02 16:40:39,355 - INFO -   Available: 682.70 GB
2025-10-02 16:40:39,360 - INFO -   Cached: 117.03 GB
2025-10-02 16:40:39,433 - INFO - Worker 0: Parsed 6,550,000 documents
2025-10-02 16:40:40,391 - INFO - CPU:
2025-10-02 16:40:40,392 - INFO -   Process usage: 102.1%
2025-10-02 16:40:40,392 - INFO -   Threads: 38
2025-10-02 16:40:40,392 - INFO -   Allocated cores: 288 (IDs: [0, 1, 2, 3, 4]...)
2025-10-02 16:40:40,392 - INFO - Process I/O:
2025-10-02 16:40:40,392 - INFO -   Read: 0.00 GB
2025-10-02 16:40:40,392 - INFO -   Write: 0.01 GB
2025-10-02 16:40:40,392 - INFO - ==================================================
2025-10-02 16:40:40,486 - INFO - Progress: 13,010,000 indexed, 0 failed, Rate: 11325.0 docs/sec, Queue: 80, Elapsed: 1148.8s
2025-10-02 16:40:40,527 - INFO - Progress: 13,020,000 indexed, 0 failed, Rate: 11333.3 docs/sec, Queue: 80, Elapsed: 1148.8s
2025-10-02 16:40:40,535 - INFO - Progress: 13,030,000 indexed, 0 failed, Rate: 11342.0 docs/sec, Queue: 80, Elapsed: 1148.8s
2025-10-02 16:40:40,577 - INFO - Progress: 13,040,000 indexed, 0 failed, Rate: 11350.2 docs/sec, Queue: 80, Elapsed: 1148.9s
2025-10-02 16:40:40,617 - INFO - Progress: 13,050,000 indexed, 0 failed, Rate: 11358.6 docs/sec, Queue: 80, Elapsed: 1148.9s
2025-10-02 16:40:40,663 - INFO - POST http://localhost:9200/_bulk [status:200 request:3.426s]
2025-10-02 16:40:40,668 - INFO - Progress: 13,060,000 indexed, 0 failed, Rate: 11366.8 docs/sec, Queue: 80, Elapsed: 1149.0s
2025-10-02 16:40:40,933 - INFO - Progress: 13,070,000 indexed, 0 failed, Rate: 11372.8 docs/sec, Queue: 80, Elapsed: 1149.2s
2025-10-02 16:40:40,945 - INFO - Progress: 13,080,000 indexed, 0 failed, Rate: 11381.4 docs/sec, Queue: 80, Elapsed: 1149.2s
2025-10-02 16:40:42,776 - INFO - Worker 1: Parsed 6,650,000 documents
2025-10-02 16:40:45,217 - INFO - POST http://localhost:9200/_bulk [status:200 request:5.376s]
2025-10-02 16:40:45,507 - INFO - POST http://localhost:9200/_bulk [status:200 request:3.894s]
2025-10-02 16:40:45,795 - INFO - Progress: 13,090,000 indexed, 0 failed, Rate: 11342.3 docs/sec, Queue: 80, Elapsed: 1154.1s
2025-10-02 16:40:45,809 - INFO - Progress: 13,100,000 indexed, 0 failed, Rate: 11350.8 docs/sec, Queue: 80, Elapsed: 1154.1s
2025-10-02 16:40:45,912 - INFO - === METRICS ES CONSUMER AT 13100000 DOCS ===
2025-10-02 16:40:45,913 - INFO - Process Memory:
2025-10-02 16:40:45,913 - INFO -   RSS: 5.15 GB
2025-10-02 16:40:45,913 - INFO -   VMS: 9.03 GB
2025-10-02 16:40:45,926 - INFO -   % of System: 0.6%
2025-10-02 16:40:45,931 - INFO - System Memory:
2025-10-02 16:40:45,936 - INFO -   Total Used: 20.2%
2025-10-02 16:40:45,942 - INFO -   Available: 681.64 GB
2025-10-02 16:40:45,947 - INFO -   Cached: 118.19 GB
2025-10-02 16:40:46,419 - INFO - POST http://localhost:9200/_bulk [status:200 request:3.731s]
2025-10-02 16:40:46,990 - INFO - CPU:
2025-10-02 16:40:46,994 - INFO -   Process usage: 100.3%
2025-10-02 16:40:46,994 - INFO -   Threads: 38
2025-10-02 16:40:46,994 - INFO -   Allocated cores: 288 (IDs: [0, 1, 2, 3, 4]...)
2025-10-02 16:40:46,995 - INFO - Process I/O:
2025-10-02 16:40:46,995 - INFO -   Read: 0.00 GB
2025-10-02 16:40:46,995 - INFO -   Write: 0.01 GB
2025-10-02 16:40:46,995 - INFO - ==================================================
2025-10-02 16:40:47,087 - INFO - Progress: 13,110,000 indexed, 0 failed, Rate: 11346.9 docs/sec, Queue: 80, Elapsed: 1155.4s
2025-10-02 16:40:47,120 - INFO - Progress: 13,120,000 indexed, 0 failed, Rate: 11355.2 docs/sec, Queue: 80, Elapsed: 1155.4s
2025-10-02 16:40:47,129 - INFO - Progress: 13,130,000 indexed, 0 failed, Rate: 11363.8 docs/sec, Queue: 80, Elapsed: 1155.4s
2025-10-02 16:40:47,389 - INFO - POST http://localhost:9200/_bulk [status:200 request:3.563s]
2025-10-02 16:40:47,629 - INFO - Progress: 13,140,000 indexed, 0 failed, Rate: 11367.5 docs/sec, Queue: 80, Elapsed: 1155.9s
2025-10-02 16:40:47,638 - INFO - Progress: 13,150,000 indexed, 0 failed, Rate: 11376.1 docs/sec, Queue: 80, Elapsed: 1155.9s
2025-10-02 16:40:48,371 - INFO - Worker 0: Parsed 6,600,000 documents
2025-10-02 16:40:48,861 - INFO - POST http://localhost:9200/_bulk [status:200 request:3.862s]
2025-10-02 16:40:49,118 - INFO - Progress: 13,160,000 indexed, 0 failed, Rate: 11370.2 docs/sec, Queue: 80, Elapsed: 1157.4s
2025-10-02 16:40:49,126 - INFO - Progress: 13,170,000 indexed, 0 failed, Rate: 11378.7 docs/sec, Queue: 80, Elapsed: 1157.4s
2025-10-02 16:40:49,156 - INFO - Overall progress: Parsed 13,289,000, Indexed 0, Queue: 80
2025-10-02 16:40:50,706 - INFO - Worker 1: Parsed 6,700,000 documents
2025-10-02 16:40:50,994 - INFO - POST http://localhost:9200/_bulk [status:200 request:3.628s]
2025-10-02 16:40:51,291 - INFO - Progress: 13,180,000 indexed, 0 failed, Rate: 11366.1 docs/sec, Queue: 80, Elapsed: 1159.6s
2025-10-02 16:40:55,732 - INFO - POST http://localhost:9200/_bulk [status:200 request:6.871s]
2025-10-02 16:40:56,012 - INFO - Progress: 13,190,000 indexed, 0 failed, Rate: 11328.6 docs/sec, Queue: 80, Elapsed: 1164.3s
2025-10-02 16:40:56,015 - INFO - Progress: 13,200,000 indexed, 0 failed, Rate: 11337.2 docs/sec, Queue: 80, Elapsed: 1164.3s
2025-10-02 16:40:56,048 - INFO - === METRICS ES CONSUMER AT 13200000 DOCS ===
2025-10-02 16:40:56,055 - INFO - Process Memory:
2025-10-02 16:40:56,060 - INFO -   RSS: 6.10 GB
2025-10-02 16:40:56,065 - INFO -   VMS: 9.99 GB
2025-10-02 16:40:56,081 - INFO -   % of System: 0.7%
2025-10-02 16:40:56,081 - INFO - System Memory:
2025-10-02 16:40:56,081 - INFO -   Total Used: 20.3%
2025-10-02 16:40:56,081 - INFO -   Available: 681.12 GB
2025-10-02 16:40:56,081 - INFO -   Cached: 118.42 GB
2025-10-02 16:40:56,202 - INFO - Worker 0: Parsed 6,650,000 documents
2025-10-02 16:40:57,094 - INFO - CPU:
2025-10-02 16:40:57,094 - INFO -   Process usage: 101.4%
2025-10-02 16:40:57,094 - INFO -   Threads: 38
2025-10-02 16:40:57,094 - INFO -   Allocated cores: 288 (IDs: [0, 1, 2, 3, 4]...)
2025-10-02 16:40:57,095 - INFO - Process I/O:
2025-10-02 16:40:57,095 - INFO -   Read: 0.00 GB
2025-10-02 16:40:57,095 - INFO -   Write: 0.01 GB
2025-10-02 16:40:57,095 - INFO - ==================================================
2025-10-02 16:40:57,487 - INFO - POST http://localhost:9200/_bulk [status:200 request:5.734s]
2025-10-02 16:40:57,977 - INFO - Worker 1: Parsed 6,750,000 documents
2025-10-02 16:40:58,324 - INFO - POST http://localhost:9200/_bulk [status:200 request:4.271s]
2025-10-02 16:40:58,532 - INFO - POST http://localhost:9200/_bulk [status:200 request:8.233s]
2025-10-02 16:40:58,971 - INFO - Progress: 13,210,000 indexed, 0 failed, Rate: 11317.0 docs/sec, Queue: 80, Elapsed: 1167.3s
2025-10-02 16:40:58,975 - INFO - Progress: 13,220,000 indexed, 0 failed, Rate: 11325.6 docs/sec, Queue: 80, Elapsed: 1167.3s
2025-10-02 16:40:58,993 - INFO - Progress: 13,230,000 indexed, 0 failed, Rate: 11334.0 docs/sec, Queue: 80, Elapsed: 1167.3s
2025-10-02 16:40:58,996 - INFO - Progress: 13,240,000 indexed, 0 failed, Rate: 11342.5 docs/sec, Queue: 80, Elapsed: 1167.3s
2025-10-02 16:40:59,171 - INFO - Overall progress: Parsed 13,415,000, Indexed 0, Queue: 80
2025-10-02 16:40:59,674 - INFO - POST http://localhost:9200/_bulk [status:200 request:4.560s]
2025-10-02 16:41:00,430 - INFO - POST http://localhost:9200/_bulk [status:200 request:7.505s]
2025-10-02 16:41:00,683 - INFO - Progress: 13,250,000 indexed, 0 failed, Rate: 11334.7 docs/sec, Queue: 80, Elapsed: 1169.0s
2025-10-02 16:41:00,692 - INFO - Progress: 13,260,000 indexed, 0 failed, Rate: 11343.1 docs/sec, Queue: 80, Elapsed: 1169.0s
2025-10-02 16:41:00,728 - INFO - Progress: 13,270,000 indexed, 0 failed, Rate: 11351.3 docs/sec, Queue: 80, Elapsed: 1169.0s
2025-10-02 16:41:00,760 - INFO - Progress: 13,280,000 indexed, 0 failed, Rate: 11359.6 docs/sec, Queue: 80, Elapsed: 1169.1s
2025-10-02 16:41:00,769 - INFO - Progress: 13,290,000 indexed, 0 failed, Rate: 11368.0 docs/sec, Queue: 80, Elapsed: 1169.1s
2025-10-02 16:41:03,682 - INFO - POST http://localhost:9200/_bulk [status:200 request:5.498s]
2025-10-02 16:41:04,974 - INFO - Worker 0: Parsed 6,700,000 documents
2025-10-02 16:41:05,175 - INFO - POST http://localhost:9200/_bulk [status:200 request:8.475s]
2025-10-02 16:41:05,541 - INFO - Progress: 13,300,000 indexed, 0 failed, Rate: 11330.4 docs/sec, Queue: 80, Elapsed: 1173.8s
2025-10-02 16:41:05,554 - INFO - === METRICS ES CONSUMER AT 13300000 DOCS ===
2025-10-02 16:41:05,559 - INFO - Process Memory:
2025-10-02 16:41:05,564 - INFO -   RSS: 5.63 GB
2025-10-02 16:41:05,569 - INFO -   VMS: 9.51 GB
2025-10-02 16:41:05,590 - INFO -   % of System: 0.7%
2025-10-02 16:41:05,595 - INFO - System Memory:
2025-10-02 16:41:05,600 - INFO -   Total Used: 20.3%
2025-10-02 16:41:05,600 - INFO -   Available: 681.23 GB
2025-10-02 16:41:05,600 - INFO -   Cached: 116.37 GB
2025-10-02 16:41:06,620 - INFO - CPU:
2025-10-02 16:41:06,620 - INFO -   Process usage: 101.4%
2025-10-02 16:41:06,620 - INFO -   Threads: 38
2025-10-02 16:41:06,620 - INFO -   Allocated cores: 288 (IDs: [0, 1, 2, 3, 4]...)
2025-10-02 16:41:06,621 - INFO - Process I/O:
2025-10-02 16:41:06,621 - INFO -   Read: 0.00 GB
2025-10-02 16:41:06,621 - INFO -   Write: 0.01 GB
2025-10-02 16:41:06,621 - INFO - ==================================================
2025-10-02 16:41:06,719 - INFO - Progress: 13,310,000 indexed, 0 failed, Rate: 11327.5 docs/sec, Queue: 80, Elapsed: 1175.0s
2025-10-02 16:41:06,747 - INFO - Progress: 13,320,000 indexed, 0 failed, Rate: 11335.7 docs/sec, Queue: 80, Elapsed: 1175.0s
2025-10-02 16:41:06,850 - INFO - Worker 1: Parsed 6,800,000 documents
2025-10-02 16:41:07,788 - INFO - POST http://localhost:9200/_bulk [status:200 request:4.471s]
2025-10-02 16:41:08,010 - INFO - POST http://localhost:9200/_bulk [status:200 request:7.427s]
2025-10-02 16:41:08,317 - INFO - POST http://localhost:9200/_bulk [status:200 request:3.757s]
2025-10-02 16:41:08,745 - INFO - Progress: 13,330,000 indexed, 0 failed, Rate: 11325.0 docs/sec, Queue: 80, Elapsed: 1177.0s
2025-10-02 16:41:08,769 - INFO - Progress: 13,340,000 indexed, 0 failed, Rate: 11333.3 docs/sec, Queue: 80, Elapsed: 1177.1s
2025-10-02 16:41:09,188 - INFO - Overall progress: Parsed 13,524,000, Indexed 0, Queue: 80
2025-10-02 16:41:09,412 - INFO - POST http://localhost:9200/_bulk [status:200 request:7.505s]
2025-10-02 16:41:09,678 - INFO - Progress: 13,350,000 indexed, 0 failed, Rate: 11333.0 docs/sec, Queue: 80, Elapsed: 1178.0s
2025-10-02 16:41:09,687 - INFO - Progress: 13,360,000 indexed, 0 failed, Rate: 11341.4 docs/sec, Queue: 80, Elapsed: 1178.0s
2025-10-02 16:41:09,717 - INFO - Progress: 13,370,000 indexed, 0 failed, Rate: 11349.6 docs/sec, Queue: 80, Elapsed: 1178.0s
2025-10-02 16:41:09,726 - INFO - Progress: 13,380,000 indexed, 0 failed, Rate: 11358.0 docs/sec, Queue: 80, Elapsed: 1178.0s
2025-10-02 16:41:09,757 - INFO - Progress: 13,390,000 indexed, 0 failed, Rate: 11366.2 docs/sec, Queue: 80, Elapsed: 1178.1s
2025-10-02 16:41:11,025 - INFO - POST http://localhost:9200/_bulk [status:200 request:3.730s]
2025-10-02 16:41:11,365 - INFO - POST http://localhost:9200/_bulk [status:200 request:5.305s]
2025-10-02 16:41:11,717 - INFO - Progress: 13,400,000 indexed, 0 failed, Rate: 11355.8 docs/sec, Queue: 80, Elapsed: 1180.0s
2025-10-02 16:41:11,730 - INFO - === METRICS ES CONSUMER AT 13400000 DOCS ===
2025-10-02 16:41:11,735 - INFO - Process Memory:
2025-10-02 16:41:11,740 - INFO -   RSS: 4.19 GB
2025-10-02 16:41:11,745 - INFO -   VMS: 8.08 GB
2025-10-02 16:41:11,772 - INFO -   % of System: 0.5%
2025-10-02 16:41:11,777 - INFO - System Memory:
2025-10-02 16:41:11,780 - INFO -   Total Used: 20.1%
2025-10-02 16:41:11,780 - INFO -   Available: 682.34 GB
2025-10-02 16:41:11,780 - INFO -   Cached: 109.98 GB
2025-10-02 16:41:12,866 - INFO - CPU:
2025-10-02 16:41:12,867 - INFO -   Process usage: 101.4%
2025-10-02 16:41:12,867 - INFO -   Threads: 38
2025-10-02 16:41:12,867 - INFO -   Allocated cores: 288 (IDs: [0, 1, 2, 3, 4]...)
2025-10-02 16:41:12,867 - INFO - Process I/O:
2025-10-02 16:41:12,867 - INFO -   Read: 0.00 GB
2025-10-02 16:41:12,868 - INFO -   Write: 0.01 GB
2025-10-02 16:41:12,868 - INFO - ==================================================
2025-10-02 16:41:12,920 - INFO - Progress: 13,410,000 indexed, 0 failed, Rate: 11352.7 docs/sec, Queue: 80, Elapsed: 1181.2s
2025-10-02 16:41:12,951 - INFO - Progress: 13,420,000 indexed, 0 failed, Rate: 11360.9 docs/sec, Queue: 80, Elapsed: 1181.2s
2025-10-02 16:41:12,960 - INFO - Progress: 13,430,000 indexed, 0 failed, Rate: 11369.3 docs/sec, Queue: 80, Elapsed: 1181.3s
2025-10-02 16:41:13,803 - INFO - POST http://localhost:9200/_bulk [status:200 request:3.506s]
2025-10-02 16:41:14,140 - INFO - Progress: 13,440,000 indexed, 0 failed, Rate: 11366.4 docs/sec, Queue: 80, Elapsed: 1182.4s
2025-10-02 16:41:14,145 - INFO - Progress: 13,450,000 indexed, 0 failed, Rate: 11374.8 docs/sec, Queue: 80, Elapsed: 1182.4s
2025-10-02 16:41:14,969 - INFO - Worker 0: Parsed 6,750,000 documents
2025-10-02 16:41:16,082 - INFO - POST http://localhost:9200/_bulk [status:200 request:3.984s]
2025-10-02 16:41:16,434 - INFO - Progress: 13,460,000 indexed, 0 failed, Rate: 11361.2 docs/sec, Queue: 80, Elapsed: 1184.7s
2025-10-02 16:41:16,629 - INFO - Worker 1: Parsed 6,850,000 documents
2025-10-02 16:41:16,723 - INFO - POST http://localhost:9200/_bulk [status:200 request:3.383s]
2025-10-02 16:41:17,059 - INFO - Progress: 13,470,000 indexed, 0 failed, Rate: 11363.7 docs/sec, Queue: 80, Elapsed: 1185.4s
2025-10-02 16:41:17,067 - INFO - Progress: 13,480,000 indexed, 0 failed, Rate: 11372.0 docs/sec, Queue: 80, Elapsed: 1185.4s
2025-10-02 16:41:18,646 - INFO - POST http://localhost:9200/_bulk [status:200 request:3.777s]
2025-10-02 16:41:18,986 - INFO - Progress: 13,490,000 indexed, 0 failed, Rate: 11362.1 docs/sec, Queue: 80, Elapsed: 1187.3s
2025-10-02 16:41:18,995 - INFO - Progress: 13,500,000 indexed, 0 failed, Rate: 11370.4 docs/sec, Queue: 80, Elapsed: 1187.3s
2025-10-02 16:41:19,037 - INFO - === METRICS ES CONSUMER AT 13500000 DOCS ===
2025-10-02 16:41:19,037 - INFO - Process Memory:
2025-10-02 16:41:19,037 - INFO -   RSS: 4.68 GB
2025-10-02 16:41:19,037 - INFO -   VMS: 8.56 GB
2025-10-02 16:41:19,037 - INFO -   % of System: 0.5%
2025-10-02 16:41:19,037 - INFO - System Memory:
2025-10-02 16:41:19,037 - INFO -   Total Used: 20.2%
2025-10-02 16:41:19,037 - INFO -   Available: 681.94 GB
2025-10-02 16:41:19,037 - INFO -   Cached: 111.08 GB
2025-10-02 16:41:19,214 - INFO - Overall progress: Parsed 13,636,000, Indexed 0, Queue: 80
2025-10-02 16:41:19,782 - INFO - POST http://localhost:9200/_bulk [status:200 request:3.752s]
2025-10-02 16:41:20,107 - INFO - CPU:
2025-10-02 16:41:20,112 - INFO -   Process usage: 103.0%
2025-10-02 16:41:20,113 - INFO -   Threads: 38
2025-10-02 16:41:20,113 - INFO -   Allocated cores: 288 (IDs: [0, 1, 2, 3, 4]...)
2025-10-02 16:41:20,114 - INFO - Process I/O:
2025-10-02 16:41:20,114 - INFO -   Read: 0.00 GB
2025-10-02 16:41:20,114 - INFO -   Write: 0.01 GB
2025-10-02 16:41:20,114 - INFO - ==================================================
2025-10-02 16:41:20,190 - INFO - Progress: 13,510,000 indexed, 0 failed, Rate: 11367.4 docs/sec, Queue: 80, Elapsed: 1188.5s
2025-10-02 16:41:20,193 - INFO - Progress: 13,520,000 indexed, 0 failed, Rate: 11375.8 docs/sec, Queue: 80, Elapsed: 1188.5s
2025-10-02 16:41:21,583 - INFO - POST http://localhost:9200/_bulk [status:200 request:3.675s]
2025-10-02 16:41:21,888 - INFO - Progress: 13,530,000 indexed, 0 failed, Rate: 11368.0 docs/sec, Queue: 80, Elapsed: 1190.2s
2025-10-02 16:41:23,360 - INFO - POST http://localhost:9200/_bulk [status:200 request:3.875s]
2025-10-02 16:41:23,660 - INFO - Progress: 13,540,000 indexed, 0 failed, Rate: 11359.5 docs/sec, Queue: 80, Elapsed: 1192.0s
2025-10-02 16:41:23,670 - INFO - Progress: 13,550,000 indexed, 0 failed, Rate: 11367.8 docs/sec, Queue: 80, Elapsed: 1192.0s
2025-10-02 16:41:23,789 - INFO - Worker 0: Parsed 6,800,000 documents
2025-10-02 16:41:24,715 - INFO - POST http://localhost:9200/_bulk [status:200 request:3.721s]
2025-10-02 16:41:24,982 - INFO - Progress: 13,560,000 indexed, 0 failed, Rate: 11363.6 docs/sec, Queue: 80, Elapsed: 1193.3s
2025-10-02 16:41:24,986 - INFO - Progress: 13,570,000 indexed, 0 failed, Rate: 11372.0 docs/sec, Queue: 80, Elapsed: 1193.3s
2025-10-02 16:41:25,293 - INFO - Worker 1: Parsed 6,900,000 documents
2025-10-02 16:41:26,632 - INFO - POST http://localhost:9200/_bulk [status:200 request:4.182s]
2025-10-02 16:41:26,936 - INFO - Progress: 13,580,000 indexed, 0 failed, Rate: 11361.8 docs/sec, Queue: 80, Elapsed: 1195.2s
2025-10-02 16:41:26,944 - INFO - Progress: 13,590,000 indexed, 0 failed, Rate: 11370.1 docs/sec, Queue: 80, Elapsed: 1195.2s
2025-10-02 16:41:27,680 - INFO - POST http://localhost:9200/_bulk [status:200 request:3.691s]
2025-10-02 16:41:28,028 - INFO - Progress: 13,600,000 indexed, 0 failed, Rate: 11368.2 docs/sec, Queue: 80, Elapsed: 1196.3s
2025-10-02 16:41:28,066 - INFO - === METRICS ES CONSUMER AT 13600000 DOCS ===
2025-10-02 16:41:28,066 - INFO - Process Memory:
2025-10-02 16:41:28,066 - INFO -   RSS: 4.68 GB
2025-10-02 16:41:28,066 - INFO -   VMS: 8.55 GB
2025-10-02 16:41:28,066 - INFO -   % of System: 0.5%
2025-10-02 16:41:28,066 - INFO - System Memory:
2025-10-02 16:41:28,067 - INFO -   Total Used: 20.2%
2025-10-02 16:41:28,067 - INFO -   Available: 682.28 GB
2025-10-02 16:41:28,067 - INFO -   Cached: 112.72 GB
2025-10-02 16:41:29,090 - INFO - CPU:
2025-10-02 16:41:29,090 - INFO -   Process usage: 101.4%
2025-10-02 16:41:29,090 - INFO -   Threads: 38
2025-10-02 16:41:29,090 - INFO -   Allocated cores: 288 (IDs: [0, 1, 2, 3, 4]...)
2025-10-02 16:41:29,090 - INFO - Process I/O:
2025-10-02 16:41:29,090 - INFO -   Read: 0.00 GB
2025-10-02 16:41:29,091 - INFO -   Write: 0.01 GB
2025-10-02 16:41:29,091 - INFO - ==================================================
2025-10-02 16:41:29,154 - INFO - Progress: 13,610,000 indexed, 0 failed, Rate: 11365.8 docs/sec, Queue: 80, Elapsed: 1197.5s
2025-10-02 16:41:29,240 - INFO - Overall progress: Parsed 13,756,000, Indexed 0, Queue: 80
2025-10-02 16:41:31,393 - INFO - POST http://localhost:9200/_bulk [status:200 request:5.881s]
2025-10-02 16:41:31,750 - INFO - Progress: 13,620,000 indexed, 0 failed, Rate: 11349.6 docs/sec, Queue: 80, Elapsed: 1200.0s
2025-10-02 16:41:32,112 - INFO - Worker 0: Parsed 6,850,000 documents
2025-10-02 16:41:32,751 - INFO - Worker 1: Parsed 6,950,000 documents
2025-10-02 16:41:34,902 - INFO - POST http://localhost:9200/_bulk [status:200 request:8.235s]
2025-10-02 16:41:35,268 - INFO - Progress: 13,630,000 indexed, 0 failed, Rate: 11324.7 docs/sec, Queue: 80, Elapsed: 1203.6s
2025-10-02 16:41:35,277 - INFO - Progress: 13,640,000 indexed, 0 failed, Rate: 11332.9 docs/sec, Queue: 80, Elapsed: 1203.6s
2025-10-02 16:41:35,642 - INFO - POST http://localhost:9200/_bulk [status:200 request:7.122s]
2025-10-02 16:41:35,967 - INFO - Progress: 13,650,000 indexed, 0 failed, Rate: 11334.7 docs/sec, Queue: 80, Elapsed: 1204.3s
2025-10-02 16:41:35,971 - INFO - Progress: 13,660,000 indexed, 0 failed, Rate: 11343.0 docs/sec, Queue: 80, Elapsed: 1204.3s
2025-10-02 16:41:37,141 - INFO - POST http://localhost:9200/_bulk [status:200 request:3.733s]
2025-10-02 16:41:37,573 - INFO - POST http://localhost:9200/_bulk [status:200 request:7.866s]
2025-10-02 16:41:37,885 - INFO - Progress: 13,670,000 indexed, 0 failed, Rate: 11333.3 docs/sec, Queue: 80, Elapsed: 1206.2s
2025-10-02 16:41:37,894 - INFO - Progress: 13,680,000 indexed, 0 failed, Rate: 11341.5 docs/sec, Queue: 80, Elapsed: 1206.2s
2025-10-02 16:41:38,392 - INFO - POST http://localhost:9200/_bulk [status:200 request:3.815s]
2025-10-02 16:41:39,263 - INFO - Overall progress: Parsed 13,874,000, Indexed 0, Queue: 79
2025-10-02 16:41:39,571 - INFO - POST http://localhost:9200/_bulk [status:200 request:7.272s]
2025-10-02 16:41:40,719 - INFO - POST http://localhost:9200/_bulk [status:200 request:4.270s]
2025-10-02 16:41:41,022 - INFO - POST http://localhost:9200/_bulk [status:200 request:10.262s]
2025-10-02 16:41:41,382 - INFO - Progress: 13,690,000 indexed, 0 failed, Rate: 11317.1 docs/sec, Queue: 80, Elapsed: 1209.7s
2025-10-02 16:41:41,409 - INFO - Progress: 13,700,000 indexed, 0 failed, Rate: 11325.1 docs/sec, Queue: 80, Elapsed: 1209.7s
2025-10-02 16:41:41,421 - INFO - === METRICS ES CONSUMER AT 13700000 DOCS ===
2025-10-02 16:41:41,421 - INFO - Process Memory:
2025-10-02 16:41:41,421 - INFO -   RSS: 4.69 GB
2025-10-02 16:41:41,421 - INFO -   VMS: 8.56 GB
2025-10-02 16:41:41,440 - INFO -   % of System: 0.5%
2025-10-02 16:41:41,445 - INFO - System Memory:
2025-10-02 16:41:41,450 - INFO -   Total Used: 20.2%
2025-10-02 16:41:41,455 - INFO -   Available: 681.50 GB
2025-10-02 16:41:41,461 - INFO -   Cached: 114.19 GB
2025-10-02 16:41:41,819 - INFO - Worker 0: Parsed 6,900,000 documents
2025-10-02 16:41:42,038 - INFO - POST http://localhost:9200/_bulk [status:200 request:3.643s]
2025-10-02 16:41:42,532 - INFO - CPU:
2025-10-02 16:41:42,532 - INFO -   Process usage: 100.1%
2025-10-02 16:41:42,532 - INFO -   Threads: 38
2025-10-02 16:41:42,532 - INFO -   Allocated cores: 288 (IDs: [0, 1, 2, 3, 4]...)
2025-10-02 16:41:42,533 - INFO - Process I/O:
2025-10-02 16:41:42,533 - INFO -   Read: 0.00 GB
2025-10-02 16:41:42,533 - INFO -   Write: 0.01 GB
2025-10-02 16:41:42,533 - INFO - ==================================================
2025-10-02 16:41:42,632 - INFO - Progress: 13,710,000 indexed, 0 failed, Rate: 11321.9 docs/sec, Queue: 80, Elapsed: 1210.9s
2025-10-02 16:41:42,662 - INFO - Worker 1: Parsed 7,000,000 documents
2025-10-02 16:41:42,669 - INFO - Progress: 13,720,000 indexed, 0 failed, Rate: 11329.8 docs/sec, Queue: 80, Elapsed: 1211.0s
2025-10-02 16:41:42,678 - INFO - Progress: 13,730,000 indexed, 0 failed, Rate: 11338.0 docs/sec, Queue: 80, Elapsed: 1211.0s
2025-10-02 16:41:42,724 - INFO - Progress: 13,740,000 indexed, 0 failed, Rate: 11345.8 docs/sec, Queue: 80, Elapsed: 1211.0s
2025-10-02 16:41:42,770 - INFO - Progress: 13,750,000 indexed, 0 failed, Rate: 11353.6 docs/sec, Queue: 80, Elapsed: 1211.1s
2025-10-02 16:41:42,779 - INFO - Progress: 13,760,000 indexed, 0 failed, Rate: 11361.8 docs/sec, Queue: 80, Elapsed: 1211.1s
2025-10-02 16:41:42,807 - INFO - Progress: 13,770,000 indexed, 0 failed, Rate: 11369.8 docs/sec, Queue: 80, Elapsed: 1211.1s
2025-10-02 16:41:42,815 - INFO - Progress: 13,780,000 indexed, 0 failed, Rate: 11378.0 docs/sec, Queue: 80, Elapsed: 1211.1s
2025-10-02 16:41:44,835 - INFO - POST http://localhost:9200/_bulk [status:200 request:4.532s]
2025-10-02 16:41:45,322 - INFO - Progress: 13,790,000 indexed, 0 failed, Rate: 11362.7 docs/sec, Queue: 80, Elapsed: 1213.6s
2025-10-02 16:41:45,340 - INFO - Progress: 13,800,000 indexed, 0 failed, Rate: 11370.8 docs/sec, Queue: 80, Elapsed: 1213.6s
2025-10-02 16:41:45,374 - INFO - === METRICS ES CONSUMER AT 13800000 DOCS ===
2025-10-02 16:41:45,374 - INFO - Process Memory:
2025-10-02 16:41:45,374 - INFO -   RSS: 5.17 GB
2025-10-02 16:41:45,374 - INFO -   VMS: 9.04 GB
2025-10-02 16:41:45,374 - INFO -   % of System: 0.6%
2025-10-02 16:41:45,375 - INFO - System Memory:
2025-10-02 16:41:45,382 - INFO -   Total Used: 20.3%
2025-10-02 16:41:45,387 - INFO -   Available: 681.01 GB
2025-10-02 16:41:45,393 - INFO -   Cached: 114.90 GB
2025-10-02 16:41:46,519 - INFO - POST http://localhost:9200/_bulk [status:200 request:3.973s]
2025-10-02 16:41:46,684 - INFO - CPU:
2025-10-02 16:41:46,689 - INFO -   Process usage: 102.9%
2025-10-02 16:41:46,699 - INFO -   Threads: 38
2025-10-02 16:41:46,787 - INFO -   Allocated cores: 288 (IDs: [0, 1, 2, 3, 4]...)
2025-10-02 16:41:46,894 - INFO - Process I/O:
2025-10-02 16:41:46,894 - INFO -   Read: 0.00 GB
2025-10-02 16:41:46,895 - INFO -   Write: 0.01 GB
2025-10-02 16:41:46,895 - INFO - ==================================================
2025-10-02 16:41:46,983 - INFO - Progress: 13,810,000 indexed, 0 failed, Rate: 11363.6 docs/sec, Queue: 80, Elapsed: 1215.3s
2025-10-02 16:41:46,987 - INFO - Progress: 13,820,000 indexed, 0 failed, Rate: 11371.8 docs/sec, Queue: 80, Elapsed: 1215.3s
2025-10-02 16:41:47,795 - INFO - POST http://localhost:9200/_bulk [status:200 request:3.901s]
2025-10-02 16:41:48,144 - INFO - Progress: 13,830,000 indexed, 0 failed, Rate: 11369.2 docs/sec, Queue: 80, Elapsed: 1216.4s
2025-10-02 16:41:49,090 - INFO - POST http://localhost:9200/_bulk [status:200 request:3.871s]
2025-10-02 16:41:49,327 - INFO - Overall progress: Parsed 13,980,000, Indexed 0, Queue: 80
2025-10-02 16:41:49,428 - INFO - Progress: 13,840,000 indexed, 0 failed, Rate: 11365.5 docs/sec, Queue: 80, Elapsed: 1217.7s
2025-10-02 16:41:49,432 - INFO - Progress: 13,850,000 indexed, 0 failed, Rate: 11373.6 docs/sec, Queue: 80, Elapsed: 1217.7s
2025-10-02 16:41:50,560 - INFO - POST http://localhost:9200/_bulk [status:200 request:4.037s]
2025-10-02 16:41:50,905 - INFO - Progress: 13,860,000 indexed, 0 failed, Rate: 11368.1 docs/sec, Queue: 80, Elapsed: 1219.2s
2025-10-02 16:41:50,913 - INFO - Progress: 13,870,000 indexed, 0 failed, Rate: 11376.2 docs/sec, Queue: 80, Elapsed: 1219.2s
2025-10-02 16:41:50,965 - INFO - Worker 0: Parsed 6,950,000 documents
2025-10-02 16:41:51,033 - INFO - Worker 1: Parsed 7,050,000 documents
2025-10-02 16:41:52,039 - INFO - POST http://localhost:9200/_bulk [status:200 request:3.509s]
2025-10-02 16:41:52,367 - INFO - Progress: 13,880,000 indexed, 0 failed, Rate: 11370.9 docs/sec, Queue: 80, Elapsed: 1220.7s
2025-10-02 16:41:53,647 - INFO - POST http://localhost:9200/_bulk [status:200 request:3.621s]
2025-10-02 16:41:54,004 - INFO - Progress: 13,890,000 indexed, 0 failed, Rate: 11363.8 docs/sec, Queue: 80, Elapsed: 1222.3s
2025-10-02 16:41:54,013 - INFO - Progress: 13,900,000 indexed, 0 failed, Rate: 11371.9 docs/sec, Queue: 80, Elapsed: 1222.3s
2025-10-02 16:41:54,023 - INFO - === METRICS ES CONSUMER AT 13900000 DOCS ===
2025-10-02 16:41:54,024 - INFO - Process Memory:
2025-10-02 16:41:54,024 - INFO -   RSS: 4.69 GB
2025-10-02 16:41:54,029 - INFO -   VMS: 8.56 GB
2025-10-02 16:41:54,045 - INFO -   % of System: 0.5%
2025-10-02 16:41:54,050 - INFO - System Memory:
2025-10-02 16:41:54,055 - INFO -   Total Used: 20.2%
2025-10-02 16:41:54,060 - INFO -   Available: 681.86 GB
2025-10-02 16:41:54,065 - INFO -   Cached: 116.81 GB
2025-10-02 16:41:55,108 - INFO - CPU:
2025-10-02 16:41:55,113 - INFO -   Process usage: 101.3%
2025-10-02 16:41:55,118 - INFO -   Threads: 38
2025-10-02 16:41:55,123 - INFO -   Allocated cores: 288 (IDs: [0, 1, 2, 3, 4]...)
2025-10-02 16:41:55,136 - INFO - Process I/O:
2025-10-02 16:41:55,136 - INFO -   Read: 0.00 GB
2025-10-02 16:41:55,136 - INFO -   Write: 0.01 GB
2025-10-02 16:41:55,136 - INFO - ==================================================
2025-10-02 16:41:56,702 - INFO - POST http://localhost:9200/_bulk [status:200 request:5.084s]
2025-10-02 16:41:56,959 - INFO - POST http://localhost:9200/_bulk [status:200 request:3.818s]
2025-10-02 16:41:57,568 - INFO - Progress: 13,910,000 indexed, 0 failed, Rate: 11347.1 docs/sec, Queue: 80, Elapsed: 1225.9s
2025-10-02 16:41:57,582 - INFO - Progress: 13,920,000 indexed, 0 failed, Rate: 11355.1 docs/sec, Queue: 80, Elapsed: 1225.9s
2025-10-02 16:41:57,858 - INFO - Progress: 13,930,000 indexed, 0 failed, Rate: 11360.7 docs/sec, Queue: 80, Elapsed: 1226.2s
2025-10-02 16:41:57,863 - INFO - Progress: 13,940,000 indexed, 0 failed, Rate: 11368.8 docs/sec, Queue: 80, Elapsed: 1226.2s
2025-10-02 16:41:58,689 - INFO - POST http://localhost:9200/_bulk [status:200 request:3.989s]
2025-10-02 16:41:59,021 - INFO - Progress: 13,950,000 indexed, 0 failed, Rate: 11366.2 docs/sec, Queue: 80, Elapsed: 1227.3s
2025-10-02 16:41:59,025 - INFO - Progress: 13,960,000 indexed, 0 failed, Rate: 11374.4 docs/sec, Queue: 80, Elapsed: 1227.3s
2025-10-02 16:41:59,340 - INFO - Overall progress: Parsed 14,091,000, Indexed 0, Queue: 80
2025-10-02 16:41:59,873 - INFO - Worker 1: Parsed 7,100,000 documents
2025-10-02 16:41:59,993 - INFO - Worker 0: Parsed 7,000,000 documents
2025-10-02 16:42:03,655 - INFO - POST http://localhost:9200/_bulk [status:200 request:7.818s]
2025-10-02 16:42:03,925 - INFO - Progress: 13,970,000 indexed, 0 failed, Rate: 11337.2 docs/sec, Queue: 80, Elapsed: 1232.2s
2025-10-02 16:42:06,366 - INFO - Worker 1: Parsed 7,150,000 documents
2025-10-02 16:42:06,737 - INFO - POST http://localhost:9200/_bulk [status:200 request:8.680s]
2025-10-02 16:42:07,086 - INFO - Progress: 13,980,000 indexed, 0 failed, Rate: 11316.3 docs/sec, Queue: 80, Elapsed: 1235.4s
2025-10-02 16:42:07,090 - INFO - Progress: 13,990,000 indexed, 0 failed, Rate: 11324.4 docs/sec, Queue: 80, Elapsed: 1235.4s
2025-10-02 16:42:07,324 - INFO - Worker 0: Parsed 7,050,000 documents
2025-10-02 16:42:07,506 - INFO - POST http://localhost:9200/_bulk [status:200 request:7.903s]
2025-10-02 16:42:07,892 - INFO - Progress: 14,000,000 indexed, 0 failed, Rate: 11325.1 docs/sec, Queue: 80, Elapsed: 1236.2s
2025-10-02 16:42:07,953 - INFO - POST http://localhost:9200/_bulk [status:200 request:4.922s]
2025-10-02 16:42:08,265 - INFO - === METRICS ES CONSUMER AT 14000000 DOCS ===
2025-10-02 16:42:08,275 - INFO - Process Memory:
2025-10-02 16:42:08,284 - INFO -   RSS: 6.71 GB
2025-10-02 16:42:08,328 - INFO -   VMS: 10.55 GB
2025-10-02 16:42:08,331 - INFO -   % of System: 0.7%
2025-10-02 16:42:08,331 - INFO - System Memory:
2025-10-02 16:42:08,331 - INFO -   Total Used: 20.4%
2025-10-02 16:42:08,331 - INFO -   Available: 679.96 GB
2025-10-02 16:42:08,332 - INFO -   Cached: 118.82 GB
2025-10-02 16:42:08,412 - INFO - POST http://localhost:9200/_bulk [status:200 request:7.614s]
2025-10-02 16:42:08,635 - INFO - POST http://localhost:9200/_bulk [status:200 request:4.053s]
2025-10-02 16:42:09,393 - INFO - POST http://localhost:9200/_bulk [status:200 request:3.723s]
2025-10-02 16:42:09,393 - INFO - Overall progress: Parsed 14,212,000, Indexed 0, Queue: 80
2025-10-02 16:42:09,704 - INFO - POST http://localhost:9200/_bulk [status:200 request:7.742s]
2025-10-02 16:42:09,705 - INFO - CPU:
2025-10-02 16:42:09,873 - INFO -   Process usage: 101.7%
2025-10-02 16:42:09,899 - INFO -   Threads: 38
2025-10-02 16:42:09,921 - INFO -   Allocated cores: 288 (IDs: [0, 1, 2, 3, 4]...)
2025-10-02 16:42:10,074 - INFO - Process I/O:
2025-10-02 16:42:10,075 - INFO -   Read: 0.00 GB
2025-10-02 16:42:10,083 - INFO -   Write: 0.01 GB
2025-10-02 16:42:10,088 - INFO - ==================================================
2025-10-02 16:42:10,377 - INFO - Progress: 14,010,000 indexed, 0 failed, Rate: 11310.5 docs/sec, Queue: 80, Elapsed: 1238.7s
2025-10-02 16:42:10,455 - INFO - Progress: 14,020,000 indexed, 0 failed, Rate: 11317.8 docs/sec, Queue: 80, Elapsed: 1238.8s
2025-10-02 16:42:10,501 - INFO - Progress: 14,030,000 indexed, 0 failed, Rate: 11325.5 docs/sec, Queue: 80, Elapsed: 1238.8s
2025-10-02 16:42:10,501 - INFO - POST http://localhost:9200/_bulk [status:200 request:3.466s]
2025-10-02 16:42:10,554 - INFO - Progress: 14,040,000 indexed, 0 failed, Rate: 11333.1 docs/sec, Queue: 80, Elapsed: 1238.9s
2025-10-02 16:42:10,812 - INFO - Progress: 14,050,000 indexed, 0 failed, Rate: 11338.8 docs/sec, Queue: 80, Elapsed: 1239.1s
2025-10-02 16:42:10,848 - INFO - Progress: 14,060,000 indexed, 0 failed, Rate: 11346.5 docs/sec, Queue: 80, Elapsed: 1239.1s
2025-10-02 16:42:10,942 - INFO - Progress: 14,070,000 indexed, 0 failed, Rate: 11353.7 docs/sec, Queue: 80, Elapsed: 1239.2s
2025-10-02 16:42:10,962 - INFO - Progress: 14,080,000 indexed, 0 failed, Rate: 11361.6 docs/sec, Queue: 80, Elapsed: 1239.3s
2025-10-02 16:42:11,027 - INFO - Progress: 14,090,000 indexed, 0 failed, Rate: 11369.1 docs/sec, Queue: 80, Elapsed: 1239.3s
2025-10-02 16:42:11,042 - INFO - Progress: 14,100,000 indexed, 0 failed, Rate: 11377.0 docs/sec, Queue: 80, Elapsed: 1239.3s
2025-10-02 16:42:11,063 - INFO - === METRICS ES CONSUMER AT 14100000 DOCS ===
2025-10-02 16:42:11,064 - INFO - Process Memory:
2025-10-02 16:42:11,064 - INFO -   RSS: 3.80 GB
2025-10-02 16:42:11,064 - INFO -   VMS: 7.66 GB
2025-10-02 16:42:11,064 - INFO -   % of System: 0.4%
2025-10-02 16:42:11,071 - INFO - System Memory:
2025-10-02 16:42:11,076 - INFO -   Total Used: 20.1%
2025-10-02 16:42:11,081 - INFO -   Available: 682.65 GB
2025-10-02 16:42:11,087 - INFO -   Cached: 118.80 GB
2025-10-02 16:42:12,108 - INFO - CPU:
2025-10-02 16:42:12,109 - INFO -   Process usage: 101.4%
2025-10-02 16:42:12,109 - INFO -   Threads: 38
2025-10-02 16:42:12,109 - INFO -   Allocated cores: 288 (IDs: [0, 1, 2, 3, 4]...)
2025-10-02 16:42:12,110 - INFO - Process I/O:
2025-10-02 16:42:12,110 - INFO -   Read: 0.00 GB
2025-10-02 16:42:12,110 - INFO -   Write: 0.01 GB
2025-10-02 16:42:12,116 - INFO - ==================================================
2025-10-02 16:42:12,349 - INFO - Progress: 14,110,000 indexed, 0 failed, Rate: 11373.1 docs/sec, Queue: 80, Elapsed: 1240.6s
2025-10-02 16:42:16,419 - INFO - POST http://localhost:9200/_bulk [status:200 request:5.004s]
2025-10-02 16:42:16,854 - INFO - Progress: 14,120,000 indexed, 0 failed, Rate: 11340.0 docs/sec, Queue: 80, Elapsed: 1245.2s
2025-10-02 16:42:16,863 - INFO - Progress: 14,130,000 indexed, 0 failed, Rate: 11347.9 docs/sec, Queue: 80, Elapsed: 1245.2s
2025-10-02 16:42:17,077 - INFO - Worker 1: Parsed 7,200,000 documents
2025-10-02 16:42:17,832 - INFO - Worker 0: Parsed 7,100,000 documents
2025-10-02 16:42:17,982 - INFO - POST http://localhost:9200/_bulk [status:200 request:5.144s]
2025-10-02 16:42:18,376 - INFO - Progress: 14,140,000 indexed, 0 failed, Rate: 11342.2 docs/sec, Queue: 80, Elapsed: 1246.7s
2025-10-02 16:42:18,386 - INFO - Progress: 14,150,000 indexed, 0 failed, Rate: 11350.1 docs/sec, Queue: 80, Elapsed: 1246.7s
2025-10-02 16:42:18,602 - INFO - POST http://localhost:9200/_bulk [status:200 request:4.645s]
2025-10-02 16:42:18,962 - INFO - Progress: 14,160,000 indexed, 0 failed, Rate: 11352.9 docs/sec, Queue: 80, Elapsed: 1247.3s
2025-10-02 16:42:18,967 - INFO - Progress: 14,170,000 indexed, 0 failed, Rate: 11360.9 docs/sec, Queue: 80, Elapsed: 1247.3s
2025-10-02 16:42:19,419 - INFO - POST http://localhost:9200/_bulk [status:200 request:4.311s]
2025-10-02 16:42:19,785 - INFO - Progress: 14,180,000 indexed, 0 failed, Rate: 11361.4 docs/sec, Queue: 80, Elapsed: 1248.1s
2025-10-02 16:42:19,809 - INFO - Overall progress: Parsed 14,317,000, Indexed 0, Queue: 80
2025-10-02 16:42:20,247 - INFO - POST http://localhost:9200/_bulk [status:200 request:4.005s]
2025-10-02 16:42:20,605 - INFO - Progress: 14,190,000 indexed, 0 failed, Rate: 11362.0 docs/sec, Queue: 80, Elapsed: 1248.9s
2025-10-02 16:42:20,614 - INFO - Progress: 14,200,000 indexed, 0 failed, Rate: 11369.9 docs/sec, Queue: 80, Elapsed: 1248.9s
2025-10-02 16:42:20,637 - INFO - === METRICS ES CONSUMER AT 14200000 DOCS ===
2025-10-02 16:42:20,638 - INFO - Process Memory:
2025-10-02 16:42:20,646 - INFO -   RSS: 4.76 GB
2025-10-02 16:42:20,651 - INFO -   VMS: 8.61 GB
2025-10-02 16:42:20,662 - INFO -   % of System: 0.6%
2025-10-02 16:42:20,667 - INFO - System Memory:
2025-10-02 16:42:20,672 - INFO -   Total Used: 20.2%
2025-10-02 16:42:20,677 - INFO -   Available: 682.13 GB
2025-10-02 16:42:20,683 - INFO -   Cached: 120.79 GB
2025-10-02 16:42:21,715 - INFO - CPU:
2025-10-02 16:42:21,716 - INFO -   Process usage: 100.6%
2025-10-02 16:42:21,716 - INFO -   Threads: 38
2025-10-02 16:42:21,716 - INFO -   Allocated cores: 288 (IDs: [0, 1, 2, 3, 4]...)
2025-10-02 16:42:21,763 - INFO - Process I/O:
2025-10-02 16:42:21,769 - INFO -   Read: 0.00 GB
2025-10-02 16:42:21,770 - INFO -   Write: 0.01 GB
2025-10-02 16:42:21,771 - INFO - ==================================================
2025-10-02 16:42:22,028 - INFO - POST http://localhost:9200/_bulk [status:200 request:4.172s]
2025-10-02 16:42:22,332 - INFO - Progress: 14,210,000 indexed, 0 failed, Rate: 11362.3 docs/sec, Queue: 80, Elapsed: 1250.6s
2025-10-02 16:42:22,338 - INFO - Progress: 14,220,000 indexed, 0 failed, Rate: 11370.2 docs/sec, Queue: 80, Elapsed: 1250.6s
2025-10-02 16:42:23,695 - INFO - POST http://localhost:9200/_bulk [status:200 request:3.474s]
2025-10-02 16:42:24,077 - INFO - Progress: 14,230,000 indexed, 0 failed, Rate: 11362.4 docs/sec, Queue: 80, Elapsed: 1252.4s
2025-10-02 16:42:24,086 - INFO - Progress: 14,240,000 indexed, 0 failed, Rate: 11370.3 docs/sec, Queue: 80, Elapsed: 1252.4s
2025-10-02 16:42:25,514 - INFO - POST http://localhost:9200/_bulk [status:200 request:3.782s]
2025-10-02 16:42:25,881 - INFO - Progress: 14,250,000 indexed, 0 failed, Rate: 11362.0 docs/sec, Queue: 80, Elapsed: 1254.2s
2025-10-02 16:42:26,692 - INFO - Worker 1: Parsed 7,250,000 documents
2025-10-02 16:42:26,833 - INFO - POST http://localhost:9200/_bulk [status:200 request:3.402s]
2025-10-02 16:42:27,215 - INFO - Progress: 14,260,000 indexed, 0 failed, Rate: 11357.9 docs/sec, Queue: 80, Elapsed: 1255.5s
2025-10-02 16:42:27,225 - INFO - Progress: 14,270,000 indexed, 0 failed, Rate: 11365.8 docs/sec, Queue: 80, Elapsed: 1255.5s
2025-10-02 16:42:27,610 - INFO - Worker 0: Parsed 7,150,000 documents
2025-10-02 16:42:28,526 - INFO - POST http://localhost:9200/_bulk [status:200 request:3.515s]
2025-10-02 16:42:28,877 - INFO - Progress: 14,280,000 indexed, 0 failed, Rate: 11358.8 docs/sec, Queue: 80, Elapsed: 1257.2s
2025-10-02 16:42:28,882 - INFO - Progress: 14,290,000 indexed, 0 failed, Rate: 11366.7 docs/sec, Queue: 80, Elapsed: 1257.2s
2025-10-02 16:42:29,826 - INFO - Overall progress: Parsed 14,430,000, Indexed 0, Queue: 80
2025-10-02 16:42:30,601 - INFO - POST http://localhost:9200/_bulk [status:200 request:4.025s]
2025-10-02 16:42:30,899 - INFO - Progress: 14,300,000 indexed, 0 failed, Rate: 11356.5 docs/sec, Queue: 80, Elapsed: 1259.2s
2025-10-02 16:42:30,935 - INFO - === METRICS ES CONSUMER AT 14300000 DOCS ===
2025-10-02 16:42:30,936 - INFO - Process Memory:
2025-10-02 16:42:30,936 - INFO -   RSS: 4.76 GB
2025-10-02 16:42:30,936 - INFO -   VMS: 8.61 GB
2025-10-02 16:42:30,936 - INFO -   % of System: 0.6%
2025-10-02 16:42:30,936 - INFO - System Memory:
2025-10-02 16:42:30,936 - INFO -   Total Used: 20.1%
2025-10-02 16:42:30,936 - INFO -   Available: 682.30 GB
2025-10-02 16:42:30,937 - INFO -   Cached: 121.75 GB
2025-10-02 16:42:31,947 - INFO - CPU:
2025-10-02 16:42:31,947 - INFO -   Process usage: 101.2%
2025-10-02 16:42:31,947 - INFO -   Threads: 38
2025-10-02 16:42:31,948 - INFO -   Allocated cores: 288 (IDs: [0, 1, 2, 3, 4]...)
2025-10-02 16:42:31,948 - INFO - Process I/O:
2025-10-02 16:42:31,948 - INFO -   Read: 0.00 GB
2025-10-02 16:42:31,948 - INFO -   Write: 0.01 GB
2025-10-02 16:42:31,948 - INFO - ==================================================
2025-10-02 16:42:32,103 - INFO - Progress: 14,310,000 indexed, 0 failed, Rate: 11353.5 docs/sec, Queue: 80, Elapsed: 1260.4s
2025-10-02 16:42:32,166 - INFO - POST http://localhost:9200/_bulk [status:200 request:4.021s]
2025-10-02 16:42:32,573 - INFO - Progress: 14,320,000 indexed, 0 failed, Rate: 11357.2 docs/sec, Queue: 80, Elapsed: 1260.9s
2025-10-02 16:42:34,814 - INFO - Worker 1: Parsed 7,300,000 documents
2025-10-02 16:42:35,735 - INFO - POST http://localhost:9200/_bulk [status:200 request:5.981s]
2025-10-02 16:42:36,118 - INFO - Progress: 14,330,000 indexed, 0 failed, Rate: 11333.3 docs/sec, Queue: 80, Elapsed: 1264.4s
2025-10-02 16:42:36,127 - INFO - Progress: 14,340,000 indexed, 0 failed, Rate: 11341.1 docs/sec, Queue: 80, Elapsed: 1264.4s
2025-10-02 16:42:36,180 - INFO - Worker 0: Parsed 7,200,000 documents
2025-10-02 16:42:37,715 - INFO - POST http://localhost:9200/_bulk [status:200 request:4.680s]
2025-10-02 16:42:38,993 - INFO - POST http://localhost:9200/_bulk [status:200 request:7.669s]
2025-10-02 16:42:39,297 - INFO - Progress: 14,350,000 indexed, 0 failed, Rate: 11320.7 docs/sec, Queue: 80, Elapsed: 1267.6s
2025-10-02 16:42:39,306 - INFO - Progress: 14,360,000 indexed, 0 failed, Rate: 11328.5 docs/sec, Queue: 80, Elapsed: 1267.6s
2025-10-02 16:42:39,350 - INFO - Progress: 14,370,000 indexed, 0 failed, Rate: 11336.0 docs/sec, Queue: 80, Elapsed: 1267.6s
2025-10-02 16:42:39,358 - INFO - Progress: 14,380,000 indexed, 0 failed, Rate: 11343.8 docs/sec, Queue: 80, Elapsed: 1267.7s
2025-10-02 16:42:39,928 - INFO - Overall progress: Parsed 14,549,000, Indexed 0, Queue: 80
2025-10-02 16:42:40,516 - INFO - POST http://localhost:9200/_bulk [status:200 request:3.664s]
2025-10-02 16:42:41,752 - INFO - POST http://localhost:9200/_bulk [status:200 request:7.606s]
2025-10-02 16:42:42,043 - INFO - POST http://localhost:9200/_bulk [status:200 request:3.746s]
2025-10-02 16:42:42,329 - INFO - Progress: 14,390,000 indexed, 0 failed, Rate: 11325.1 docs/sec, Queue: 80, Elapsed: 1270.6s
2025-10-02 16:42:42,412 - INFO - POST http://localhost:9200/_bulk [status:200 request:7.107s]
2025-10-02 16:42:42,882 - INFO - Progress: 14,400,000 indexed, 0 failed, Rate: 11328.1 docs/sec, Queue: 80, Elapsed: 1271.2s
2025-10-02 16:42:42,919 - INFO - === METRICS ES CONSUMER AT 14400000 DOCS ===
2025-10-02 16:42:42,925 - INFO - Process Memory:
2025-10-02 16:42:42,930 - INFO -   RSS: 4.76 GB
2025-10-02 16:42:42,935 - INFO -   VMS: 8.61 GB
2025-10-02 16:42:42,946 - INFO -   % of System: 0.6%
2025-10-02 16:42:42,951 - INFO - System Memory:
2025-10-02 16:42:42,952 - INFO -   Total Used: 20.2%
2025-10-02 16:42:42,952 - INFO -   Available: 681.56 GB
2025-10-02 16:42:42,952 - INFO -   Cached: 122.39 GB
2025-10-02 16:42:43,501 - INFO - POST http://localhost:9200/_bulk [status:200 request:3.552s]
2025-10-02 16:42:44,081 - INFO - CPU:
2025-10-02 16:42:44,081 - INFO -   Process usage: 109.4%
2025-10-02 16:42:44,081 - INFO -   Threads: 38
2025-10-02 16:42:44,082 - INFO -   Allocated cores: 288 (IDs: [0, 1, 2, 3, 4]...)
2025-10-02 16:42:44,082 - INFO - Process I/O:
2025-10-02 16:42:44,082 - INFO -   Read: 0.00 GB
2025-10-02 16:42:44,083 - INFO -   Write: 0.01 GB
2025-10-02 16:42:44,083 - INFO - ==================================================
2025-10-02 16:42:44,351 - INFO - Progress: 14,410,000 indexed, 0 failed, Rate: 11322.9 docs/sec, Queue: 80, Elapsed: 1272.6s
2025-10-02 16:42:44,448 - INFO - Progress: 14,420,000 indexed, 0 failed, Rate: 11329.8 docs/sec, Queue: 80, Elapsed: 1272.7s
2025-10-02 16:42:44,458 - INFO - Progress: 14,430,000 indexed, 0 failed, Rate: 11337.6 docs/sec, Queue: 80, Elapsed: 1272.8s
2025-10-02 16:42:44,526 - INFO - Progress: 14,440,000 indexed, 0 failed, Rate: 11344.9 docs/sec, Queue: 80, Elapsed: 1272.8s
2025-10-02 16:42:44,536 - INFO - Progress: 14,450,000 indexed, 0 failed, Rate: 11352.6 docs/sec, Queue: 80, Elapsed: 1272.8s
2025-10-02 16:42:44,615 - INFO - Progress: 14,460,000 indexed, 0 failed, Rate: 11359.8 docs/sec, Queue: 80, Elapsed: 1272.9s
2025-10-02 16:42:44,850 - INFO - POST http://localhost:9200/_bulk [status:200 request:3.419s]
2025-10-02 16:42:45,166 - INFO - Progress: 14,470,000 indexed, 0 failed, Rate: 11362.7 docs/sec, Queue: 80, Elapsed: 1273.5s
2025-10-02 16:42:45,175 - INFO - Progress: 14,480,000 indexed, 0 failed, Rate: 11370.5 docs/sec, Queue: 80, Elapsed: 1273.5s
2025-10-02 16:42:45,352 - INFO - Worker 1: Parsed 7,350,000 documents
2025-10-02 16:42:46,333 - INFO - Worker 0: Parsed 7,250,000 documents
2025-10-02 16:42:47,696 - INFO - POST http://localhost:9200/_bulk [status:200 request:3.591s]
2025-10-02 16:42:48,378 - INFO - Progress: 14,490,000 indexed, 0 failed, Rate: 11349.8 docs/sec, Queue: 80, Elapsed: 1276.7s
2025-10-02 16:42:48,387 - INFO - Progress: 14,500,000 indexed, 0 failed, Rate: 11357.5 docs/sec, Queue: 80, Elapsed: 1276.7s
2025-10-02 16:42:48,409 - INFO - === METRICS ES CONSUMER AT 14500000 DOCS ===
2025-10-02 16:42:48,410 - INFO - Process Memory:
2025-10-02 16:42:48,410 - INFO -   RSS: 4.75 GB
2025-10-02 16:42:48,410 - INFO -   VMS: 8.60 GB
2025-10-02 16:42:48,410 - INFO -   % of System: 0.6%
2025-10-02 16:42:48,410 - INFO - System Memory:
2025-10-02 16:42:48,420 - INFO -   Total Used: 20.2%
2025-10-02 16:42:48,425 - INFO -   Available: 681.49 GB
2025-10-02 16:42:48,430 - INFO -   Cached: 123.60 GB
2025-10-02 16:42:49,473 - INFO - CPU:
2025-10-02 16:42:49,478 - INFO -   Process usage: 102.3%
2025-10-02 16:42:49,484 - INFO -   Threads: 38
2025-10-02 16:42:49,489 - INFO -   Allocated cores: 288 (IDs: [0, 1, 2, 3, 4]...)
2025-10-02 16:42:49,495 - INFO - Process I/O:
2025-10-02 16:42:49,496 - INFO -   Read: 0.00 GB
2025-10-02 16:42:49,496 - INFO -   Write: 0.01 GB
2025-10-02 16:42:49,496 - INFO - ==================================================
2025-10-02 16:42:49,779 - INFO - POST http://localhost:9200/_bulk [status:200 request:3.638s]
2025-10-02 16:42:49,944 - INFO - Overall progress: Parsed 14,644,000, Indexed 0, Queue: 80
2025-10-02 16:42:50,154 - INFO - Progress: 14,510,000 indexed, 0 failed, Rate: 11349.7 docs/sec, Queue: 80, Elapsed: 1278.5s
2025-10-02 16:42:50,171 - INFO - Progress: 14,520,000 indexed, 0 failed, Rate: 11357.4 docs/sec, Queue: 80, Elapsed: 1278.5s
2025-10-02 16:42:51,053 - INFO - POST http://localhost:9200/_bulk [status:200 request:3.732s]
2025-10-02 16:42:51,397 - INFO - Progress: 14,530,000 indexed, 0 failed, Rate: 11354.3 docs/sec, Queue: 80, Elapsed: 1279.7s
2025-10-02 16:42:53,221 - INFO - POST http://localhost:9200/_bulk [status:200 request:3.983s]
2025-10-02 16:42:53,579 - INFO - Progress: 14,540,000 indexed, 0 failed, Rate: 11342.8 docs/sec, Queue: 80, Elapsed: 1281.9s
2025-10-02 16:42:53,593 - INFO - Progress: 14,550,000 indexed, 0 failed, Rate: 11350.4 docs/sec, Queue: 80, Elapsed: 1281.9s
2025-10-02 16:42:54,088 - INFO - Worker 1: Parsed 7,400,000 documents
2025-10-02 16:42:54,503 - INFO - POST http://localhost:9200/_bulk [status:200 request:3.555s]
2025-10-02 16:42:54,848 - INFO - Progress: 14,560,000 indexed, 0 failed, Rate: 11347.1 docs/sec, Queue: 80, Elapsed: 1283.1s
2025-10-02 16:42:54,853 - INFO - Progress: 14,570,000 indexed, 0 failed, Rate: 11354.9 docs/sec, Queue: 80, Elapsed: 1283.1s
2025-10-02 16:42:55,351 - INFO - Worker 0: Parsed 7,300,000 documents
2025-10-02 16:42:55,910 - INFO - POST http://localhost:9200/_bulk [status:200 request:3.476s]
2025-10-02 16:42:56,296 - INFO - Progress: 14,580,000 indexed, 0 failed, Rate: 11349.9 docs/sec, Queue: 80, Elapsed: 1284.6s
2025-10-02 16:42:56,305 - INFO - Progress: 14,590,000 indexed, 0 failed, Rate: 11357.6 docs/sec, Queue: 80, Elapsed: 1284.6s
2025-10-02 16:42:57,852 - INFO - POST http://localhost:9200/_bulk [status:200 request:3.820s]
2025-10-02 16:42:58,239 - INFO - Progress: 14,600,000 indexed, 0 failed, Rate: 11348.3 docs/sec, Queue: 80, Elapsed: 1286.5s
2025-10-02 16:42:58,254 - INFO - === METRICS ES CONSUMER AT 14600000 DOCS ===
2025-10-02 16:42:58,255 - INFO - Process Memory:
2025-10-02 16:42:58,255 - INFO -   RSS: 4.76 GB
2025-10-02 16:42:58,256 - INFO -   VMS: 8.60 GB
2025-10-02 16:42:58,270 - INFO -   % of System: 0.6%
2025-10-02 16:42:58,278 - INFO - System Memory:
2025-10-02 16:42:58,284 - INFO -   Total Used: 20.2%
2025-10-02 16:42:58,289 - INFO -   Available: 681.81 GB
2025-10-02 16:42:58,294 - INFO -   Cached: 125.58 GB
2025-10-02 16:42:59,123 - INFO - POST http://localhost:9200/_bulk [status:200 request:3.558s]
2025-10-02 16:42:59,439 - INFO - CPU:
2025-10-02 16:42:59,445 - INFO -   Process usage: 101.3%
2025-10-02 16:42:59,450 - INFO -   Threads: 38
2025-10-02 16:42:59,456 - INFO -   Allocated cores: 288 (IDs: [0, 1, 2, 3, 4]...)
2025-10-02 16:42:59,466 - INFO - Process I/O:
2025-10-02 16:42:59,466 - INFO -   Read: 0.00 GB
2025-10-02 16:42:59,466 - INFO -   Write: 0.01 GB
2025-10-02 16:42:59,466 - INFO - ==================================================
2025-10-02 16:42:59,688 - INFO - Progress: 14,610,000 indexed, 0 failed, Rate: 11343.3 docs/sec, Queue: 80, Elapsed: 1288.0s
2025-10-02 16:42:59,692 - INFO - Progress: 14,620,000 indexed, 0 failed, Rate: 11351.0 docs/sec, Queue: 80, Elapsed: 1288.0s
2025-10-02 16:42:59,965 - INFO - Overall progress: Parsed 14,754,000, Indexed 0, Queue: 80
2025-10-02 16:43:00,883 - INFO - POST http://localhost:9200/_bulk [status:200 request:3.748s]
2025-10-02 16:43:01,247 - INFO - Progress: 14,630,000 indexed, 0 failed, Rate: 11345.1 docs/sec, Queue: 80, Elapsed: 1289.5s
2025-10-02 16:43:01,256 - INFO - Progress: 14,640,000 indexed, 0 failed, Rate: 11352.8 docs/sec, Queue: 80, Elapsed: 1289.6s
2025-10-02 16:43:02,497 - INFO - POST http://localhost:9200/_bulk [status:200 request:3.781s]
2025-10-02 16:43:02,887 - INFO - Progress: 14,650,000 indexed, 0 failed, Rate: 11346.2 docs/sec, Queue: 80, Elapsed: 1291.2s
2025-10-02 16:43:02,898 - INFO - Progress: 14,660,000 indexed, 0 failed, Rate: 11353.8 docs/sec, Queue: 80, Elapsed: 1291.2s
2025-10-02 16:43:03,241 - INFO - Worker 1: Parsed 7,450,000 documents
2025-10-02 16:43:03,820 - INFO - POST http://localhost:9200/_bulk [status:200 request:3.391s]
2025-10-02 16:43:04,185 - INFO - Progress: 14,670,000 indexed, 0 failed, Rate: 11350.3 docs/sec, Queue: 80, Elapsed: 1292.5s
2025-10-02 16:43:04,592 - INFO - Worker 0: Parsed 7,350,000 documents
2025-10-02 16:43:09,144 - INFO - POST http://localhost:9200/_bulk [status:200 request:7.215s]
2025-10-02 16:43:09,455 - INFO - Progress: 14,680,000 indexed, 0 failed, Rate: 11311.9 docs/sec, Queue: 80, Elapsed: 1297.8s
2025-10-02 16:43:09,470 - INFO - Progress: 14,690,000 indexed, 0 failed, Rate: 11319.5 docs/sec, Queue: 80, Elapsed: 1297.8s
2025-10-02 16:43:10,065 - INFO - Overall progress: Parsed 14,881,000, Indexed 0, Queue: 80
2025-10-02 16:43:10,646 - INFO - Worker 1: Parsed 7,500,000 documents
2025-10-02 16:43:11,578 - INFO - Worker 0: Parsed 7,400,000 documents
2025-10-02 16:43:12,573 - INFO - POST http://localhost:9200/_bulk [status:200 request:4.137s]
2025-10-02 16:43:12,841 - INFO - POST http://localhost:9200/_bulk [status:200 request:6.622s]
2025-10-02 16:43:13,146 - INFO - POST http://localhost:9200/_bulk [status:200 request:5.768s]
2025-10-02 16:43:13,452 - INFO - POST http://localhost:9200/_bulk [status:200 request:9.925s]
2025-10-02 16:43:13,765 - INFO - POST http://localhost:9200/_bulk [status:200 request:8.675s]
2025-10-02 16:43:14,184 - INFO - POST http://localhost:9200/_bulk [status:200 request:4.069s]
2025-10-02 16:43:14,502 - INFO - Progress: 14,700,000 indexed, 0 failed, Rate: 11283.4 docs/sec, Queue: 80, Elapsed: 1302.8s
2025-10-02 16:43:14,616 - INFO - === METRICS ES CONSUMER AT 14700000 DOCS ===
2025-10-02 16:43:14,622 - INFO - Process Memory:
2025-10-02 16:43:14,627 - INFO -   RSS: 4.89 GB
2025-10-02 16:43:14,633 - INFO -   VMS: 8.76 GB
2025-10-02 16:43:14,648 - INFO -   % of System: 0.6%
2025-10-02 16:43:14,654 - INFO - System Memory:
2025-10-02 16:43:14,659 - INFO -   Total Used: 20.3%
2025-10-02 16:43:14,664 - INFO -   Available: 680.61 GB
2025-10-02 16:43:14,669 - INFO -   Cached: 122.93 GB
2025-10-02 16:43:14,758 - INFO - POST http://localhost:9200/_bulk [status:200 request:3.526s]
2025-10-02 16:43:15,698 - INFO - CPU:
2025-10-02 16:43:15,699 - INFO -   Process usage: 99.8%
2025-10-02 16:43:15,699 - INFO -   Threads: 38
2025-10-02 16:43:15,699 - INFO -   Allocated cores: 288 (IDs: [0, 1, 2, 3, 4]...)
2025-10-02 16:43:15,700 - INFO - Process I/O:
2025-10-02 16:43:15,700 - INFO -   Read: 0.00 GB
2025-10-02 16:43:15,700 - INFO -   Write: 0.01 GB
2025-10-02 16:43:15,700 - INFO - ==================================================
2025-10-02 16:43:15,978 - INFO - Progress: 14,710,000 indexed, 0 failed, Rate: 11278.3 docs/sec, Queue: 80, Elapsed: 1304.3s
2025-10-02 16:43:16,044 - INFO - Progress: 14,720,000 indexed, 0 failed, Rate: 11285.4 docs/sec, Queue: 80, Elapsed: 1304.3s
2025-10-02 16:43:16,096 - INFO - Progress: 14,730,000 indexed, 0 failed, Rate: 11292.6 docs/sec, Queue: 80, Elapsed: 1304.4s
2025-10-02 16:43:16,096 - INFO - POST http://localhost:9200/_bulk [status:200 request:3.656s]
2025-10-02 16:43:16,144 - INFO - Progress: 14,740,000 indexed, 0 failed, Rate: 11299.9 docs/sec, Queue: 80, Elapsed: 1304.4s
2025-10-02 16:43:16,410 - INFO - Progress: 14,750,000 indexed, 0 failed, Rate: 11305.2 docs/sec, Queue: 80, Elapsed: 1304.7s
2025-10-02 16:43:16,437 - INFO - Progress: 14,760,000 indexed, 0 failed, Rate: 11312.7 docs/sec, Queue: 80, Elapsed: 1304.7s
2025-10-02 16:43:16,500 - INFO - Progress: 14,770,000 indexed, 0 failed, Rate: 11319.8 docs/sec, Queue: 80, Elapsed: 1304.8s
2025-10-02 16:43:16,509 - INFO - Progress: 14,780,000 indexed, 0 failed, Rate: 11327.4 docs/sec, Queue: 80, Elapsed: 1304.8s
2025-10-02 16:43:16,568 - INFO - Progress: 14,790,000 indexed, 0 failed, Rate: 11334.5 docs/sec, Queue: 80, Elapsed: 1304.9s
2025-10-02 16:43:16,589 - INFO - Progress: 14,800,000 indexed, 0 failed, Rate: 11342.0 docs/sec, Queue: 80, Elapsed: 1304.9s
2025-10-02 16:43:16,632 - INFO - === METRICS ES CONSUMER AT 14800000 DOCS ===
2025-10-02 16:43:16,637 - INFO - Process Memory:
2025-10-02 16:43:16,642 - INFO -   RSS: 3.90 GB
2025-10-02 16:43:16,644 - INFO -   VMS: 7.78 GB
2025-10-02 16:43:16,644 - INFO -   % of System: 0.5%
2025-10-02 16:43:16,645 - INFO - System Memory:
2025-10-02 16:43:16,645 - INFO -   Total Used: 20.2%
2025-10-02 16:43:16,645 - INFO -   Available: 681.56 GB
2025-10-02 16:43:16,645 - INFO -   Cached: 123.32 GB
2025-10-02 16:43:17,671 - INFO - CPU:
2025-10-02 16:43:17,672 - INFO -   Process usage: 102.3%
2025-10-02 16:43:17,672 - INFO -   Threads: 38
2025-10-02 16:43:17,672 - INFO -   Allocated cores: 288 (IDs: [0, 1, 2, 3, 4]...)
2025-10-02 16:43:17,673 - INFO - Process I/O:
2025-10-02 16:43:17,673 - INFO -   Read: 0.00 GB
2025-10-02 16:43:17,673 - INFO -   Write: 0.01 GB
2025-10-02 16:43:17,673 - INFO - ==================================================
2025-10-02 16:43:17,972 - INFO - Progress: 14,810,000 indexed, 0 failed, Rate: 11337.6 docs/sec, Queue: 80, Elapsed: 1306.3s
2025-10-02 16:43:18,049 - INFO - Progress: 14,820,000 indexed, 0 failed, Rate: 11344.6 docs/sec, Queue: 80, Elapsed: 1306.3s
2025-10-02 16:43:18,058 - INFO - Progress: 14,830,000 indexed, 0 failed, Rate: 11352.2 docs/sec, Queue: 80, Elapsed: 1306.4s
2025-10-02 16:43:20,085 - INFO - Overall progress: Parsed 14,979,000, Indexed 0, Queue: 80
2025-10-02 16:43:20,755 - INFO - Worker 1: Parsed 7,550,000 documents
2025-10-02 16:43:20,900 - INFO - POST http://localhost:9200/_bulk [status:200 request:3.980s]
2025-10-02 16:43:21,341 - INFO - Progress: 14,840,000 indexed, 0 failed, Rate: 11331.4 docs/sec, Queue: 80, Elapsed: 1309.6s
2025-10-02 16:43:21,352 - INFO - Progress: 14,850,000 indexed, 0 failed, Rate: 11338.9 docs/sec, Queue: 80, Elapsed: 1309.6s
2025-10-02 16:43:22,460 - INFO - Worker 0: Parsed 7,450,000 documents
2025-10-02 16:43:23,528 - INFO - POST http://localhost:9200/_bulk [status:200 request:5.092s]
2025-10-02 16:43:23,942 - INFO - Progress: 14,860,000 indexed, 0 failed, Rate: 11324.2 docs/sec, Queue: 80, Elapsed: 1312.2s
2025-10-02 16:43:23,946 - INFO - Progress: 14,870,000 indexed, 0 failed, Rate: 11331.7 docs/sec, Queue: 80, Elapsed: 1312.2s
2025-10-02 16:43:24,359 - INFO - POST http://localhost:9200/_bulk [status:200 request:4.805s]
2025-10-02 16:43:24,781 - INFO - Progress: 14,880,000 indexed, 0 failed, Rate: 11332.2 docs/sec, Queue: 80, Elapsed: 1313.1s
2025-10-02 16:43:25,513 - INFO - POST http://localhost:9200/_bulk [status:200 request:4.786s]
2025-10-02 16:43:25,894 - INFO - Progress: 14,890,000 indexed, 0 failed, Rate: 11330.2 docs/sec, Queue: 80, Elapsed: 1314.2s
2025-10-02 16:43:25,903 - INFO - Progress: 14,900,000 indexed, 0 failed, Rate: 11337.7 docs/sec, Queue: 80, Elapsed: 1314.2s
2025-10-02 16:43:25,931 - INFO - === METRICS ES CONSUMER AT 14900000 DOCS ===
2025-10-02 16:43:25,931 - INFO - Process Memory:
2025-10-02 16:43:25,937 - INFO -   RSS: 5.32 GB
2025-10-02 16:43:25,943 - INFO -   VMS: 9.19 GB
2025-10-02 16:43:25,953 - INFO -   % of System: 0.6%
2025-10-02 16:43:25,958 - INFO - System Memory:
2025-10-02 16:43:25,964 - INFO -   Total Used: 20.4%
2025-10-02 16:43:25,969 - INFO -   Available: 680.47 GB
2025-10-02 16:43:25,975 - INFO -   Cached: 121.47 GB
2025-10-02 16:43:27,016 - INFO - CPU:
2025-10-02 16:43:27,017 - INFO -   Process usage: 101.6%
2025-10-02 16:43:27,017 - INFO -   Threads: 38
2025-10-02 16:43:27,017 - INFO -   Allocated cores: 288 (IDs: [0, 1, 2, 3, 4]...)
2025-10-02 16:43:27,017 - INFO - Process I/O:
2025-10-02 16:43:27,017 - INFO -   Read: 0.00 GB
2025-10-02 16:43:27,017 - INFO -   Write: 0.01 GB
2025-10-02 16:43:27,017 - INFO - ==================================================
2025-10-02 16:43:27,271 - INFO - POST http://localhost:9200/_bulk [status:200 request:4.918s]
2025-10-02 16:43:27,597 - INFO - Progress: 14,910,000 indexed, 0 failed, Rate: 11330.7 docs/sec, Queue: 80, Elapsed: 1315.9s
2025-10-02 16:43:27,603 - INFO - Progress: 14,920,000 indexed, 0 failed, Rate: 11338.3 docs/sec, Queue: 80, Elapsed: 1315.9s
2025-10-02 16:43:29,499 - INFO - POST http://localhost:9200/_bulk [status:200 request:3.999s]
2025-10-02 16:43:29,970 - INFO - Worker 1: Parsed 7,600,000 documents
2025-10-02 16:43:30,092 - INFO - Overall progress: Parsed 15,091,000, Indexed 0, Queue: 80
2025-10-02 16:43:30,490 - INFO - POST http://localhost:9200/_bulk [status:200 request:6.964s]
2025-10-02 16:43:30,681 - INFO - POST http://localhost:9200/_bulk [status:200 request:3.678s]
2025-10-02 16:43:31,100 - INFO - Progress: 14,930,000 indexed, 0 failed, Rate: 11315.8 docs/sec, Queue: 80, Elapsed: 1319.4s
2025-10-02 16:43:31,114 - INFO - Progress: 14,940,000 indexed, 0 failed, Rate: 11323.2 docs/sec, Queue: 80, Elapsed: 1319.4s
2025-10-02 16:43:31,174 - INFO - Progress: 14,950,000 indexed, 0 failed, Rate: 11330.3 docs/sec, Queue: 80, Elapsed: 1319.5s
2025-10-02 16:43:31,290 - INFO - Progress: 14,960,000 indexed, 0 failed, Rate: 11336.9 docs/sec, Queue: 80, Elapsed: 1319.6s
2025-10-02 16:43:31,306 - INFO - Progress: 14,970,000 indexed, 0 failed, Rate: 11344.3 docs/sec, Queue: 80, Elapsed: 1319.6s
2025-10-02 16:43:32,001 - INFO - Worker 0: Parsed 7,500,000 documents
2025-10-02 16:43:33,005 - INFO - POST http://localhost:9200/_bulk [status:200 request:4.219s]
2025-10-02 16:43:33,390 - INFO - Progress: 14,980,000 indexed, 0 failed, Rate: 11334.0 docs/sec, Queue: 80, Elapsed: 1321.7s
2025-10-02 16:43:33,399 - INFO - Progress: 14,990,000 indexed, 0 failed, Rate: 11341.5 docs/sec, Queue: 80, Elapsed: 1321.7s
2025-10-02 16:43:34,053 - INFO - POST http://localhost:9200/_bulk [status:200 request:3.711s]
2025-10-02 16:43:34,430 - INFO - Progress: 15,000,000 indexed, 0 failed, Rate: 11340.2 docs/sec, Queue: 80, Elapsed: 1322.7s
2025-10-02 16:43:34,451 - INFO - === METRICS ES CONSUMER AT 15000000 DOCS ===
2025-10-02 16:43:34,456 - INFO - Process Memory:
2025-10-02 16:43:34,462 - INFO -   RSS: 4.82 GB
2025-10-02 16:43:34,467 - INFO -   VMS: 8.69 GB
2025-10-02 16:43:34,477 - INFO -   % of System: 0.6%
2025-10-02 16:43:34,483 - INFO - System Memory:
2025-10-02 16:43:34,488 - INFO -   Total Used: 20.4%
2025-10-02 16:43:34,493 - INFO -   Available: 679.84 GB
2025-10-02 16:43:34,495 - INFO -   Cached: 123.09 GB
2025-10-02 16:43:35,497 - INFO - CPU:
2025-10-02 16:43:35,498 - INFO -   Process usage: 100.9%
2025-10-02 16:43:35,498 - INFO -   Threads: 38
2025-10-02 16:43:35,499 - INFO -   Allocated cores: 288 (IDs: [0, 1, 2, 3, 4]...)
2025-10-02 16:43:35,535 - INFO - Process I/O:
2025-10-02 16:43:35,540 - INFO -   Read: 0.00 GB
2025-10-02 16:43:35,546 - INFO -   Write: 0.01 GB
2025-10-02 16:43:35,551 - INFO - ==================================================
2025-10-02 16:43:35,722 - INFO - Progress: 15,010,000 indexed, 0 failed, Rate: 11336.7 docs/sec, Queue: 80, Elapsed: 1324.0s
2025-10-02 16:43:35,819 - INFO - POST http://localhost:9200/_bulk [status:200 request:3.464s]
2025-10-02 16:43:36,213 - INFO - Progress: 15,020,000 indexed, 0 failed, Rate: 11340.0 docs/sec, Queue: 80, Elapsed: 1324.5s
2025-10-02 16:43:36,222 - INFO - Progress: 15,030,000 indexed, 0 failed, Rate: 11347.5 docs/sec, Queue: 80, Elapsed: 1324.5s
2025-10-02 16:43:37,594 - INFO - POST http://localhost:9200/_bulk [status:200 request:3.697s]
2025-10-02 16:43:37,980 - INFO - Progress: 15,040,000 indexed, 0 failed, Rate: 11340.0 docs/sec, Queue: 80, Elapsed: 1326.3s
2025-10-02 16:43:39,256 - INFO - Worker 1: Parsed 7,650,000 documents
2025-10-02 16:43:40,095 - INFO - Overall progress: Parsed 15,202,000, Indexed 0, Queue: 80
2025-10-02 16:43:40,450 - INFO - Worker 0: Parsed 7,550,000 documents
2025-10-02 16:43:41,095 - INFO - POST http://localhost:9200/_bulk [status:200 request:5.574s]
2025-10-02 16:43:41,837 - INFO - Progress: 15,050,000 indexed, 0 failed, Rate: 11314.7 docs/sec, Queue: 80, Elapsed: 1330.1s
2025-10-02 16:43:41,847 - INFO - Progress: 15,060,000 indexed, 0 failed, Rate: 11322.1 docs/sec, Queue: 80, Elapsed: 1330.1s
2025-10-02 16:43:42,808 - INFO - POST http://localhost:9200/_bulk [status:200 request:4.086s]
2025-10-02 16:43:43,919 - INFO - POST http://localhost:9200/_bulk [status:200 request:4.026s]
2025-10-02 16:43:45,129 - INFO - POST http://localhost:9200/_bulk [status:200 request:4.082s]
2025-10-02 16:43:45,713 - INFO - POST http://localhost:9200/_bulk [status:200 request:8.487s]
2025-10-02 16:43:46,168 - INFO - Progress: 15,070,000 indexed, 0 failed, Rate: 11292.9 docs/sec, Queue: 80, Elapsed: 1334.5s
2025-10-02 16:43:46,172 - INFO - Progress: 15,080,000 indexed, 0 failed, Rate: 11300.4 docs/sec, Queue: 80, Elapsed: 1334.5s
2025-10-02 16:43:46,216 - INFO - Progress: 15,090,000 indexed, 0 failed, Rate: 11307.5 docs/sec, Queue: 80, Elapsed: 1334.5s
2025-10-02 16:43:46,287 - INFO - Progress: 15,100,000 indexed, 0 failed, Rate: 11314.4 docs/sec, Queue: 80, Elapsed: 1334.6s
2025-10-02 16:43:46,299 - INFO - === METRICS ES CONSUMER AT 15100000 DOCS ===
2025-10-02 16:43:46,304 - INFO - Process Memory:
2025-10-02 16:43:46,309 - INFO -   RSS: 4.82 GB
2025-10-02 16:43:46,315 - INFO -   VMS: 8.69 GB
2025-10-02 16:43:46,325 - INFO -   % of System: 0.6%
2025-10-02 16:43:46,333 - INFO - System Memory:
2025-10-02 16:43:46,338 - INFO -   Total Used: 20.5%
2025-10-02 16:43:46,344 - INFO -   Available: 679.61 GB
2025-10-02 16:43:46,350 - INFO -   Cached: 121.56 GB
2025-10-02 16:43:46,889 - INFO - POST http://localhost:9200/_bulk [status:200 request:3.586s]
2025-10-02 16:43:47,368 - INFO - CPU:
2025-10-02 16:43:47,369 - INFO -   Process usage: 100.7%
2025-10-02 16:43:47,369 - INFO -   Threads: 38
2025-10-02 16:43:47,369 - INFO -   Allocated cores: 288 (IDs: [0, 1, 2, 3, 4]...)
2025-10-02 16:43:47,370 - INFO - Process I/O:
2025-10-02 16:43:47,370 - INFO -   Read: 0.00 GB
2025-10-02 16:43:47,370 - INFO -   Write: 0.01 GB
2025-10-02 16:43:47,370 - INFO - ==================================================
2025-10-02 16:43:47,583 - INFO - Progress: 15,110,000 indexed, 0 failed, Rate: 11310.9 docs/sec, Queue: 80, Elapsed: 1335.9s
2025-10-02 16:43:47,649 - INFO - Progress: 15,120,000 indexed, 0 failed, Rate: 11317.8 docs/sec, Queue: 80, Elapsed: 1335.9s
2025-10-02 16:43:47,658 - INFO - Progress: 15,130,000 indexed, 0 failed, Rate: 11325.2 docs/sec, Queue: 80, Elapsed: 1336.0s
2025-10-02 16:43:47,714 - INFO - Progress: 15,140,000 indexed, 0 failed, Rate: 11332.2 docs/sec, Queue: 80, Elapsed: 1336.0s
2025-10-02 16:43:47,723 - INFO - Progress: 15,150,000 indexed, 0 failed, Rate: 11339.7 docs/sec, Queue: 80, Elapsed: 1336.0s
2025-10-02 16:43:48,788 - INFO - Worker 1: Parsed 7,700,000 documents
2025-10-02 16:43:50,068 - INFO - Worker 0: Parsed 7,600,000 documents
2025-10-02 16:43:50,106 - INFO - Overall progress: Parsed 15,309,000, Indexed 0, Queue: 80
2025-10-02 16:43:50,923 - INFO - POST http://localhost:9200/_bulk [status:200 request:6.097s]
2025-10-02 16:43:51,345 - INFO - Progress: 15,160,000 indexed, 0 failed, Rate: 11316.5 docs/sec, Queue: 80, Elapsed: 1339.6s
2025-10-02 16:43:51,354 - INFO - Progress: 15,170,000 indexed, 0 failed, Rate: 11323.9 docs/sec, Queue: 80, Elapsed: 1339.7s
2025-10-02 16:43:52,245 - INFO - POST http://localhost:9200/_bulk [status:200 request:3.588s]
2025-10-02 16:43:53,537 - INFO - POST http://localhost:9200/_bulk [status:200 request:6.654s]
2025-10-02 16:43:53,834 - INFO - Progress: 15,180,000 indexed, 0 failed, Rate: 11310.4 docs/sec, Queue: 80, Elapsed: 1342.1s
2025-10-02 16:43:53,893 - INFO - Progress: 15,190,000 indexed, 0 failed, Rate: 11317.3 docs/sec, Queue: 80, Elapsed: 1342.2s
2025-10-02 16:43:53,902 - INFO - Progress: 15,200,000 indexed, 0 failed, Rate: 11324.7 docs/sec, Queue: 80, Elapsed: 1342.2s
2025-10-02 16:43:53,939 - INFO - === METRICS ES CONSUMER AT 15200000 DOCS ===
2025-10-02 16:43:53,945 - INFO - Process Memory:
2025-10-02 16:43:53,951 - INFO -   RSS: 5.30 GB
2025-10-02 16:43:53,993 - INFO -   VMS: 9.17 GB
2025-10-02 16:43:53,993 - INFO - POST http://localhost:9200/_bulk [status:200 request:4.230s]
2025-10-02 16:43:53,994 - INFO -   % of System: 0.7%
2025-10-02 16:43:54,193 - INFO - System Memory:
2025-10-02 16:43:54,199 - INFO -   Total Used: 20.5%
2025-10-02 16:43:54,210 - INFO -   Available: 678.98 GB
2025-10-02 16:43:54,225 - INFO -   Cached: 122.55 GB
2025-10-02 16:43:54,933 - INFO - POST http://localhost:9200/_bulk [status:200 request:4.018s]
2025-10-02 16:43:55,341 - INFO - CPU:
2025-10-02 16:43:55,341 - INFO -   Process usage: 101.1%
2025-10-02 16:43:55,341 - INFO -   Threads: 38
2025-10-02 16:43:55,342 - INFO -   Allocated cores: 288 (IDs: [0, 1, 2, 3, 4]...)
2025-10-02 16:43:55,342 - INFO - Process I/O:
2025-10-02 16:43:55,342 - INFO -   Read: 0.00 GB
2025-10-02 16:43:55,342 - INFO -   Write: 0.01 GB
2025-10-02 16:43:55,342 - INFO - ==================================================
2025-10-02 16:43:55,635 - INFO - Progress: 15,210,000 indexed, 0 failed, Rate: 11317.5 docs/sec, Queue: 80, Elapsed: 1343.9s
2025-10-02 16:43:55,645 - INFO - Progress: 15,220,000 indexed, 0 failed, Rate: 11324.9 docs/sec, Queue: 80, Elapsed: 1343.9s
2025-10-02 16:43:55,710 - INFO - Progress: 15,230,000 indexed, 0 failed, Rate: 11331.8 docs/sec, Queue: 80, Elapsed: 1344.0s
2025-10-02 16:43:55,719 - INFO - Progress: 15,240,000 indexed, 0 failed, Rate: 11339.2 docs/sec, Queue: 80, Elapsed: 1344.0s
2025-10-02 16:43:56,716 - INFO - POST http://localhost:9200/_bulk [status:200 request:3.863s]
2025-10-02 16:43:57,108 - INFO - Progress: 15,250,000 indexed, 0 failed, Rate: 11334.9 docs/sec, Queue: 80, Elapsed: 1345.4s
2025-10-02 16:43:57,934 - INFO - Worker 1: Parsed 7,750,000 documents
2025-10-02 16:43:58,715 - INFO - POST http://localhost:9200/_bulk [status:200 request:3.784s]
2025-10-02 16:43:59,128 - INFO - Progress: 15,260,000 indexed, 0 failed, Rate: 11325.3 docs/sec, Queue: 80, Elapsed: 1347.4s
2025-10-02 16:43:59,137 - INFO - Progress: 15,270,000 indexed, 0 failed, Rate: 11332.7 docs/sec, Queue: 80, Elapsed: 1347.4s
2025-10-02 16:44:00,112 - INFO - Overall progress: Parsed 15,409,000, Indexed 0, Queue: 80
2025-10-02 16:44:00,193 - INFO - Worker 0: Parsed 7,650,000 documents
2025-10-02 16:44:03,799 - INFO - POST http://localhost:9200/_bulk [status:200 request:3.726s]
2025-10-02 16:44:04,434 - INFO - POST http://localhost:9200/_bulk [status:200 request:6.172s]
2025-10-02 16:44:04,642 - INFO - POST http://localhost:9200/_bulk [status:200 request:7.874s]
2025-10-02 16:44:05,197 - INFO - Progress: 15,280,000 indexed, 0 failed, Rate: 11289.3 docs/sec, Queue: 80, Elapsed: 1353.5s
2025-10-02 16:44:05,213 - INFO - Progress: 15,290,000 indexed, 0 failed, Rate: 11296.6 docs/sec, Queue: 80, Elapsed: 1353.5s
2025-10-02 16:44:05,260 - INFO - Progress: 15,300,000 indexed, 0 failed, Rate: 11303.6 docs/sec, Queue: 80, Elapsed: 1353.6s
2025-10-02 16:44:05,263 - INFO - === METRICS ES CONSUMER AT 15300000 DOCS ===
2025-10-02 16:44:05,264 - INFO - Process Memory:
2025-10-02 16:44:05,282 - INFO -   RSS: 4.82 GB
2025-10-02 16:44:05,288 - INFO -   VMS: 8.68 GB
2025-10-02 16:44:05,299 - INFO -   % of System: 0.6%
2025-10-02 16:44:05,304 - INFO - System Memory:
2025-10-02 16:44:05,309 - INFO -   Total Used: 20.4%
2025-10-02 16:44:05,314 - INFO -   Available: 679.78 GB
2025-10-02 16:44:05,320 - INFO -   Cached: 123.80 GB
2025-10-02 16:44:05,399 - INFO - POST http://localhost:9200/_bulk [status:200 request:3.747s]
2025-10-02 16:44:06,368 - INFO - CPU:
2025-10-02 16:44:06,374 - INFO -   Process usage: 99.3%
2025-10-02 16:44:06,421 - INFO -   Threads: 38
2025-10-02 16:44:06,507 - INFO -   Allocated cores: 288 (IDs: [0, 1, 2, 3, 4]...)
2025-10-02 16:44:06,524 - INFO - Process I/O:
2025-10-02 16:44:06,529 - INFO -   Read: 0.00 GB
2025-10-02 16:44:06,534 - INFO -   Write: 0.01 GB
2025-10-02 16:44:06,534 - INFO - ==================================================
2025-10-02 16:44:06,740 - INFO - Progress: 15,310,000 indexed, 0 failed, Rate: 11298.6 docs/sec, Queue: 80, Elapsed: 1355.0s
2025-10-02 16:44:06,744 - INFO - Progress: 15,320,000 indexed, 0 failed, Rate: 11305.9 docs/sec, Queue: 80, Elapsed: 1355.0s
2025-10-02 16:44:06,772 - INFO - Progress: 15,330,000 indexed, 0 failed, Rate: 11313.1 docs/sec, Queue: 80, Elapsed: 1355.1s
2025-10-02 16:44:06,777 - INFO - Progress: 15,340,000 indexed, 0 failed, Rate: 11320.4 docs/sec, Queue: 80, Elapsed: 1355.1s
2025-10-02 16:44:08,824 - INFO - Worker 1: Parsed 7,800,000 documents
2025-10-02 16:44:09,967 - INFO - POST http://localhost:9200/_bulk [status:200 request:6.965s]
2025-10-02 16:44:10,231 - INFO - POST http://localhost:9200/_bulk [status:200 request:3.673s]
2025-10-02 16:44:10,355 - INFO - Overall progress: Parsed 15,500,000, Indexed 0, Queue: 80
2025-10-02 16:44:10,531 - INFO - Progress: 15,350,000 indexed, 0 failed, Rate: 11296.5 docs/sec, Queue: 80, Elapsed: 1358.8s
2025-10-02 16:44:10,545 - INFO - Progress: 15,360,000 indexed, 0 failed, Rate: 11303.7 docs/sec, Queue: 80, Elapsed: 1358.8s
2025-10-02 16:44:10,777 - INFO - Progress: 15,370,000 indexed, 0 failed, Rate: 11309.2 docs/sec, Queue: 80, Elapsed: 1359.1s
2025-10-02 16:44:10,783 - INFO - Progress: 15,380,000 indexed, 0 failed, Rate: 11316.5 docs/sec, Queue: 80, Elapsed: 1359.1s
2025-10-02 16:44:11,498 - INFO - Worker 0: Parsed 7,700,000 documents
2025-10-02 16:44:12,403 - INFO - POST http://localhost:9200/_bulk [status:200 request:4.143s]
2025-10-02 16:44:12,796 - INFO - Progress: 15,390,000 indexed, 0 failed, Rate: 11307.1 docs/sec, Queue: 80, Elapsed: 1361.1s
2025-10-02 16:44:16,529 - INFO - POST http://localhost:9200/_bulk [status:200 request:6.741s]
2025-10-02 16:44:17,052 - INFO - Progress: 15,400,000 indexed, 0 failed, Rate: 11279.2 docs/sec, Queue: 80, Elapsed: 1365.3s
2025-10-02 16:44:17,080 - INFO - === METRICS ES CONSUMER AT 15400000 DOCS ===
2025-10-02 16:44:17,080 - INFO - Process Memory:
2025-10-02 16:44:17,081 - INFO -   RSS: 5.29 GB
2025-10-02 16:44:17,081 - INFO -   VMS: 9.15 GB
2025-10-02 16:44:17,081 - INFO -   % of System: 0.6%
2025-10-02 16:44:17,081 - INFO - System Memory:
2025-10-02 16:44:17,081 - INFO -   Total Used: 20.6%
2025-10-02 16:44:17,081 - INFO -   Available: 678.72 GB
2025-10-02 16:44:17,082 - INFO -   Cached: 126.08 GB
2025-10-02 16:44:17,370 - INFO - POST http://localhost:9200/_bulk [status:200 request:3.443s]
2025-10-02 16:44:18,098 - INFO - CPU:
2025-10-02 16:44:18,099 - INFO -   Process usage: 102.4%
2025-10-02 16:44:18,099 - INFO -   Threads: 38
2025-10-02 16:44:18,099 - INFO -   Allocated cores: 288 (IDs: [0, 1, 2, 3, 4]...)
2025-10-02 16:44:18,101 - INFO - Process I/O:
2025-10-02 16:44:18,102 - INFO -   Read: 0.00 GB
2025-10-02 16:44:18,102 - INFO -   Write: 0.01 GB
2025-10-02 16:44:18,102 - INFO - ==================================================
2025-10-02 16:44:18,319 - INFO - Progress: 15,410,000 indexed, 0 failed, Rate: 11276.0 docs/sec, Queue: 80, Elapsed: 1366.6s
2025-10-02 16:44:18,995 - INFO - POST http://localhost:9200/_bulk [status:200 request:3.703s]
2025-10-02 16:44:19,890 - INFO - Worker 1: Parsed 7,850,000 documents
2025-10-02 16:44:20,371 - INFO - Overall progress: Parsed 15,594,000, Indexed 0, Queue: 80
2025-10-02 16:44:21,202 - INFO - POST http://localhost:9200/_bulk [status:200 request:3.840s]
2025-10-02 16:44:21,202 - INFO - POST http://localhost:9200/_bulk [status:200 request:9.123s]
2025-10-02 16:44:21,916 - INFO - Progress: 15,420,000 indexed, 0 failed, Rate: 11253.7 docs/sec, Queue: 80, Elapsed: 1370.2s
2025-10-02 16:44:21,925 - INFO - Progress: 15,430,000 indexed, 0 failed, Rate: 11261.0 docs/sec, Queue: 80, Elapsed: 1370.2s
2025-10-02 16:44:21,964 - INFO - Progress: 15,440,000 indexed, 0 failed, Rate: 11267.9 docs/sec, Queue: 80, Elapsed: 1370.3s
2025-10-02 16:44:21,975 - INFO - Progress: 15,450,000 indexed, 0 failed, Rate: 11275.1 docs/sec, Queue: 80, Elapsed: 1370.3s
2025-10-02 16:44:22,054 - INFO - Progress: 15,460,000 indexed, 0 failed, Rate: 11281.8 docs/sec, Queue: 80, Elapsed: 1370.4s
2025-10-02 16:44:22,108 - INFO - Progress: 15,470,000 indexed, 0 failed, Rate: 11288.6 docs/sec, Queue: 80, Elapsed: 1370.4s
2025-10-02 16:44:22,117 - INFO - Progress: 15,480,000 indexed, 0 failed, Rate: 11295.9 docs/sec, Queue: 80, Elapsed: 1370.4s
2025-10-02 16:44:22,648 - INFO - Worker 0: Parsed 7,750,000 documents
2025-10-02 16:44:23,181 - INFO - POST http://localhost:9200/_bulk [status:200 request:3.487s]
2025-10-02 16:44:23,518 - INFO - Progress: 15,490,000 indexed, 0 failed, Rate: 11291.6 docs/sec, Queue: 80, Elapsed: 1371.8s
2025-10-02 16:44:23,528 - INFO - Progress: 15,500,000 indexed, 0 failed, Rate: 11298.8 docs/sec, Queue: 80, Elapsed: 1371.8s
2025-10-02 16:44:23,535 - INFO - === METRICS ES CONSUMER AT 15500000 DOCS ===
2025-10-02 16:44:23,536 - INFO - Process Memory:
2025-10-02 16:44:23,536 - INFO -   RSS: 4.32 GB
2025-10-02 16:44:23,536 - INFO -   VMS: 8.19 GB
2025-10-02 16:44:23,537 - INFO -   % of System: 0.5%
2025-10-02 16:44:23,538 - INFO - System Memory:
2025-10-02 16:44:23,538 - INFO -   Total Used: 20.5%
2025-10-02 16:44:23,538 - INFO -   Available: 679.40 GB
2025-10-02 16:44:23,553 - INFO -   Cached: 123.64 GB
2025-10-02 16:44:24,605 - INFO - CPU:
2025-10-02 16:44:24,611 - INFO -   Process usage: 101.4%
2025-10-02 16:44:24,616 - INFO -   Threads: 38
2025-10-02 16:44:24,621 - INFO -   Allocated cores: 288 (IDs: [0, 1, 2, 3, 4]...)
2025-10-02 16:44:24,637 - INFO - Process I/O:
2025-10-02 16:44:24,643 - INFO -   Read: 0.00 GB
2025-10-02 16:44:24,645 - INFO -   Write: 0.01 GB
2025-10-02 16:44:24,646 - INFO - ==================================================
2025-10-02 16:44:29,578 - INFO - Worker 1: Parsed 7,900,000 documents
2025-10-02 16:44:30,316 - INFO - POST http://localhost:9200/_bulk [status:200 request:4.757s]
2025-10-02 16:44:30,551 - INFO - Overall progress: Parsed 15,696,000, Indexed 0, Queue: 80
2025-10-02 16:44:30,853 - INFO - POST http://localhost:9200/_bulk [status:200 request:3.821s]
2025-10-02 16:44:31,562 - INFO - POST http://localhost:9200/_bulk [status:200 request:10.421s]
2025-10-02 16:44:31,932 - INFO - Progress: 15,510,000 indexed, 0 failed, Rate: 11237.3 docs/sec, Queue: 80, Elapsed: 1380.2s
2025-10-02 16:44:31,941 - INFO - Progress: 15,520,000 indexed, 0 failed, Rate: 11244.4 docs/sec, Queue: 80, Elapsed: 1380.2s
2025-10-02 16:44:32,638 - INFO - POST http://localhost:9200/_bulk [status:200 request:8.772s]
2025-10-02 16:44:33,084 - INFO - Progress: 15,530,000 indexed, 0 failed, Rate: 11242.4 docs/sec, Queue: 80, Elapsed: 1381.4s
2025-10-02 16:44:33,086 - INFO - Worker 0: Parsed 7,800,000 documents
2025-10-02 16:44:33,172 - INFO - Progress: 15,540,000 indexed, 0 failed, Rate: 11248.9 docs/sec, Queue: 80, Elapsed: 1381.5s
2025-10-02 16:44:33,182 - INFO - Progress: 15,550,000 indexed, 0 failed, Rate: 11256.1 docs/sec, Queue: 80, Elapsed: 1381.5s
2025-10-02 16:44:33,222 - INFO - Progress: 15,560,000 indexed, 0 failed, Rate: 11263.0 docs/sec, Queue: 80, Elapsed: 1381.5s
2025-10-02 16:44:33,231 - INFO - Progress: 15,570,000 indexed, 0 failed, Rate: 11270.1 docs/sec, Queue: 80, Elapsed: 1381.5s
2025-10-02 16:44:33,354 - INFO - POST http://localhost:9200/_bulk [status:200 request:3.517s]
2025-10-02 16:44:33,968 - INFO - POST http://localhost:9200/_bulk [status:200 request:5.673s]
2025-10-02 16:44:34,334 - INFO - Progress: 15,580,000 indexed, 0 failed, Rate: 11268.4 docs/sec, Queue: 80, Elapsed: 1382.6s
2025-10-02 16:44:34,341 - INFO - Progress: 15,590,000 indexed, 0 failed, Rate: 11275.6 docs/sec, Queue: 80, Elapsed: 1382.6s
2025-10-02 16:44:34,400 - INFO - Progress: 15,600,000 indexed, 0 failed, Rate: 11282.3 docs/sec, Queue: 80, Elapsed: 1382.7s
2025-10-02 16:44:34,448 - INFO - === METRICS ES CONSUMER AT 15600000 DOCS ===
2025-10-02 16:44:34,453 - INFO - Process Memory:
2025-10-02 16:44:34,459 - INFO -   RSS: 4.32 GB
2025-10-02 16:44:34,464 - INFO -   VMS: 8.18 GB
2025-10-02 16:44:34,475 - INFO -   % of System: 0.5%
2025-10-02 16:44:34,480 - INFO - System Memory:
2025-10-02 16:44:34,484 - INFO -   Total Used: 20.5%
2025-10-02 16:44:34,485 - INFO -   Available: 679.25 GB
2025-10-02 16:44:34,485 - INFO -   Cached: 122.78 GB
2025-10-02 16:44:35,513 - INFO - CPU:
2025-10-02 16:44:35,518 - INFO -   Process usage: 102.3%
2025-10-02 16:44:35,523 - INFO -   Threads: 38
2025-10-02 16:44:35,529 - INFO -   Allocated cores: 288 (IDs: [0, 1, 2, 3, 4]...)
2025-10-02 16:44:35,542 - INFO - Process I/O:
2025-10-02 16:44:35,542 - INFO -   Read: 0.00 GB
2025-10-02 16:44:35,542 - INFO -   Write: 0.01 GB
2025-10-02 16:44:35,542 - INFO - ==================================================
2025-10-02 16:44:36,749 - INFO - POST http://localhost:9200/_bulk [status:200 request:4.337s]
2025-10-02 16:44:37,365 - INFO - Progress: 15,610,000 indexed, 0 failed, Rate: 11265.4 docs/sec, Queue: 80, Elapsed: 1385.7s
2025-10-02 16:44:37,369 - INFO - Progress: 15,620,000 indexed, 0 failed, Rate: 11272.6 docs/sec, Queue: 80, Elapsed: 1385.7s
2025-10-02 16:44:38,535 - INFO - POST http://localhost:9200/_bulk [status:200 request:3.289s]
2025-10-02 16:44:38,884 - INFO - Progress: 15,630,000 indexed, 0 failed, Rate: 11267.5 docs/sec, Queue: 80, Elapsed: 1387.2s
2025-10-02 16:44:38,894 - INFO - Progress: 15,640,000 indexed, 0 failed, Rate: 11274.6 docs/sec, Queue: 80, Elapsed: 1387.2s
2025-10-02 16:44:40,501 - INFO - POST http://localhost:9200/_bulk [status:200 request:3.706s]
2025-10-02 16:44:40,686 - INFO - Overall progress: Parsed 15,774,000, Indexed 0, Queue: 80
2025-10-02 16:44:40,833 - INFO - Progress: 15,650,000 indexed, 0 failed, Rate: 11266.1 docs/sec, Queue: 80, Elapsed: 1389.1s
2025-10-02 16:44:42,076 - INFO - Worker 1: Parsed 7,950,000 documents
2025-10-02 16:44:42,851 - INFO - POST http://localhost:9200/_bulk [status:200 request:3.564s]
2025-10-02 16:44:43,227 - INFO - Progress: 15,660,000 indexed, 0 failed, Rate: 11253.9 docs/sec, Queue: 80, Elapsed: 1391.5s
2025-10-02 16:44:43,237 - INFO - Progress: 15,670,000 indexed, 0 failed, Rate: 11261.0 docs/sec, Queue: 80, Elapsed: 1391.5s
2025-10-02 16:44:44,295 - INFO - Worker 0: Parsed 7,850,000 documents
2025-10-02 16:44:44,714 - INFO - POST http://localhost:9200/_bulk [status:200 request:3.644s]
2025-10-02 16:44:45,069 - INFO - Progress: 15,680,000 indexed, 0 failed, Rate: 11253.3 docs/sec, Queue: 80, Elapsed: 1393.4s
2025-10-02 16:44:45,074 - INFO - Progress: 15,690,000 indexed, 0 failed, Rate: 11260.5 docs/sec, Queue: 80, Elapsed: 1393.4s
2025-10-02 16:44:46,010 - INFO - POST http://localhost:9200/_bulk [status:200 request:3.367s]
2025-10-02 16:44:46,399 - INFO - Progress: 15,700,000 indexed, 0 failed, Rate: 11256.9 docs/sec, Queue: 80, Elapsed: 1394.7s
2025-10-02 16:44:46,415 - INFO - === METRICS ES CONSUMER AT 15700000 DOCS ===
2025-10-02 16:44:46,421 - INFO - Process Memory:
2025-10-02 16:44:46,426 - INFO -   RSS: 4.31 GB
2025-10-02 16:44:46,431 - INFO -   VMS: 8.18 GB
2025-10-02 16:44:46,442 - INFO -   % of System: 0.5%
2025-10-02 16:44:46,447 - INFO - System Memory:
2025-10-02 16:44:46,453 - INFO -   Total Used: 20.5%
2025-10-02 16:44:46,458 - INFO -   Available: 679.21 GB
2025-10-02 16:44:46,463 - INFO -   Cached: 124.44 GB
2025-10-02 16:44:47,512 - INFO - CPU:
2025-10-02 16:44:47,518 - INFO -   Process usage: 102.3%
2025-10-02 16:44:47,523 - INFO -   Threads: 38
2025-10-02 16:44:47,528 - INFO -   Allocated cores: 288 (IDs: [0, 1, 2, 3, 4]...)
2025-10-02 16:44:47,537 - INFO - Process I/O:
2025-10-02 16:44:47,537 - INFO -   Read: 0.00 GB
2025-10-02 16:44:47,538 - INFO -   Write: 0.01 GB
2025-10-02 16:44:47,538 - INFO - ==================================================
2025-10-02 16:44:47,676 - INFO - Progress: 15,710,000 indexed, 0 failed, Rate: 11253.8 docs/sec, Queue: 80, Elapsed: 1396.0s
2025-10-02 16:44:50,615 - INFO - POST http://localhost:9200/_bulk [status:200 request:3.630s]
2025-10-02 16:44:50,732 - INFO - Overall progress: Parsed 15,872,000, Indexed 0, Queue: 80
2025-10-02 16:44:51,016 - INFO - POST http://localhost:9200/_bulk [status:200 request:6.380s]
2025-10-02 16:44:51,494 - INFO - Progress: 15,720,000 indexed, 0 failed, Rate: 11230.2 docs/sec, Queue: 80, Elapsed: 1399.8s
2025-10-02 16:44:51,504 - INFO - Progress: 15,730,000 indexed, 0 failed, Rate: 11237.3 docs/sec, Queue: 80, Elapsed: 1399.8s
2025-10-02 16:44:51,560 - INFO - Progress: 15,740,000 indexed, 0 failed, Rate: 11244.0 docs/sec, Queue: 80, Elapsed: 1399.9s
2025-10-02 16:44:52,419 - INFO - POST http://localhost:9200/_bulk [status:200 request:3.882s]
2025-10-02 16:44:52,794 - INFO - Progress: 15,750,000 indexed, 0 failed, Rate: 11241.2 docs/sec, Queue: 80, Elapsed: 1401.1s
2025-10-02 16:44:52,811 - INFO - Progress: 15,760,000 indexed, 0 failed, Rate: 11248.2 docs/sec, Queue: 80, Elapsed: 1401.1s
2025-10-02 16:44:53,260 - INFO - Worker 1: Parsed 8,000,000 documents
2025-10-02 16:44:54,944 - INFO - Worker 0: Parsed 7,900,000 documents
2025-10-02 16:44:56,357 - INFO - POST http://localhost:9200/_bulk [status:200 request:3.940s]
2025-10-02 16:44:57,099 - INFO - POST http://localhost:9200/_bulk [status:200 request:6.990s]
2025-10-02 16:44:57,531 - INFO - Progress: 15,770,000 indexed, 0 failed, Rate: 11217.6 docs/sec, Queue: 80, Elapsed: 1405.8s
2025-10-02 16:44:57,719 - INFO - Progress: 15,780,000 indexed, 0 failed, Rate: 11223.2 docs/sec, Queue: 80, Elapsed: 1406.0s
2025-10-02 16:44:57,768 - INFO - Progress: 15,790,000 indexed, 0 failed, Rate: 11229.9 docs/sec, Queue: 80, Elapsed: 1406.1s
2025-10-02 16:44:57,777 - INFO - Progress: 15,800,000 indexed, 0 failed, Rate: 11237.0 docs/sec, Queue: 80, Elapsed: 1406.1s
2025-10-02 16:44:57,814 - INFO - === METRICS ES CONSUMER AT 15800000 DOCS ===
2025-10-02 16:44:57,817 - INFO - Process Memory:
2025-10-02 16:44:57,817 - INFO -   RSS: 4.79 GB
2025-10-02 16:44:57,818 - INFO -   VMS: 8.66 GB
2025-10-02 16:44:57,818 - INFO -   % of System: 0.6%
2025-10-02 16:44:57,818 - INFO - System Memory:
2025-10-02 16:44:57,818 - INFO -   Total Used: 20.5%
2025-10-02 16:44:57,818 - INFO -   Available: 679.09 GB
2025-10-02 16:44:57,818 - INFO -   Cached: 126.07 GB
2025-10-02 16:44:58,387 - INFO - POST http://localhost:9200/_bulk [status:200 request:4.095s]
2025-10-02 16:44:58,846 - INFO - CPU:
2025-10-02 16:44:58,852 - INFO -   Process usage: 101.3%
2025-10-02 16:44:58,857 - INFO -   Threads: 38
2025-10-02 16:44:58,862 - INFO -   Allocated cores: 288 (IDs: [0, 1, 2, 3, 4]...)
2025-10-02 16:44:58,878 - INFO - Process I/O:
2025-10-02 16:44:58,883 - INFO -   Read: 0.00 GB
2025-10-02 16:44:58,887 - INFO -   Write: 0.01 GB
2025-10-02 16:44:58,888 - INFO - ==================================================
2025-10-02 16:44:59,061 - INFO - Progress: 15,810,000 indexed, 0 failed, Rate: 11233.8 docs/sec, Queue: 80, Elapsed: 1407.4s
2025-10-02 16:44:59,616 - INFO - POST http://localhost:9200/_bulk [status:200 request:3.778s]
2025-10-02 16:45:00,001 - INFO - Progress: 15,820,000 indexed, 0 failed, Rate: 11233.4 docs/sec, Queue: 80, Elapsed: 1408.3s
2025-10-02 16:45:00,010 - INFO - Progress: 15,830,000 indexed, 0 failed, Rate: 11240.4 docs/sec, Queue: 80, Elapsed: 1408.3s
2025-10-02 16:45:00,821 - INFO - Overall progress: Parsed 15,959,000, Indexed 0, Queue: 80
2025-10-02 16:45:01,088 - INFO - POST http://localhost:9200/_bulk [status:200 request:2.989s]
2025-10-02 16:45:01,502 - INFO - Progress: 15,840,000 indexed, 0 failed, Rate: 11235.7 docs/sec, Queue: 80, Elapsed: 1409.8s
2025-10-02 16:45:01,510 - INFO - Progress: 15,850,000 indexed, 0 failed, Rate: 11242.7 docs/sec, Queue: 80, Elapsed: 1409.8s
2025-10-02 16:45:03,765 - INFO - POST http://localhost:9200/_bulk [status:200 request:3.349s]
2025-10-02 16:45:04,111 - INFO - Progress: 15,860,000 indexed, 0 failed, Rate: 11229.1 docs/sec, Queue: 80, Elapsed: 1412.4s
2025-10-02 16:45:04,117 - INFO - Progress: 15,870,000 indexed, 0 failed, Rate: 11236.1 docs/sec, Queue: 80, Elapsed: 1412.4s
2025-10-02 16:45:04,290 - INFO - Worker 1: Parsed 8,050,000 documents
2025-10-02 16:45:05,694 - INFO - Worker 0: Parsed 7,950,000 documents
2025-10-02 16:45:09,109 - INFO - POST http://localhost:9200/_bulk [status:200 request:3.469s]
2025-10-02 16:45:10,778 - INFO - POST http://localhost:9200/_bulk [status:200 request:8.550s]
2025-10-02 16:45:10,916 - INFO - Overall progress: Parsed 16,059,000, Indexed 0, Queue: 80
2025-10-02 16:45:11,196 - INFO - Progress: 15,880,000 indexed, 0 failed, Rate: 11187.1 docs/sec, Queue: 80, Elapsed: 1419.5s
2025-10-02 16:45:11,281 - INFO - POST http://localhost:9200/_bulk [status:200 request:7.604s]
2025-10-02 16:45:11,613 - INFO - Progress: 15,890,000 indexed, 0 failed, Rate: 11190.9 docs/sec, Queue: 80, Elapsed: 1419.9s
2025-10-02 16:45:11,620 - INFO - Progress: 15,900,000 indexed, 0 failed, Rate: 11197.8 docs/sec, Queue: 80, Elapsed: 1419.9s
2025-10-02 16:45:11,622 - INFO - === METRICS ES CONSUMER AT 15900000 DOCS ===
2025-10-02 16:45:11,623 - INFO - Process Memory:
2025-10-02 16:45:11,623 - INFO -   RSS: 5.28 GB
2025-10-02 16:45:11,638 - INFO -   VMS: 9.14 GB
2025-10-02 16:45:11,654 - INFO -   % of System: 0.6%
2025-10-02 16:45:11,660 - INFO - System Memory:
2025-10-02 16:45:11,665 - INFO -   Total Used: 20.6%
2025-10-02 16:45:11,671 - INFO -   Available: 678.03 GB
2025-10-02 16:45:11,676 - INFO -   Cached: 126.60 GB
2025-10-02 16:45:11,889 - INFO - POST http://localhost:9200/_bulk [status:200 request:3.486s]
2025-10-02 16:45:12,154 - INFO - POST http://localhost:9200/_bulk [status:200 request:5.014s]
2025-10-02 16:45:12,719 - INFO - CPU:
2025-10-02 16:45:12,725 - INFO -   Process usage: 100.3%
2025-10-02 16:45:12,729 - INFO -   Threads: 38
2025-10-02 16:45:12,729 - INFO -   Allocated cores: 288 (IDs: [0, 1, 2, 3, 4]...)
2025-10-02 16:45:12,730 - INFO - Process I/O:
2025-10-02 16:45:12,730 - INFO -   Read: 0.00 GB
2025-10-02 16:45:12,731 - INFO -   Write: 0.01 GB
2025-10-02 16:45:12,731 - INFO - ==================================================
2025-10-02 16:45:12,987 - INFO - Progress: 15,910,000 indexed, 0 failed, Rate: 11194.1 docs/sec, Queue: 80, Elapsed: 1421.3s
2025-10-02 16:45:13,004 - INFO - Progress: 15,920,000 indexed, 0 failed, Rate: 11201.0 docs/sec, Queue: 80, Elapsed: 1421.3s
2025-10-02 16:45:13,052 - INFO - Progress: 15,930,000 indexed, 0 failed, Rate: 11207.7 docs/sec, Queue: 80, Elapsed: 1421.3s
2025-10-02 16:45:13,061 - INFO - Progress: 15,940,000 indexed, 0 failed, Rate: 11214.6 docs/sec, Queue: 80, Elapsed: 1421.4s
2025-10-02 16:45:13,102 - INFO - Progress: 15,950,000 indexed, 0 failed, Rate: 11221.3 docs/sec, Queue: 80, Elapsed: 1421.4s
2025-10-02 16:45:13,856 - INFO - POST http://localhost:9200/_bulk [status:200 request:3.306s]
2025-10-02 16:45:14,188 - INFO - Progress: 15,960,000 indexed, 0 failed, Rate: 11219.8 docs/sec, Queue: 80, Elapsed: 1422.5s
2025-10-02 16:45:14,204 - INFO - Progress: 15,970,000 indexed, 0 failed, Rate: 11226.7 docs/sec, Queue: 80, Elapsed: 1422.5s
2025-10-02 16:45:15,805 - INFO - Worker 1: Parsed 8,100,000 documents
2025-10-02 16:45:16,735 - INFO - Worker 0: Parsed 8,000,000 documents
2025-10-02 16:45:17,353 - INFO - POST http://localhost:9200/_bulk [status:200 request:3.503s]
2025-10-02 16:45:17,782 - INFO - Progress: 15,980,000 indexed, 0 failed, Rate: 11205.6 docs/sec, Queue: 80, Elapsed: 1426.1s
2025-10-02 16:45:17,792 - INFO - Progress: 15,990,000 indexed, 0 failed, Rate: 11212.5 docs/sec, Queue: 80, Elapsed: 1426.1s
2025-10-02 16:45:19,344 - INFO - POST http://localhost:9200/_bulk [status:200 request:3.586s]
2025-10-02 16:45:19,728 - INFO - Progress: 16,000,000 indexed, 0 failed, Rate: 11204.3 docs/sec, Queue: 80, Elapsed: 1428.0s
2025-10-02 16:45:19,761 - INFO - === METRICS ES CONSUMER AT 16000000 DOCS ===
2025-10-02 16:45:19,767 - INFO - Process Memory:
2025-10-02 16:45:19,772 - INFO -   RSS: 4.76 GB
2025-10-02 16:45:19,778 - INFO -   VMS: 8.62 GB
2025-10-02 16:45:19,793 - INFO -   % of System: 0.6%
2025-10-02 16:45:19,796 - INFO - System Memory:
2025-10-02 16:45:19,796 - INFO -   Total Used: 20.5%
2025-10-02 16:45:19,797 - INFO -   Available: 678.89 GB
2025-10-02 16:45:19,797 - INFO -   Cached: 128.35 GB
2025-10-02 16:45:20,744 - INFO - POST http://localhost:9200/_bulk [status:200 request:3.447s]
2025-10-02 16:45:20,947 - INFO - Overall progress: Parsed 16,139,000, Indexed 0, Queue: 80
2025-10-02 16:45:20,980 - INFO - CPU:
2025-10-02 16:45:20,996 - INFO -   Process usage: 101.1%
2025-10-02 16:45:21,012 - INFO -   Threads: 38
2025-10-02 16:45:21,073 - INFO -   Allocated cores: 288 (IDs: [0, 1, 2, 3, 4]...)
2025-10-02 16:45:21,093 - INFO - Process I/O:
2025-10-02 16:45:21,099 - INFO -   Read: 0.00 GB
2025-10-02 16:45:21,104 - INFO -   Write: 0.01 GB
2025-10-02 16:45:21,109 - INFO - ==================================================
2025-10-02 16:45:21,254 - INFO - Progress: 16,010,000 indexed, 0 failed, Rate: 11199.3 docs/sec, Queue: 80, Elapsed: 1429.6s
2025-10-02 16:45:21,322 - INFO - Progress: 16,020,000 indexed, 0 failed, Rate: 11205.8 docs/sec, Queue: 80, Elapsed: 1429.6s
2025-10-02 16:45:22,650 - INFO - POST http://localhost:9200/_bulk [status:200 request:3.302s]
2025-10-02 16:45:23,043 - INFO - Progress: 16,030,000 indexed, 0 failed, Rate: 11199.3 docs/sec, Queue: 80, Elapsed: 1431.3s
2025-10-02 16:45:23,065 - INFO - Progress: 16,040,000 indexed, 0 failed, Rate: 11206.1 docs/sec, Queue: 80, Elapsed: 1431.4s
2025-10-02 16:45:25,202 - INFO - POST http://localhost:9200/_bulk [status:200 request:3.443s]
2025-10-02 16:45:25,582 - INFO - Progress: 16,050,000 indexed, 0 failed, Rate: 11193.4 docs/sec, Queue: 80, Elapsed: 1433.9s
2025-10-02 16:45:25,587 - INFO - Progress: 16,060,000 indexed, 0 failed, Rate: 11200.3 docs/sec, Queue: 80, Elapsed: 1433.9s
2025-10-02 16:45:26,870 - INFO - POST http://localhost:9200/_bulk [status:200 request:3.238s]
2025-10-02 16:45:27,292 - INFO - Progress: 16,070,000 indexed, 0 failed, Rate: 11194.0 docs/sec, Queue: 80, Elapsed: 1435.6s
2025-10-02 16:45:27,308 - INFO - Progress: 16,080,000 indexed, 0 failed, Rate: 11200.9 docs/sec, Queue: 80, Elapsed: 1435.6s
2025-10-02 16:45:27,352 - INFO - Worker 1: Parsed 8,150,000 documents
2025-10-02 16:45:28,035 - INFO - Worker 0: Parsed 8,050,000 documents
2025-10-02 16:45:30,970 - INFO - Overall progress: Parsed 16,237,000, Indexed 0, Queue: 80
2025-10-02 16:45:31,763 - INFO - POST http://localhost:9200/_bulk [status:200 request:4.083s]
2025-10-02 16:45:32,999 - INFO - POST http://localhost:9200/_bulk [status:200 request:3.887s]
2025-10-02 16:45:34,154 - INFO - POST http://localhost:9200/_bulk [status:200 request:3.515s]
2025-10-02 16:45:35,481 - INFO - POST http://localhost:9200/_bulk [status:200 request:10.285s]
2025-10-02 16:45:35,837 - INFO - Progress: 16,090,000 indexed, 0 failed, Rate: 11141.6 docs/sec, Queue: 80, Elapsed: 1444.1s
2025-10-02 16:45:35,885 - INFO - Progress: 16,100,000 indexed, 0 failed, Rate: 11148.2 docs/sec, Queue: 80, Elapsed: 1444.2s
2025-10-02 16:45:35,925 - INFO - === METRICS ES CONSUMER AT 16100000 DOCS ===
2025-10-02 16:45:35,931 - INFO - Process Memory:
2025-10-02 16:45:35,936 - INFO -   RSS: 4.77 GB
2025-10-02 16:45:35,941 - INFO -   VMS: 8.63 GB
2025-10-02 16:45:35,952 - INFO -   % of System: 0.6%
2025-10-02 16:45:35,952 - INFO - System Memory:
2025-10-02 16:45:35,952 - INFO -   Total Used: 20.6%
2025-10-02 16:45:35,953 - INFO -   Available: 678.11 GB
2025-10-02 16:45:35,953 - INFO -   Cached: 127.33 GB
2025-10-02 16:45:36,986 - INFO - CPU:
2025-10-02 16:45:36,987 - INFO -   Process usage: 100.5%
2025-10-02 16:45:36,987 - INFO -   Threads: 38
2025-10-02 16:45:36,988 - INFO -   Allocated cores: 288 (IDs: [0, 1, 2, 3, 4]...)
2025-10-02 16:45:36,988 - INFO - Process I/O:
2025-10-02 16:45:36,989 - INFO -   Read: 0.00 GB
2025-10-02 16:45:36,989 - INFO -   Write: 0.01 GB
2025-10-02 16:45:36,990 - INFO - ==================================================
2025-10-02 16:45:37,191 - INFO - Progress: 16,110,000 indexed, 0 failed, Rate: 11145.0 docs/sec, Queue: 80, Elapsed: 1445.5s
2025-10-02 16:45:37,246 - INFO - Progress: 16,120,000 indexed, 0 failed, Rate: 11151.5 docs/sec, Queue: 80, Elapsed: 1445.5s
2025-10-02 16:45:37,293 - INFO - POST http://localhost:9200/_bulk [status:200 request:4.622s]
2025-10-02 16:45:37,297 - INFO - Progress: 16,130,000 indexed, 0 failed, Rate: 11158.0 docs/sec, Queue: 80, Elapsed: 1445.6s
2025-10-02 16:45:37,532 - INFO - Progress: 16,140,000 indexed, 0 failed, Rate: 11163.1 docs/sec, Queue: 80, Elapsed: 1445.8s
2025-10-02 16:45:37,546 - INFO - Progress: 16,150,000 indexed, 0 failed, Rate: 11170.0 docs/sec, Queue: 80, Elapsed: 1445.8s
2025-10-02 16:45:37,734 - INFO - Progress: 16,160,000 indexed, 0 failed, Rate: 11175.4 docs/sec, Queue: 80, Elapsed: 1446.0s
2025-10-02 16:45:38,724 - INFO - Worker 1: Parsed 8,200,000 documents
2025-10-02 16:45:38,998 - INFO - Worker 0: Parsed 8,100,000 documents
2025-10-02 16:45:40,944 - INFO - POST http://localhost:9200/_bulk [status:200 request:3.925s]
2025-10-02 16:45:41,068 - INFO - Overall progress: Parsed 16,322,000, Indexed 0, Queue: 80
2025-10-02 16:45:43,117 - INFO - POST http://localhost:9200/_bulk [status:200 request:3.895s]
2025-10-02 16:45:43,600 - INFO - POST http://localhost:9200/_bulk [status:200 request:8.627s]
2025-10-02 16:45:44,454 - INFO - Progress: 16,170,000 indexed, 0 failed, Rate: 11130.6 docs/sec, Queue: 80, Elapsed: 1452.8s
2025-10-02 16:45:44,481 - INFO - Progress: 16,180,000 indexed, 0 failed, Rate: 11137.3 docs/sec, Queue: 80, Elapsed: 1452.8s
2025-10-02 16:45:44,545 - INFO - Progress: 16,190,000 indexed, 0 failed, Rate: 11143.7 docs/sec, Queue: 80, Elapsed: 1452.8s
2025-10-02 16:45:44,554 - INFO - Progress: 16,200,000 indexed, 0 failed, Rate: 11150.5 docs/sec, Queue: 80, Elapsed: 1452.9s
2025-10-02 16:45:44,597 - INFO - === METRICS ES CONSUMER AT 16200000 DOCS ===
2025-10-02 16:45:44,603 - INFO - Process Memory:
2025-10-02 16:45:44,608 - INFO -   RSS: 4.76 GB
2025-10-02 16:45:44,613 - INFO -   VMS: 8.62 GB
2025-10-02 16:45:44,618 - INFO -   % of System: 0.6%
2025-10-02 16:45:44,618 - INFO - System Memory:
2025-10-02 16:45:44,618 - INFO -   Total Used: 20.8%
2025-10-02 16:45:44,618 - INFO -   Available: 676.82 GB
2025-10-02 16:45:44,618 - INFO -   Cached: 125.50 GB
2025-10-02 16:45:45,653 - INFO - CPU:
2025-10-02 16:45:45,659 - INFO -   Process usage: 102.2%
2025-10-02 16:45:45,664 - INFO -   Threads: 38
2025-10-02 16:45:45,669 - INFO -   Allocated cores: 288 (IDs: [0, 1, 2, 3, 4]...)
2025-10-02 16:45:45,686 - INFO - Process I/O:
2025-10-02 16:45:45,692 - INFO -   Read: 0.00 GB
2025-10-02 16:45:45,697 - INFO -   Write: 0.01 GB
2025-10-02 16:45:45,697 - INFO - ==================================================
2025-10-02 16:45:45,898 - INFO - Progress: 16,210,000 indexed, 0 failed, Rate: 11147.1 docs/sec, Queue: 80, Elapsed: 1454.2s
2025-10-02 16:45:45,902 - INFO - Progress: 16,220,000 indexed, 0 failed, Rate: 11153.9 docs/sec, Queue: 80, Elapsed: 1454.2s
2025-10-02 16:45:46,875 - INFO - POST http://localhost:9200/_bulk [status:200 request:4.412s]
2025-10-02 16:45:48,608 - INFO - POST http://localhost:9200/_bulk [status:200 request:3.492s]
2025-10-02 16:45:49,553 - INFO - Worker 1: Parsed 8,250,000 documents
2025-10-02 16:45:49,630 - INFO - Worker 0: Parsed 8,150,000 documents
2025-10-02 16:45:49,714 - INFO - POST http://localhost:9200/_bulk [status:200 request:8.979s]
2025-10-02 16:45:50,091 - INFO - Progress: 16,230,000 indexed, 0 failed, Rate: 11128.7 docs/sec, Queue: 80, Elapsed: 1458.4s
2025-10-02 16:45:50,144 - INFO - Progress: 16,240,000 indexed, 0 failed, Rate: 11135.2 docs/sec, Queue: 80, Elapsed: 1458.4s
2025-10-02 16:45:50,150 - INFO - Progress: 16,250,000 indexed, 0 failed, Rate: 11142.0 docs/sec, Queue: 80, Elapsed: 1458.4s
2025-10-02 16:45:50,219 - INFO - Progress: 16,260,000 indexed, 0 failed, Rate: 11148.3 docs/sec, Queue: 80, Elapsed: 1458.5s
2025-10-02 16:45:50,228 - INFO - Progress: 16,270,000 indexed, 0 failed, Rate: 11155.1 docs/sec, Queue: 80, Elapsed: 1458.5s
2025-10-02 16:45:50,308 - INFO - POST http://localhost:9200/_bulk [status:200 request:3.551s]
2025-10-02 16:45:50,657 - INFO - Progress: 16,280,000 indexed, 0 failed, Rate: 11158.7 docs/sec, Queue: 80, Elapsed: 1459.0s
2025-10-02 16:45:50,680 - INFO - Progress: 16,290,000 indexed, 0 failed, Rate: 11165.4 docs/sec, Queue: 80, Elapsed: 1459.0s
2025-10-02 16:45:51,141 - INFO - Overall progress: Parsed 16,406,000, Indexed 0, Queue: 80
2025-10-02 16:45:52,096 - INFO - POST http://localhost:9200/_bulk [status:200 request:3.595s]
2025-10-02 16:45:52,471 - INFO - Progress: 16,300,000 indexed, 0 failed, Rate: 11158.5 docs/sec, Queue: 80, Elapsed: 1460.8s
2025-10-02 16:45:52,510 - INFO - === METRICS ES CONSUMER AT 16300000 DOCS ===
2025-10-02 16:45:52,515 - INFO - Process Memory:
2025-10-02 16:45:52,520 - INFO -   RSS: 4.27 GB
2025-10-02 16:45:52,526 - INFO -   VMS: 8.14 GB
2025-10-02 16:45:52,536 - INFO -   % of System: 0.5%
2025-10-02 16:45:52,540 - INFO - System Memory:
2025-10-02 16:45:52,540 - INFO -   Total Used: 20.7%
2025-10-02 16:45:52,541 - INFO -   Available: 677.50 GB
2025-10-02 16:45:52,541 - INFO -   Cached: 126.14 GB
2025-10-02 16:45:53,569 - INFO - CPU:
2025-10-02 16:45:53,574 - INFO -   Process usage: 102.4%
2025-10-02 16:45:53,580 - INFO -   Threads: 38
2025-10-02 16:45:53,585 - INFO -   Allocated cores: 288 (IDs: [0, 1, 2, 3, 4]...)
2025-10-02 16:45:53,601 - INFO - Process I/O:
2025-10-02 16:45:53,604 - INFO -   Read: 0.00 GB
2025-10-02 16:45:53,604 - INFO -   Write: 0.01 GB
2025-10-02 16:45:53,605 - INFO - ==================================================
2025-10-02 16:45:54,713 - INFO - POST http://localhost:9200/_bulk [status:200 request:3.528s]
2025-10-02 16:45:55,086 - INFO - Progress: 16,310,000 indexed, 0 failed, Rate: 11145.4 docs/sec, Queue: 80, Elapsed: 1463.4s
2025-10-02 16:45:55,095 - INFO - Progress: 16,320,000 indexed, 0 failed, Rate: 11152.2 docs/sec, Queue: 80, Elapsed: 1463.4s
2025-10-02 16:45:56,669 - INFO - POST http://localhost:9200/_bulk [status:200 request:3.676s]
2025-10-02 16:45:57,060 - INFO - Progress: 16,330,000 indexed, 0 failed, Rate: 11144.0 docs/sec, Queue: 80, Elapsed: 1465.4s
2025-10-02 16:45:57,070 - INFO - Progress: 16,340,000 indexed, 0 failed, Rate: 11150.8 docs/sec, Queue: 80, Elapsed: 1465.4s
2025-10-02 16:45:58,438 - INFO - POST http://localhost:9200/_bulk [status:200 request:3.820s]
2025-10-02 16:45:58,806 - INFO - Progress: 16,350,000 indexed, 0 failed, Rate: 11144.4 docs/sec, Queue: 80, Elapsed: 1467.1s
2025-10-02 16:45:58,812 - INFO - Progress: 16,360,000 indexed, 0 failed, Rate: 11151.2 docs/sec, Queue: 80, Elapsed: 1467.1s
2025-10-02 16:46:00,131 - INFO - POST http://localhost:9200/_bulk [status:200 request:3.543s]
2025-10-02 16:46:00,529 - INFO - Progress: 16,370,000 indexed, 0 failed, Rate: 11145.0 docs/sec, Queue: 80, Elapsed: 1468.8s
2025-10-02 16:46:01,085 - INFO - Worker 1: Parsed 8,300,000 documents
2025-10-02 16:46:01,156 - INFO - Overall progress: Parsed 16,499,000, Indexed 0, Queue: 80
2025-10-02 16:46:01,167 - INFO - Worker 0: Parsed 8,200,000 documents
2025-10-02 16:46:02,032 - INFO - POST http://localhost:9200/_bulk [status:200 request:3.647s]
2025-10-02 16:46:02,426 - INFO - Progress: 16,380,000 indexed, 0 failed, Rate: 11137.4 docs/sec, Queue: 80, Elapsed: 1470.7s
2025-10-02 16:46:02,431 - INFO - Progress: 16,390,000 indexed, 0 failed, Rate: 11144.1 docs/sec, Queue: 80, Elapsed: 1470.7s
2025-10-02 16:46:04,001 - INFO - POST http://localhost:9200/_bulk [status:200 request:3.244s]
2025-10-02 16:46:04,375 - INFO - Progress: 16,400,000 indexed, 0 failed, Rate: 11136.2 docs/sec, Queue: 80, Elapsed: 1472.7s
2025-10-02 16:46:04,469 - INFO - === METRICS ES CONSUMER AT 16400000 DOCS ===
2025-10-02 16:46:04,555 - INFO - Process Memory:
2025-10-02 16:46:04,561 - INFO -   RSS: 4.27 GB
2025-10-02 16:46:04,564 - INFO -   VMS: 8.13 GB
2025-10-02 16:46:04,565 - INFO -   % of System: 0.6%
2025-10-02 16:46:04,565 - INFO - System Memory:
2025-10-02 16:46:04,565 - INFO -   Total Used: 20.7%
2025-10-02 16:46:04,565 - INFO -   Available: 677.56 GB
2025-10-02 16:46:04,565 - INFO -   Cached: 128.84 GB
2025-10-02 16:46:05,573 - INFO - CPU:
2025-10-02 16:46:05,573 - INFO -   Process usage: 101.4%
2025-10-02 16:46:05,573 - INFO -   Threads: 38
2025-10-02 16:46:05,574 - INFO -   Allocated cores: 288 (IDs: [0, 1, 2, 3, 4]...)
2025-10-02 16:46:05,574 - INFO - Process I/O:
2025-10-02 16:46:05,574 - INFO -   Read: 0.00 GB
2025-10-02 16:46:05,575 - INFO -   Write: 0.01 GB
2025-10-02 16:46:05,575 - INFO - ==================================================
2025-10-02 16:46:05,702 - INFO - Progress: 16,410,000 indexed, 0 failed, Rate: 11133.0 docs/sec, Queue: 80, Elapsed: 1474.0s
2025-10-02 16:46:06,130 - INFO - POST http://localhost:9200/_bulk [status:200 request:3.310s]
2025-10-02 16:46:06,648 - INFO - Progress: 16,420,000 indexed, 0 failed, Rate: 11132.6 docs/sec, Queue: 80, Elapsed: 1474.9s
2025-10-02 16:46:06,658 - INFO - Progress: 16,430,000 indexed, 0 failed, Rate: 11139.3 docs/sec, Queue: 80, Elapsed: 1475.0s
2025-10-02 16:46:07,974 - INFO - POST http://localhost:9200/_bulk [status:200 request:3.376s]
2025-10-02 16:46:08,474 - INFO - Progress: 16,440,000 indexed, 0 failed, Rate: 11132.4 docs/sec, Queue: 80, Elapsed: 1476.8s
2025-10-02 16:46:11,169 - INFO - Overall progress: Parsed 16,597,000, Indexed 0, Queue: 80
2025-10-02 16:46:11,222 - INFO - Worker 1: Parsed 8,350,000 documents
2025-10-02 16:46:11,423 - INFO - Worker 0: Parsed 8,250,000 documents
2025-10-02 16:46:12,086 - INFO - POST http://localhost:9200/_bulk [status:200 request:3.580s]
2025-10-02 16:46:13,637 - INFO - POST http://localhost:9200/_bulk [status:200 request:3.575s]
2025-10-02 16:46:14,076 - INFO - POST http://localhost:9200/_bulk [status:200 request:7.625s]
2025-10-02 16:46:14,538 - INFO - Progress: 16,450,000 indexed, 0 failed, Rate: 11093.6 docs/sec, Queue: 80, Elapsed: 1482.8s
2025-10-02 16:46:14,547 - INFO - Progress: 16,460,000 indexed, 0 failed, Rate: 11100.3 docs/sec, Queue: 80, Elapsed: 1482.8s
2025-10-02 16:46:14,613 - INFO - Progress: 16,470,000 indexed, 0 failed, Rate: 11106.5 docs/sec, Queue: 80, Elapsed: 1482.9s
2025-10-02 16:46:14,622 - INFO - Progress: 16,480,000 indexed, 0 failed, Rate: 11113.2 docs/sec, Queue: 80, Elapsed: 1482.9s
2025-10-02 16:46:14,663 - INFO - Progress: 16,490,000 indexed, 0 failed, Rate: 11119.7 docs/sec, Queue: 80, Elapsed: 1483.0s
2025-10-02 16:46:14,671 - INFO - Progress: 16,500,000 indexed, 0 failed, Rate: 11126.3 docs/sec, Queue: 80, Elapsed: 1483.0s
2025-10-02 16:46:14,706 - INFO - === METRICS ES CONSUMER AT 16500000 DOCS ===
2025-10-02 16:46:14,707 - INFO - Process Memory:
2025-10-02 16:46:14,707 - INFO -   RSS: 4.75 GB
2025-10-02 16:46:14,707 - INFO -   VMS: 8.62 GB
2025-10-02 16:46:14,708 - INFO -   % of System: 0.6%
2025-10-02 16:46:14,719 - INFO - System Memory:
2025-10-02 16:46:14,725 - INFO -   Total Used: 20.9%
2025-10-02 16:46:14,730 - INFO -   Available: 676.17 GB
2025-10-02 16:46:14,735 - INFO -   Cached: 126.10 GB
2025-10-02 16:46:15,101 - INFO - POST http://localhost:9200/_bulk [status:200 request:3.458s]
2025-10-02 16:46:15,772 - INFO - CPU:
2025-10-02 16:46:15,772 - INFO -   Process usage: 100.3%
2025-10-02 16:46:15,772 - INFO -   Threads: 38
2025-10-02 16:46:15,772 - INFO -   Allocated cores: 288 (IDs: [0, 1, 2, 3, 4]...)
2025-10-02 16:46:15,773 - INFO - Process I/O:
2025-10-02 16:46:15,773 - INFO -   Read: 0.00 GB
2025-10-02 16:46:15,773 - INFO -   Write: 0.01 GB
2025-10-02 16:46:15,773 - INFO - ==================================================
2025-10-02 16:46:15,967 - INFO - Progress: 16,510,000 indexed, 0 failed, Rate: 11123.4 docs/sec, Queue: 80, Elapsed: 1484.3s
2025-10-02 16:46:19,702 - INFO - POST http://localhost:9200/_bulk [status:200 request:3.148s]
2025-10-02 16:46:21,186 - INFO - Overall progress: Parsed 16,688,000, Indexed 0, Queue: 80
2025-10-02 16:46:22,005 - INFO - Worker 1: Parsed 8,400,000 documents
2025-10-02 16:46:22,210 - INFO - Worker 0: Parsed 8,300,000 documents
2025-10-02 16:46:24,690 - INFO - POST http://localhost:9200/_bulk [status:200 request:3.238s]
2025-10-02 16:46:25,084 - INFO - POST http://localhost:9200/_bulk [status:200 request:11.453s]
2025-10-02 16:46:25,565 - INFO - Progress: 16,520,000 indexed, 0 failed, Rate: 11058.6 docs/sec, Queue: 80, Elapsed: 1493.9s
2025-10-02 16:46:25,579 - INFO - Progress: 16,530,000 indexed, 0 failed, Rate: 11065.2 docs/sec, Queue: 80, Elapsed: 1493.9s
2025-10-02 16:46:25,630 - INFO - Progress: 16,540,000 indexed, 0 failed, Rate: 11071.5 docs/sec, Queue: 80, Elapsed: 1493.9s
2025-10-02 16:46:25,639 - INFO - Progress: 16,550,000 indexed, 0 failed, Rate: 11078.1 docs/sec, Queue: 80, Elapsed: 1493.9s
2025-10-02 16:46:26,185 - INFO - POST http://localhost:9200/_bulk [status:200 request:3.383s]
2025-10-02 16:46:28,122 - INFO - POST http://localhost:9200/_bulk [status:200 request:10.173s]
2025-10-02 16:46:28,519 - INFO - Progress: 16,560,000 indexed, 0 failed, Rate: 11063.5 docs/sec, Queue: 80, Elapsed: 1496.8s
2025-10-02 16:46:28,529 - INFO - Progress: 16,570,000 indexed, 0 failed, Rate: 11070.1 docs/sec, Queue: 80, Elapsed: 1496.8s
2025-10-02 16:46:29,037 - INFO - POST http://localhost:9200/_bulk [status:200 request:4.683s]
2025-10-02 16:46:30,196 - INFO - POST http://localhost:9200/_bulk [status:200 request:10.754s]
2025-10-02 16:46:30,598 - INFO - Progress: 16,580,000 indexed, 0 failed, Rate: 11061.5 docs/sec, Queue: 80, Elapsed: 1498.9s
2025-10-02 16:46:30,604 - INFO - Progress: 16,590,000 indexed, 0 failed, Rate: 11068.1 docs/sec, Queue: 80, Elapsed: 1498.9s
2025-10-02 16:46:30,665 - INFO - POST http://localhost:9200/_bulk [status:200 request:3.604s]
2025-10-02 16:46:30,669 - INFO - Progress: 16,600,000 indexed, 0 failed, Rate: 11074.3 docs/sec, Queue: 80, Elapsed: 1499.0s
2025-10-02 16:46:30,941 - INFO - === METRICS ES CONSUMER AT 16600000 DOCS ===
2025-10-02 16:46:30,947 - INFO - Process Memory:
2025-10-02 16:46:30,952 - INFO -   RSS: 4.29 GB
2025-10-02 16:46:30,957 - INFO -   VMS: 8.16 GB
2025-10-02 16:46:30,978 - INFO -   % of System: 0.5%
2025-10-02 16:46:30,983 - INFO - System Memory:
2025-10-02 16:46:30,988 - INFO -   Total Used: 20.9%
2025-10-02 16:46:30,994 - INFO -   Available: 675.63 GB
2025-10-02 16:46:30,996 - INFO -   Cached: 127.40 GB
2025-10-02 16:46:31,202 - INFO - Overall progress: Parsed 16,774,000, Indexed 0, Queue: 80
2025-10-02 16:46:32,019 - INFO - CPU:
2025-10-02 16:46:32,019 - INFO -   Process usage: 101.3%
2025-10-02 16:46:32,019 - INFO -   Threads: 38
2025-10-02 16:46:32,020 - INFO -   Allocated cores: 288 (IDs: [0, 1, 2, 3, 4]...)
2025-10-02 16:46:32,020 - INFO - Process I/O:
2025-10-02 16:46:32,020 - INFO -   Read: 0.00 GB
2025-10-02 16:46:32,021 - INFO -   Write: 0.01 GB
2025-10-02 16:46:32,021 - INFO - ==================================================
2025-10-02 16:46:32,301 - INFO - Progress: 16,610,000 indexed, 0 failed, Rate: 11068.9 docs/sec, Queue: 80, Elapsed: 1500.6s
2025-10-02 16:46:32,355 - INFO - Progress: 16,620,000 indexed, 0 failed, Rate: 11075.2 docs/sec, Queue: 80, Elapsed: 1500.7s
2025-10-02 16:46:32,361 - INFO - POST http://localhost:9200/_bulk [status:200 request:3.447s]
2025-10-02 16:46:32,446 - INFO - Progress: 16,630,000 indexed, 0 failed, Rate: 11081.2 docs/sec, Queue: 80, Elapsed: 1500.7s
2025-10-02 16:46:32,642 - INFO - Progress: 16,640,000 indexed, 0 failed, Rate: 11086.4 docs/sec, Queue: 80, Elapsed: 1500.9s
2025-10-02 16:46:32,736 - INFO - Progress: 16,650,000 indexed, 0 failed, Rate: 11092.4 docs/sec, Queue: 80, Elapsed: 1501.0s
2025-10-02 16:46:32,906 - INFO - Progress: 16,660,000 indexed, 0 failed, Rate: 11097.8 docs/sec, Queue: 80, Elapsed: 1501.2s
2025-10-02 16:46:32,912 - INFO - Progress: 16,670,000 indexed, 0 failed, Rate: 11104.4 docs/sec, Queue: 80, Elapsed: 1501.2s
2025-10-02 16:46:34,276 - INFO - Worker 1: Parsed 8,450,000 documents
2025-10-02 16:46:34,407 - INFO - Worker 0: Parsed 8,350,000 documents
2025-10-02 16:46:34,678 - INFO - POST http://localhost:9200/_bulk [status:200 request:3.203s]
2025-10-02 16:46:35,075 - INFO - Progress: 16,680,000 indexed, 0 failed, Rate: 11095.1 docs/sec, Queue: 80, Elapsed: 1503.4s
2025-10-02 16:46:35,081 - INFO - Progress: 16,690,000 indexed, 0 failed, Rate: 11101.7 docs/sec, Queue: 80, Elapsed: 1503.4s
2025-10-02 16:46:39,422 - INFO - POST http://localhost:9200/_bulk [status:200 request:3.670s]
2025-10-02 16:46:39,791 - INFO - POST http://localhost:9200/_bulk [status:200 request:6.028s]
2025-10-02 16:46:40,259 - INFO - Progress: 16,700,000 indexed, 0 failed, Rate: 11070.2 docs/sec, Queue: 80, Elapsed: 1508.6s
2025-10-02 16:46:40,276 - INFO - === METRICS ES CONSUMER AT 16700000 DOCS ===
2025-10-02 16:46:40,282 - INFO - Process Memory:
2025-10-02 16:46:40,287 - INFO -   RSS: 4.76 GB
2025-10-02 16:46:40,292 - INFO -   VMS: 8.63 GB
2025-10-02 16:46:40,313 - INFO -   % of System: 0.6%
2025-10-02 16:46:40,318 - INFO - System Memory:
2025-10-02 16:46:40,323 - INFO -   Total Used: 20.9%
2025-10-02 16:46:40,329 - INFO -   Available: 675.54 GB
2025-10-02 16:46:40,334 - INFO -   Cached: 128.79 GB
2025-10-02 16:46:40,776 - INFO - POST http://localhost:9200/_bulk [status:200 request:3.515s]
2025-10-02 16:46:41,310 - INFO - Overall progress: Parsed 16,862,000, Indexed 0, Queue: 80
2025-10-02 16:46:41,392 - INFO - CPU:
2025-10-02 16:46:41,397 - INFO -   Process usage: 102.0%
2025-10-02 16:46:41,402 - INFO -   Threads: 38
2025-10-02 16:46:41,408 - INFO -   Allocated cores: 288 (IDs: [0, 1, 2, 3, 4]...)
2025-10-02 16:46:41,416 - INFO - Process I/O:
2025-10-02 16:46:41,416 - INFO -   Read: 0.00 GB
2025-10-02 16:46:41,416 - INFO -   Write: 0.01 GB
2025-10-02 16:46:41,417 - INFO - ==================================================
2025-10-02 16:46:41,623 - INFO - Progress: 16,710,000 indexed, 0 failed, Rate: 11066.8 docs/sec, Queue: 80, Elapsed: 1509.9s
2025-10-02 16:46:41,680 - INFO - Progress: 16,720,000 indexed, 0 failed, Rate: 11073.0 docs/sec, Queue: 80, Elapsed: 1510.0s
2025-10-02 16:46:41,709 - INFO - Progress: 16,730,000 indexed, 0 failed, Rate: 11079.4 docs/sec, Queue: 80, Elapsed: 1510.0s
2025-10-02 16:46:41,714 - INFO - Progress: 16,740,000 indexed, 0 failed, Rate: 11086.0 docs/sec, Queue: 80, Elapsed: 1510.0s
2025-10-02 16:46:41,814 - INFO - Worker 1 completed: Parsed 8,481,743 documents from dump-1-merged.parquet
2025-10-02 16:46:42,985 - INFO - POST http://localhost:9200/_bulk [status:200 request:4.209s]
2025-10-02 16:46:43,476 - INFO - Progress: 16,750,000 indexed, 0 failed, Rate: 11079.7 docs/sec, Queue: 80, Elapsed: 1511.8s
2025-10-02 16:46:43,481 - INFO - Progress: 16,760,000 indexed, 0 failed, Rate: 11086.3 docs/sec, Queue: 80, Elapsed: 1511.8s
2025-10-02 16:46:43,682 - INFO - Worker 0: Parsed 8,400,000 documents
2025-10-02 16:46:45,160 - INFO - POST http://localhost:9200/_bulk [status:200 request:3.804s]
2025-10-02 16:46:45,811 - INFO - Progress: 16,770,000 indexed, 0 failed, Rate: 11075.8 docs/sec, Queue: 80, Elapsed: 1514.1s
2025-10-02 16:46:45,838 - INFO - Progress: 16,780,000 indexed, 0 failed, Rate: 11082.2 docs/sec, Queue: 80, Elapsed: 1514.1s
2025-10-02 16:46:47,781 - INFO - POST http://localhost:9200/_bulk [status:200 request:4.493s]
2025-10-02 16:46:48,170 - INFO - Progress: 16,790,000 indexed, 0 failed, Rate: 11071.8 docs/sec, Queue: 78, Elapsed: 1516.5s
2025-10-02 16:46:48,919 - INFO - Worker 0: Parsed 8,450,000 documents
2025-10-02 16:46:51,326 - INFO - Overall progress: Parsed 16,954,743, Indexed 0, Queue: 73
2025-10-02 16:46:52,091 - INFO - Worker 0 completed: Parsed 8,480,417 documents from dump-0-merged.parquet
2025-10-02 16:46:52,361 - INFO - POST http://localhost:9200/_bulk [status:200 request:7.308s]
2025-10-02 16:46:52,753 - INFO - Progress: 16,800,000 indexed, 0 failed, Rate: 11045.0 docs/sec, Queue: 68, Elapsed: 1521.0s
2025-10-02 16:46:52,801 - INFO - POST http://localhost:9200/_bulk [status:200 request:5.678s]
2025-10-02 16:46:53,092 - INFO - === METRICS ES CONSUMER AT 16800000 DOCS ===
2025-10-02 16:46:53,102 - INFO - Process Memory:
2025-10-02 16:46:53,111 - INFO -   RSS: 5.24 GB
2025-10-02 16:46:53,172 - INFO -   VMS: 9.11 GB
2025-10-02 16:46:53,184 - INFO -   % of System: 0.6%
2025-10-02 16:46:53,184 - INFO - System Memory:
2025-10-02 16:46:53,185 - INFO -   Total Used: 21.0%
2025-10-02 16:46:53,185 - INFO -   Available: 675.14 GB
2025-10-02 16:46:53,185 - INFO -   Cached: 128.33 GB
2025-10-02 16:46:54,210 - INFO - CPU:
2025-10-02 16:46:54,210 - INFO -   Process usage: 99.7%
2025-10-02 16:46:54,210 - INFO -   Threads: 38
2025-10-02 16:46:54,211 - INFO -   Allocated cores: 288 (IDs: [0, 1, 2, 3, 4]...)
2025-10-02 16:46:54,212 - INFO - Process I/O:
2025-10-02 16:46:54,213 - INFO -   Read: 0.00 GB
2025-10-02 16:46:54,213 - INFO -   Write: 0.02 GB
2025-10-02 16:46:54,223 - INFO - ==================================================
2025-10-02 16:46:54,484 - INFO - Progress: 16,810,000 indexed, 0 failed, Rate: 11039.0 docs/sec, Queue: 55, Elapsed: 1522.8s
2025-10-02 16:46:54,521 - INFO - Progress: 16,820,000 indexed, 0 failed, Rate: 11045.3 docs/sec, Queue: 55, Elapsed: 1522.8s
2025-10-02 16:46:54,574 - INFO - Progress: 16,830,000 indexed, 0 failed, Rate: 11051.5 docs/sec, Queue: 55, Elapsed: 1522.9s
2025-10-02 16:46:54,580 - INFO - POST http://localhost:9200/_bulk [status:200 request:4.021s]
2025-10-02 16:46:55,898 - INFO - POST http://localhost:9200/_bulk [status:200 request:6.839s]
2025-10-02 16:46:56,246 - INFO - Progress: 16,840,000 indexed, 0 failed, Rate: 11045.9 docs/sec, Queue: 43, Elapsed: 1524.5s
2025-10-02 16:46:56,256 - INFO - Progress: 16,850,000 indexed, 0 failed, Rate: 11052.4 docs/sec, Queue: 43, Elapsed: 1524.6s
2025-10-02 16:46:56,323 - INFO - Progress: 16,860,000 indexed, 0 failed, Rate: 11058.5 docs/sec, Queue: 43, Elapsed: 1524.6s
2025-10-02 16:46:56,332 - INFO - Progress: 16,870,000 indexed, 0 failed, Rate: 11065.0 docs/sec, Queue: 43, Elapsed: 1524.6s
2025-10-02 16:46:57,095 - INFO - POST http://localhost:9200/_bulk [status:200 request:5.229s]
2025-10-02 16:46:57,487 - INFO - Progress: 16,880,000 indexed, 0 failed, Rate: 11063.2 docs/sec, Queue: 37, Elapsed: 1525.8s
2025-10-02 16:46:57,916 - INFO - Worker completed (1/2)
2025-10-02 16:47:00,228 - INFO - POST http://localhost:9200/_bulk [status:200 request:3.387s]
2025-10-02 16:47:00,633 - INFO - Worker completed (2/2)
2025-10-02 16:47:00,633 - INFO - All workers completed, finishing indexing
2025-10-02 16:47:01,332 - INFO - Overall progress: Parsed 16,962,160, Indexed 0, Queue: 0
2025-10-02 16:47:01,481 - INFO - POST http://localhost:9200/_bulk [status:200 request:0.812s]
2025-10-02 16:47:03,020 - INFO - POST http://localhost:9200/_bulk [status:200 request:4.398s]
2025-10-02 16:47:03,215 - INFO - POST http://localhost:9200/_bulk [status:200 request:9.177s]
2025-10-02 16:47:03,679 - INFO - Progress: 16,890,000 indexed, 0 failed, Rate: 11025.0 docs/sec, Queue: 0, Elapsed: 1532.0s
2025-10-02 16:47:03,686 - INFO - Progress: 16,900,000 indexed, 0 failed, Rate: 11031.5 docs/sec, Queue: 0, Elapsed: 1532.0s
2025-10-02 16:47:03,688 - INFO - === METRICS ES CONSUMER AT 16900000 DOCS ===
2025-10-02 16:47:03,688 - INFO - Process Memory:
2025-10-02 16:47:03,688 - INFO -   RSS: 4.27 GB
2025-10-02 16:47:03,688 - INFO -   VMS: 8.14 GB
2025-10-02 16:47:03,688 - INFO -   % of System: 0.5%
2025-10-02 16:47:03,689 - INFO - System Memory:
2025-10-02 16:47:03,689 - INFO -   Total Used: 20.5%
2025-10-02 16:47:03,689 - INFO -   Available: 679.70 GB
2025-10-02 16:47:03,689 - INFO -   Cached: 124.82 GB
2025-10-02 16:47:04,164 - INFO - POST http://localhost:9200/_bulk [status:200 request:4.072s]
2025-10-02 16:47:04,691 - INFO - CPU:
2025-10-02 16:47:04,691 - INFO -   Process usage: 35.0%
2025-10-02 16:47:04,691 - INFO -   Threads: 38
2025-10-02 16:47:04,691 - INFO -   Allocated cores: 288 (IDs: [0, 1, 2, 3, 4]...)
2025-10-02 16:47:04,691 - INFO - Process I/O:
2025-10-02 16:47:04,691 - INFO -   Read: 0.00 GB
2025-10-02 16:47:04,692 - INFO -   Write: 0.02 GB
2025-10-02 16:47:04,692 - INFO - ==================================================
2025-10-02 16:47:04,884 - INFO - Progress: 16,910,000 indexed, 0 failed, Rate: 11029.4 docs/sec, Queue: 0, Elapsed: 1533.2s
2025-10-02 16:47:04,888 - INFO - Progress: 16,920,000 indexed, 0 failed, Rate: 11035.9 docs/sec, Queue: 0, Elapsed: 1533.2s
2025-10-02 16:47:04,919 - INFO - Progress: 16,930,000 indexed, 0 failed, Rate: 11042.1 docs/sec, Queue: 0, Elapsed: 1533.2s
2025-10-02 16:47:04,923 - INFO - Progress: 16,940,000 indexed, 0 failed, Rate: 11048.6 docs/sec, Queue: 0, Elapsed: 1533.2s
2025-10-02 16:47:04,978 - INFO - Progress: 16,950,000 indexed, 0 failed, Rate: 11054.8 docs/sec, Queue: 0, Elapsed: 1533.3s
2025-10-02 16:47:05,024 - INFO - Progress: 16,960,000 indexed, 0 failed, Rate: 11061.0 docs/sec, Queue: 0, Elapsed: 1533.3s
2025-10-02 16:47:05,054 - INFO - === ES Consumer Completed ===
2025-10-02 16:47:05,054 - INFO - Total indexed: 16,962,160
2025-10-02 16:47:05,054 - INFO - Total failed: 0
2025-10-02 16:47:05,054 - INFO - Final rate: 11062.2 docs/sec
2025-10-02 16:47:05,054 - INFO - Total time: 1533.4s
2025-10-02 16:47:05,056 - INFO - Waiting for parser workers to complete...
2025-10-02 16:47:05,057 - INFO - All workers completed
2025-10-02 16:47:05,057 - INFO - === Multi-Process Completion ===
2025-10-02 16:47:05,057 - INFO - Total documents parsed: 16,962,160
2025-10-02 16:47:05,058 - INFO - Total documents indexed: 16,962,160
2025-10-02 16:47:05,058 - INFO - Total failed: 0
2025-10-02 16:47:05,058 - INFO - Overall time: 1533.4s
2025-10-02 16:47:05,058 - INFO - Overall rate: 11062.1 docs/sec
2025-10-02 16:47:05,063 - INFO - === METRICS AFTER INDEXING ===
2025-10-02 16:47:05,063 - INFO - Process Memory:
2025-10-02 16:47:05,063 - INFO -   RSS: 3.71 GB
2025-10-02 16:47:05,063 - INFO -   VMS: 7.53 GB
2025-10-02 16:47:05,063 - INFO -   % of System: 0.4%
2025-10-02 16:47:05,064 - INFO - System Memory:
2025-10-02 16:47:05,064 - INFO -   Total Used: 20.4%
2025-10-02 16:47:05,064 - INFO -   Available: 680.13 GB
2025-10-02 16:47:05,064 - INFO -   Cached: 123.02 GB
2025-10-02 16:47:06,065 - INFO - CPU:
2025-10-02 16:47:06,066 - INFO -   Process usage: 0.0%
2025-10-02 16:47:06,066 - INFO -   Threads: 2
2025-10-02 16:47:06,066 - INFO -   Allocated cores: 288 (IDs: [0, 1, 2, 3, 4]...)
2025-10-02 16:47:06,066 - INFO - Process I/O:
2025-10-02 16:47:06,066 - INFO -   Read: 0.38 GB
2025-10-02 16:47:06,066 - INFO -   Write: 0.02 GB
2025-10-02 16:47:06,066 - INFO - ==================================================
2025-10-02 16:47:06,066 - INFO - === Indexing Completed ===
2025-10-02 16:47:06,066 - INFO - Total documents indexed: 16,962,160
2025-10-02 16:47:06,066 - INFO - Failed documents: 0
2025-10-02 16:47:06,066 - INFO - Files processed: 2
2025-10-02 16:47:06,066 - INFO - Indexing time: 1533.38 seconds
2025-10-02 16:47:06,066 - INFO - Total execution time: 1546.81 seconds
2025-10-02 16:47:06,066 - INFO - Average indexing rate: 11061.9 docs/sec
2025-10-02 16:47:06,067 - INFO - === METRICS FINAL ===
2025-10-02 16:47:06,068 - INFO - Process Memory:
2025-10-02 16:47:06,068 - INFO -   RSS: 3.71 GB
2025-10-02 16:47:06,068 - INFO -   VMS: 7.53 GB
2025-10-02 16:47:06,068 - INFO -   % of System: 0.4%
2025-10-02 16:47:06,068 - INFO - System Memory:
2025-10-02 16:47:06,068 - INFO -   Total Used: 20.4%
2025-10-02 16:47:06,068 - INFO -   Available: 680.19 GB
2025-10-02 16:47:06,068 - INFO -   Cached: 123.13 GB
2025-10-02 16:47:07,070 - INFO - CPU:
2025-10-02 16:47:07,070 - INFO -   Process usage: 0.0%
2025-10-02 16:47:07,070 - INFO -   Threads: 2
2025-10-02 16:47:07,070 - INFO -   Allocated cores: 288 (IDs: [0, 1, 2, 3, 4]...)
2025-10-02 16:47:07,070 - INFO - Process I/O:
2025-10-02 16:47:07,070 - INFO -   Read: 0.38 GB
2025-10-02 16:47:07,070 - INFO -   Write: 0.02 GB
2025-10-02 16:47:07,070 - INFO - ==================================================
2025-10-02 16:47:07,070 - INFO - Peak memory usage during execution: 7.43 GB
2025-10-02 16:47:07,072 - INFO - Indexing complete - performing final refresh
2025-10-02 16:47:10,183 - INFO - POST http://localhost:9200/finemath-3plus-merge/_refresh [status:200 request:3.111s]
2025-10-02 16:47:10,184 - INFO - Final refresh complete - all documents are now searchable
2025-10-02 16:47:10,231 - INFO - GET http://localhost:9200/finemath-3plus-merge/_stats [status:200 request:0.047s]
2025-10-02 16:47:10,231 - INFO - Final index document count: 16,962,160
2025-10-02 16:47:10,231 - INFO - Index size: 78881.65 MB
2025-10-02 16:47:10,231 - INFO - === Indexing Job Completed Successfully ===
[0;32m[SUCCESS][0m Indexing completed successfully in 1555 seconds
[0;32m[SUCCESS][0m === Indexing process completed successfully ===
[0;34m[INFO][0m === Index Storage Information ===
Current index files:
============================
[0;34m[INFO][0m Final system resources:
[0;34m[INFO][0m System resource monitoring:
Memory usage:
              total        used        free      shared  buff/cache   available
Mem:          854Gi        84Gi       645Gi       6.3Gi       123Gi       683Gi
Swap:            0B          0B          0B
Disk usage:
Filesystem                                                                              Size  Used Avail Use% Mounted on
fuse-overlayfs-1.13                                                                     428G  4.3M  428G   1% /
devtmpfs                                                                                4.0M     0  4.0M   0% /dev
tmpfs                                                                                   405G  510M  405G   1% /dev/shm
tmpfs                                                                                   428G  4.3M  428G   1% /dev/shm/inesaltemir/enrootrun
tmpfs                                                                                   428G   80M  428G   1% /tmp
tmpfs                                                                                   428G     0  428G   0% /run
tmpfs                                                                                   428G     0  428G   0% /run/lock
none                                                                                    239G  5.5G  233G   3% /etc/motd
tmpfs                                                                                    96G  309M   95G   1% /run/slurm
CPU info:
CPU(s):                               288
On-line CPU(s) list:                  0-287
Thread(s) per core:                   1
Core(s) per socket:                   72
Socket(s):                            4
NUMA node0 CPU(s):                    0-71
NUMA node1 CPU(s):                    72-143
NUMA node2 CPU(s):                    144-215
NUMA node3 CPU(s):                    216-287
NUMA node4 CPU(s):                    
NUMA node5 CPU(s):                    
NUMA node6 CPU(s):                    
NUMA node7 CPU(s):                    
NUMA node8 CPU(s):                    
NUMA node9 CPU(s):                    
NUMA node10 CPU(s):                   
NUMA node11 CPU(s):                   
NUMA node12 CPU(s):                   
NUMA node13 CPU(s):                   
NUMA node14 CPU(s):                   
NUMA node15 CPU(s):                   
NUMA node16 CPU(s):                   
NUMA node17 CPU(s):                   
NUMA node18 CPU(s):                   
NUMA node19 CPU(s):                   
NUMA node20 CPU(s):                   
NUMA node21 CPU(s):                   
NUMA node22 CPU(s):                   
NUMA node23 CPU(s):                   
NUMA node24 CPU(s):                   
NUMA node25 CPU(s):                   
NUMA node26 CPU(s):                   
NUMA node27 CPU(s):                   
NUMA node28 CPU(s):                   
NUMA node29 CPU(s):                   
NUMA node30 CPU(s):                   
NUMA node31 CPU(s):                   
NUMA node32 CPU(s):                   
NUMA node33 CPU(s):                   
NUMA node34 CPU(s):                   
NUMA node35 CPU(s):                   
[0;34m[INFO][0m Cleaning up...
[0;34m[INFO][0m Stopping Elasticsearch (PID: 95807)...
{"type": "server", "timestamp": "2025-10-02T16:47:10,570+02:00", "level": "INFO", "component": "o.e.n.Node", "cluster.name": "docker-cluster", "node.name": "nid007461", "message": "stopping ...", "cluster.uuid": "k_9MQjhbTB65DivQE1Btew", "node.id": "GPqYja-OQieP0xGWXCBGgA"  }
{"type": "server", "timestamp": "2025-10-02T16:47:10,574+02:00", "level": "INFO", "component": "o.e.x.m.p.l.CppLogMessageHandler", "cluster.name": "docker-cluster", "node.name": "nid007461", "message": "[controller/96313] [Main.cc@174] ML controller exiting", "cluster.uuid": "k_9MQjhbTB65DivQE1Btew", "node.id": "GPqYja-OQieP0xGWXCBGgA"  }
{"type": "server", "timestamp": "2025-10-02T16:47:10,574+02:00", "level": "INFO", "component": "o.e.x.w.WatcherService", "cluster.name": "docker-cluster", "node.name": "nid007461", "message": "stopping watch service, reason [shutdown initiated]", "cluster.uuid": "k_9MQjhbTB65DivQE1Btew", "node.id": "GPqYja-OQieP0xGWXCBGgA"  }
{"type": "server", "timestamp": "2025-10-02T16:47:10,574+02:00", "level": "INFO", "component": "o.e.x.m.p.NativeController", "cluster.name": "docker-cluster", "node.name": "nid007461", "message": "Native controller process has stopped - no new native processes can be started", "cluster.uuid": "k_9MQjhbTB65DivQE1Btew", "node.id": "GPqYja-OQieP0xGWXCBGgA"  }
{"type": "server", "timestamp": "2025-10-02T16:47:10,575+02:00", "level": "INFO", "component": "o.e.x.w.WatcherLifeCycleService", "cluster.name": "docker-cluster", "node.name": "nid007461", "message": "watcher has stopped and shutdown", "cluster.uuid": "k_9MQjhbTB65DivQE1Btew", "node.id": "GPqYja-OQieP0xGWXCBGgA"  }
{"type": "server", "timestamp": "2025-10-02T16:47:12,753+02:00", "level": "INFO", "component": "o.e.n.Node", "cluster.name": "docker-cluster", "node.name": "nid007461", "message": "stopped", "cluster.uuid": "k_9MQjhbTB65DivQE1Btew", "node.id": "GPqYja-OQieP0xGWXCBGgA"  }
{"type": "server", "timestamp": "2025-10-02T16:47:12,754+02:00", "level": "INFO", "component": "o.e.n.Node", "cluster.name": "docker-cluster", "node.name": "nid007461", "message": "closing ...", "cluster.uuid": "k_9MQjhbTB65DivQE1Btew", "node.id": "GPqYja-OQieP0xGWXCBGgA"  }
{"type": "server", "timestamp": "2025-10-02T16:47:12,768+02:00", "level": "INFO", "component": "o.e.i.g.DatabaseReaderLazyLoader", "cluster.name": "docker-cluster", "node.name": "nid007461", "message": "evicted [0] entries from cache after reloading database [/tmp/elasticsearch-6288905512458451458/geoip-databases/GPqYja-OQieP0xGWXCBGgA/GeoLite2-Country.mmdb]", "cluster.uuid": "k_9MQjhbTB65DivQE1Btew", "node.id": "GPqYja-OQieP0xGWXCBGgA"  }
{"type": "server", "timestamp": "2025-10-02T16:47:12,768+02:00", "level": "INFO", "component": "o.e.i.g.DatabaseReaderLazyLoader", "cluster.name": "docker-cluster", "node.name": "nid007461", "message": "evicted [0] entries from cache after reloading database [/tmp/elasticsearch-6288905512458451458/geoip-databases/GPqYja-OQieP0xGWXCBGgA/GeoLite2-ASN.mmdb]", "cluster.uuid": "k_9MQjhbTB65DivQE1Btew", "node.id": "GPqYja-OQieP0xGWXCBGgA"  }
{"type": "server", "timestamp": "2025-10-02T16:47:12,768+02:00", "level": "INFO", "component": "o.e.i.g.DatabaseReaderLazyLoader", "cluster.name": "docker-cluster", "node.name": "nid007461", "message": "evicted [0] entries from cache after reloading database [/tmp/elasticsearch-6288905512458451458/geoip-databases/GPqYja-OQieP0xGWXCBGgA/GeoLite2-City.mmdb]", "cluster.uuid": "k_9MQjhbTB65DivQE1Btew", "node.id": "GPqYja-OQieP0xGWXCBGgA"  }
{"type": "server", "timestamp": "2025-10-02T16:47:12,771+02:00", "level": "INFO", "component": "o.e.n.Node", "cluster.name": "docker-cluster", "node.name": "nid007461", "message": "closed", "cluster.uuid": "k_9MQjhbTB65DivQE1Btew", "node.id": "GPqYja-OQieP0xGWXCBGgA"  }
[0;34m[INFO][0m Elasticsearch stopped
[0;34m[INFO][0m === Index Storage Information ===
Current index files:
============================
