[0;34m[INFO][0m === FineWeb Elasticsearch Indexing Started (Multi-Process) ===
[0;34m[INFO][0m Timestamp: Sun Oct  5 16:04:47 CEST 2025
[0;34m[INFO][0m Script: /var/spool/slurmd/job927010/slurm_script
[0;34m[INFO][0m Working directory: /capstor/scratch/cscs/inesaltemir
[0;34m[INFO][0m === SLURM Job Configuration ===
Job ID: 927010
Node: nid006900
CPUs: 10
Memory: 262144MB
=============================
[0;34m[INFO][0m === Indexing Configuration ===
Data Directory: /capstor/scratch/cscs/inesaltemir/detokenized_output/swissai-fineweb-2-quality_33-filterrobots-merge_euro-mid
Batch Size: 10000
Elasticsearch: localhost:9200
Index Name: swissai-fineweb-2-quality_33-filterrobots-merge_euro-mid
File Start Range: 
File End Range: 
Log Level: INFO
============================
[0;34m[INFO][0m === Multi-Process Configuration ===
Number of Workers: 8
Max Chunk Bytes: 100 MB
Thread Count: 8
Queue Size: 16
============================
[0;34m[INFO][0m System resource monitoring:
Memory usage:
              total        used        free      shared  buff/cache   available
Mem:          854Gi        20Gi       812Gi       5.9Gi        21Gi       777Gi
Swap:            0B          0B          0B
Disk usage:
Filesystem                                                                              Size  Used Avail Use% Mounted on
fuse-overlayfs-1.13                                                                     428G  4.0M  428G   1% /
devtmpfs                                                                                4.0M     0  4.0M   0% /dev
tmpfs                                                                                   405G  204M  405G   1% /dev/shm
tmpfs                                                                                   428G  4.0M  428G   1% /dev/shm/inesaltemir/enrootrun
tmpfs                                                                                   428G     0  428G   0% /tmp
tmpfs                                                                                   428G     0  428G   0% /run
tmpfs                                                                                   428G     0  428G   0% /run/lock
none                                                                                    239G  5.5G  233G   3% /etc/motd
tmpfs                                                                                    96G  310M   95G   1% /run/slurm
CPU info:
CPU(s):                               288
On-line CPU(s) list:                  0-287
Thread(s) per core:                   1
Core(s) per socket:                   72
Socket(s):                            4
NUMA node0 CPU(s):                    0-71
NUMA node1 CPU(s):                    72-143
NUMA node2 CPU(s):                    144-215
NUMA node3 CPU(s):                    216-287
NUMA node4 CPU(s):                    
NUMA node5 CPU(s):                    
NUMA node6 CPU(s):                    
NUMA node7 CPU(s):                    
NUMA node8 CPU(s):                    
NUMA node9 CPU(s):                    
NUMA node10 CPU(s):                   
NUMA node11 CPU(s):                   
NUMA node12 CPU(s):                   
NUMA node13 CPU(s):                   
NUMA node14 CPU(s):                   
NUMA node15 CPU(s):                   
NUMA node16 CPU(s):                   
NUMA node17 CPU(s):                   
NUMA node18 CPU(s):                   
NUMA node19 CPU(s):                   
NUMA node20 CPU(s):                   
NUMA node21 CPU(s):                   
NUMA node22 CPU(s):                   
NUMA node23 CPU(s):                   
NUMA node24 CPU(s):                   
NUMA node25 CPU(s):                   
NUMA node26 CPU(s):                   
NUMA node27 CPU(s):                   
NUMA node28 CPU(s):                   
NUMA node29 CPU(s):                   
NUMA node30 CPU(s):                   
NUMA node31 CPU(s):                   
NUMA node32 CPU(s):                   
NUMA node33 CPU(s):                   
NUMA node34 CPU(s):                   
NUMA node35 CPU(s):                   
[0;34m[INFO][0m Validating data directory: /capstor/scratch/cscs/inesaltemir/detokenized_output/swissai-fineweb-2-quality_33-filterrobots-merge_euro-mid
[0;32m[SUCCESS][0m Found 1 parquet files in data directory
[0;34m[INFO][0m Starting Elasticsearch server with Java environment fix
[0;34m[INFO][0m === Configuring Java Environment ===
[0;34m[INFO][0m Testing Java installation...
[0;32m[SUCCESS][0m Java test successful
[0;34m[INFO][0m Testing Elasticsearch binary...
Version: 7.17.28, Build: default/docker/139cb5a961d8de68b8e02c45cc47f5289a3623af/2025-02-20T09:05:31.349013687Z, JVM: 22.0.2
[0;32m[SUCCESS][0m Elasticsearch binary test successful
[0;34m[INFO][0m Using heap settings: -Xms30g -Xmx30g -XX:MaxGCPauseMillis=200
[0;34m[INFO][0m Workers will use remaining memory (~8GB per worker for 8 workers)
[0;34m[INFO][0m ES Data Directory: /iopsstor/scratch/cscs/inesaltemir/es-data-septemberv1-swissai-fineweb-2-quality_33-filterrobots-merge_euro-mid-927010
[0;34m[INFO][0m ES Logs Directory: /iopsstor/scratch/cscs/inesaltemir/es-logs-septemberv1-swissai-fineweb-2-quality_33-filterrobots-merge_euro-mid-927010
[0;34m[INFO][0m Elasticsearch started with PID: 251590
[0;34m[INFO][0m Waiting for Elasticsearch to be ready...
[0;32m[SUCCESS][0m Elasticsearch is ready at 127.0.0.1:9200
<!-- IE friendly error message walkround.        
     if error message from server is less than   
     512 bytes IE v5+ will use its own error     
     message instead of the one returned by      
     server.                                 --> 
                                                 
                                                 
                                                 
                                                 
                                                 
[0;34m[INFO][0m Starting FineWeb dataset indexing with multi-process support...
[0;34m[INFO][0m Processing all files (no file range specified)
[0;34m[INFO][0m Multi-process mode: 8 workers will parse files in parallel
2025-10-05 16:04:52,855 - INFO - === METRICS AT START ===
2025-10-05 16:04:52,855 - INFO - Process Memory:
2025-10-05 16:04:52,855 - INFO -   RSS: 0.12 GB
2025-10-05 16:04:52,855 - INFO -   VMS: 2.28 GB
2025-10-05 16:04:52,855 - INFO -   % of System: 0.0%
2025-10-05 16:04:52,855 - INFO - System Memory:
2025-10-05 16:04:52,855 - INFO -   Total Used: 10.7%
2025-10-05 16:04:52,855 - INFO -   Available: 763.40 GB
2025-10-05 16:04:52,855 - INFO -   Cached: 22.19 GB
2025-10-05 16:04:53,857 - INFO - CPU:
2025-10-05 16:04:53,858 - INFO -   Process usage: 1.0%
2025-10-05 16:04:53,858 - INFO -   Threads: 2
2025-10-05 16:04:53,858 - INFO -   Allocated cores: 288 (IDs: [0, 1, 2, 3, 4]...)
2025-10-05 16:04:53,858 - INFO - Process I/O:
2025-10-05 16:04:53,858 - INFO -   Read: 0.00 GB
2025-10-05 16:04:53,858 - INFO -   Write: 0.00 GB
2025-10-05 16:04:53,858 - INFO - ==================================================
2025-10-05 16:04:53,861 - INFO - ======================================================================
2025-10-05 16:04:53,861 - INFO - === FineWeb Dataset Indexing Started ===
2025-10-05 16:04:53,861 - INFO - Data directory: /capstor/scratch/cscs/inesaltemir/detokenized_output/swissai-fineweb-2-quality_33-filterrobots-merge_euro-mid
2025-10-05 16:04:53,861 - INFO - Files to process: 1
2025-10-05 16:04:53,861 - INFO - Total raw data size: 20.84 GB
2025-10-05 16:04:53,861 - INFO - Batch size: 10000
2025-10-05 16:04:53,861 - INFO - Chunk size: 50000
2025-10-05 16:04:53,861 - INFO - Elasticsearch: localhost:9200
2025-10-05 16:04:53,861 - INFO - Index name: swissai-fineweb-2-quality_33-filterrobots-merge_euro-mid
2025-10-05 16:04:53,862 - INFO - Num workers: 8
2025-10-05 16:04:53,862 - INFO - Content-based IDs: ENABLED (SHA256)
2025-10-05 16:04:53,862 - INFO - ======================================================================
2025-10-05 16:04:53,862 - INFO - 
======================================================================
2025-10-05 16:04:53,862 - INFO - STEP 1: Counting documents in source files...
2025-10-05 16:04:53,862 - INFO - ======================================================================
2025-10-05 16:04:53,862 - INFO - ======================================================================
2025-10-05 16:04:53,862 - INFO - === COUNTING GROUND TRUTH DOCUMENTS ===
2025-10-05 16:04:53,862 - INFO - Files to count: 1
2025-10-05 16:04:53,947 - INFO - Counted 1/1 files: 22,520,884 docs so far
2025-10-05 16:04:53,947 - INFO - ======================================================================
2025-10-05 16:04:53,947 - INFO - *** GROUND TRUTH: 22,520,884 total documents ***
2025-10-05 16:04:53,947 - INFO - ======================================================================
2025-10-05 16:04:53,957 - WARNING - GET http://localhost:9200/ [status:N/A request:0.003s]
Traceback (most recent call last):
  File "/usr/local/lib/python3.8/dist-packages/urllib3/connection.py", line 174, in _new_conn
    conn = connection.create_connection(
  File "/usr/local/lib/python3.8/dist-packages/urllib3/util/connection.py", line 95, in create_connection
    raise err
  File "/usr/local/lib/python3.8/dist-packages/urllib3/util/connection.py", line 85, in create_connection
    sock.connect(sa)
ConnectionRefusedError: [Errno 111] Connection refused

During handling of the above exception, another exception occurred:

Traceback (most recent call last):
  File "/usr/local/lib/python3.8/dist-packages/elasticsearch/connection/http_urllib3.py", line 255, in perform_request
    response = self.pool.urlopen(
  File "/usr/local/lib/python3.8/dist-packages/urllib3/connectionpool.py", line 802, in urlopen
    retries = retries.increment(
  File "/usr/local/lib/python3.8/dist-packages/urllib3/util/retry.py", line 527, in increment
    raise six.reraise(type(error), error, _stacktrace)
  File "/usr/local/lib/python3.8/dist-packages/urllib3/packages/six.py", line 770, in reraise
    raise value
  File "/usr/local/lib/python3.8/dist-packages/urllib3/connectionpool.py", line 716, in urlopen
    httplib_response = self._make_request(
  File "/usr/local/lib/python3.8/dist-packages/urllib3/connectionpool.py", line 416, in _make_request
    conn.request(method, url, **httplib_request_kw)
  File "/usr/local/lib/python3.8/dist-packages/urllib3/connection.py", line 244, in request
    super(HTTPConnection, self).request(method, url, body=body, headers=headers)
  File "/usr/lib/python3.8/http/client.py", line 1256, in request
    self._send_request(method, url, body, headers, encode_chunked)
  File "/usr/lib/python3.8/http/client.py", line 1302, in _send_request
    self.endheaders(body, encode_chunked=encode_chunked)
  File "/usr/lib/python3.8/http/client.py", line 1251, in endheaders
    self._send_output(message_body, encode_chunked=encode_chunked)
  File "/usr/lib/python3.8/http/client.py", line 1011, in _send_output
    self.send(msg)
  File "/usr/lib/python3.8/http/client.py", line 951, in send
    self.connect()
  File "/usr/local/lib/python3.8/dist-packages/urllib3/connection.py", line 205, in connect
    conn = self._new_conn()
  File "/usr/local/lib/python3.8/dist-packages/urllib3/connection.py", line 186, in _new_conn
    raise NewConnectionError(
urllib3.exceptions.NewConnectionError: <urllib3.connection.HTTPConnection object at 0x40002f87d4c0>: Failed to establish a new connection: [Errno 111] Connection refused
2025-10-05 16:04:53,962 - WARNING - Connection attempt 1 failed: ConnectionError(<urllib3.connection.HTTPConnection object at 0x40002f87d4c0>: Failed to establish a new connection: [Errno 111] Connection refused) caused by: NewConnectionError(<urllib3.connection.HTTPConnection object at 0x40002f87d4c0>: Failed to establish a new connection: [Errno 111] Connection refused). Retrying in 10s...
{"type": "server", "timestamp": "2025-10-05T16:04:55,633+02:00", "level": "INFO", "component": "o.e.n.Node", "cluster.name": "docker-cluster", "node.name": "nid006900", "message": "version[7.17.28], pid[251590], build[default/docker/139cb5a961d8de68b8e02c45cc47f5289a3623af/2025-02-20T09:05:31.349013687Z], OS[Linux/5.14.21-150500.55.65_13.0.74-cray_shasta_c_64k/aarch64], JVM[Oracle Corporation/OpenJDK 64-Bit Server VM/22.0.2/22.0.2+9-70]" }
{"type": "server", "timestamp": "2025-10-05T16:04:55,636+02:00", "level": "INFO", "component": "o.e.n.Node", "cluster.name": "docker-cluster", "node.name": "nid006900", "message": "JVM home [/usr/share/elasticsearch/jdk], using bundled JDK [true]" }
{"type": "server", "timestamp": "2025-10-05T16:04:55,636+02:00", "level": "INFO", "component": "o.e.n.Node", "cluster.name": "docker-cluster", "node.name": "nid006900", "message": "JVM arguments [-Xshare:auto, -Des.networkaddress.cache.ttl=60, -Des.networkaddress.cache.negative.ttl=10, -XX:+AlwaysPreTouch, -Xss1m, -Djava.awt.headless=true, -Dfile.encoding=UTF-8, -Djna.nosys=true, -XX:-OmitStackTraceInFastThrow, -XX:+ShowCodeDetailsInExceptionMessages, -Dio.netty.noUnsafe=true, -Dio.netty.noKeySetOptimization=true, -Dio.netty.recycler.maxCapacityPerThread=0, -Dio.netty.allocator.numDirectArenas=0, -Dlog4j.shutdownHookEnabled=false, -Dlog4j2.disable.jmx=true, -Dlog4j2.formatMsgNoLookups=true, -Djava.locale.providers=SPI,COMPAT, --add-opens=java.base/java.io=ALL-UNNAMED, -Djava.security.manager=allow, -XX:+UseG1GC, -Djava.io.tmpdir=/tmp/elasticsearch-7638979729892329072, -XX:+HeapDumpOnOutOfMemoryError, -XX:+ExitOnOutOfMemoryError, -XX:HeapDumpPath=data, -XX:ErrorFile=logs/hs_err_pid%p.log, -Xlog:gc*,gc+age=trace,safepoint:file=logs/gc.log:utctime,pid,tags:filecount=32,filesize=64m, -XX:+UnlockDiagnosticVMOptions, -XX:G1NumCollectionsKeepPinned=10000000, -Des.cgroups.hierarchy.override=/, -Xms30g, -Xmx30g, -XX:MaxGCPauseMillis=200, -XX:MaxDirectMemorySize=16106127360, -XX:InitiatingHeapOccupancyPercent=30, -XX:G1ReservePercent=25, -Des.path.home=/usr/share/elasticsearch, -Des.path.conf=/usr/share/elasticsearch/config, -Des.distribution.flavor=default, -Des.distribution.type=docker, -Des.bundled_jdk=true]" }
{"type": "server", "timestamp": "2025-10-05T16:04:57,620+02:00", "level": "INFO", "component": "o.e.p.PluginsService", "cluster.name": "docker-cluster", "node.name": "nid006900", "message": "loaded module [aggs-matrix-stats]" }
{"type": "server", "timestamp": "2025-10-05T16:04:57,621+02:00", "level": "INFO", "component": "o.e.p.PluginsService", "cluster.name": "docker-cluster", "node.name": "nid006900", "message": "loaded module [analysis-common]" }
{"type": "server", "timestamp": "2025-10-05T16:04:57,621+02:00", "level": "INFO", "component": "o.e.p.PluginsService", "cluster.name": "docker-cluster", "node.name": "nid006900", "message": "loaded module [constant-keyword]" }
{"type": "server", "timestamp": "2025-10-05T16:04:57,621+02:00", "level": "INFO", "component": "o.e.p.PluginsService", "cluster.name": "docker-cluster", "node.name": "nid006900", "message": "loaded module [frozen-indices]" }
{"type": "server", "timestamp": "2025-10-05T16:04:57,621+02:00", "level": "INFO", "component": "o.e.p.PluginsService", "cluster.name": "docker-cluster", "node.name": "nid006900", "message": "loaded module [ingest-common]" }
{"type": "server", "timestamp": "2025-10-05T16:04:57,621+02:00", "level": "INFO", "component": "o.e.p.PluginsService", "cluster.name": "docker-cluster", "node.name": "nid006900", "message": "loaded module [ingest-geoip]" }
{"type": "server", "timestamp": "2025-10-05T16:04:57,622+02:00", "level": "INFO", "component": "o.e.p.PluginsService", "cluster.name": "docker-cluster", "node.name": "nid006900", "message": "loaded module [ingest-user-agent]" }
{"type": "server", "timestamp": "2025-10-05T16:04:57,622+02:00", "level": "INFO", "component": "o.e.p.PluginsService", "cluster.name": "docker-cluster", "node.name": "nid006900", "message": "loaded module [kibana]" }
{"type": "server", "timestamp": "2025-10-05T16:04:57,622+02:00", "level": "INFO", "component": "o.e.p.PluginsService", "cluster.name": "docker-cluster", "node.name": "nid006900", "message": "loaded module [lang-expression]" }
{"type": "server", "timestamp": "2025-10-05T16:04:57,622+02:00", "level": "INFO", "component": "o.e.p.PluginsService", "cluster.name": "docker-cluster", "node.name": "nid006900", "message": "loaded module [lang-mustache]" }
{"type": "server", "timestamp": "2025-10-05T16:04:57,622+02:00", "level": "INFO", "component": "o.e.p.PluginsService", "cluster.name": "docker-cluster", "node.name": "nid006900", "message": "loaded module [lang-painless]" }
{"type": "server", "timestamp": "2025-10-05T16:04:57,622+02:00", "level": "INFO", "component": "o.e.p.PluginsService", "cluster.name": "docker-cluster", "node.name": "nid006900", "message": "loaded module [legacy-geo]" }
{"type": "server", "timestamp": "2025-10-05T16:04:57,623+02:00", "level": "INFO", "component": "o.e.p.PluginsService", "cluster.name": "docker-cluster", "node.name": "nid006900", "message": "loaded module [mapper-extras]" }
{"type": "server", "timestamp": "2025-10-05T16:04:57,623+02:00", "level": "INFO", "component": "o.e.p.PluginsService", "cluster.name": "docker-cluster", "node.name": "nid006900", "message": "loaded module [mapper-version]" }
{"type": "server", "timestamp": "2025-10-05T16:04:57,623+02:00", "level": "INFO", "component": "o.e.p.PluginsService", "cluster.name": "docker-cluster", "node.name": "nid006900", "message": "loaded module [parent-join]" }
{"type": "server", "timestamp": "2025-10-05T16:04:57,623+02:00", "level": "INFO", "component": "o.e.p.PluginsService", "cluster.name": "docker-cluster", "node.name": "nid006900", "message": "loaded module [percolator]" }
{"type": "server", "timestamp": "2025-10-05T16:04:57,623+02:00", "level": "INFO", "component": "o.e.p.PluginsService", "cluster.name": "docker-cluster", "node.name": "nid006900", "message": "loaded module [rank-eval]" }
{"type": "server", "timestamp": "2025-10-05T16:04:57,623+02:00", "level": "INFO", "component": "o.e.p.PluginsService", "cluster.name": "docker-cluster", "node.name": "nid006900", "message": "loaded module [reindex]" }
{"type": "server", "timestamp": "2025-10-05T16:04:57,623+02:00", "level": "INFO", "component": "o.e.p.PluginsService", "cluster.name": "docker-cluster", "node.name": "nid006900", "message": "loaded module [repositories-metering-api]" }
{"type": "server", "timestamp": "2025-10-05T16:04:57,624+02:00", "level": "INFO", "component": "o.e.p.PluginsService", "cluster.name": "docker-cluster", "node.name": "nid006900", "message": "loaded module [repository-encrypted]" }
{"type": "server", "timestamp": "2025-10-05T16:04:57,624+02:00", "level": "INFO", "component": "o.e.p.PluginsService", "cluster.name": "docker-cluster", "node.name": "nid006900", "message": "loaded module [repository-url]" }
{"type": "server", "timestamp": "2025-10-05T16:04:57,624+02:00", "level": "INFO", "component": "o.e.p.PluginsService", "cluster.name": "docker-cluster", "node.name": "nid006900", "message": "loaded module [runtime-fields-common]" }
{"type": "server", "timestamp": "2025-10-05T16:04:57,624+02:00", "level": "INFO", "component": "o.e.p.PluginsService", "cluster.name": "docker-cluster", "node.name": "nid006900", "message": "loaded module [search-business-rules]" }
{"type": "server", "timestamp": "2025-10-05T16:04:57,624+02:00", "level": "INFO", "component": "o.e.p.PluginsService", "cluster.name": "docker-cluster", "node.name": "nid006900", "message": "loaded module [searchable-snapshots]" }
{"type": "server", "timestamp": "2025-10-05T16:04:57,624+02:00", "level": "INFO", "component": "o.e.p.PluginsService", "cluster.name": "docker-cluster", "node.name": "nid006900", "message": "loaded module [snapshot-repo-test-kit]" }
{"type": "server", "timestamp": "2025-10-05T16:04:57,625+02:00", "level": "INFO", "component": "o.e.p.PluginsService", "cluster.name": "docker-cluster", "node.name": "nid006900", "message": "loaded module [spatial]" }
{"type": "server", "timestamp": "2025-10-05T16:04:57,625+02:00", "level": "INFO", "component": "o.e.p.PluginsService", "cluster.name": "docker-cluster", "node.name": "nid006900", "message": "loaded module [transform]" }
{"type": "server", "timestamp": "2025-10-05T16:04:57,625+02:00", "level": "INFO", "component": "o.e.p.PluginsService", "cluster.name": "docker-cluster", "node.name": "nid006900", "message": "loaded module [transport-netty4]" }
{"type": "server", "timestamp": "2025-10-05T16:04:57,625+02:00", "level": "INFO", "component": "o.e.p.PluginsService", "cluster.name": "docker-cluster", "node.name": "nid006900", "message": "loaded module [unsigned-long]" }
{"type": "server", "timestamp": "2025-10-05T16:04:57,625+02:00", "level": "INFO", "component": "o.e.p.PluginsService", "cluster.name": "docker-cluster", "node.name": "nid006900", "message": "loaded module [vector-tile]" }
{"type": "server", "timestamp": "2025-10-05T16:04:57,625+02:00", "level": "INFO", "component": "o.e.p.PluginsService", "cluster.name": "docker-cluster", "node.name": "nid006900", "message": "loaded module [vectors]" }
{"type": "server", "timestamp": "2025-10-05T16:04:57,625+02:00", "level": "INFO", "component": "o.e.p.PluginsService", "cluster.name": "docker-cluster", "node.name": "nid006900", "message": "loaded module [wildcard]" }
{"type": "server", "timestamp": "2025-10-05T16:04:57,626+02:00", "level": "INFO", "component": "o.e.p.PluginsService", "cluster.name": "docker-cluster", "node.name": "nid006900", "message": "loaded module [x-pack-aggregate-metric]" }
{"type": "server", "timestamp": "2025-10-05T16:04:57,626+02:00", "level": "INFO", "component": "o.e.p.PluginsService", "cluster.name": "docker-cluster", "node.name": "nid006900", "message": "loaded module [x-pack-analytics]" }
{"type": "server", "timestamp": "2025-10-05T16:04:57,626+02:00", "level": "INFO", "component": "o.e.p.PluginsService", "cluster.name": "docker-cluster", "node.name": "nid006900", "message": "loaded module [x-pack-async]" }
{"type": "server", "timestamp": "2025-10-05T16:04:57,626+02:00", "level": "INFO", "component": "o.e.p.PluginsService", "cluster.name": "docker-cluster", "node.name": "nid006900", "message": "loaded module [x-pack-async-search]" }
{"type": "server", "timestamp": "2025-10-05T16:04:57,626+02:00", "level": "INFO", "component": "o.e.p.PluginsService", "cluster.name": "docker-cluster", "node.name": "nid006900", "message": "loaded module [x-pack-autoscaling]" }
{"type": "server", "timestamp": "2025-10-05T16:04:57,626+02:00", "level": "INFO", "component": "o.e.p.PluginsService", "cluster.name": "docker-cluster", "node.name": "nid006900", "message": "loaded module [x-pack-ccr]" }
{"type": "server", "timestamp": "2025-10-05T16:04:57,626+02:00", "level": "INFO", "component": "o.e.p.PluginsService", "cluster.name": "docker-cluster", "node.name": "nid006900", "message": "loaded module [x-pack-core]" }
{"type": "server", "timestamp": "2025-10-05T16:04:57,627+02:00", "level": "INFO", "component": "o.e.p.PluginsService", "cluster.name": "docker-cluster", "node.name": "nid006900", "message": "loaded module [x-pack-data-streams]" }
{"type": "server", "timestamp": "2025-10-05T16:04:57,627+02:00", "level": "INFO", "component": "o.e.p.PluginsService", "cluster.name": "docker-cluster", "node.name": "nid006900", "message": "loaded module [x-pack-deprecation]" }
{"type": "server", "timestamp": "2025-10-05T16:04:57,627+02:00", "level": "INFO", "component": "o.e.p.PluginsService", "cluster.name": "docker-cluster", "node.name": "nid006900", "message": "loaded module [x-pack-enrich]" }
{"type": "server", "timestamp": "2025-10-05T16:04:57,627+02:00", "level": "INFO", "component": "o.e.p.PluginsService", "cluster.name": "docker-cluster", "node.name": "nid006900", "message": "loaded module [x-pack-eql]" }
{"type": "server", "timestamp": "2025-10-05T16:04:57,627+02:00", "level": "INFO", "component": "o.e.p.PluginsService", "cluster.name": "docker-cluster", "node.name": "nid006900", "message": "loaded module [x-pack-fleet]" }
{"type": "server", "timestamp": "2025-10-05T16:04:57,627+02:00", "level": "INFO", "component": "o.e.p.PluginsService", "cluster.name": "docker-cluster", "node.name": "nid006900", "message": "loaded module [x-pack-graph]" }
{"type": "server", "timestamp": "2025-10-05T16:04:57,627+02:00", "level": "INFO", "component": "o.e.p.PluginsService", "cluster.name": "docker-cluster", "node.name": "nid006900", "message": "loaded module [x-pack-identity-provider]" }
{"type": "server", "timestamp": "2025-10-05T16:04:57,628+02:00", "level": "INFO", "component": "o.e.p.PluginsService", "cluster.name": "docker-cluster", "node.name": "nid006900", "message": "loaded module [x-pack-ilm]" }
{"type": "server", "timestamp": "2025-10-05T16:04:57,628+02:00", "level": "INFO", "component": "o.e.p.PluginsService", "cluster.name": "docker-cluster", "node.name": "nid006900", "message": "loaded module [x-pack-logstash]" }
{"type": "server", "timestamp": "2025-10-05T16:04:57,628+02:00", "level": "INFO", "component": "o.e.p.PluginsService", "cluster.name": "docker-cluster", "node.name": "nid006900", "message": "loaded module [x-pack-ml]" }
{"type": "server", "timestamp": "2025-10-05T16:04:57,628+02:00", "level": "INFO", "component": "o.e.p.PluginsService", "cluster.name": "docker-cluster", "node.name": "nid006900", "message": "loaded module [x-pack-monitoring]" }
{"type": "server", "timestamp": "2025-10-05T16:04:57,628+02:00", "level": "INFO", "component": "o.e.p.PluginsService", "cluster.name": "docker-cluster", "node.name": "nid006900", "message": "loaded module [x-pack-ql]" }
{"type": "server", "timestamp": "2025-10-05T16:04:57,628+02:00", "level": "INFO", "component": "o.e.p.PluginsService", "cluster.name": "docker-cluster", "node.name": "nid006900", "message": "loaded module [x-pack-rollup]" }
{"type": "server", "timestamp": "2025-10-05T16:04:57,628+02:00", "level": "INFO", "component": "o.e.p.PluginsService", "cluster.name": "docker-cluster", "node.name": "nid006900", "message": "loaded module [x-pack-security]" }
{"type": "server", "timestamp": "2025-10-05T16:04:57,628+02:00", "level": "INFO", "component": "o.e.p.PluginsService", "cluster.name": "docker-cluster", "node.name": "nid006900", "message": "loaded module [x-pack-shutdown]" }
{"type": "server", "timestamp": "2025-10-05T16:04:57,629+02:00", "level": "INFO", "component": "o.e.p.PluginsService", "cluster.name": "docker-cluster", "node.name": "nid006900", "message": "loaded module [x-pack-sql]" }
{"type": "server", "timestamp": "2025-10-05T16:04:57,629+02:00", "level": "INFO", "component": "o.e.p.PluginsService", "cluster.name": "docker-cluster", "node.name": "nid006900", "message": "loaded module [x-pack-stack]" }
{"type": "server", "timestamp": "2025-10-05T16:04:57,629+02:00", "level": "INFO", "component": "o.e.p.PluginsService", "cluster.name": "docker-cluster", "node.name": "nid006900", "message": "loaded module [x-pack-text-structure]" }
{"type": "server", "timestamp": "2025-10-05T16:04:57,629+02:00", "level": "INFO", "component": "o.e.p.PluginsService", "cluster.name": "docker-cluster", "node.name": "nid006900", "message": "loaded module [x-pack-voting-only-node]" }
{"type": "server", "timestamp": "2025-10-05T16:04:57,629+02:00", "level": "INFO", "component": "o.e.p.PluginsService", "cluster.name": "docker-cluster", "node.name": "nid006900", "message": "loaded module [x-pack-watcher]" }
{"type": "server", "timestamp": "2025-10-05T16:04:57,630+02:00", "level": "INFO", "component": "o.e.p.PluginsService", "cluster.name": "docker-cluster", "node.name": "nid006900", "message": "no plugins loaded" }
{"type": "server", "timestamp": "2025-10-05T16:04:57,795+02:00", "level": "INFO", "component": "o.e.e.NodeEnvironment", "cluster.name": "docker-cluster", "node.name": "nid006900", "message": "using [1] data paths, mounts [[/iopsstor/scratch/cscs/inesaltemir (172.28.2.66@tcp,172.28.2.67@tcp:172.28.2.68@tcp,172.28.2.69@tcp:/iopsstor/scratch/cscs)]], net usable_space [968.9tb], net total_space [2.9pb], types [lustre]" }
{"type": "server", "timestamp": "2025-10-05T16:04:57,796+02:00", "level": "INFO", "component": "o.e.e.NodeEnvironment", "cluster.name": "docker-cluster", "node.name": "nid006900", "message": "heap size [30gb], compressed ordinary object pointers [true]" }
{"type": "server", "timestamp": "2025-10-05T16:04:57,814+02:00", "level": "INFO", "component": "o.e.n.Node", "cluster.name": "docker-cluster", "node.name": "nid006900", "message": "node name [nid006900], node ID [L6aj4QVCTkiSF7r0N8rKGA], cluster name [docker-cluster], roles [transform, data_frozen, master, remote_cluster_client, data, ml, data_content, data_hot, data_warm, data_cold, ingest]" }
{"type": "server", "timestamp": "2025-10-05T16:05:00,997+02:00", "level": "INFO", "component": "o.e.x.m.p.l.CppLogMessageHandler", "cluster.name": "docker-cluster", "node.name": "nid006900", "message": "[controller/252114] [Main.cc@122] controller (64 bit): Version 7.17.28 (Build 733d78ce56c25b) Copyright (c) 2025 Elasticsearch BV" }
{"type": "server", "timestamp": "2025-10-05T16:05:01,320+02:00", "level": "INFO", "component": "o.e.i.g.ConfigDatabases", "cluster.name": "docker-cluster", "node.name": "nid006900", "message": "initialized default databases [[GeoLite2-Country.mmdb, GeoLite2-City.mmdb, GeoLite2-ASN.mmdb]], config databases [[]] and watching [/usr/share/elasticsearch/config/ingest-geoip] for changes" }
{"type": "server", "timestamp": "2025-10-05T16:05:01,322+02:00", "level": "INFO", "component": "o.e.i.g.DatabaseNodeService", "cluster.name": "docker-cluster", "node.name": "nid006900", "message": "initialized database registry, using geoip-databases directory [/tmp/elasticsearch-7638979729892329072/geoip-databases/L6aj4QVCTkiSF7r0N8rKGA]" }
{"type": "server", "timestamp": "2025-10-05T16:05:01,725+02:00", "level": "INFO", "component": "o.e.t.NettyAllocator", "cluster.name": "docker-cluster", "node.name": "nid006900", "message": "creating NettyAllocator with the following configs: [name=elasticsearch_configured, chunk_size=1mb, suggested_max_allocation_size=1mb, factors={es.unsafe.use_netty_default_chunk_and_page_size=false, g1gc_enabled=true, g1gc_region_size=16mb}]" }
{"type": "server", "timestamp": "2025-10-05T16:05:01,746+02:00", "level": "INFO", "component": "o.e.i.r.RecoverySettings", "cluster.name": "docker-cluster", "node.name": "nid006900", "message": "using rate limit [40mb] with [default=40mb, read=0b, write=0b, max=0b]" }
{"type": "server", "timestamp": "2025-10-05T16:05:01,777+02:00", "level": "INFO", "component": "o.e.d.DiscoveryModule", "cluster.name": "docker-cluster", "node.name": "nid006900", "message": "using discovery type [single-node] and seed hosts providers [settings]" }
{"type": "server", "timestamp": "2025-10-05T16:05:02,126+02:00", "level": "INFO", "component": "o.e.g.DanglingIndicesState", "cluster.name": "docker-cluster", "node.name": "nid006900", "message": "gateway.auto_import_dangling_indices is disabled, dangling indices will not be automatically detected or imported and must be managed manually" }
{"type": "server", "timestamp": "2025-10-05T16:05:02,580+02:00", "level": "INFO", "component": "o.e.n.Node", "cluster.name": "docker-cluster", "node.name": "nid006900", "message": "initialized" }
{"type": "server", "timestamp": "2025-10-05T16:05:02,581+02:00", "level": "INFO", "component": "o.e.n.Node", "cluster.name": "docker-cluster", "node.name": "nid006900", "message": "starting ..." }
{"type": "server", "timestamp": "2025-10-05T16:05:02,595+02:00", "level": "INFO", "component": "o.e.x.s.c.f.PersistentCache", "cluster.name": "docker-cluster", "node.name": "nid006900", "message": "persistent cache index loaded" }
{"type": "server", "timestamp": "2025-10-05T16:05:02,596+02:00", "level": "INFO", "component": "o.e.x.d.l.DeprecationIndexingComponent", "cluster.name": "docker-cluster", "node.name": "nid006900", "message": "deprecation component started" }
{"type": "server", "timestamp": "2025-10-05T16:05:02,834+02:00", "level": "INFO", "component": "o.e.t.TransportService", "cluster.name": "docker-cluster", "node.name": "nid006900", "message": "publish_address {127.0.0.1:9300}, bound_addresses {127.0.0.1:9300}" }
{"type": "server", "timestamp": "2025-10-05T16:05:02,841+02:00", "level": "INFO", "component": "o.e.x.m.Monitoring", "cluster.name": "docker-cluster", "node.name": "nid006900", "message": "creating template [.monitoring-alerts-7] with version [7]" }
{"type": "server", "timestamp": "2025-10-05T16:05:02,844+02:00", "level": "INFO", "component": "o.e.x.m.Monitoring", "cluster.name": "docker-cluster", "node.name": "nid006900", "message": "creating template [.monitoring-es] with version [7]" }
{"type": "server", "timestamp": "2025-10-05T16:05:02,845+02:00", "level": "INFO", "component": "o.e.x.m.Monitoring", "cluster.name": "docker-cluster", "node.name": "nid006900", "message": "creating template [.monitoring-kibana] with version [7]" }
{"type": "server", "timestamp": "2025-10-05T16:05:02,847+02:00", "level": "INFO", "component": "o.e.x.m.Monitoring", "cluster.name": "docker-cluster", "node.name": "nid006900", "message": "creating template [.monitoring-logstash] with version [7]" }
{"type": "server", "timestamp": "2025-10-05T16:05:02,849+02:00", "level": "INFO", "component": "o.e.x.m.Monitoring", "cluster.name": "docker-cluster", "node.name": "nid006900", "message": "creating template [.monitoring-beats] with version [7]" }
{"type": "server", "timestamp": "2025-10-05T16:05:02,977+02:00", "level": "INFO", "component": "o.e.c.c.Coordinator", "cluster.name": "docker-cluster", "node.name": "nid006900", "message": "setting initial configuration to VotingConfiguration{L6aj4QVCTkiSF7r0N8rKGA}" }
{"type": "server", "timestamp": "2025-10-05T16:05:03,115+02:00", "level": "INFO", "component": "o.e.c.s.MasterService", "cluster.name": "docker-cluster", "node.name": "nid006900", "message": "elected-as-master ([1] nodes joined)[{nid006900}{L6aj4QVCTkiSF7r0N8rKGA}{NgL3M-V_SfyN3r7K9rbHGw}{127.0.0.1}{127.0.0.1:9300}{cdfhilmrstw} elect leader, _BECOME_MASTER_TASK_, _FINISH_ELECTION_], term: 1, version: 1, delta: master node changed {previous [], current [{nid006900}{L6aj4QVCTkiSF7r0N8rKGA}{NgL3M-V_SfyN3r7K9rbHGw}{127.0.0.1}{127.0.0.1:9300}{cdfhilmrstw}]}" }
{"type": "server", "timestamp": "2025-10-05T16:05:03,164+02:00", "level": "INFO", "component": "o.e.c.c.CoordinationState", "cluster.name": "docker-cluster", "node.name": "nid006900", "message": "cluster UUID set to [B_fwTRTvRLuxRLVCIXC0FQ]" }
{"type": "server", "timestamp": "2025-10-05T16:05:03,201+02:00", "level": "INFO", "component": "o.e.c.s.ClusterApplierService", "cluster.name": "docker-cluster", "node.name": "nid006900", "message": "master node changed {previous [], current [{nid006900}{L6aj4QVCTkiSF7r0N8rKGA}{NgL3M-V_SfyN3r7K9rbHGw}{127.0.0.1}{127.0.0.1:9300}{cdfhilmrstw}]}, term: 1, version: 1, reason: Publication{term=1, version=1}" }
{"type": "server", "timestamp": "2025-10-05T16:05:03,235+02:00", "level": "INFO", "component": "o.e.h.AbstractHttpServerTransport", "cluster.name": "docker-cluster", "node.name": "nid006900", "message": "publish_address {127.0.0.1:9200}, bound_addresses {127.0.0.1:9200}", "cluster.uuid": "B_fwTRTvRLuxRLVCIXC0FQ", "node.id": "L6aj4QVCTkiSF7r0N8rKGA"  }
{"type": "server", "timestamp": "2025-10-05T16:05:03,236+02:00", "level": "INFO", "component": "o.e.n.Node", "cluster.name": "docker-cluster", "node.name": "nid006900", "message": "started", "cluster.uuid": "B_fwTRTvRLuxRLVCIXC0FQ", "node.id": "L6aj4QVCTkiSF7r0N8rKGA"  }
{"type": "server", "timestamp": "2025-10-05T16:05:03,276+02:00", "level": "INFO", "component": "o.e.g.GatewayService", "cluster.name": "docker-cluster", "node.name": "nid006900", "message": "recovered [0] indices into cluster_state", "cluster.uuid": "B_fwTRTvRLuxRLVCIXC0FQ", "node.id": "L6aj4QVCTkiSF7r0N8rKGA"  }
{"type": "server", "timestamp": "2025-10-05T16:05:03,420+02:00", "level": "INFO", "component": "o.e.c.m.MetadataIndexTemplateService", "cluster.name": "docker-cluster", "node.name": "nid006900", "message": "adding index template [.ml-state] for index patterns [.ml-state*]", "cluster.uuid": "B_fwTRTvRLuxRLVCIXC0FQ", "node.id": "L6aj4QVCTkiSF7r0N8rKGA"  }
{"type": "server", "timestamp": "2025-10-05T16:05:03,511+02:00", "level": "INFO", "component": "o.e.c.m.MetadataIndexTemplateService", "cluster.name": "docker-cluster", "node.name": "nid006900", "message": "adding index template [.ml-notifications-000002] for index patterns [.ml-notifications-000002]", "cluster.uuid": "B_fwTRTvRLuxRLVCIXC0FQ", "node.id": "L6aj4QVCTkiSF7r0N8rKGA"  }
{"type": "server", "timestamp": "2025-10-05T16:05:03,565+02:00", "level": "INFO", "component": "o.e.c.m.MetadataIndexTemplateService", "cluster.name": "docker-cluster", "node.name": "nid006900", "message": "adding index template [.ml-stats] for index patterns [.ml-stats-*]", "cluster.uuid": "B_fwTRTvRLuxRLVCIXC0FQ", "node.id": "L6aj4QVCTkiSF7r0N8rKGA"  }
{"type": "server", "timestamp": "2025-10-05T16:05:03,628+02:00", "level": "INFO", "component": "o.e.c.m.MetadataIndexTemplateService", "cluster.name": "docker-cluster", "node.name": "nid006900", "message": "adding index template [.ml-anomalies-] for index patterns [.ml-anomalies-*]", "cluster.uuid": "B_fwTRTvRLuxRLVCIXC0FQ", "node.id": "L6aj4QVCTkiSF7r0N8rKGA"  }
{"type": "server", "timestamp": "2025-10-05T16:05:03,680+02:00", "level": "INFO", "component": "o.e.c.m.MetadataIndexTemplateService", "cluster.name": "docker-cluster", "node.name": "nid006900", "message": "adding component template [synthetics-mappings]", "cluster.uuid": "B_fwTRTvRLuxRLVCIXC0FQ", "node.id": "L6aj4QVCTkiSF7r0N8rKGA"  }
{"type": "server", "timestamp": "2025-10-05T16:05:03,730+02:00", "level": "INFO", "component": "o.e.c.m.MetadataIndexTemplateService", "cluster.name": "docker-cluster", "node.name": "nid006900", "message": "adding component template [logs-mappings]", "cluster.uuid": "B_fwTRTvRLuxRLVCIXC0FQ", "node.id": "L6aj4QVCTkiSF7r0N8rKGA"  }
{"type": "server", "timestamp": "2025-10-05T16:05:03,777+02:00", "level": "INFO", "component": "o.e.c.m.MetadataIndexTemplateService", "cluster.name": "docker-cluster", "node.name": "nid006900", "message": "adding component template [metrics-mappings]", "cluster.uuid": "B_fwTRTvRLuxRLVCIXC0FQ", "node.id": "L6aj4QVCTkiSF7r0N8rKGA"  }
{"type": "server", "timestamp": "2025-10-05T16:05:03,853+02:00", "level": "INFO", "component": "o.e.c.m.MetadataIndexTemplateService", "cluster.name": "docker-cluster", "node.name": "nid006900", "message": "adding component template [logs-settings]", "cluster.uuid": "B_fwTRTvRLuxRLVCIXC0FQ", "node.id": "L6aj4QVCTkiSF7r0N8rKGA"  }
{"type": "server", "timestamp": "2025-10-05T16:05:03,944+02:00", "level": "INFO", "component": "o.e.c.m.MetadataIndexTemplateService", "cluster.name": "docker-cluster", "node.name": "nid006900", "message": "adding component template [metrics-settings]", "cluster.uuid": "B_fwTRTvRLuxRLVCIXC0FQ", "node.id": "L6aj4QVCTkiSF7r0N8rKGA"  }
{"type": "server", "timestamp": "2025-10-05T16:05:03,986+02:00", "level": "INFO", "component": "o.e.c.m.MetadataIndexTemplateService", "cluster.name": "docker-cluster", "node.name": "nid006900", "message": "adding component template [synthetics-settings]", "cluster.uuid": "B_fwTRTvRLuxRLVCIXC0FQ", "node.id": "L6aj4QVCTkiSF7r0N8rKGA"  }
{"type": "server", "timestamp": "2025-10-05T16:05:04,033+02:00", "level": "INFO", "component": "o.e.c.m.MetadataIndexTemplateService", "cluster.name": "docker-cluster", "node.name": "nid006900", "message": "adding component template [data-streams-mappings]", "cluster.uuid": "B_fwTRTvRLuxRLVCIXC0FQ", "node.id": "L6aj4QVCTkiSF7r0N8rKGA"  }
2025-10-05 16:05:04,054 - INFO - GET http://localhost:9200/ [status:200 request:0.082s]
2025-10-05 16:05:04,057 - INFO - GET http://localhost:9200/ [status:200 request:0.002s]
2025-10-05 16:05:04,057 - INFO - Successfully connected to Elasticsearch at localhost:9200
2025-10-05 16:05:04,057 - INFO - Elasticsearch version: 7.17.28
2025-10-05 16:05:04,058 - INFO - === METRICS AFTER ES CONNECTION ===
2025-10-05 16:05:04,058 - INFO - Process Memory:
2025-10-05 16:05:04,058 - INFO -   RSS: 0.17 GB
2025-10-05 16:05:04,058 - INFO -   VMS: 2.36 GB
2025-10-05 16:05:04,058 - INFO -   % of System: 0.0%
2025-10-05 16:05:04,058 - INFO - System Memory:
2025-10-05 16:05:04,058 - INFO -   Total Used: 13.6%
2025-10-05 16:05:04,058 - INFO -   Available: 738.52 GB
2025-10-05 16:05:04,058 - INFO -   Cached: 22.57 GB
{"type": "server", "timestamp": "2025-10-05T16:05:04,108+02:00", "level": "INFO", "component": "o.e.c.m.MetadataIndexTemplateService", "cluster.name": "docker-cluster", "node.name": "nid006900", "message": "adding index template [.watch-history-13] for index patterns [.watcher-history-13*]", "cluster.uuid": "B_fwTRTvRLuxRLVCIXC0FQ", "node.id": "L6aj4QVCTkiSF7r0N8rKGA"  }
{"type": "server", "timestamp": "2025-10-05T16:05:04,155+02:00", "level": "INFO", "component": "o.e.c.m.MetadataIndexTemplateService", "cluster.name": "docker-cluster", "node.name": "nid006900", "message": "adding index template [ilm-history] for index patterns [ilm-history-5*]", "cluster.uuid": "B_fwTRTvRLuxRLVCIXC0FQ", "node.id": "L6aj4QVCTkiSF7r0N8rKGA"  }
{"type": "server", "timestamp": "2025-10-05T16:05:04,218+02:00", "level": "INFO", "component": "o.e.c.m.MetadataIndexTemplateService", "cluster.name": "docker-cluster", "node.name": "nid006900", "message": "adding index template [.slm-history] for index patterns [.slm-history-5*]", "cluster.uuid": "B_fwTRTvRLuxRLVCIXC0FQ", "node.id": "L6aj4QVCTkiSF7r0N8rKGA"  }
{"type": "server", "timestamp": "2025-10-05T16:05:04,280+02:00", "level": "INFO", "component": "o.e.c.m.MetadataIndexTemplateService", "cluster.name": "docker-cluster", "node.name": "nid006900", "message": "adding component template [.deprecation-indexing-mappings]", "cluster.uuid": "B_fwTRTvRLuxRLVCIXC0FQ", "node.id": "L6aj4QVCTkiSF7r0N8rKGA"  }
{"type": "server", "timestamp": "2025-10-05T16:05:04,334+02:00", "level": "INFO", "component": "o.e.c.m.MetadataIndexTemplateService", "cluster.name": "docker-cluster", "node.name": "nid006900", "message": "adding component template [.deprecation-indexing-settings]", "cluster.uuid": "B_fwTRTvRLuxRLVCIXC0FQ", "node.id": "L6aj4QVCTkiSF7r0N8rKGA"  }
{"type": "server", "timestamp": "2025-10-05T16:05:04,377+02:00", "level": "INFO", "component": "o.e.c.m.MetadataIndexTemplateService", "cluster.name": "docker-cluster", "node.name": "nid006900", "message": "adding index template [logs] for index patterns [logs-*-*]", "cluster.uuid": "B_fwTRTvRLuxRLVCIXC0FQ", "node.id": "L6aj4QVCTkiSF7r0N8rKGA"  }
{"type": "server", "timestamp": "2025-10-05T16:05:04,421+02:00", "level": "INFO", "component": "o.e.c.m.MetadataIndexTemplateService", "cluster.name": "docker-cluster", "node.name": "nid006900", "message": "adding index template [metrics] for index patterns [metrics-*-*]", "cluster.uuid": "B_fwTRTvRLuxRLVCIXC0FQ", "node.id": "L6aj4QVCTkiSF7r0N8rKGA"  }
{"type": "server", "timestamp": "2025-10-05T16:05:04,471+02:00", "level": "INFO", "component": "o.e.c.m.MetadataIndexTemplateService", "cluster.name": "docker-cluster", "node.name": "nid006900", "message": "adding index template [synthetics] for index patterns [synthetics-*-*]", "cluster.uuid": "B_fwTRTvRLuxRLVCIXC0FQ", "node.id": "L6aj4QVCTkiSF7r0N8rKGA"  }
{"type": "server", "timestamp": "2025-10-05T16:05:04,540+02:00", "level": "INFO", "component": "o.e.c.m.MetadataIndexTemplateService", "cluster.name": "docker-cluster", "node.name": "nid006900", "message": "adding index template [.deprecation-indexing-template] for index patterns [.logs-deprecation.*]", "cluster.uuid": "B_fwTRTvRLuxRLVCIXC0FQ", "node.id": "L6aj4QVCTkiSF7r0N8rKGA"  }
{"type": "server", "timestamp": "2025-10-05T16:05:04,583+02:00", "level": "INFO", "component": "o.e.x.i.a.TransportPutLifecycleAction", "cluster.name": "docker-cluster", "node.name": "nid006900", "message": "adding index lifecycle policy [ml-size-based-ilm-policy]", "cluster.uuid": "B_fwTRTvRLuxRLVCIXC0FQ", "node.id": "L6aj4QVCTkiSF7r0N8rKGA"  }
{"type": "server", "timestamp": "2025-10-05T16:05:04,645+02:00", "level": "INFO", "component": "o.e.x.i.a.TransportPutLifecycleAction", "cluster.name": "docker-cluster", "node.name": "nid006900", "message": "adding index lifecycle policy [logs]", "cluster.uuid": "B_fwTRTvRLuxRLVCIXC0FQ", "node.id": "L6aj4QVCTkiSF7r0N8rKGA"  }
{"type": "server", "timestamp": "2025-10-05T16:05:04,690+02:00", "level": "INFO", "component": "o.e.x.i.a.TransportPutLifecycleAction", "cluster.name": "docker-cluster", "node.name": "nid006900", "message": "adding index lifecycle policy [metrics]", "cluster.uuid": "B_fwTRTvRLuxRLVCIXC0FQ", "node.id": "L6aj4QVCTkiSF7r0N8rKGA"  }
{"type": "server", "timestamp": "2025-10-05T16:05:04,764+02:00", "level": "INFO", "component": "o.e.x.i.a.TransportPutLifecycleAction", "cluster.name": "docker-cluster", "node.name": "nid006900", "message": "adding index lifecycle policy [synthetics]", "cluster.uuid": "B_fwTRTvRLuxRLVCIXC0FQ", "node.id": "L6aj4QVCTkiSF7r0N8rKGA"  }
{"type": "server", "timestamp": "2025-10-05T16:05:04,843+02:00", "level": "INFO", "component": "o.e.x.i.a.TransportPutLifecycleAction", "cluster.name": "docker-cluster", "node.name": "nid006900", "message": "adding index lifecycle policy [7-days-default]", "cluster.uuid": "B_fwTRTvRLuxRLVCIXC0FQ", "node.id": "L6aj4QVCTkiSF7r0N8rKGA"  }
{"type": "server", "timestamp": "2025-10-05T16:05:04,905+02:00", "level": "INFO", "component": "o.e.x.i.a.TransportPutLifecycleAction", "cluster.name": "docker-cluster", "node.name": "nid006900", "message": "adding index lifecycle policy [30-days-default]", "cluster.uuid": "B_fwTRTvRLuxRLVCIXC0FQ", "node.id": "L6aj4QVCTkiSF7r0N8rKGA"  }
{"type": "server", "timestamp": "2025-10-05T16:05:04,983+02:00", "level": "INFO", "component": "o.e.x.i.a.TransportPutLifecycleAction", "cluster.name": "docker-cluster", "node.name": "nid006900", "message": "adding index lifecycle policy [180-days-default]", "cluster.uuid": "B_fwTRTvRLuxRLVCIXC0FQ", "node.id": "L6aj4QVCTkiSF7r0N8rKGA"  }
{"type": "server", "timestamp": "2025-10-05T16:05:05,024+02:00", "level": "INFO", "component": "o.e.x.i.a.TransportPutLifecycleAction", "cluster.name": "docker-cluster", "node.name": "nid006900", "message": "adding index lifecycle policy [90-days-default]", "cluster.uuid": "B_fwTRTvRLuxRLVCIXC0FQ", "node.id": "L6aj4QVCTkiSF7r0N8rKGA"  }
2025-10-05 16:05:05,060 - INFO - CPU:
2025-10-05 16:05:05,060 - INFO -   Process usage: 0.0%
2025-10-05 16:05:05,060 - INFO -   Threads: 2
2025-10-05 16:05:05,060 - INFO -   Allocated cores: 288 (IDs: [0, 1, 2, 3, 4]...)
2025-10-05 16:05:05,060 - INFO - Process I/O:
2025-10-05 16:05:05,060 - INFO -   Read: 0.03 GB
2025-10-05 16:05:05,060 - INFO -   Write: 0.00 GB
2025-10-05 16:05:05,060 - INFO - ==================================================
2025-10-05 16:05:05,060 - INFO - 
======================================================================
2025-10-05 16:05:05,060 - INFO - STEP 2: Creating Elasticsearch index...
2025-10-05 16:05:05,060 - INFO - ======================================================================
2025-10-05 16:05:05,067 - INFO - === SHARD CALCULATION (SIZE-BASED ONLY) ===
2025-10-05 16:05:05,067 - INFO - Raw data size: 20.84 GB
2025-10-05 16:05:05,067 - INFO - Estimated ES indexed size: 62.51 GB (factor: 3.0x)
2025-10-05 16:05:05,067 - INFO - Target shard size range: 10.0-50.0 GB
2025-10-05 16:05:05,067 - INFO - Calculation results:
2025-10-05 16:05:05,067 - INFO -   Target shard size: 30.0 GB
2025-10-05 16:05:05,068 - INFO -   Calculated shards: 2
2025-10-05 16:05:05,068 - INFO -   Actual size per shard: 31.3 GB
2025-10-05 16:05:05,068 - INFO - =============================================
2025-10-05 16:05:05,068 - INFO - Using default index configuration
2025-10-05 16:05:05,068 - INFO - Creating index 'swissai-fineweb-2-quality_33-filterrobots-merge_euro-mid' with:
2025-10-05 16:05:05,068 - INFO -   Shards: 2
2025-10-05 16:05:05,068 - INFO -   Replicas: 0
2025-10-05 16:05:05,068 - INFO -   Refresh interval: 60s
{"type": "server", "timestamp": "2025-10-05T16:05:05,118+02:00", "level": "INFO", "component": "o.e.c.m.MetadataCreateIndexService", "cluster.name": "docker-cluster", "node.name": "nid006900", "message": "[swissai-fineweb-2-quality_33-filterrobots-merge_euro-mid] creating index, cause [api], templates [], shards [2]/[0]", "cluster.uuid": "B_fwTRTvRLuxRLVCIXC0FQ", "node.id": "L6aj4QVCTkiSF7r0N8rKGA"  }
{"type": "server", "timestamp": "2025-10-05T16:05:05,253+02:00", "level": "INFO", "component": "o.e.x.i.a.TransportPutLifecycleAction", "cluster.name": "docker-cluster", "node.name": "nid006900", "message": "adding index lifecycle policy [365-days-default]", "cluster.uuid": "B_fwTRTvRLuxRLVCIXC0FQ", "node.id": "L6aj4QVCTkiSF7r0N8rKGA"  }
{"type": "server", "timestamp": "2025-10-05T16:05:05,298+02:00", "level": "INFO", "component": "o.e.x.i.a.TransportPutLifecycleAction", "cluster.name": "docker-cluster", "node.name": "nid006900", "message": "adding index lifecycle policy [watch-history-ilm-policy]", "cluster.uuid": "B_fwTRTvRLuxRLVCIXC0FQ", "node.id": "L6aj4QVCTkiSF7r0N8rKGA"  }
{"type": "server", "timestamp": "2025-10-05T16:05:05,350+02:00", "level": "INFO", "component": "o.e.c.r.a.AllocationService", "cluster.name": "docker-cluster", "node.name": "nid006900", "message": "Cluster health status changed from [YELLOW] to [GREEN] (reason: [shards started [[swissai-fineweb-2-quality_33-filterrobots-merge_euro-mid][0], [swissai-fineweb-2-quality_33-filterrobots-merge_euro-mid][1]]]).", "cluster.uuid": "B_fwTRTvRLuxRLVCIXC0FQ", "node.id": "L6aj4QVCTkiSF7r0N8rKGA"  }
2025-10-05 16:05:05,424 - INFO - PUT http://localhost:9200/swissai-fineweb-2-quality_33-filterrobots-merge_euro-mid [status:200 request:0.356s]
2025-10-05 16:05:05,425 - INFO - Created index 'swissai-fineweb-2-quality_33-filterrobots-merge_euro-mid' with configuration
{"type": "server", "timestamp": "2025-10-05T16:05:05,425+02:00", "level": "INFO", "component": "o.e.x.i.a.TransportPutLifecycleAction", "cluster.name": "docker-cluster", "node.name": "nid006900", "message": "adding index lifecycle policy [ilm-history-ilm-policy]", "cluster.uuid": "B_fwTRTvRLuxRLVCIXC0FQ", "node.id": "L6aj4QVCTkiSF7r0N8rKGA"  }
2025-10-05 16:05:05,425 - INFO - === METRICS AFTER INDEX CREATION ===
2025-10-05 16:05:05,425 - INFO - Process Memory:
2025-10-05 16:05:05,425 - INFO -   RSS: 0.17 GB
2025-10-05 16:05:05,425 - INFO -   VMS: 2.36 GB
2025-10-05 16:05:05,425 - INFO -   % of System: 0.0%
2025-10-05 16:05:05,425 - INFO - System Memory:
2025-10-05 16:05:05,425 - INFO -   Total Used: 13.6%
2025-10-05 16:05:05,425 - INFO -   Available: 738.48 GB
2025-10-05 16:05:05,425 - INFO -   Cached: 22.57 GB
{"type": "server", "timestamp": "2025-10-05T16:05:05,467+02:00", "level": "INFO", "component": "o.e.x.i.a.TransportPutLifecycleAction", "cluster.name": "docker-cluster", "node.name": "nid006900", "message": "adding index lifecycle policy [slm-history-ilm-policy]", "cluster.uuid": "B_fwTRTvRLuxRLVCIXC0FQ", "node.id": "L6aj4QVCTkiSF7r0N8rKGA"  }
{"type": "server", "timestamp": "2025-10-05T16:05:05,510+02:00", "level": "INFO", "component": "o.e.x.i.a.TransportPutLifecycleAction", "cluster.name": "docker-cluster", "node.name": "nid006900", "message": "adding index lifecycle policy [.deprecation-indexing-ilm-policy]", "cluster.uuid": "B_fwTRTvRLuxRLVCIXC0FQ", "node.id": "L6aj4QVCTkiSF7r0N8rKGA"  }
{"type": "server", "timestamp": "2025-10-05T16:05:05,554+02:00", "level": "INFO", "component": "o.e.x.i.a.TransportPutLifecycleAction", "cluster.name": "docker-cluster", "node.name": "nid006900", "message": "adding index lifecycle policy [.fleet-actions-results-ilm-policy]", "cluster.uuid": "B_fwTRTvRLuxRLVCIXC0FQ", "node.id": "L6aj4QVCTkiSF7r0N8rKGA"  }
{"type": "server", "timestamp": "2025-10-05T16:05:05,717+02:00", "level": "INFO", "component": "o.e.i.g.GeoIpDownloader", "cluster.name": "docker-cluster", "node.name": "nid006900", "message": "updating geoip databases", "cluster.uuid": "B_fwTRTvRLuxRLVCIXC0FQ", "node.id": "L6aj4QVCTkiSF7r0N8rKGA"  }
{"type": "server", "timestamp": "2025-10-05T16:05:05,717+02:00", "level": "INFO", "component": "o.e.i.g.GeoIpDownloader", "cluster.name": "docker-cluster", "node.name": "nid006900", "message": "fetching geoip databases overview from [https://geoip.elastic.co/v1/database?elastic_geoip_service_tos=agree]", "cluster.uuid": "B_fwTRTvRLuxRLVCIXC0FQ", "node.id": "L6aj4QVCTkiSF7r0N8rKGA"  }
{"type": "server", "timestamp": "2025-10-05T16:05:05,810+02:00", "level": "INFO", "component": "o.e.l.LicenseService", "cluster.name": "docker-cluster", "node.name": "nid006900", "message": "license [c136b9eb-8eed-4c8f-bc4c-fc91ecf38bd2] mode [basic] - valid", "cluster.uuid": "B_fwTRTvRLuxRLVCIXC0FQ", "node.id": "L6aj4QVCTkiSF7r0N8rKGA"  }
2025-10-05 16:05:06,427 - INFO - CPU:
2025-10-05 16:05:06,427 - INFO -   Process usage: 0.0%
2025-10-05 16:05:06,427 - INFO -   Threads: 2
2025-10-05 16:05:06,427 - INFO -   Allocated cores: 288 (IDs: [0, 1, 2, 3, 4]...)
2025-10-05 16:05:06,427 - INFO - Process I/O:
2025-10-05 16:05:06,427 - INFO -   Read: 0.03 GB
2025-10-05 16:05:06,427 - INFO -   Write: 0.00 GB
2025-10-05 16:05:06,427 - INFO - ==================================================
2025-10-05 16:05:06,427 - INFO - 
======================================================================
2025-10-05 16:05:06,427 - INFO - STEP 3: Starting document indexing...
2025-10-05 16:05:06,427 - INFO - ======================================================================
2025-10-05 16:05:06,427 - INFO - Processing 1 parquet files
2025-10-05 16:05:06,427 - INFO - === Starting Multi-Process Mode ===
2025-10-05 16:05:06,428 - INFO - Requested workers: 8
2025-10-05 16:05:06,428 - INFO - Files: 1
2025-10-05 16:05:06,428 - INFO - Actual workers: 1
2025-10-05 16:05:06,428 - INFO - Architecture: 1 parser workers -> shared queue -> 1 ES consumer
/capstor/scratch/cscs/inesaltemir/scripts/indexing/index_detokenized_with_id.py:440: DeprecationWarning: The 'body' parameter is deprecated for the 'create' API and will be removed in a future version. Instead use API parameters directly. See https://github.com/elastic/elasticsearch-py/issues/1698 for more information
  es.indices.create(index=index_name, body=config)
2025-10-05 16:05:06,444 - INFO - Worker 0 will process 1 files
2025-10-05 16:05:06,445 - INFO - All 1 parser workers started
2025-10-05 16:05:06,446 - INFO - ES Consumer started
2025-10-05 16:05:06,446 - INFO - ES consumer thread started
2025-10-05 16:05:06,446 - INFO - Starting bulk indexing with 8 threads
2025-10-05 16:05:06,446 - INFO - Worker 0 starting to parse 1 files
2025-10-05 16:05:06,446 - INFO - Worker 0: Processing file 1/1: dump-0-merged.parquet
{"type": "server", "timestamp": "2025-10-05T16:05:07,225+02:00", "level": "INFO", "component": "o.e.c.m.MetadataCreateIndexService", "cluster.name": "docker-cluster", "node.name": "nid006900", "message": "[.geoip_databases] creating index, cause [auto(bulk api)], templates [], shards [1]/[0]", "cluster.uuid": "B_fwTRTvRLuxRLVCIXC0FQ", "node.id": "L6aj4QVCTkiSF7r0N8rKGA"  }
{"type": "server", "timestamp": "2025-10-05T16:05:07,378+02:00", "level": "INFO", "component": "o.e.c.r.a.AllocationService", "cluster.name": "docker-cluster", "node.name": "nid006900", "message": "Cluster health status changed from [YELLOW] to [GREEN] (reason: [shards started [[.geoip_databases][0]]]).", "cluster.uuid": "B_fwTRTvRLuxRLVCIXC0FQ", "node.id": "L6aj4QVCTkiSF7r0N8rKGA"  }
{"type": "server", "timestamp": "2025-10-05T16:05:07,885+02:00", "level": "INFO", "component": "o.e.i.g.DatabaseNodeService", "cluster.name": "docker-cluster", "node.name": "nid006900", "message": "retrieve geoip database [GeoLite2-ASN.mmdb] from [.geoip_databases] to [/tmp/elasticsearch-7638979729892329072/geoip-databases/L6aj4QVCTkiSF7r0N8rKGA/GeoLite2-ASN.mmdb.tmp.gz]", "cluster.uuid": "B_fwTRTvRLuxRLVCIXC0FQ", "node.id": "L6aj4QVCTkiSF7r0N8rKGA"  }
{"type": "server", "timestamp": "2025-10-05T16:05:07,894+02:00", "level": "INFO", "component": "o.e.i.g.GeoIpDownloader", "cluster.name": "docker-cluster", "node.name": "nid006900", "message": "successfully downloaded geoip database [GeoLite2-ASN.mmdb]", "cluster.uuid": "B_fwTRTvRLuxRLVCIXC0FQ", "node.id": "L6aj4QVCTkiSF7r0N8rKGA"  }
{"type": "server", "timestamp": "2025-10-05T16:05:08,047+02:00", "level": "INFO", "component": "o.e.i.g.DatabaseNodeService", "cluster.name": "docker-cluster", "node.name": "nid006900", "message": "successfully reloaded changed geoip database file [/tmp/elasticsearch-7638979729892329072/geoip-databases/L6aj4QVCTkiSF7r0N8rKGA/GeoLite2-ASN.mmdb]", "cluster.uuid": "B_fwTRTvRLuxRLVCIXC0FQ", "node.id": "L6aj4QVCTkiSF7r0N8rKGA"  }
{"type": "server", "timestamp": "2025-10-05T16:05:10,098+02:00", "level": "INFO", "component": "o.e.i.g.DatabaseNodeService", "cluster.name": "docker-cluster", "node.name": "nid006900", "message": "retrieve geoip database [GeoLite2-City.mmdb] from [.geoip_databases] to [/tmp/elasticsearch-7638979729892329072/geoip-databases/L6aj4QVCTkiSF7r0N8rKGA/GeoLite2-City.mmdb.tmp.gz]", "cluster.uuid": "B_fwTRTvRLuxRLVCIXC0FQ", "node.id": "L6aj4QVCTkiSF7r0N8rKGA"  }
{"type": "server", "timestamp": "2025-10-05T16:05:10,107+02:00", "level": "INFO", "component": "o.e.i.g.GeoIpDownloader", "cluster.name": "docker-cluster", "node.name": "nid006900", "message": "successfully downloaded geoip database [GeoLite2-City.mmdb]", "cluster.uuid": "B_fwTRTvRLuxRLVCIXC0FQ", "node.id": "L6aj4QVCTkiSF7r0N8rKGA"  }
2025-10-05 16:05:10,355 - INFO - Worker 0: Parsed 50,000 docs, Queue: 1
{"type": "server", "timestamp": "2025-10-05T16:05:10,486+02:00", "level": "INFO", "component": "o.e.i.g.DatabaseNodeService", "cluster.name": "docker-cluster", "node.name": "nid006900", "message": "successfully reloaded changed geoip database file [/tmp/elasticsearch-7638979729892329072/geoip-databases/L6aj4QVCTkiSF7r0N8rKGA/GeoLite2-City.mmdb]", "cluster.uuid": "B_fwTRTvRLuxRLVCIXC0FQ", "node.id": "L6aj4QVCTkiSF7r0N8rKGA"  }
2025-10-05 16:05:11,077 - INFO - POST http://localhost:9200/_bulk [status:200 request:3.263s]
2025-10-05 16:05:11,231 - INFO - Progress: 10,000 indexed, 0 failed, Rate: 2089.7 docs/sec, Queue: 2, Elapsed: 4.8s
{"type": "server", "timestamp": "2025-10-05T16:05:11,320+02:00", "level": "INFO", "component": "o.e.i.g.DatabaseNodeService", "cluster.name": "docker-cluster", "node.name": "nid006900", "message": "retrieve geoip database [GeoLite2-Country.mmdb] from [.geoip_databases] to [/tmp/elasticsearch-7638979729892329072/geoip-databases/L6aj4QVCTkiSF7r0N8rKGA/GeoLite2-Country.mmdb.tmp.gz]", "cluster.uuid": "B_fwTRTvRLuxRLVCIXC0FQ", "node.id": "L6aj4QVCTkiSF7r0N8rKGA"  }
{"type": "server", "timestamp": "2025-10-05T16:05:11,328+02:00", "level": "INFO", "component": "o.e.i.g.GeoIpDownloader", "cluster.name": "docker-cluster", "node.name": "nid006900", "message": "successfully downloaded geoip database [GeoLite2-Country.mmdb]", "cluster.uuid": "B_fwTRTvRLuxRLVCIXC0FQ", "node.id": "L6aj4QVCTkiSF7r0N8rKGA"  }
{"type": "server", "timestamp": "2025-10-05T16:05:11,385+02:00", "level": "INFO", "component": "o.e.i.g.DatabaseNodeService", "cluster.name": "docker-cluster", "node.name": "nid006900", "message": "successfully reloaded changed geoip database file [/tmp/elasticsearch-7638979729892329072/geoip-databases/L6aj4QVCTkiSF7r0N8rKGA/GeoLite2-Country.mmdb]", "cluster.uuid": "B_fwTRTvRLuxRLVCIXC0FQ", "node.id": "L6aj4QVCTkiSF7r0N8rKGA"  }
2025-10-05 16:05:13,819 - INFO - Worker 0: Parsed 100,000 docs, Queue: 1
2025-10-05 16:05:16,456 - INFO - Overall progress: Parsed 138,000, Indexed 0, Queue: 0
2025-10-05 16:05:17,162 - INFO - POST http://localhost:9200/_bulk [status:200 request:8.668s]
2025-10-05 16:05:17,226 - INFO - Worker 0: Parsed 150,000 docs, Queue: 2
2025-10-05 16:05:17,413 - INFO - Progress: 20,000 indexed, 0 failed, Rate: 1823.6 docs/sec, Queue: 3, Elapsed: 11.0s
2025-10-05 16:05:19,545 - INFO - POST http://localhost:9200/_bulk [status:200 request:7.634s]
2025-10-05 16:05:19,762 - INFO - POST http://localhost:9200/_bulk [status:200 request:8.445s]
2025-10-05 16:05:20,675 - INFO - Worker 0: Parsed 200,000 docs, Queue: 1
2025-10-05 16:05:20,897 - INFO - POST http://localhost:9200/_bulk [status:200 request:7.613s]
2025-10-05 16:05:21,527 - INFO - POST http://localhost:9200/_bulk [status:200 request:8.925s]
2025-10-05 16:05:24,166 - INFO - Worker 0: Parsed 250,000 docs, Queue: 1
2025-10-05 16:05:25,991 - INFO - POST http://localhost:9200/_bulk [status:200 request:8.554s]
2025-10-05 16:05:26,462 - INFO - Overall progress: Parsed 282,000, Indexed 0, Queue: 0
2025-10-05 16:05:27,630 - INFO - Worker 0: Parsed 300,000 docs, Queue: 1
2025-10-05 16:05:29,256 - INFO - POST http://localhost:9200/_bulk [status:200 request:20.090s]
2025-10-05 16:05:29,418 - INFO - Progress: 30,000 indexed, 0 failed, Rate: 1305.9 docs/sec, Queue: 4, Elapsed: 23.0s
2025-10-05 16:05:30,456 - INFO - POST http://localhost:9200/_bulk [status:200 request:10.721s]
2025-10-05 16:05:30,637 - INFO - POST http://localhost:9200/_bulk [status:200 request:9.503s]
2025-10-05 16:05:31,122 - INFO - Worker 0: Parsed 350,000 docs, Queue: 14
2025-10-05 16:05:32,868 - INFO - POST http://localhost:9200/_bulk [status:200 request:11.070s]
2025-10-05 16:05:34,283 - INFO - POST http://localhost:9200/_bulk [status:200 request:14.218s]
2025-10-05 16:05:34,721 - INFO - Worker 0: Parsed 400,000 docs, Queue: 32
2025-10-05 16:05:36,463 - INFO - Overall progress: Parsed 422,000, Indexed 0, Queue: 51
2025-10-05 16:05:37,686 - INFO - POST http://localhost:9200/_bulk [status:200 request:11.514s]
2025-10-05 16:05:38,450 - INFO - Worker 0: Parsed 450,000 docs, Queue: 69
2025-10-05 16:05:41,173 - INFO - POST http://localhost:9200/_bulk [status:200 request:31.306s]
2025-10-05 16:05:41,337 - INFO - Progress: 40,000 indexed, 0 failed, Rate: 1146.4 docs/sec, Queue: 106, Elapsed: 34.9s
2025-10-05 16:05:41,382 - INFO - POST http://localhost:9200/_bulk [status:200 request:30.850s]
2025-10-05 16:05:41,580 - INFO - Progress: 50,000 indexed, 0 failed, Rate: 1423.1 docs/sec, Queue: 108, Elapsed: 35.1s
2025-10-05 16:05:41,625 - INFO - POST http://localhost:9200/_bulk [status:200 request:10.954s]
2025-10-05 16:05:41,629 - INFO - Progress: 60,000 indexed, 0 failed, Rate: 1705.4 docs/sec, Queue: 108, Elapsed: 35.2s
2025-10-05 16:05:41,768 - INFO - Progress: 70,000 indexed, 0 failed, Rate: 1981.8 docs/sec, Queue: 109, Elapsed: 35.3s
2025-10-05 16:05:41,839 - INFO - Progress: 80,000 indexed, 0 failed, Rate: 2260.3 docs/sec, Queue: 110, Elapsed: 35.4s
2025-10-05 16:05:41,896 - INFO - Progress: 90,000 indexed, 0 failed, Rate: 2538.8 docs/sec, Queue: 111, Elapsed: 35.5s
2025-10-05 16:05:41,912 - INFO - Progress: 100,000 indexed, 0 failed, Rate: 2819.6 docs/sec, Queue: 111, Elapsed: 35.5s
2025-10-05 16:05:41,959 - INFO - === METRICS ES CONSUMER AT 100000 DOCS ===
2025-10-05 16:05:41,964 - INFO - Process Memory:
2025-10-05 16:05:41,969 - INFO -   RSS: 3.03 GB
2025-10-05 16:05:41,974 - INFO -   VMS: 5.85 GB
2025-10-05 16:05:41,980 - INFO -   % of System: 0.4%
2025-10-05 16:05:41,985 - INFO - System Memory:
2025-10-05 16:05:41,991 - INFO -   Total Used: 14.0%
2025-10-05 16:05:41,996 - INFO -   Available: 734.80 GB
2025-10-05 16:05:42,001 - INFO -   Cached: 23.66 GB
2025-10-05 16:05:42,338 - INFO - Worker 0: Parsed 500,000 docs, Queue: 108
2025-10-05 16:05:42,524 - INFO - POST http://localhost:9200/_bulk [status:200 request:8.071s]
2025-10-05 16:05:43,015 - INFO - CPU:
2025-10-05 16:05:43,020 - INFO -   Process usage: 100.1%
2025-10-05 16:05:43,026 - INFO -   Threads: 14
2025-10-05 16:05:43,031 - INFO -   Allocated cores: 288 (IDs: [0, 1, 2, 3, 4]...)
2025-10-05 16:05:43,049 - INFO - Process I/O:
2025-10-05 16:05:43,054 - INFO -   Read: 0.03 GB
2025-10-05 16:05:43,060 - INFO -   Write: 0.00 GB
2025-10-05 16:05:43,065 - INFO - ==================================================
2025-10-05 16:05:43,281 - INFO - Progress: 110,000 indexed, 0 failed, Rate: 2986.3 docs/sec, Queue: 103, Elapsed: 36.8s
2025-10-05 16:05:43,299 - INFO - Progress: 120,000 indexed, 0 failed, Rate: 3256.1 docs/sec, Queue: 104, Elapsed: 36.9s
2025-10-05 16:05:43,311 - INFO - Progress: 130,000 indexed, 0 failed, Rate: 3526.4 docs/sec, Queue: 104, Elapsed: 36.9s
2025-10-05 16:05:43,340 - INFO - Progress: 140,000 indexed, 0 failed, Rate: 3794.7 docs/sec, Queue: 103, Elapsed: 36.9s
2025-10-05 16:05:43,363 - INFO - Progress: 150,000 indexed, 0 failed, Rate: 4063.2 docs/sec, Queue: 104, Elapsed: 36.9s
2025-10-05 16:05:44,444 - INFO - POST http://localhost:9200/_bulk [status:200 request:13.426s]
2025-10-05 16:05:46,354 - INFO - Worker 0: Parsed 550,000 docs, Queue: 119
2025-10-05 16:05:46,463 - INFO - Overall progress: Parsed 550,000, Indexed 0, Queue: 119
2025-10-05 16:05:47,171 - INFO - POST http://localhost:9200/_bulk [status:200 request:9.302s]
2025-10-05 16:05:50,436 - INFO - Worker 0: Parsed 600,000 docs, Queue: 159
2025-10-05 16:05:51,356 - INFO - POST http://localhost:9200/_bulk [status:200 request:8.623s]
2025-10-05 16:05:54,125 - INFO - POST http://localhost:9200/_bulk [status:200 request:12.514s]
2025-10-05 16:05:54,732 - INFO - Worker 0: Parsed 650,000 docs, Queue: 189
2025-10-05 16:05:55,763 - INFO - POST http://localhost:9200/_bulk [status:200 request:11.132s]
2025-10-05 16:05:56,464 - INFO - Overall progress: Parsed 669,000, Indexed 0, Queue: 198
2025-10-05 16:05:56,671 - INFO - POST http://localhost:9200/_bulk [status:200 request:15.309s]
2025-10-05 16:05:57,098 - INFO - POST http://localhost:9200/_bulk [status:200 request:9.717s]
2025-10-05 16:05:59,094 - INFO - Worker 0: Parsed 700,000 docs, Queue: 209
2025-10-05 16:05:59,286 - INFO - POST http://localhost:9200/_bulk [status:200 request:29.844s]
2025-10-05 16:05:59,442 - INFO - Progress: 160,000 indexed, 0 failed, Rate: 3019.1 docs/sec, Queue: 212, Elapsed: 53.0s
2025-10-05 16:05:59,482 - INFO - Progress: 170,000 indexed, 0 failed, Rate: 3205.3 docs/sec, Queue: 212, Elapsed: 53.0s
2025-10-05 16:05:59,517 - INFO - Progress: 180,000 indexed, 0 failed, Rate: 3391.7 docs/sec, Queue: 213, Elapsed: 53.1s
2025-10-05 16:06:00,544 - INFO - POST http://localhost:9200/_bulk [status:200 request:8.806s]
2025-10-05 16:06:03,531 - INFO - Worker 0: Parsed 750,000 docs, Queue: 239
2025-10-05 16:06:04,366 - INFO - POST http://localhost:9200/_bulk [status:200 request:31.319s]
2025-10-05 16:06:04,547 - INFO - Progress: 190,000 indexed, 0 failed, Rate: 3270.1 docs/sec, Queue: 249, Elapsed: 58.1s
2025-10-05 16:06:04,575 - INFO - Progress: 200,000 indexed, 0 failed, Rate: 3440.6 docs/sec, Queue: 249, Elapsed: 58.1s
2025-10-05 16:06:04,606 - INFO - === METRICS ES CONSUMER AT 200000 DOCS ===
2025-10-05 16:06:04,611 - INFO - Process Memory:
2025-10-05 16:06:04,617 - INFO -   RSS: 3.04 GB
2025-10-05 16:06:04,622 - INFO -   VMS: 5.85 GB
2025-10-05 16:06:04,629 - INFO -   % of System: 0.4%
2025-10-05 16:06:04,630 - INFO - System Memory:
2025-10-05 16:06:04,635 - INFO -   Total Used: 13.9%
2025-10-05 16:06:04,640 - INFO -   Available: 735.37 GB
2025-10-05 16:06:04,645 - INFO -   Cached: 24.14 GB
2025-10-05 16:06:05,666 - INFO - CPU:
2025-10-05 16:06:05,667 - INFO -   Process usage: 23.6%
2025-10-05 16:06:05,667 - INFO -   Threads: 14
2025-10-05 16:06:05,667 - INFO -   Allocated cores: 288 (IDs: [0, 1, 2, 3, 4]...)
2025-10-05 16:06:05,667 - INFO - Process I/O:
2025-10-05 16:06:05,667 - INFO -   Read: 0.03 GB
2025-10-05 16:06:05,667 - INFO -   Write: 0.00 GB
2025-10-05 16:06:05,667 - INFO - ==================================================
2025-10-05 16:06:05,907 - INFO - Progress: 210,000 indexed, 0 failed, Rate: 3531.7 docs/sec, Queue: 254, Elapsed: 59.5s
2025-10-05 16:06:05,930 - INFO - Progress: 220,000 indexed, 0 failed, Rate: 3698.4 docs/sec, Queue: 254, Elapsed: 59.5s
2025-10-05 16:06:05,941 - INFO - Progress: 230,000 indexed, 0 failed, Rate: 3865.8 docs/sec, Queue: 255, Elapsed: 59.5s
2025-10-05 16:06:06,166 - INFO - POST http://localhost:9200/_bulk [status:200 request:9.097s]
2025-10-05 16:06:06,480 - INFO - Overall progress: Parsed 781,000, Indexed 0, Queue: 256
2025-10-05 16:06:07,494 - INFO - POST http://localhost:9200/_bulk [status:200 request:25.585s]
2025-10-05 16:06:07,671 - INFO - Progress: 240,000 indexed, 0 failed, Rate: 3920.0 docs/sec, Queue: 263, Elapsed: 61.2s
2025-10-05 16:06:07,695 - INFO - Progress: 250,000 indexed, 0 failed, Rate: 4081.7 docs/sec, Queue: 263, Elapsed: 61.2s
2025-10-05 16:06:07,722 - INFO - Progress: 260,000 indexed, 0 failed, Rate: 4243.1 docs/sec, Queue: 263, Elapsed: 61.3s
2025-10-05 16:06:07,755 - INFO - Progress: 270,000 indexed, 0 failed, Rate: 4403.9 docs/sec, Queue: 264, Elapsed: 61.3s
2025-10-05 16:06:07,775 - INFO - Progress: 280,000 indexed, 0 failed, Rate: 4565.5 docs/sec, Queue: 264, Elapsed: 61.3s
2025-10-05 16:06:08,183 - INFO - Worker 0: Parsed 800,000 docs, Queue: 259
2025-10-05 16:06:08,806 - INFO - POST http://localhost:9200/_bulk [status:200 request:11.496s]
2025-10-05 16:06:10,599 - INFO - POST http://localhost:9200/_bulk [status:200 request:9.858s]
2025-10-05 16:06:10,957 - INFO - POST http://localhost:9200/_bulk [status:200 request:11.419s]
2025-10-05 16:06:12,927 - INFO - Worker 0: Parsed 850,000 docs, Queue: 279
2025-10-05 16:06:13,525 - INFO - POST http://localhost:9200/_bulk [status:200 request:8.950s]
2025-10-05 16:06:16,486 - INFO - Overall progress: Parsed 881,000, Indexed 0, Queue: 300
2025-10-05 16:06:16,899 - INFO - POST http://localhost:9200/_bulk [status:200 request:22.591s]
2025-10-05 16:06:17,048 - INFO - Progress: 290,000 indexed, 0 failed, Rate: 4107.5 docs/sec, Queue: 300, Elapsed: 70.6s
2025-10-05 16:06:19,460 - INFO - POST http://localhost:9200/_bulk [status:200 request:11.762s]
2025-10-05 16:06:20,436 - INFO - Worker 0: Parsed 900,000 docs, Queue: 299
2025-10-05 16:06:21,798 - INFO - POST http://localhost:9200/_bulk [status:200 request:25.841s]
2025-10-05 16:06:21,937 - INFO - Progress: 300,000 indexed, 0 failed, Rate: 3974.0 docs/sec, Queue: 300, Elapsed: 75.5s
2025-10-05 16:06:22,005 - INFO - === METRICS ES CONSUMER AT 300000 DOCS ===
2025-10-05 16:06:22,010 - INFO - Process Memory:
2025-10-05 16:06:22,015 - INFO -   RSS: 3.07 GB
2025-10-05 16:06:22,021 - INFO -   VMS: 5.85 GB
2025-10-05 16:06:22,030 - INFO -   % of System: 0.4%
2025-10-05 16:06:22,030 - INFO - System Memory:
2025-10-05 16:06:22,256 - INFO -   Total Used: 14.0%
2025-10-05 16:06:22,262 - INFO -   Available: 734.49 GB
2025-10-05 16:06:22,267 - INFO -   Cached: 24.76 GB
2025-10-05 16:06:22,306 - INFO - POST http://localhost:9200/_bulk [status:200 request:13.306s]
2025-10-05 16:06:23,218 - INFO - POST http://localhost:9200/_bulk [status:200 request:11.947s]
2025-10-05 16:06:23,417 - INFO - CPU:
2025-10-05 16:06:23,417 - INFO -   Process usage: 86.6%
2025-10-05 16:06:23,422 - INFO -   Threads: 14
2025-10-05 16:06:23,427 - INFO -   Allocated cores: 288 (IDs: [0, 1, 2, 3, 4]...)
2025-10-05 16:06:23,448 - INFO - Process I/O:
2025-10-05 16:06:23,452 - INFO -   Read: 0.03 GB
2025-10-05 16:06:23,452 - INFO -   Write: 0.00 GB
2025-10-05 16:06:23,452 - INFO - ==================================================
2025-10-05 16:06:23,730 - INFO - Progress: 310,000 indexed, 0 failed, Rate: 4011.2 docs/sec, Queue: 293, Elapsed: 77.3s
2025-10-05 16:06:23,763 - INFO - Progress: 320,000 indexed, 0 failed, Rate: 4138.8 docs/sec, Queue: 293, Elapsed: 77.3s
2025-10-05 16:06:23,791 - INFO - Progress: 330,000 indexed, 0 failed, Rate: 4266.6 docs/sec, Queue: 294, Elapsed: 77.3s
2025-10-05 16:06:23,816 - INFO - Progress: 340,000 indexed, 0 failed, Rate: 4394.5 docs/sec, Queue: 294, Elapsed: 77.4s
2025-10-05 16:06:23,847 - INFO - Progress: 350,000 indexed, 0 failed, Rate: 4521.9 docs/sec, Queue: 294, Elapsed: 77.4s
2025-10-05 16:06:26,486 - INFO - Overall progress: Parsed 931,000, Indexed 0, Queue: 300
2025-10-05 16:06:27,351 - INFO - POST http://localhost:9200/_bulk [status:200 request:10.245s]
2025-10-05 16:06:28,938 - INFO - POST http://localhost:9200/_bulk [status:200 request:9.284s]
2025-10-05 16:06:29,927 - INFO - Worker 0: Parsed 950,000 docs, Queue: 299
2025-10-05 16:06:31,269 - INFO - POST http://localhost:9200/_bulk [status:200 request:24.919s]
2025-10-05 16:06:31,450 - INFO - Progress: 360,000 indexed, 0 failed, Rate: 4235.1 docs/sec, Queue: 300, Elapsed: 85.0s
2025-10-05 16:06:31,468 - INFO - Progress: 370,000 indexed, 0 failed, Rate: 4351.8 docs/sec, Queue: 300, Elapsed: 85.0s
2025-10-05 16:06:31,489 - INFO - Progress: 380,000 indexed, 0 failed, Rate: 4468.3 docs/sec, Queue: 300, Elapsed: 85.0s
2025-10-05 16:06:32,081 - INFO - POST http://localhost:9200/_bulk [status:200 request:10.086s]
2025-10-05 16:06:33,021 - INFO - POST http://localhost:9200/_bulk [status:200 request:10.503s]
2025-10-05 16:06:33,706 - INFO - POST http://localhost:9200/_bulk [status:200 request:10.289s]
2025-10-05 16:06:35,496 - INFO - POST http://localhost:9200/_bulk [status:200 request:21.779s]
2025-10-05 16:06:35,661 - INFO - POST http://localhost:9200/_bulk [status:200 request:24.544s]
2025-10-05 16:06:35,877 - INFO - Progress: 390,000 indexed, 0 failed, Rate: 4360.9 docs/sec, Queue: 300, Elapsed: 89.4s
2025-10-05 16:06:35,927 - INFO - Progress: 400,000 indexed, 0 failed, Rate: 4470.2 docs/sec, Queue: 300, Elapsed: 89.5s
2025-10-05 16:06:35,980 - INFO - === METRICS ES CONSUMER AT 400000 DOCS ===
2025-10-05 16:06:35,986 - INFO - Process Memory:
2025-10-05 16:06:35,991 - INFO -   RSS: 3.07 GB
2025-10-05 16:06:35,996 - INFO -   VMS: 5.84 GB
2025-10-05 16:06:36,008 - INFO -   % of System: 0.4%
2025-10-05 16:06:36,008 - INFO - System Memory:
2025-10-05 16:06:36,008 - INFO -   Total Used: 14.1%
2025-10-05 16:06:36,008 - INFO -   Available: 734.15 GB
2025-10-05 16:06:36,013 - INFO -   Cached: 24.36 GB
2025-10-05 16:06:36,502 - INFO - Overall progress: Parsed 996,000, Indexed 0, Queue: 290
2025-10-05 16:06:36,753 - INFO - Worker 0: Parsed 1,000,000 docs, Queue: 289
2025-10-05 16:06:37,030 - INFO - CPU:
2025-10-05 16:06:37,030 - INFO -   Process usage: 57.4%
2025-10-05 16:06:37,030 - INFO -   Threads: 14
2025-10-05 16:06:37,031 - INFO -   Allocated cores: 288 (IDs: [0, 1, 2, 3, 4]...)
2025-10-05 16:06:37,031 - INFO - Process I/O:
2025-10-05 16:06:37,031 - INFO -   Read: 0.03 GB
2025-10-05 16:06:37,031 - INFO -   Write: 0.00 GB
2025-10-05 16:06:37,031 - INFO - ==================================================
2025-10-05 16:06:37,329 - INFO - Progress: 410,000 indexed, 0 failed, Rate: 4511.3 docs/sec, Queue: 293, Elapsed: 90.9s
2025-10-05 16:06:37,341 - INFO - Progress: 420,000 indexed, 0 failed, Rate: 4620.7 docs/sec, Queue: 294, Elapsed: 90.9s
2025-10-05 16:06:37,364 - INFO - Progress: 430,000 indexed, 0 failed, Rate: 4729.5 docs/sec, Queue: 294, Elapsed: 90.9s
2025-10-05 16:06:37,387 - INFO - Progress: 440,000 indexed, 0 failed, Rate: 4838.3 docs/sec, Queue: 294, Elapsed: 90.9s
2025-10-05 16:06:37,404 - INFO - Progress: 450,000 indexed, 0 failed, Rate: 4947.3 docs/sec, Queue: 295, Elapsed: 91.0s
2025-10-05 16:06:37,421 - INFO - Progress: 460,000 indexed, 0 failed, Rate: 5056.3 docs/sec, Queue: 295, Elapsed: 91.0s
2025-10-05 16:06:40,126 - INFO - POST http://localhost:9200/_bulk [status:200 request:12.577s]
2025-10-05 16:06:40,317 - INFO - Progress: 470,000 indexed, 0 failed, Rate: 5006.9 docs/sec, Queue: 300, Elapsed: 93.9s
2025-10-05 16:06:43,010 - INFO - POST http://localhost:9200/_bulk [status:200 request:13.865s]
2025-10-05 16:06:43,207 - INFO - Progress: 480,000 indexed, 0 failed, Rate: 4960.7 docs/sec, Queue: 300, Elapsed: 96.8s
2025-10-05 16:06:45,210 - INFO - POST http://localhost:9200/_bulk [status:200 request:13.735s]
2025-10-05 16:06:45,400 - INFO - Progress: 490,000 indexed, 0 failed, Rate: 4951.8 docs/sec, Queue: 300, Elapsed: 99.0s
2025-10-05 16:06:45,704 - INFO - POST http://localhost:9200/_bulk [status:200 request:11.798s]
2025-10-05 16:06:46,508 - INFO - Overall progress: Parsed 1,042,000, Indexed 0, Queue: 294
2025-10-05 16:06:47,229 - INFO - Worker 0: Parsed 1,050,000 docs, Queue: 299
2025-10-05 16:06:48,123 - INFO - POST http://localhost:9200/_bulk [status:200 request:12.329s]
2025-10-05 16:06:48,552 - INFO - POST http://localhost:9200/_bulk [status:200 request:12.613s]
2025-10-05 16:06:51,539 - INFO - POST http://localhost:9200/_bulk [status:200 request:11.199s]
2025-10-05 16:06:53,421 - INFO - POST http://localhost:9200/_bulk [status:200 request:20.190s]
2025-10-05 16:06:53,615 - INFO - POST http://localhost:9200/_bulk [status:200 request:21.276s]
2025-10-05 16:06:54,142 - INFO - Progress: 500,000 indexed, 0 failed, Rate: 4642.7 docs/sec, Queue: 300, Elapsed: 107.7s
2025-10-05 16:06:54,174 - INFO - === METRICS ES CONSUMER AT 500000 DOCS ===
2025-10-05 16:06:54,179 - INFO - Process Memory:
2025-10-05 16:06:54,184 - INFO -   RSS: 3.08 GB
2025-10-05 16:06:54,189 - INFO -   VMS: 5.90 GB
2025-10-05 16:06:54,196 - INFO -   % of System: 0.4%
2025-10-05 16:06:54,201 - INFO - System Memory:
2025-10-05 16:06:54,206 - INFO -   Total Used: 14.2%
2025-10-05 16:06:54,211 - INFO -   Available: 733.19 GB
2025-10-05 16:06:54,216 - INFO -   Cached: 24.90 GB
2025-10-05 16:06:55,233 - INFO - CPU:
2025-10-05 16:06:55,233 - INFO -   Process usage: 56.4%
2025-10-05 16:06:55,233 - INFO -   Threads: 14
2025-10-05 16:06:55,234 - INFO -   Allocated cores: 288 (IDs: [0, 1, 2, 3, 4]...)
2025-10-05 16:06:55,234 - INFO - Process I/O:
2025-10-05 16:06:55,234 - INFO -   Read: 0.03 GB
2025-10-05 16:06:55,234 - INFO -   Write: 0.00 GB
2025-10-05 16:06:55,234 - INFO - ==================================================
2025-10-05 16:06:55,542 - INFO - Progress: 510,000 indexed, 0 failed, Rate: 4674.8 docs/sec, Queue: 295, Elapsed: 109.1s
2025-10-05 16:06:55,554 - INFO - Progress: 520,000 indexed, 0 failed, Rate: 4765.9 docs/sec, Queue: 295, Elapsed: 109.1s
2025-10-05 16:06:55,575 - INFO - Progress: 530,000 indexed, 0 failed, Rate: 4856.6 docs/sec, Queue: 296, Elapsed: 109.1s
2025-10-05 16:06:55,592 - INFO - Progress: 540,000 indexed, 0 failed, Rate: 4947.5 docs/sec, Queue: 296, Elapsed: 109.1s
2025-10-05 16:06:55,609 - INFO - Progress: 550,000 indexed, 0 failed, Rate: 5038.3 docs/sec, Queue: 296, Elapsed: 109.2s
2025-10-05 16:06:55,803 - INFO - Worker 0: Parsed 1,100,000 docs, Queue: 299
2025-10-05 16:06:56,509 - INFO - Overall progress: Parsed 1,101,000, Indexed 0, Queue: 300
2025-10-05 16:06:57,553 - INFO - POST http://localhost:9200/_bulk [status:200 request:12.130s]
2025-10-05 16:06:57,968 - INFO - POST http://localhost:9200/_bulk [status:200 request:14.731s]
2025-10-05 16:06:58,186 - INFO - Progress: 560,000 indexed, 0 failed, Rate: 5011.6 docs/sec, Queue: 299, Elapsed: 111.7s
2025-10-05 16:06:58,232 - INFO - Progress: 570,000 indexed, 0 failed, Rate: 5099.0 docs/sec, Queue: 298, Elapsed: 111.8s
2025-10-05 16:06:58,427 - INFO - POST http://localhost:9200/_bulk [status:200 request:9.392s]
2025-10-05 16:06:59,750 - INFO - POST http://localhost:9200/_bulk [status:200 request:13.577s]
2025-10-05 16:06:59,950 - INFO - Progress: 580,000 indexed, 0 failed, Rate: 5109.9 docs/sec, Queue: 292, Elapsed: 113.5s
2025-10-05 16:07:05,224 - INFO - POST http://localhost:9200/_bulk [status:200 request:13.485s]
2025-10-05 16:07:06,239 - INFO - Worker 0: Parsed 1,150,000 docs, Queue: 299
2025-10-05 16:07:06,509 - INFO - Overall progress: Parsed 1,151,000, Indexed 0, Queue: 300
2025-10-05 16:07:07,375 - INFO - POST http://localhost:9200/_bulk [status:200 request:13.209s]
2025-10-05 16:07:07,972 - INFO - POST http://localhost:9200/_bulk [status:200 request:10.210s]
2025-10-05 16:07:10,226 - INFO - POST http://localhost:9200/_bulk [status:200 request:10.253s]
2025-10-05 16:07:10,472 - INFO - POST http://localhost:9200/_bulk [status:200 request:11.796s]
2025-10-05 16:07:11,928 - INFO - POST http://localhost:9200/_bulk [status:200 request:23.608s]
2025-10-05 16:07:12,118 - INFO - Progress: 590,000 indexed, 0 failed, Rate: 4694.8 docs/sec, Queue: 293, Elapsed: 125.7s
2025-10-05 16:07:12,136 - INFO - Progress: 600,000 indexed, 0 failed, Rate: 4773.6 docs/sec, Queue: 293, Elapsed: 125.7s
2025-10-05 16:07:12,173 - INFO - === METRICS ES CONSUMER AT 600000 DOCS ===
2025-10-05 16:07:12,178 - INFO - Process Memory:
2025-10-05 16:07:12,183 - INFO -   RSS: 3.08 GB
2025-10-05 16:07:12,188 - INFO -   VMS: 5.89 GB
2025-10-05 16:07:12,200 - INFO -   % of System: 0.4%
2025-10-05 16:07:12,200 - INFO - System Memory:
2025-10-05 16:07:12,200 - INFO -   Total Used: 14.2%
2025-10-05 16:07:12,206 - INFO -   Available: 733.24 GB
2025-10-05 16:07:12,211 - INFO -   Cached: 26.25 GB
2025-10-05 16:07:13,233 - INFO - CPU:
2025-10-05 16:07:13,233 - INFO -   Process usage: 25.6%
2025-10-05 16:07:13,233 - INFO -   Threads: 14
2025-10-05 16:07:13,233 - INFO -   Allocated cores: 288 (IDs: [0, 1, 2, 3, 4]...)
2025-10-05 16:07:13,233 - INFO - Process I/O:
2025-10-05 16:07:13,233 - INFO -   Read: 0.03 GB
2025-10-05 16:07:13,233 - INFO -   Write: 0.00 GB
2025-10-05 16:07:13,233 - INFO - ==================================================
2025-10-05 16:07:13,555 - INFO - Progress: 610,000 indexed, 0 failed, Rate: 4799.0 docs/sec, Queue: 298, Elapsed: 127.1s
2025-10-05 16:07:13,572 - INFO - Worker 0: Parsed 1,200,000 docs, Queue: 299
2025-10-05 16:07:15,885 - INFO - POST http://localhost:9200/_bulk [status:200 request:22.246s]
2025-10-05 16:07:16,098 - INFO - Progress: 620,000 indexed, 0 failed, Rate: 4782.0 docs/sec, Queue: 300, Elapsed: 129.7s
2025-10-05 16:07:16,121 - INFO - Progress: 630,000 indexed, 0 failed, Rate: 4858.3 docs/sec, Queue: 300, Elapsed: 129.7s
2025-10-05 16:07:16,155 - INFO - Progress: 640,000 indexed, 0 failed, Rate: 4934.1 docs/sec, Queue: 300, Elapsed: 129.7s
2025-10-05 16:07:16,510 - INFO - Overall progress: Parsed 1,204,000, Indexed 0, Queue: 293
2025-10-05 16:07:18,173 - INFO - POST http://localhost:9200/_bulk [status:200 request:10.338s]
2025-10-05 16:07:18,401 - INFO - POST http://localhost:9200/_bulk [status:200 request:10.184s]
2025-10-05 16:07:20,606 - INFO - POST http://localhost:9200/_bulk [status:200 request:22.356s]
2025-10-05 16:07:20,815 - INFO - Progress: 650,000 indexed, 0 failed, Rate: 4837.4 docs/sec, Queue: 300, Elapsed: 134.4s
2025-10-05 16:07:20,834 - INFO - Progress: 660,000 indexed, 0 failed, Rate: 4911.1 docs/sec, Queue: 300, Elapsed: 134.4s
2025-10-05 16:07:20,873 - INFO - Progress: 670,000 indexed, 0 failed, Rate: 4984.1 docs/sec, Queue: 300, Elapsed: 134.4s
2025-10-05 16:07:22,491 - INFO - POST http://localhost:9200/_bulk [status:200 request:10.349s]
2025-10-05 16:07:23,510 - INFO - Worker 0: Parsed 1,250,000 docs, Queue: 299
2025-10-05 16:07:24,212 - INFO - POST http://localhost:9200/_bulk [status:200 request:18.771s]
2025-10-05 16:07:24,399 - INFO - Progress: 680,000 indexed, 0 failed, Rate: 4929.2 docs/sec, Queue: 300, Elapsed: 138.0s
2025-10-05 16:07:24,446 - INFO - Progress: 690,000 indexed, 0 failed, Rate: 5000.0 docs/sec, Queue: 300, Elapsed: 138.0s
2025-10-05 16:07:24,478 - INFO - Progress: 700,000 indexed, 0 failed, Rate: 5071.3 docs/sec, Queue: 300, Elapsed: 138.0s
2025-10-05 16:07:24,514 - INFO - === METRICS ES CONSUMER AT 700000 DOCS ===
2025-10-05 16:07:24,519 - INFO - Process Memory:
2025-10-05 16:07:24,525 - INFO -   RSS: 3.10 GB
2025-10-05 16:07:24,530 - INFO -   VMS: 5.91 GB
2025-10-05 16:07:24,535 - INFO -   % of System: 0.4%
2025-10-05 16:07:24,542 - INFO - System Memory:
2025-10-05 16:07:24,547 - INFO -   Total Used: 14.2%
2025-10-05 16:07:24,552 - INFO -   Available: 732.85 GB
2025-10-05 16:07:24,557 - INFO -   Cached: 26.29 GB
2025-10-05 16:07:25,575 - INFO - CPU:
2025-10-05 16:07:25,575 - INFO -   Process usage: 53.3%
2025-10-05 16:07:25,575 - INFO -   Threads: 14
2025-10-05 16:07:25,576 - INFO -   Allocated cores: 288 (IDs: [0, 1, 2, 3, 4]...)
2025-10-05 16:07:25,576 - INFO - Process I/O:
2025-10-05 16:07:25,576 - INFO -   Read: 0.03 GB
2025-10-05 16:07:25,576 - INFO -   Write: 0.00 GB
2025-10-05 16:07:25,576 - INFO - ==================================================
2025-10-05 16:07:26,511 - INFO - Overall progress: Parsed 1,261,000, Indexed 0, Queue: 300
2025-10-05 16:07:27,630 - INFO - POST http://localhost:9200/_bulk [status:200 request:8.954s]
2025-10-05 16:07:28,987 - INFO - POST http://localhost:9200/_bulk [status:200 request:10.596s]
2025-10-05 16:07:30,299 - INFO - POST http://localhost:9200/_bulk [status:200 request:9.460s]
2025-10-05 16:07:30,817 - INFO - POST http://localhost:9200/_bulk [status:200 request:20.383s]
2025-10-05 16:07:30,974 - INFO - POST http://localhost:9200/_bulk [status:200 request:19.975s]
2025-10-05 16:07:31,185 - INFO - Progress: 710,000 indexed, 0 failed, Rate: 4905.4 docs/sec, Queue: 300, Elapsed: 144.7s
2025-10-05 16:07:31,338 - INFO - Progress: 720,000 indexed, 0 failed, Rate: 4969.2 docs/sec, Queue: 300, Elapsed: 144.9s
2025-10-05 16:07:31,365 - INFO - Progress: 730,000 indexed, 0 failed, Rate: 5037.3 docs/sec, Queue: 300, Elapsed: 144.9s
2025-10-05 16:07:32,919 - INFO - POST http://localhost:9200/_bulk [status:200 request:10.206s]
2025-10-05 16:07:33,055 - INFO - Worker 0: Parsed 1,300,000 docs, Queue: 289
2025-10-05 16:07:36,511 - INFO - Overall progress: Parsed 1,321,000, Indexed 0, Queue: 300
2025-10-05 16:07:40,392 - INFO - POST http://localhost:9200/_bulk [status:200 request:11.187s]
2025-10-05 16:07:41,648 - INFO - POST http://localhost:9200/_bulk [status:200 request:10.867s]
2025-10-05 16:07:42,244 - INFO - POST http://localhost:9200/_bulk [status:200 request:26.121s]
2025-10-05 16:07:42,810 - INFO - Progress: 740,000 indexed, 0 failed, Rate: 4732.5 docs/sec, Queue: 299, Elapsed: 156.4s
2025-10-05 16:07:42,838 - INFO - Progress: 750,000 indexed, 0 failed, Rate: 4795.6 docs/sec, Queue: 300, Elapsed: 156.4s
2025-10-05 16:07:42,880 - INFO - Progress: 760,000 indexed, 0 failed, Rate: 4858.3 docs/sec, Queue: 300, Elapsed: 156.4s
2025-10-05 16:07:42,906 - INFO - Progress: 770,000 indexed, 0 failed, Rate: 4921.4 docs/sec, Queue: 300, Elapsed: 156.5s
2025-10-05 16:07:42,939 - INFO - Progress: 780,000 indexed, 0 failed, Rate: 4984.3 docs/sec, Queue: 300, Elapsed: 156.5s
2025-10-05 16:07:43,062 - INFO - POST http://localhost:9200/_bulk [status:200 request:11.834s]
2025-10-05 16:07:43,279 - INFO - POST http://localhost:9200/_bulk [status:200 request:11.937s]
2025-10-05 16:07:43,850 - INFO - Worker 0: Parsed 1,350,000 docs, Queue: 296
2025-10-05 16:07:45,647 - INFO - POST http://localhost:9200/_bulk [status:200 request:12.200s]
2025-10-05 16:07:46,532 - INFO - Overall progress: Parsed 1,374,000, Indexed 0, Queue: 295
2025-10-05 16:07:48,646 - INFO - POST http://localhost:9200/_bulk [status:200 request:24.183s]
2025-10-05 16:07:48,873 - INFO - Progress: 790,000 indexed, 0 failed, Rate: 4863.7 docs/sec, Queue: 300, Elapsed: 162.4s
2025-10-05 16:07:51,414 - INFO - POST http://localhost:9200/_bulk [status:200 request:23.574s]
2025-10-05 16:07:51,633 - INFO - Progress: 800,000 indexed, 0 failed, Rate: 4843.0 docs/sec, Queue: 300, Elapsed: 165.2s
2025-10-05 16:07:51,678 - INFO - === METRICS ES CONSUMER AT 800000 DOCS ===
2025-10-05 16:07:51,684 - INFO - Process Memory:
2025-10-05 16:07:51,689 - INFO -   RSS: 3.11 GB
2025-10-05 16:07:51,694 - INFO -   VMS: 5.88 GB
2025-10-05 16:07:51,705 - INFO -   % of System: 0.4%
2025-10-05 16:07:51,706 - INFO - System Memory:
2025-10-05 16:07:51,706 - INFO -   Total Used: 14.2%
2025-10-05 16:07:51,711 - INFO -   Available: 732.89 GB
2025-10-05 16:07:51,716 - INFO -   Cached: 26.81 GB
2025-10-05 16:07:52,360 - INFO - POST http://localhost:9200/_bulk [status:200 request:11.755s]
2025-10-05 16:07:52,480 - INFO - Worker 0: Parsed 1,400,000 docs, Queue: 299
2025-10-05 16:07:52,804 - INFO - CPU:
2025-10-05 16:07:52,809 - INFO -   Process usage: 68.4%
2025-10-05 16:07:52,817 - INFO -   Threads: 14
2025-10-05 16:07:52,868 - INFO -   Allocated cores: 288 (IDs: [0, 1, 2, 3, 4]...)
2025-10-05 16:07:52,943 - INFO - POST http://localhost:9200/_bulk [status:200 request:11.079s]
2025-10-05 16:07:52,948 - INFO - Process I/O:
2025-10-05 16:07:53,052 - INFO -   Read: 0.03 GB
2025-10-05 16:07:53,057 - INFO -   Write: 0.00 GB
2025-10-05 16:07:53,067 - INFO - ==================================================
2025-10-05 16:07:53,447 - INFO - Progress: 810,000 indexed, 0 failed, Rate: 4850.3 docs/sec, Queue: 300, Elapsed: 167.0s
2025-10-05 16:07:53,509 - INFO - Progress: 820,000 indexed, 0 failed, Rate: 4908.3 docs/sec, Queue: 300, Elapsed: 167.1s
2025-10-05 16:07:53,537 - INFO - Progress: 830,000 indexed, 0 failed, Rate: 4967.3 docs/sec, Queue: 300, Elapsed: 167.1s
2025-10-05 16:07:53,573 - INFO - Progress: 840,000 indexed, 0 failed, Rate: 5026.1 docs/sec, Queue: 300, Elapsed: 167.1s
2025-10-05 16:07:53,617 - INFO - Progress: 850,000 indexed, 0 failed, Rate: 5084.6 docs/sec, Queue: 300, Elapsed: 167.2s
2025-10-05 16:07:53,639 - INFO - Progress: 860,000 indexed, 0 failed, Rate: 5143.7 docs/sec, Queue: 300, Elapsed: 167.2s
2025-10-05 16:07:53,668 - INFO - Progress: 870,000 indexed, 0 failed, Rate: 5202.7 docs/sec, Queue: 300, Elapsed: 167.2s
2025-10-05 16:07:54,877 - INFO - POST http://localhost:9200/_bulk [status:200 request:12.047s]
2025-10-05 16:07:55,093 - INFO - Progress: 880,000 indexed, 0 failed, Rate: 5218.0 docs/sec, Queue: 296, Elapsed: 168.6s
2025-10-05 16:07:56,538 - INFO - Overall progress: Parsed 1,431,000, Indexed 0, Queue: 300
2025-10-05 16:07:58,087 - INFO - POST http://localhost:9200/_bulk [status:200 request:11.871s]
2025-10-05 16:08:00,239 - INFO - POST http://localhost:9200/_bulk [status:200 request:11.343s]
2025-10-05 16:08:01,558 - INFO - Worker 0: Parsed 1,450,000 docs, Queue: 299
2025-10-05 16:08:02,930 - INFO - POST http://localhost:9200/_bulk [status:200 request:11.273s]
2025-10-05 16:08:04,552 - INFO - POST http://localhost:9200/_bulk [status:200 request:11.018s]
2025-10-05 16:08:05,266 - INFO - POST http://localhost:9200/_bulk [status:200 request:21.697s]
2025-10-05 16:08:06,511 - INFO - POST http://localhost:9200/_bulk [status:200 request:23.092s]
2025-10-05 16:08:06,601 - INFO - Overall progress: Parsed 1,478,000, Indexed 0, Queue: 297
2025-10-05 16:08:06,710 - INFO - Progress: 890,000 indexed, 0 failed, Rate: 4937.2 docs/sec, Queue: 298, Elapsed: 180.3s
2025-10-05 16:08:06,727 - INFO - Progress: 900,000 indexed, 0 failed, Rate: 4992.2 docs/sec, Queue: 298, Elapsed: 180.3s
2025-10-05 16:08:06,765 - INFO - === METRICS ES CONSUMER AT 900000 DOCS ===
2025-10-05 16:08:06,771 - INFO - Process Memory:
2025-10-05 16:08:06,776 - INFO -   RSS: 3.15 GB
2025-10-05 16:08:06,781 - INFO -   VMS: 5.90 GB
2025-10-05 16:08:06,795 - INFO -   % of System: 0.4%
2025-10-05 16:08:06,795 - INFO - System Memory:
2025-10-05 16:08:06,795 - INFO -   Total Used: 14.1%
2025-10-05 16:08:06,795 - INFO -   Available: 733.62 GB
2025-10-05 16:08:06,795 - INFO -   Cached: 25.71 GB
2025-10-05 16:08:07,501 - INFO - POST http://localhost:9200/_bulk [status:200 request:12.385s]
2025-10-05 16:08:08,110 - INFO - CPU:
2025-10-05 16:08:08,115 - INFO -   Process usage: 71.3%
2025-10-05 16:08:08,121 - INFO -   Threads: 14
2025-10-05 16:08:08,126 - INFO -   Allocated cores: 288 (IDs: [0, 1, 2, 3, 4]...)
2025-10-05 16:08:08,146 - INFO - Process I/O:
2025-10-05 16:08:08,151 - INFO -   Read: 0.03 GB
2025-10-05 16:08:08,153 - INFO -   Write: 0.00 GB
2025-10-05 16:08:08,153 - INFO - ==================================================
2025-10-05 16:08:08,442 - INFO - Progress: 910,000 indexed, 0 failed, Rate: 5000.1 docs/sec, Queue: 300, Elapsed: 182.0s
2025-10-05 16:08:08,478 - INFO - Progress: 920,000 indexed, 0 failed, Rate: 5054.0 docs/sec, Queue: 300, Elapsed: 182.0s
2025-10-05 16:08:08,514 - INFO - Progress: 930,000 indexed, 0 failed, Rate: 5108.0 docs/sec, Queue: 300, Elapsed: 182.1s
2025-10-05 16:08:09,045 - INFO - Worker 0: Parsed 1,500,000 docs, Queue: 299
2025-10-05 16:08:09,736 - INFO - POST http://localhost:9200/_bulk [status:200 request:11.431s]
2025-10-05 16:08:11,951 - INFO - POST http://localhost:9200/_bulk [status:200 request:11.218s]
2025-10-05 16:08:16,461 - INFO - POST http://localhost:9200/_bulk [status:200 request:23.501s]
2025-10-05 16:08:16,914 - INFO - POST http://localhost:9200/_bulk [status:200 request:12.129s]
2025-10-05 16:08:16,966 - INFO - Overall progress: Parsed 1,521,000, Indexed 0, Queue: 300
2025-10-05 16:08:17,111 - INFO - Progress: 940,000 indexed, 0 failed, Rate: 4930.1 docs/sec, Queue: 300, Elapsed: 190.7s
2025-10-05 16:08:17,170 - INFO - Progress: 950,000 indexed, 0 failed, Rate: 4981.0 docs/sec, Queue: 300, Elapsed: 190.7s
2025-10-05 16:08:17,211 - INFO - Progress: 960,000 indexed, 0 failed, Rate: 5032.4 docs/sec, Queue: 300, Elapsed: 190.8s
2025-10-05 16:08:17,239 - INFO - Progress: 970,000 indexed, 0 failed, Rate: 5084.0 docs/sec, Queue: 300, Elapsed: 190.8s
2025-10-05 16:08:17,301 - INFO - Progress: 980,000 indexed, 0 failed, Rate: 5134.8 docs/sec, Queue: 300, Elapsed: 190.9s
2025-10-05 16:08:17,582 - INFO - POST http://localhost:9200/_bulk [status:200 request:10.849s]
2025-10-05 16:08:18,675 - INFO - POST http://localhost:9200/_bulk [status:200 request:10.936s]
2025-10-05 16:08:20,184 - INFO - Worker 0: Parsed 1,550,000 docs, Queue: 289
2025-10-05 16:08:23,326 - INFO - POST http://localhost:9200/_bulk [status:200 request:11.140s]
2025-10-05 16:08:23,575 - INFO - POST http://localhost:9200/_bulk [status:200 request:18.050s]
2025-10-05 16:08:26,362 - INFO - POST http://localhost:9200/_bulk [status:200 request:23.217s]
2025-10-05 16:08:26,890 - INFO - Progress: 990,000 indexed, 0 failed, Rate: 4939.0 docs/sec, Queue: 300, Elapsed: 200.4s
2025-10-05 16:08:26,919 - INFO - Progress: 1,000,000 indexed, 0 failed, Rate: 4988.2 docs/sec, Queue: 300, Elapsed: 200.5s
2025-10-05 16:08:26,952 - INFO - === METRICS ES CONSUMER AT 1000000 DOCS ===
2025-10-05 16:08:26,957 - INFO - Process Memory:
2025-10-05 16:08:26,963 - INFO -   RSS: 3.12 GB
2025-10-05 16:08:26,968 - INFO -   VMS: 5.93 GB
2025-10-05 16:08:26,980 - INFO -   % of System: 0.4%
2025-10-05 16:08:26,980 - INFO - System Memory:
2025-10-05 16:08:26,980 - INFO -   Total Used: 14.2%
2025-10-05 16:08:26,986 - INFO -   Available: 733.22 GB
2025-10-05 16:08:26,991 - INFO -   Cached: 26.18 GB
2025-10-05 16:08:27,131 - INFO - Overall progress: Parsed 1,583,000, Indexed 0, Queue: 297
2025-10-05 16:08:27,572 - INFO - POST http://localhost:9200/_bulk [status:200 request:10.438s]
2025-10-05 16:08:28,038 - INFO - CPU:
2025-10-05 16:08:28,043 - INFO -   Process usage: 73.4%
2025-10-05 16:08:28,044 - INFO -   Threads: 14
2025-10-05 16:08:28,044 - INFO -   Allocated cores: 288 (IDs: [0, 1, 2, 3, 4]...)
2025-10-05 16:08:28,044 - INFO - Process I/O:
2025-10-05 16:08:28,044 - INFO -   Read: 0.03 GB
2025-10-05 16:08:28,044 - INFO -   Write: 0.00 GB
2025-10-05 16:08:28,044 - INFO - ==================================================
2025-10-05 16:08:28,424 - INFO - Progress: 1,010,000 indexed, 0 failed, Rate: 5000.5 docs/sec, Queue: 299, Elapsed: 202.0s
2025-10-05 16:08:28,452 - INFO - Progress: 1,020,000 indexed, 0 failed, Rate: 5049.4 docs/sec, Queue: 299, Elapsed: 202.0s
2025-10-05 16:08:28,504 - INFO - POST http://localhost:9200/_bulk [status:200 request:11.103s]
2025-10-05 16:08:28,507 - INFO - Progress: 1,030,000 indexed, 0 failed, Rate: 5097.5 docs/sec, Queue: 298, Elapsed: 202.1s
2025-10-05 16:08:28,822 - INFO - Worker 0: Parsed 1,600,000 docs, Queue: 299
2025-10-05 16:08:29,167 - INFO - POST http://localhost:9200/_bulk [status:200 request:9.890s]
2025-10-05 16:08:31,434 - INFO - POST http://localhost:9200/_bulk [status:200 request:21.470s]
2025-10-05 16:08:31,637 - INFO - Progress: 1,040,000 indexed, 0 failed, Rate: 5068.4 docs/sec, Queue: 300, Elapsed: 205.2s
2025-10-05 16:08:31,686 - INFO - Progress: 1,050,000 indexed, 0 failed, Rate: 5116.0 docs/sec, Queue: 300, Elapsed: 205.2s
2025-10-05 16:08:31,720 - INFO - Progress: 1,060,000 indexed, 0 failed, Rate: 5163.8 docs/sec, Queue: 300, Elapsed: 205.3s
2025-10-05 16:08:31,757 - INFO - Progress: 1,070,000 indexed, 0 failed, Rate: 5211.6 docs/sec, Queue: 300, Elapsed: 205.3s
2025-10-05 16:08:35,195 - INFO - POST http://localhost:9200/_bulk [status:200 request:11.358s]
2025-10-05 16:08:35,442 - INFO - POST http://localhost:9200/_bulk [status:200 request:11.883s]
2025-10-05 16:08:37,137 - INFO - Overall progress: Parsed 1,646,000, Indexed 0, Queue: 295
2025-10-05 16:08:37,409 - INFO - Worker 0: Parsed 1,650,000 docs, Queue: 299
2025-10-05 16:08:39,451 - INFO - POST http://localhost:9200/_bulk [status:200 request:11.644s]
2025-10-05 16:08:39,871 - INFO - POST http://localhost:9200/_bulk [status:200 request:11.107s]
2025-10-05 16:08:40,077 - INFO - POST http://localhost:9200/_bulk [status:200 request:22.228s]
2025-10-05 16:08:40,469 - INFO - POST http://localhost:9200/_bulk [status:200 request:11.030s]
2025-10-05 16:08:40,474 - INFO - Progress: 1,080,000 indexed, 0 failed, Rate: 5046.1 docs/sec, Queue: 300, Elapsed: 214.0s
2025-10-05 16:08:40,634 - INFO - Progress: 1,090,000 indexed, 0 failed, Rate: 5089.0 docs/sec, Queue: 300, Elapsed: 214.2s
2025-10-05 16:08:40,683 - INFO - Progress: 1,100,000 indexed, 0 failed, Rate: 5134.5 docs/sec, Queue: 300, Elapsed: 214.2s
2025-10-05 16:08:40,809 - INFO - === METRICS ES CONSUMER AT 1100000 DOCS ===
2025-10-05 16:08:40,814 - INFO - Process Memory:
2025-10-05 16:08:40,820 - INFO -   RSS: 3.15 GB
2025-10-05 16:08:40,825 - INFO -   VMS: 5.94 GB
2025-10-05 16:08:40,833 - INFO -   % of System: 0.4%
2025-10-05 16:08:40,833 - INFO - System Memory:
2025-10-05 16:08:40,839 - INFO -   Total Used: 14.2%
2025-10-05 16:08:40,845 - INFO -   Available: 732.92 GB
2025-10-05 16:08:40,850 - INFO -   Cached: 26.50 GB
2025-10-05 16:08:41,889 - INFO - CPU:
2025-10-05 16:08:41,889 - INFO -   Process usage: 97.4%
2025-10-05 16:08:41,894 - INFO -   Threads: 14
2025-10-05 16:08:41,899 - INFO -   Allocated cores: 288 (IDs: [0, 1, 2, 3, 4]...)
2025-10-05 16:08:41,925 - INFO - Process I/O:
2025-10-05 16:08:41,925 - INFO -   Read: 0.03 GB
2025-10-05 16:08:41,925 - INFO -   Write: 0.00 GB
2025-10-05 16:08:41,925 - INFO - ==================================================
2025-10-05 16:08:42,277 - INFO - Progress: 1,110,000 indexed, 0 failed, Rate: 5142.9 docs/sec, Queue: 293, Elapsed: 215.8s
2025-10-05 16:08:43,104 - INFO - POST http://localhost:9200/_bulk [status:200 request:11.400s]
2025-10-05 16:08:45,550 - INFO - Worker 0: Parsed 1,700,000 docs, Queue: 299
2025-10-05 16:08:46,552 - INFO - POST http://localhost:9200/_bulk [status:200 request:19.634s]
2025-10-05 16:08:46,774 - INFO - Progress: 1,120,000 indexed, 0 failed, Rate: 5083.3 docs/sec, Queue: 300, Elapsed: 220.3s
2025-10-05 16:08:46,798 - INFO - Progress: 1,130,000 indexed, 0 failed, Rate: 5128.2 docs/sec, Queue: 300, Elapsed: 220.4s
2025-10-05 16:08:46,836 - INFO - Progress: 1,140,000 indexed, 0 failed, Rate: 5172.6 docs/sec, Queue: 300, Elapsed: 220.4s
2025-10-05 16:08:46,871 - INFO - Progress: 1,150,000 indexed, 0 failed, Rate: 5217.2 docs/sec, Queue: 300, Elapsed: 220.4s
2025-10-05 16:08:46,902 - INFO - Progress: 1,160,000 indexed, 0 failed, Rate: 5261.8 docs/sec, Queue: 300, Elapsed: 220.5s
2025-10-05 16:08:47,158 - INFO - Overall progress: Parsed 1,704,000, Indexed 0, Queue: 296
2025-10-05 16:08:48,158 - INFO - POST http://localhost:9200/_bulk [status:200 request:12.735s]
2025-10-05 16:08:48,379 - INFO - Progress: 1,170,000 indexed, 0 failed, Rate: 5271.9 docs/sec, Queue: 300, Elapsed: 221.9s
2025-10-05 16:08:52,603 - INFO - POST http://localhost:9200/_bulk [status:200 request:12.492s]
2025-10-05 16:08:52,853 - INFO - POST http://localhost:9200/_bulk [status:200 request:12.352s]
2025-10-05 16:08:54,068 - INFO - POST http://localhost:9200/_bulk [status:200 request:10.731s]
2025-10-05 16:08:54,203 - INFO - POST http://localhost:9200/_bulk [status:200 request:13.385s]
2025-10-05 16:08:54,506 - INFO - POST http://localhost:9200/_bulk [status:200 request:14.160s]
2025-10-05 16:08:56,033 - INFO - Worker 0: Parsed 1,750,000 docs, Queue: 287
2025-10-05 16:08:56,814 - INFO - POST http://localhost:9200/_bulk [status:200 request:21.095s]
2025-10-05 16:08:56,999 - INFO - Progress: 1,180,000 indexed, 0 failed, Rate: 5118.1 docs/sec, Queue: 287, Elapsed: 230.6s
2025-10-05 16:08:57,038 - INFO - Progress: 1,190,000 indexed, 0 failed, Rate: 5160.6 docs/sec, Queue: 287, Elapsed: 230.6s
2025-10-05 16:08:57,080 - INFO - Progress: 1,200,000 indexed, 0 failed, Rate: 5203.0 docs/sec, Queue: 288, Elapsed: 230.6s
2025-10-05 16:08:57,110 - INFO - === METRICS ES CONSUMER AT 1200000 DOCS ===
2025-10-05 16:08:57,115 - INFO - Process Memory:
2025-10-05 16:08:57,121 - INFO -   RSS: 3.19 GB
2025-10-05 16:08:57,126 - INFO -   VMS: 5.99 GB
2025-10-05 16:08:57,129 - INFO -   % of System: 0.4%
2025-10-05 16:08:57,130 - INFO - System Memory:
2025-10-05 16:08:57,135 - INFO -   Total Used: 14.3%
2025-10-05 16:08:57,141 - INFO -   Available: 732.54 GB
2025-10-05 16:08:57,146 - INFO -   Cached: 26.88 GB
2025-10-05 16:08:57,170 - INFO - Overall progress: Parsed 1,760,000, Indexed 0, Queue: 287
2025-10-05 16:08:58,168 - INFO - CPU:
2025-10-05 16:08:58,168 - INFO -   Process usage: 27.5%
2025-10-05 16:08:58,168 - INFO -   Threads: 14
2025-10-05 16:08:58,168 - INFO -   Allocated cores: 288 (IDs: [0, 1, 2, 3, 4]...)
2025-10-05 16:08:58,168 - INFO - Process I/O:
2025-10-05 16:08:58,168 - INFO -   Read: 0.03 GB
2025-10-05 16:08:58,168 - INFO -   Write: 0.00 GB
2025-10-05 16:08:58,168 - INFO - ==================================================
2025-10-05 16:08:58,538 - INFO - Progress: 1,210,000 indexed, 0 failed, Rate: 5213.4 docs/sec, Queue: 292, Elapsed: 232.1s
2025-10-05 16:08:58,566 - INFO - Progress: 1,220,000 indexed, 0 failed, Rate: 5255.9 docs/sec, Queue: 292, Elapsed: 232.1s
2025-10-05 16:08:58,587 - INFO - Progress: 1,230,000 indexed, 0 failed, Rate: 5298.5 docs/sec, Queue: 293, Elapsed: 232.1s
2025-10-05 16:09:00,112 - INFO - POST http://localhost:9200/_bulk [status:200 request:13.316s]
2025-10-05 16:09:00,338 - INFO - Progress: 1,240,000 indexed, 0 failed, Rate: 5301.6 docs/sec, Queue: 300, Elapsed: 233.9s
2025-10-05 16:09:01,328 - INFO - POST http://localhost:9200/_bulk [status:200 request:12.920s]
2025-10-05 16:09:01,548 - INFO - Progress: 1,250,000 indexed, 0 failed, Rate: 5316.8 docs/sec, Queue: 300, Elapsed: 235.1s
2025-10-05 16:09:02,424 - INFO - Worker 0: Parsed 1,800,000 docs, Queue: 299
2025-10-05 16:09:05,395 - INFO - POST http://localhost:9200/_bulk [status:200 request:12.565s]
2025-10-05 16:09:05,621 - INFO - Progress: 1,260,000 indexed, 0 failed, Rate: 5268.1 docs/sec, Queue: 300, Elapsed: 239.2s
2025-10-05 16:09:06,302 - INFO - POST http://localhost:9200/_bulk [status:200 request:13.181s]
2025-10-05 16:09:06,544 - INFO - Progress: 1,270,000 indexed, 0 failed, Rate: 5289.5 docs/sec, Queue: 297, Elapsed: 240.1s
2025-10-05 16:09:07,170 - INFO - Overall progress: Parsed 1,814,000, Indexed 0, Queue: 293
2025-10-05 16:09:07,920 - INFO - POST http://localhost:9200/_bulk [status:200 request:13.083s]
2025-10-05 16:09:09,767 - INFO - POST http://localhost:9200/_bulk [status:200 request:12.711s]
2025-10-05 16:09:10,008 - INFO - POST http://localhost:9200/_bulk [status:200 request:15.424s]
2025-10-05 16:09:11,626 - INFO - POST http://localhost:9200/_bulk [status:200 request:17.185s]
2025-10-05 16:09:11,985 - INFO - Worker 0: Parsed 1,850,000 docs, Queue: 299
2025-10-05 16:09:12,142 - INFO - Progress: 1,280,000 indexed, 0 failed, Rate: 5209.7 docs/sec, Queue: 299, Elapsed: 245.7s
2025-10-05 16:09:12,186 - INFO - Progress: 1,290,000 indexed, 0 failed, Rate: 5249.4 docs/sec, Queue: 299, Elapsed: 245.7s
2025-10-05 16:09:12,222 - INFO - Progress: 1,300,000 indexed, 0 failed, Rate: 5289.4 docs/sec, Queue: 300, Elapsed: 245.8s
2025-10-05 16:09:12,267 - INFO - === METRICS ES CONSUMER AT 1300000 DOCS ===
2025-10-05 16:09:12,273 - INFO - Process Memory:
2025-10-05 16:09:12,277 - INFO -   RSS: 3.22 GB
2025-10-05 16:09:12,277 - INFO -   VMS: 6.01 GB
2025-10-05 16:09:12,294 - INFO -   % of System: 0.4%
2025-10-05 16:09:12,299 - INFO - System Memory:
2025-10-05 16:09:12,304 - INFO -   Total Used: 14.2%
2025-10-05 16:09:12,309 - INFO -   Available: 732.76 GB
2025-10-05 16:09:12,315 - INFO -   Cached: 26.66 GB
2025-10-05 16:09:13,318 - INFO - CPU:
2025-10-05 16:09:13,318 - INFO -   Process usage: 28.0%
2025-10-05 16:09:13,318 - INFO -   Threads: 14
2025-10-05 16:09:13,318 - INFO -   Allocated cores: 288 (IDs: [0, 1, 2, 3, 4]...)
2025-10-05 16:09:13,319 - INFO - Process I/O:
2025-10-05 16:09:13,319 - INFO -   Read: 0.03 GB
2025-10-05 16:09:13,319 - INFO -   Write: 0.00 GB
2025-10-05 16:09:13,319 - INFO - ==================================================
2025-10-05 16:09:13,596 - INFO - Progress: 1,310,000 indexed, 0 failed, Rate: 5300.4 docs/sec, Queue: 300, Elapsed: 247.1s
2025-10-05 16:09:14,024 - INFO - POST http://localhost:9200/_bulk [status:200 request:13.663s]
2025-10-05 16:09:14,242 - INFO - Progress: 1,320,000 indexed, 0 failed, Rate: 5327.0 docs/sec, Queue: 300, Elapsed: 247.8s
2025-10-05 16:09:14,542 - INFO - POST http://localhost:9200/_bulk [status:200 request:12.961s]
2025-10-05 16:09:14,771 - INFO - Progress: 1,330,000 indexed, 0 failed, Rate: 5355.9 docs/sec, Queue: 299, Elapsed: 248.3s
2025-10-05 16:09:17,169 - INFO - POST http://localhost:9200/_bulk [status:200 request:11.525s]
2025-10-05 16:09:17,270 - INFO - Overall progress: Parsed 1,881,000, Indexed 0, Queue: 300
2025-10-05 16:09:17,655 - INFO - Progress: 1,340,000 indexed, 0 failed, Rate: 5334.2 docs/sec, Queue: 300, Elapsed: 251.2s
2025-10-05 16:09:23,115 - INFO - POST http://localhost:9200/_bulk [status:200 request:13.118s]
2025-10-05 16:09:24,179 - INFO - Worker 0: Parsed 1,900,000 docs, Queue: 299
2025-10-05 16:09:24,483 - INFO - POST http://localhost:9200/_bulk [status:200 request:12.274s]
2025-10-05 16:09:26,055 - INFO - POST http://localhost:9200/_bulk [status:200 request:15.763s]
2025-10-05 16:09:26,444 - INFO - POST http://localhost:9200/_bulk [status:200 request:19.871s]
2025-10-05 16:09:26,766 - INFO - Progress: 1,350,000 indexed, 0 failed, Rate: 5185.9 docs/sec, Queue: 300, Elapsed: 260.3s
2025-10-05 16:09:26,852 - INFO - POST http://localhost:9200/_bulk [status:200 request:18.692s]
2025-10-05 16:09:27,086 - INFO - Progress: 1,360,000 indexed, 0 failed, Rate: 5217.9 docs/sec, Queue: 300, Elapsed: 260.6s
2025-10-05 16:09:27,138 - INFO - Progress: 1,370,000 indexed, 0 failed, Rate: 5255.2 docs/sec, Queue: 300, Elapsed: 260.7s
2025-10-05 16:09:27,172 - INFO - Progress: 1,380,000 indexed, 0 failed, Rate: 5292.9 docs/sec, Queue: 300, Elapsed: 260.7s
2025-10-05 16:09:27,207 - INFO - Progress: 1,390,000 indexed, 0 failed, Rate: 5330.5 docs/sec, Queue: 300, Elapsed: 260.8s
2025-10-05 16:09:27,295 - INFO - Overall progress: Parsed 1,914,000, Indexed 0, Queue: 299
2025-10-05 16:09:27,480 - INFO - POST http://localhost:9200/_bulk [status:200 request:13.209s]
2025-10-05 16:09:27,950 - INFO - Progress: 1,400,000 indexed, 0 failed, Rate: 5353.6 docs/sec, Queue: 300, Elapsed: 261.5s
2025-10-05 16:09:27,996 - INFO - === METRICS ES CONSUMER AT 1400000 DOCS ===
2025-10-05 16:09:28,011 - INFO - Process Memory:
2025-10-05 16:09:28,017 - INFO -   RSS: 3.25 GB
2025-10-05 16:09:28,022 - INFO -   VMS: 6.00 GB
2025-10-05 16:09:28,030 - INFO -   % of System: 0.4%
2025-10-05 16:09:28,030 - INFO - System Memory:
2025-10-05 16:09:28,035 - INFO -   Total Used: 14.3%
2025-10-05 16:09:28,041 - INFO -   Available: 732.39 GB
2025-10-05 16:09:28,046 - INFO -   Cached: 26.59 GB
2025-10-05 16:09:29,001 - INFO - POST http://localhost:9200/_bulk [status:200 request:11.322s]
2025-10-05 16:09:29,209 - INFO - CPU:
2025-10-05 16:09:29,219 - INFO -   Process usage: 90.4%
2025-10-05 16:09:29,245 - INFO -   Threads: 14
2025-10-05 16:09:29,245 - INFO -   Allocated cores: 288 (IDs: [0, 1, 2, 3, 4]...)
2025-10-05 16:09:29,296 - INFO - POST http://localhost:9200/_bulk [status:200 request:14.460s]
2025-10-05 16:09:29,394 - INFO - Process I/O:
2025-10-05 16:09:29,404 - INFO -   Read: 0.03 GB
2025-10-05 16:09:29,409 - INFO -   Write: 0.00 GB
2025-10-05 16:09:29,415 - INFO - ==================================================
2025-10-05 16:09:29,811 - INFO - Progress: 1,410,000 indexed, 0 failed, Rate: 5353.8 docs/sec, Queue: 292, Elapsed: 263.4s
2025-10-05 16:09:29,864 - INFO - Progress: 1,420,000 indexed, 0 failed, Rate: 5390.7 docs/sec, Queue: 292, Elapsed: 263.4s
2025-10-05 16:09:31,009 - INFO - Worker 0: Parsed 1,950,000 docs, Queue: 279
2025-10-05 16:09:35,529 - INFO - POST http://localhost:9200/_bulk [status:200 request:12.180s]
2025-10-05 16:09:35,752 - INFO - Progress: 1,430,000 indexed, 0 failed, Rate: 5309.9 docs/sec, Queue: 300, Elapsed: 269.3s
2025-10-05 16:09:37,295 - INFO - Overall progress: Parsed 1,981,000, Indexed 0, Queue: 300
2025-10-05 16:09:39,997 - INFO - POST http://localhost:9200/_bulk [status:200 request:13.207s]
2025-10-05 16:09:40,504 - INFO - POST http://localhost:9200/_bulk [status:200 request:13.770s]
2025-10-05 16:09:40,798 - INFO - POST http://localhost:9200/_bulk [status:200 request:13.638s]
2025-10-05 16:09:41,044 - INFO - POST http://localhost:9200/_bulk [status:200 request:13.030s]
2025-10-05 16:09:41,215 - INFO - POST http://localhost:9200/_bulk [status:200 request:16.506s]
2025-10-05 16:09:41,855 - INFO - Progress: 1,440,000 indexed, 0 failed, Rate: 5228.6 docs/sec, Queue: 300, Elapsed: 275.4s
2025-10-05 16:09:41,885 - INFO - Progress: 1,450,000 indexed, 0 failed, Rate: 5264.3 docs/sec, Queue: 300, Elapsed: 275.4s
2025-10-05 16:09:41,918 - INFO - Progress: 1,460,000 indexed, 0 failed, Rate: 5300.0 docs/sec, Queue: 300, Elapsed: 275.5s
2025-10-05 16:09:41,939 - INFO - Progress: 1,470,000 indexed, 0 failed, Rate: 5335.9 docs/sec, Queue: 300, Elapsed: 275.5s
2025-10-05 16:09:41,973 - INFO - Progress: 1,480,000 indexed, 0 failed, Rate: 5371.5 docs/sec, Queue: 300, Elapsed: 275.5s
2025-10-05 16:09:42,670 - INFO - POST http://localhost:9200/_bulk [status:200 request:13.402s]
2025-10-05 16:09:42,929 - INFO - Progress: 1,490,000 indexed, 0 failed, Rate: 5389.1 docs/sec, Queue: 292, Elapsed: 276.5s
2025-10-05 16:09:43,462 - INFO - Worker 0: Parsed 2,000,000 docs, Queue: 285
2025-10-05 16:09:46,583 - INFO - POST http://localhost:9200/_bulk [status:200 request:16.706s]
2025-10-05 16:09:46,794 - INFO - Progress: 1,500,000 indexed, 0 failed, Rate: 5350.5 docs/sec, Queue: 291, Elapsed: 280.3s
2025-10-05 16:09:46,844 - INFO - === METRICS ES CONSUMER AT 1500000 DOCS ===
2025-10-05 16:09:46,849 - INFO - Process Memory:
2025-10-05 16:09:46,854 - INFO -   RSS: 3.28 GB
2025-10-05 16:09:46,860 - INFO -   VMS: 6.05 GB
2025-10-05 16:09:46,873 - INFO -   % of System: 0.4%
2025-10-05 16:09:46,873 - INFO - System Memory:
2025-10-05 16:09:46,873 - INFO -   Total Used: 14.3%
2025-10-05 16:09:46,873 - INFO -   Available: 732.13 GB
2025-10-05 16:09:46,880 - INFO -   Cached: 26.82 GB
2025-10-05 16:09:47,296 - INFO - Overall progress: Parsed 2,036,000, Indexed 0, Queue: 285
2025-10-05 16:09:47,896 - INFO - CPU:
2025-10-05 16:09:47,897 - INFO -   Process usage: 28.7%
2025-10-05 16:09:47,897 - INFO -   Threads: 14
2025-10-05 16:09:47,897 - INFO -   Allocated cores: 288 (IDs: [0, 1, 2, 3, 4]...)
2025-10-05 16:09:47,897 - INFO - Process I/O:
2025-10-05 16:09:47,897 - INFO -   Read: 0.03 GB
2025-10-05 16:09:47,897 - INFO -   Write: 0.00 GB
2025-10-05 16:09:47,897 - INFO - ==================================================
2025-10-05 16:09:48,196 - INFO - POST http://localhost:9200/_bulk [status:200 request:12.416s]
2025-10-05 16:09:48,421 - INFO - Progress: 1,510,000 indexed, 0 failed, Rate: 5355.1 docs/sec, Queue: 297, Elapsed: 282.0s
2025-10-05 16:09:48,571 - INFO - Worker 0: Parsed 2,050,000 docs, Queue: 296
2025-10-05 16:09:53,378 - INFO - POST http://localhost:9200/_bulk [status:200 request:12.285s]
2025-10-05 16:09:54,411 - INFO - POST http://localhost:9200/_bulk [status:200 request:12.672s]
2025-10-05 16:09:55,076 - INFO - POST http://localhost:9200/_bulk [status:200 request:12.129s]
2025-10-05 16:09:55,720 - INFO - POST http://localhost:9200/_bulk [status:200 request:13.845s]
2025-10-05 16:09:56,878 - INFO - POST http://localhost:9200/_bulk [status:200 request:16.386s]
2025-10-05 16:09:57,115 - INFO - Progress: 1,520,000 indexed, 0 failed, Rate: 5229.3 docs/sec, Queue: 291, Elapsed: 290.7s
2025-10-05 16:09:57,303 - INFO - Overall progress: Parsed 2,094,000, Indexed 0, Queue: 289
2025-10-05 16:09:57,576 - INFO - POST http://localhost:9200/_bulk [status:200 request:16.798s]
2025-10-05 16:09:57,777 - INFO - Progress: 1,530,000 indexed, 0 failed, Rate: 5251.8 docs/sec, Queue: 288, Elapsed: 291.3s
2025-10-05 16:09:57,829 - INFO - Worker 0: Parsed 2,100,000 docs, Queue: 289
2025-10-05 16:09:57,834 - INFO - Progress: 1,540,000 indexed, 0 failed, Rate: 5285.0 docs/sec, Queue: 289, Elapsed: 291.4s
2025-10-05 16:09:57,875 - INFO - Progress: 1,550,000 indexed, 0 failed, Rate: 5318.6 docs/sec, Queue: 289, Elapsed: 291.4s
2025-10-05 16:09:57,907 - INFO - Progress: 1,560,000 indexed, 0 failed, Rate: 5352.3 docs/sec, Queue: 289, Elapsed: 291.5s
2025-10-05 16:09:57,927 - INFO - Progress: 1,570,000 indexed, 0 failed, Rate: 5386.3 docs/sec, Queue: 288, Elapsed: 291.5s
2025-10-05 16:09:59,652 - INFO - POST http://localhost:9200/_bulk [status:200 request:12.832s]
2025-10-05 16:09:59,879 - INFO - Progress: 1,580,000 indexed, 0 failed, Rate: 5384.5 docs/sec, Queue: 299, Elapsed: 293.4s
2025-10-05 16:10:04,878 - INFO - POST http://localhost:9200/_bulk [status:200 request:16.434s]
2025-10-05 16:10:05,084 - INFO - Progress: 1,590,000 indexed, 0 failed, Rate: 5324.2 docs/sec, Queue: 300, Elapsed: 298.6s
2025-10-05 16:10:06,202 - INFO - POST http://localhost:9200/_bulk [status:200 request:12.583s]
2025-10-05 16:10:06,431 - INFO - Progress: 1,600,000 indexed, 0 failed, Rate: 5333.6 docs/sec, Queue: 300, Elapsed: 300.0s
2025-10-05 16:10:06,479 - INFO - === METRICS ES CONSUMER AT 1600000 DOCS ===
2025-10-05 16:10:06,485 - INFO - Process Memory:
2025-10-05 16:10:06,490 - INFO -   RSS: 3.37 GB
2025-10-05 16:10:06,495 - INFO -   VMS: 6.13 GB
2025-10-05 16:10:06,507 - INFO -   % of System: 0.4%
2025-10-05 16:10:06,507 - INFO - System Memory:
2025-10-05 16:10:06,507 - INFO -   Total Used: 14.3%
2025-10-05 16:10:06,512 - INFO -   Available: 731.88 GB
2025-10-05 16:10:06,518 - INFO -   Cached: 27.03 GB
2025-10-05 16:10:07,259 - INFO - Worker 0: Parsed 2,150,000 docs, Queue: 299
2025-10-05 16:10:07,309 - INFO - Overall progress: Parsed 2,150,000, Indexed 0, Queue: 299
2025-10-05 16:10:07,540 - INFO - CPU:
2025-10-05 16:10:07,540 - INFO -   Process usage: 28.5%
2025-10-05 16:10:07,540 - INFO -   Threads: 14
2025-10-05 16:10:07,540 - INFO -   Allocated cores: 288 (IDs: [0, 1, 2, 3, 4]...)
2025-10-05 16:10:07,540 - INFO - Process I/O:
2025-10-05 16:10:07,540 - INFO -   Read: 0.03 GB
2025-10-05 16:10:07,540 - INFO -   Write: 0.00 GB
2025-10-05 16:10:07,540 - INFO - ==================================================
2025-10-05 16:10:07,804 - INFO - POST http://localhost:9200/_bulk [status:200 request:12.908s]
2025-10-05 16:10:08,039 - INFO - Progress: 1,610,000 indexed, 0 failed, Rate: 5338.3 docs/sec, Queue: 300, Elapsed: 301.6s
2025-10-05 16:10:08,241 - INFO - POST http://localhost:9200/_bulk [status:200 request:12.893s]
2025-10-05 16:10:08,531 - INFO - Progress: 1,620,000 indexed, 0 failed, Rate: 5362.7 docs/sec, Queue: 300, Elapsed: 302.1s
2025-10-05 16:10:11,004 - INFO - POST http://localhost:9200/_bulk [status:200 request:13.869s]
2025-10-05 16:10:11,406 - INFO - POST http://localhost:9200/_bulk [status:200 request:13.548s]
2025-10-05 16:10:12,497 - INFO - POST http://localhost:9200/_bulk [status:200 request:16.521s]
2025-10-05 16:10:12,750 - INFO - Progress: 1,630,000 indexed, 0 failed, Rate: 5321.5 docs/sec, Queue: 291, Elapsed: 306.3s
2025-10-05 16:10:12,776 - INFO - Progress: 1,640,000 indexed, 0 failed, Rate: 5353.7 docs/sec, Queue: 292, Elapsed: 306.3s
2025-10-05 16:10:12,809 - INFO - Progress: 1,650,000 indexed, 0 failed, Rate: 5385.8 docs/sec, Queue: 292, Elapsed: 306.4s
2025-10-05 16:10:14,536 - INFO - Worker 0: Parsed 2,200,000 docs, Queue: 299
2025-10-05 16:10:14,556 - INFO - POST http://localhost:9200/_bulk [status:200 request:14.648s]
2025-10-05 16:10:14,792 - INFO - Progress: 1,660,000 indexed, 0 failed, Rate: 5383.6 docs/sec, Queue: 300, Elapsed: 308.3s
2025-10-05 16:10:17,309 - INFO - Overall progress: Parsed 2,211,000, Indexed 0, Queue: 300
2025-10-05 16:10:17,626 - INFO - POST http://localhost:9200/_bulk [status:200 request:12.485s]
2025-10-05 16:10:17,857 - INFO - Progress: 1,670,000 indexed, 0 failed, Rate: 5362.7 docs/sec, Queue: 300, Elapsed: 311.4s
2025-10-05 16:10:23,775 - INFO - POST http://localhost:9200/_bulk [status:200 request:17.322s]
2025-10-05 16:10:24,242 - INFO - Progress: 1,680,000 indexed, 0 failed, Rate: 5286.4 docs/sec, Queue: 300, Elapsed: 317.8s
2025-10-05 16:10:24,975 - INFO - POST http://localhost:9200/_bulk [status:200 request:16.415s]
2025-10-05 16:10:25,407 - INFO - POST http://localhost:9200/_bulk [status:200 request:17.340s]
2025-10-05 16:10:25,685 - INFO - Progress: 1,690,000 indexed, 0 failed, Rate: 5293.8 docs/sec, Queue: 299, Elapsed: 319.2s
2025-10-05 16:10:25,710 - INFO - Progress: 1,700,000 indexed, 0 failed, Rate: 5324.7 docs/sec, Queue: 300, Elapsed: 319.3s
2025-10-05 16:10:25,757 - INFO - === METRICS ES CONSUMER AT 1700000 DOCS ===
2025-10-05 16:10:25,757 - INFO - Process Memory:
2025-10-05 16:10:25,763 - INFO -   RSS: 3.39 GB
2025-10-05 16:10:25,768 - INFO -   VMS: 6.14 GB
2025-10-05 16:10:25,788 - INFO -   % of System: 0.4%
2025-10-05 16:10:25,793 - INFO - System Memory:
2025-10-05 16:10:25,799 - INFO -   Total Used: 14.3%
2025-10-05 16:10:25,802 - INFO -   Available: 731.89 GB
2025-10-05 16:10:25,802 - INFO -   Cached: 27.95 GB
2025-10-05 16:10:26,815 - INFO - POST http://localhost:9200/_bulk [status:200 request:15.191s]
2025-10-05 16:10:26,931 - INFO - CPU:
2025-10-05 16:10:26,937 - INFO -   Process usage: 77.1%
2025-10-05 16:10:26,994 - INFO -   Threads: 14
2025-10-05 16:10:27,008 - INFO -   Allocated cores: 288 (IDs: [0, 1, 2, 3, 4]...)
2025-10-05 16:10:27,047 - INFO - Process I/O:
2025-10-05 16:10:27,052 - INFO -   Read: 0.03 GB
2025-10-05 16:10:27,063 - INFO -   Write: 0.00 GB
2025-10-05 16:10:27,067 - INFO - ==================================================
2025-10-05 16:10:27,098 - INFO - Worker 0: Parsed 2,250,000 docs, Queue: 299
2025-10-05 16:10:27,368 - INFO - Progress: 1,710,000 indexed, 0 failed, Rate: 5328.4 docs/sec, Queue: 299, Elapsed: 320.9s
2025-10-05 16:10:27,374 - INFO - Overall progress: Parsed 2,251,000, Indexed 0, Queue: 300
2025-10-05 16:10:27,418 - INFO - POST http://localhost:9200/_bulk [status:200 request:14.639s]
2025-10-05 16:10:29,789 - INFO - POST http://localhost:9200/_bulk [status:200 request:14.969s]
2025-10-05 16:10:29,981 - INFO - POST http://localhost:9200/_bulk [status:200 request:18.204s]
2025-10-05 16:10:30,548 - INFO - Progress: 1,720,000 indexed, 0 failed, Rate: 5307.0 docs/sec, Queue: 300, Elapsed: 324.1s
2025-10-05 16:10:30,587 - INFO - Progress: 1,730,000 indexed, 0 failed, Rate: 5337.2 docs/sec, Queue: 300, Elapsed: 324.1s
2025-10-05 16:10:30,631 - INFO - Progress: 1,740,000 indexed, 0 failed, Rate: 5367.3 docs/sec, Queue: 300, Elapsed: 324.2s
2025-10-05 16:10:34,248 - INFO - POST http://localhost:9200/_bulk [status:200 request:16.362s]
2025-10-05 16:10:34,491 - INFO - Progress: 1,750,000 indexed, 0 failed, Rate: 5334.6 docs/sec, Queue: 300, Elapsed: 328.0s
2025-10-05 16:10:35,402 - INFO - Worker 0: Parsed 2,300,000 docs, Queue: 299
2025-10-05 16:10:37,379 - INFO - Overall progress: Parsed 2,301,000, Indexed 0, Queue: 300
2025-10-05 16:10:39,620 - INFO - POST http://localhost:9200/_bulk [status:200 request:15.355s]
2025-10-05 16:10:39,865 - INFO - Progress: 1,760,000 indexed, 0 failed, Rate: 5278.6 docs/sec, Queue: 300, Elapsed: 333.4s
2025-10-05 16:10:41,044 - INFO - POST http://localhost:9200/_bulk [status:200 request:15.336s]
2025-10-05 16:10:42,057 - INFO - POST http://localhost:9200/_bulk [status:200 request:16.843s]
2025-10-05 16:10:42,263 - INFO - Progress: 1,770,000 indexed, 0 failed, Rate: 5270.7 docs/sec, Queue: 299, Elapsed: 335.8s
2025-10-05 16:10:42,318 - INFO - Progress: 1,780,000 indexed, 0 failed, Rate: 5299.6 docs/sec, Queue: 300, Elapsed: 335.9s
2025-10-05 16:10:44,408 - INFO - POST http://localhost:9200/_bulk [status:200 request:14.270s]
2025-10-05 16:10:44,540 - INFO - POST http://localhost:9200/_bulk [status:200 request:16.851s]
2025-10-05 16:10:46,783 - INFO - Worker 0: Parsed 2,350,000 docs, Queue: 299
2025-10-05 16:10:47,380 - INFO - Overall progress: Parsed 2,351,000, Indexed 0, Queue: 300
2025-10-05 16:10:49,824 - INFO - POST http://localhost:9200/_bulk [status:200 request:22.765s]
2025-10-05 16:10:50,316 - INFO - Progress: 1,790,000 indexed, 0 failed, Rate: 5205.5 docs/sec, Queue: 300, Elapsed: 343.9s
2025-10-05 16:10:50,335 - INFO - Progress: 1,800,000 indexed, 0 failed, Rate: 5234.2 docs/sec, Queue: 300, Elapsed: 343.9s
2025-10-05 16:10:50,374 - INFO - === METRICS ES CONSUMER AT 1800000 DOCS ===
2025-10-05 16:10:50,379 - INFO - Process Memory:
2025-10-05 16:10:50,384 - INFO -   RSS: 3.67 GB
2025-10-05 16:10:50,390 - INFO -   VMS: 6.43 GB
2025-10-05 16:10:50,403 - INFO -   % of System: 0.4%
2025-10-05 16:10:50,403 - INFO - System Memory:
2025-10-05 16:10:50,403 - INFO -   Total Used: 14.4%
2025-10-05 16:10:50,403 - INFO -   Available: 731.13 GB
2025-10-05 16:10:50,408 - INFO -   Cached: 27.49 GB
2025-10-05 16:10:51,430 - INFO - CPU:
2025-10-05 16:10:51,430 - INFO -   Process usage: 28.5%
2025-10-05 16:10:51,431 - INFO -   Threads: 14
2025-10-05 16:10:51,431 - INFO -   Allocated cores: 288 (IDs: [0, 1, 2, 3, 4]...)
2025-10-05 16:10:51,431 - INFO - Process I/O:
2025-10-05 16:10:51,431 - INFO -   Read: 0.03 GB
2025-10-05 16:10:51,431 - INFO -   Write: 0.00 GB
2025-10-05 16:10:51,431 - INFO - ==================================================
2025-10-05 16:10:51,696 - INFO - Progress: 1,810,000 indexed, 0 failed, Rate: 5242.6 docs/sec, Queue: 300, Elapsed: 345.3s
2025-10-05 16:10:54,399 - INFO - POST http://localhost:9200/_bulk [status:200 request:14.498s]
2025-10-05 16:10:54,745 - INFO - POST http://localhost:9200/_bulk [status:200 request:24.163s]
2025-10-05 16:10:55,039 - INFO - Progress: 1,820,000 indexed, 0 failed, Rate: 5221.0 docs/sec, Queue: 300, Elapsed: 348.6s
2025-10-05 16:10:57,381 - INFO - Overall progress: Parsed 2,381,000, Indexed 0, Queue: 300
2025-10-05 16:10:59,694 - INFO - POST http://localhost:9200/_bulk [status:200 request:14.772s]
2025-10-05 16:11:00,194 - INFO - POST http://localhost:9200/_bulk [status:200 request:15.382s]
2025-10-05 16:11:00,447 - INFO - POST http://localhost:9200/_bulk [status:200 request:10.088s]
2025-10-05 16:11:02,575 - INFO - Worker 0: Parsed 2,400,000 docs, Queue: 289
2025-10-05 16:11:06,961 - INFO - POST http://localhost:9200/_bulk [status:200 request:25.670s]
2025-10-05 16:11:07,441 - INFO - Overall progress: Parsed 2,411,000, Indexed 0, Queue: 300
2025-10-05 16:11:08,259 - INFO - POST http://localhost:9200/_bulk [status:200 request:33.735s]
2025-10-05 16:11:08,486 - INFO - Progress: 1,830,000 indexed, 0 failed, Rate: 5054.7 docs/sec, Queue: 300, Elapsed: 362.0s
2025-10-05 16:11:08,510 - INFO - Progress: 1,840,000 indexed, 0 failed, Rate: 5082.0 docs/sec, Queue: 300, Elapsed: 362.1s
2025-10-05 16:11:08,562 - INFO - Progress: 1,850,000 indexed, 0 failed, Rate: 5108.9 docs/sec, Queue: 300, Elapsed: 362.1s
2025-10-05 16:11:10,558 - INFO - POST http://localhost:9200/_bulk [status:200 request:15.908s]
2025-10-05 16:11:12,220 - INFO - POST http://localhost:9200/_bulk [status:200 request:29.896s]
2025-10-05 16:11:12,651 - INFO - POST http://localhost:9200/_bulk [status:200 request:11.880s]
2025-10-05 16:11:12,736 - INFO - Progress: 1,860,000 indexed, 0 failed, Rate: 5077.9 docs/sec, Queue: 300, Elapsed: 366.3s
2025-10-05 16:11:13,040 - INFO - Progress: 1,870,000 indexed, 0 failed, Rate: 5101.0 docs/sec, Queue: 300, Elapsed: 366.6s
2025-10-05 16:11:13,073 - INFO - Progress: 1,880,000 indexed, 0 failed, Rate: 5127.8 docs/sec, Queue: 300, Elapsed: 366.6s
2025-10-05 16:11:13,136 - INFO - Progress: 1,890,000 indexed, 0 failed, Rate: 5154.2 docs/sec, Queue: 300, Elapsed: 366.7s
2025-10-05 16:11:13,136 - INFO - POST http://localhost:9200/_bulk [status:200 request:12.904s]
2025-10-05 16:11:13,169 - INFO - Progress: 1,900,000 indexed, 0 failed, Rate: 5181.0 docs/sec, Queue: 300, Elapsed: 366.7s
2025-10-05 16:11:13,396 - INFO - === METRICS ES CONSUMER AT 1900000 DOCS ===
2025-10-05 16:11:13,432 - INFO - Process Memory:
2025-10-05 16:11:13,437 - INFO -   RSS: 3.56 GB
2025-10-05 16:11:13,442 - INFO -   VMS: 6.32 GB
2025-10-05 16:11:13,453 - INFO -   % of System: 0.4%
2025-10-05 16:11:13,458 - INFO - System Memory:
2025-10-05 16:11:13,463 - INFO -   Total Used: 14.5%
2025-10-05 16:11:13,469 - INFO -   Available: 730.86 GB
2025-10-05 16:11:13,469 - INFO -   Cached: 28.15 GB
2025-10-05 16:11:13,671 - INFO - POST http://localhost:9200/_bulk [status:200 request:18.598s]
2025-10-05 16:11:14,167 - INFO - Worker 0: Parsed 2,450,000 docs, Queue: 298
2025-10-05 16:11:14,506 - INFO - CPU:
2025-10-05 16:11:14,512 - INFO -   Process usage: 99.3%
2025-10-05 16:11:14,517 - INFO -   Threads: 14
2025-10-05 16:11:14,522 - INFO -   Allocated cores: 288 (IDs: [0, 1, 2, 3, 4]...)
2025-10-05 16:11:14,543 - INFO - Process I/O:
2025-10-05 16:11:14,548 - INFO -   Read: 0.03 GB
2025-10-05 16:11:14,549 - INFO -   Write: 0.00 GB
2025-10-05 16:11:14,549 - INFO - ==================================================
2025-10-05 16:11:14,856 - INFO - Progress: 1,910,000 indexed, 0 failed, Rate: 5184.4 docs/sec, Queue: 299, Elapsed: 368.4s
2025-10-05 16:11:14,888 - INFO - Progress: 1,920,000 indexed, 0 failed, Rate: 5211.1 docs/sec, Queue: 300, Elapsed: 368.4s
2025-10-05 16:11:17,447 - INFO - Overall progress: Parsed 2,480,000, Indexed 0, Queue: 299
2025-10-05 16:11:17,646 - INFO - POST http://localhost:9200/_bulk [status:200 request:17.044s]
2025-10-05 16:11:17,846 - INFO - Progress: 1,930,000 indexed, 0 failed, Rate: 5196.5 docs/sec, Queue: 300, Elapsed: 371.4s
2025-10-05 16:11:17,906 - INFO - Progress: 1,940,000 indexed, 0 failed, Rate: 5222.6 docs/sec, Queue: 300, Elapsed: 371.5s
2025-10-05 16:11:21,836 - INFO - POST http://localhost:9200/_bulk [status:200 request:13.322s]
2025-10-05 16:11:23,166 - INFO - Worker 0: Parsed 2,500,000 docs, Queue: 299
2025-10-05 16:11:26,427 - INFO - POST http://localhost:9200/_bulk [status:200 request:13.360s]
2025-10-05 16:11:27,448 - INFO - Overall progress: Parsed 2,508,000, Indexed 0, Queue: 297
2025-10-05 16:11:29,695 - INFO - POST http://localhost:9200/_bulk [status:200 request:16.229s]
2025-10-05 16:11:32,006 - INFO - POST http://localhost:9200/_bulk [status:200 request:19.188s]
2025-10-05 16:11:33,844 - INFO - POST http://localhost:9200/_bulk [status:200 request:26.368s]
2025-10-05 16:11:34,080 - INFO - Progress: 1,950,000 indexed, 0 failed, Rate: 5030.5 docs/sec, Queue: 300, Elapsed: 387.6s
2025-10-05 16:11:34,099 - INFO - Progress: 1,960,000 indexed, 0 failed, Rate: 5056.1 docs/sec, Queue: 300, Elapsed: 387.7s
2025-10-05 16:11:34,338 - INFO - POST http://localhost:9200/_bulk [status:200 request:12.009s]
2025-10-05 16:11:36,068 - INFO - Worker 0: Parsed 2,550,000 docs, Queue: 299
2025-10-05 16:11:37,449 - INFO - Overall progress: Parsed 2,551,000, Indexed 0, Queue: 300
2025-10-05 16:11:38,699 - INFO - POST http://localhost:9200/_bulk [status:200 request:12.034s]
2025-10-05 16:11:44,408 - INFO - POST http://localhost:9200/_bulk [status:200 request:14.470s]
2025-10-05 16:11:45,406 - INFO - POST http://localhost:9200/_bulk [status:200 request:12.884s]
2025-10-05 16:11:46,817 - INFO - POST http://localhost:9200/_bulk [status:200 request:12.707s]
2025-10-05 16:11:47,077 - INFO - POST http://localhost:9200/_bulk [status:200 request:12.430s]
2025-10-05 16:11:47,464 - INFO - Overall progress: Parsed 2,584,000, Indexed 0, Queue: 299
2025-10-05 16:11:48,181 - INFO - POST http://localhost:9200/_bulk [status:200 request:37.376s]
2025-10-05 16:11:48,799 - INFO - Progress: 1,970,000 indexed, 0 failed, Rate: 4896.2 docs/sec, Queue: 295, Elapsed: 402.4s
2025-10-05 16:11:48,815 - INFO - Progress: 1,980,000 indexed, 0 failed, Rate: 4920.9 docs/sec, Queue: 295, Elapsed: 402.4s
2025-10-05 16:11:48,852 - INFO - Progress: 1,990,000 indexed, 0 failed, Rate: 4945.2 docs/sec, Queue: 295, Elapsed: 402.4s
2025-10-05 16:11:48,895 - INFO - Progress: 2,000,000 indexed, 0 failed, Rate: 4969.6 docs/sec, Queue: 295, Elapsed: 402.4s
2025-10-05 16:11:48,940 - INFO - === METRICS ES CONSUMER AT 2000000 DOCS ===
2025-10-05 16:11:48,940 - INFO - Process Memory:
2025-10-05 16:11:48,940 - INFO -   RSS: 3.70 GB
2025-10-05 16:11:48,945 - INFO -   VMS: 6.45 GB
2025-10-05 16:11:48,966 - INFO -   % of System: 0.4%
2025-10-05 16:11:48,971 - INFO - System Memory:
2025-10-05 16:11:48,976 - INFO -   Total Used: 14.6%
2025-10-05 16:11:48,979 - INFO -   Available: 730.01 GB
2025-10-05 16:11:48,979 - INFO -   Cached: 28.87 GB
2025-10-05 16:11:49,231 - INFO - Worker 0: Parsed 2,600,000 docs, Queue: 290
2025-10-05 16:11:49,990 - INFO - CPU:
2025-10-05 16:11:49,991 - INFO -   Process usage: 26.7%
2025-10-05 16:11:49,991 - INFO -   Threads: 14
2025-10-05 16:11:49,991 - INFO -   Allocated cores: 288 (IDs: [0, 1, 2, 3, 4]...)
2025-10-05 16:11:49,991 - INFO - Process I/O:
2025-10-05 16:11:49,991 - INFO -   Read: 0.03 GB
2025-10-05 16:11:49,991 - INFO -   Write: 0.00 GB
2025-10-05 16:11:49,991 - INFO - ==================================================
2025-10-05 16:11:52,485 - INFO - POST http://localhost:9200/_bulk [status:200 request:13.542s]
2025-10-05 16:11:52,807 - INFO - POST http://localhost:9200/_bulk [status:200 request:34.877s]
2025-10-05 16:11:57,470 - INFO - Overall progress: Parsed 2,631,000, Indexed 0, Queue: 300
2025-10-05 16:11:58,265 - INFO - POST http://localhost:9200/_bulk [status:200 request:44.285s]
2025-10-05 16:11:58,523 - INFO - Progress: 2,010,000 indexed, 0 failed, Rate: 4877.7 docs/sec, Queue: 300, Elapsed: 412.1s
2025-10-05 16:11:58,547 - INFO - Progress: 2,020,000 indexed, 0 failed, Rate: 4901.7 docs/sec, Queue: 300, Elapsed: 412.1s
2025-10-05 16:11:58,582 - INFO - Progress: 2,030,000 indexed, 0 failed, Rate: 4925.6 docs/sec, Queue: 300, Elapsed: 412.1s
2025-10-05 16:11:58,623 - INFO - Progress: 2,040,000 indexed, 0 failed, Rate: 4949.3 docs/sec, Queue: 300, Elapsed: 412.2s
2025-10-05 16:11:58,662 - INFO - Progress: 2,050,000 indexed, 0 failed, Rate: 4973.1 docs/sec, Queue: 300, Elapsed: 412.2s
2025-10-05 16:11:58,685 - INFO - Progress: 2,060,000 indexed, 0 failed, Rate: 4997.1 docs/sec, Queue: 300, Elapsed: 412.2s
2025-10-05 16:11:58,712 - INFO - Progress: 2,070,000 indexed, 0 failed, Rate: 5021.0 docs/sec, Queue: 300, Elapsed: 412.3s
2025-10-05 16:11:58,737 - INFO - Progress: 2,080,000 indexed, 0 failed, Rate: 5045.0 docs/sec, Queue: 300, Elapsed: 412.3s
2025-10-05 16:11:58,773 - INFO - Progress: 2,090,000 indexed, 0 failed, Rate: 5068.8 docs/sec, Queue: 300, Elapsed: 412.3s
2025-10-05 16:12:02,079 - INFO - POST http://localhost:9200/_bulk [status:200 request:17.434s]
2025-10-05 16:12:02,482 - INFO - POST http://localhost:9200/_bulk [status:200 request:15.078s]
2025-10-05 16:12:02,483 - INFO - POST http://localhost:9200/_bulk [status:200 request:15.420s]
2025-10-05 16:12:02,801 - INFO - Progress: 2,100,000 indexed, 0 failed, Rate: 5043.8 docs/sec, Queue: 300, Elapsed: 416.4s
2025-10-05 16:12:02,866 - INFO - POST http://localhost:9200/_bulk [status:200 request:16.873s]
2025-10-05 16:12:03,282 - INFO - === METRICS ES CONSUMER AT 2100000 DOCS ===
2025-10-05 16:12:03,297 - INFO - Process Memory:
2025-10-05 16:12:03,326 - INFO -   RSS: 3.55 GB
2025-10-05 16:12:03,342 - INFO -   VMS: 6.31 GB
2025-10-05 16:12:03,342 - INFO -   % of System: 0.4%
2025-10-05 16:12:03,342 - INFO - System Memory:
2025-10-05 16:12:03,342 - INFO -   Total Used: 14.5%
2025-10-05 16:12:03,343 - INFO -   Available: 730.22 GB
2025-10-05 16:12:03,343 - INFO -   Cached: 28.37 GB
2025-10-05 16:12:04,204 - INFO - Worker 0: Parsed 2,650,000 docs, Queue: 292
2025-10-05 16:12:04,359 - INFO - CPU:
2025-10-05 16:12:04,365 - INFO -   Process usage: 101.4%
2025-10-05 16:12:04,370 - INFO -   Threads: 14
2025-10-05 16:12:04,375 - INFO -   Allocated cores: 288 (IDs: [0, 1, 2, 3, 4]...)
2025-10-05 16:12:04,396 - INFO - Process I/O:
2025-10-05 16:12:04,400 - INFO -   Read: 0.03 GB
2025-10-05 16:12:04,400 - INFO -   Write: 0.00 GB
2025-10-05 16:12:04,400 - INFO - ==================================================
2025-10-05 16:12:04,706 - INFO - Progress: 2,110,000 indexed, 0 failed, Rate: 5044.7 docs/sec, Queue: 290, Elapsed: 418.3s
2025-10-05 16:12:04,741 - INFO - Progress: 2,120,000 indexed, 0 failed, Rate: 5068.2 docs/sec, Queue: 291, Elapsed: 418.3s
2025-10-05 16:12:04,775 - INFO - Progress: 2,130,000 indexed, 0 failed, Rate: 5091.7 docs/sec, Queue: 291, Elapsed: 418.3s
2025-10-05 16:12:04,895 - INFO - POST http://localhost:9200/_bulk [status:200 request:16.063s]
2025-10-05 16:12:05,178 - INFO - Progress: 2,140,000 indexed, 0 failed, Rate: 5110.7 docs/sec, Queue: 292, Elapsed: 418.7s
2025-10-05 16:12:06,515 - INFO - POST http://localhost:9200/_bulk [status:200 request:13.768s]
2025-10-05 16:12:06,761 - INFO - Progress: 2,150,000 indexed, 0 failed, Rate: 5115.2 docs/sec, Queue: 281, Elapsed: 420.3s
2025-10-05 16:12:07,481 - INFO - Overall progress: Parsed 2,678,000, Indexed 0, Queue: 278
2025-10-05 16:12:09,521 - INFO - Worker 0: Parsed 2,700,000 docs, Queue: 299
2025-10-05 16:12:16,085 - INFO - POST http://localhost:9200/_bulk [status:200 request:17.523s]
2025-10-05 16:12:16,465 - INFO - POST http://localhost:9200/_bulk [status:200 request:13.581s]
2025-10-05 16:12:17,483 - INFO - Overall progress: Parsed 2,712,000, Indexed 0, Queue: 291
2025-10-05 16:12:17,541 - INFO - POST http://localhost:9200/_bulk [status:200 request:12.340s]
2025-10-05 16:12:21,391 - INFO - POST http://localhost:9200/_bulk [status:200 request:28.284s]
2025-10-05 16:12:21,621 - INFO - Progress: 2,160,000 indexed, 0 failed, Rate: 4963.5 docs/sec, Queue: 300, Elapsed: 435.2s
2025-10-05 16:12:21,655 - INFO - Progress: 2,170,000 indexed, 0 failed, Rate: 4986.1 docs/sec, Queue: 300, Elapsed: 435.2s
2025-10-05 16:12:21,699 - INFO - Progress: 2,180,000 indexed, 0 failed, Rate: 5008.6 docs/sec, Queue: 300, Elapsed: 435.3s
2025-10-05 16:12:22,385 - INFO - POST http://localhost:9200/_bulk [status:200 request:15.590s]
2025-10-05 16:12:23,626 - INFO - Worker 0: Parsed 2,750,000 docs, Queue: 299
2025-10-05 16:12:27,484 - INFO - Overall progress: Parsed 2,751,000, Indexed 0, Queue: 300
2025-10-05 16:12:28,241 - INFO - POST http://localhost:9200/_bulk [status:200 request:11.498s]
2025-10-05 16:12:30,174 - INFO - POST http://localhost:9200/_bulk [status:200 request:12.087s]
2025-10-05 16:12:31,407 - INFO - POST http://localhost:9200/_bulk [status:200 request:9.755s]
2025-10-05 16:12:34,413 - INFO - POST http://localhost:9200/_bulk [status:200 request:11.789s]
2025-10-05 16:12:37,484 - INFO - Overall progress: Parsed 2,791,000, Indexed 0, Queue: 300
2025-10-05 16:12:37,881 - INFO - POST http://localhost:9200/_bulk [status:200 request:34.531s]
2025-10-05 16:12:38,975 - INFO - Worker 0: Parsed 2,800,000 docs, Queue: 299
2025-10-05 16:12:40,691 - INFO - POST http://localhost:9200/_bulk [status:200 request:10.278s]
2025-10-05 16:12:43,179 - INFO - POST http://localhost:9200/_bulk [status:200 request:14.674s]
2025-10-05 16:12:44,196 - INFO - POST http://localhost:9200/_bulk [status:200 request:40.966s]
2025-10-05 16:12:44,405 - INFO - Progress: 2,190,000 indexed, 0 failed, Rate: 4782.1 docs/sec, Queue: 299, Elapsed: 458.0s
2025-10-05 16:12:44,545 - INFO - POST http://localhost:9200/_bulk [status:200 request:12.599s]
2025-10-05 16:12:47,388 - INFO - POST http://localhost:9200/_bulk [status:200 request:12.729s]
2025-10-05 16:12:47,568 - INFO - Overall progress: Parsed 2,841,000, Indexed 0, Queue: 300
2025-10-05 16:12:47,892 - INFO - POST http://localhost:9200/_bulk [status:200 request:44.657s]
2025-10-05 16:12:48,049 - INFO - POST http://localhost:9200/_bulk [status:200 request:31.701s]
2025-10-05 16:12:48,413 - INFO - Progress: 2,200,000 indexed, 0 failed, Rate: 4762.2 docs/sec, Queue: 300, Elapsed: 462.0s
2025-10-05 16:12:48,555 - INFO - === METRICS ES CONSUMER AT 2200000 DOCS ===
2025-10-05 16:12:48,560 - INFO - Process Memory:
2025-10-05 16:12:48,570 - INFO -   RSS: 3.58 GB
2025-10-05 16:12:48,576 - INFO -   VMS: 6.34 GB
2025-10-05 16:12:48,577 - INFO -   % of System: 0.4%
2025-10-05 16:12:48,582 - INFO - System Memory:
2025-10-05 16:12:48,587 - INFO -   Total Used: 14.6%
2025-10-05 16:12:48,592 - INFO -   Available: 729.78 GB
2025-10-05 16:12:48,597 - INFO -   Cached: 28.76 GB
2025-10-05 16:12:48,824 - INFO - Worker 0: Parsed 2,850,000 docs, Queue: 296
2025-10-05 16:12:49,833 - INFO - CPU:
2025-10-05 16:12:49,838 - INFO -   Process usage: 99.6%
2025-10-05 16:12:49,844 - INFO -   Threads: 14
2025-10-05 16:12:49,849 - INFO -   Allocated cores: 288 (IDs: [0, 1, 2, 3, 4]...)
2025-10-05 16:12:49,850 - INFO - Process I/O:
2025-10-05 16:12:49,850 - INFO -   Read: 0.03 GB
2025-10-05 16:12:49,850 - INFO -   Write: 0.00 GB
2025-10-05 16:12:49,855 - INFO - ==================================================
2025-10-05 16:12:50,272 - INFO - Progress: 2,210,000 indexed, 0 failed, Rate: 4764.7 docs/sec, Queue: 292, Elapsed: 463.8s
2025-10-05 16:12:50,304 - INFO - Progress: 2,220,000 indexed, 0 failed, Rate: 4785.9 docs/sec, Queue: 292, Elapsed: 463.9s
2025-10-05 16:12:50,356 - INFO - POST http://localhost:9200/_bulk [status:200 request:12.229s]
2025-10-05 16:12:50,436 - INFO - Progress: 2,230,000 indexed, 0 failed, Rate: 4806.1 docs/sec, Queue: 293, Elapsed: 464.0s
2025-10-05 16:12:50,481 - INFO - Progress: 2,240,000 indexed, 0 failed, Rate: 4827.2 docs/sec, Queue: 294, Elapsed: 464.0s
2025-10-05 16:12:50,522 - INFO - Progress: 2,250,000 indexed, 0 failed, Rate: 4848.3 docs/sec, Queue: 294, Elapsed: 464.1s
2025-10-05 16:12:50,601 - INFO - Progress: 2,260,000 indexed, 0 failed, Rate: 4869.1 docs/sec, Queue: 295, Elapsed: 464.2s
2025-10-05 16:12:50,679 - INFO - Progress: 2,270,000 indexed, 0 failed, Rate: 4889.8 docs/sec, Queue: 295, Elapsed: 464.2s
2025-10-05 16:12:50,718 - INFO - Progress: 2,280,000 indexed, 0 failed, Rate: 4910.9 docs/sec, Queue: 295, Elapsed: 464.3s
2025-10-05 16:12:50,743 - INFO - Progress: 2,290,000 indexed, 0 failed, Rate: 4932.2 docs/sec, Queue: 294, Elapsed: 464.3s
2025-10-05 16:12:50,768 - INFO - Progress: 2,300,000 indexed, 0 failed, Rate: 4953.5 docs/sec, Queue: 294, Elapsed: 464.3s
2025-10-05 16:12:50,799 - INFO - === METRICS ES CONSUMER AT 2300000 DOCS ===
2025-10-05 16:12:50,804 - INFO - Process Memory:
2025-10-05 16:12:50,810 - INFO -   RSS: 3.73 GB
2025-10-05 16:12:50,815 - INFO -   VMS: 6.48 GB
2025-10-05 16:12:50,822 - INFO -   % of System: 0.4%
2025-10-05 16:12:50,827 - INFO - System Memory:
2025-10-05 16:12:50,833 - INFO -   Total Used: 14.6%
2025-10-05 16:12:50,838 - INFO -   Available: 729.67 GB
2025-10-05 16:12:50,843 - INFO -   Cached: 28.84 GB
2025-10-05 16:12:51,856 - INFO - CPU:
2025-10-05 16:12:51,857 - INFO -   Process usage: 21.8%
2025-10-05 16:12:51,857 - INFO -   Threads: 14
2025-10-05 16:12:51,857 - INFO -   Allocated cores: 288 (IDs: [0, 1, 2, 3, 4]...)
2025-10-05 16:12:51,857 - INFO - Process I/O:
2025-10-05 16:12:51,857 - INFO -   Read: 0.03 GB
2025-10-05 16:12:51,857 - INFO -   Write: 0.00 GB
2025-10-05 16:12:51,857 - INFO - ==================================================
2025-10-05 16:12:52,176 - INFO - Progress: 2,310,000 indexed, 0 failed, Rate: 4960.0 docs/sec, Queue: 299, Elapsed: 465.7s
2025-10-05 16:12:52,209 - INFO - Progress: 2,320,000 indexed, 0 failed, Rate: 4981.1 docs/sec, Queue: 299, Elapsed: 465.8s
2025-10-05 16:12:52,230 - INFO - Progress: 2,330,000 indexed, 0 failed, Rate: 5002.3 docs/sec, Queue: 299, Elapsed: 465.8s
2025-10-05 16:12:55,464 - INFO - POST http://localhost:9200/_bulk [status:200 request:14.227s]
2025-10-05 16:12:55,670 - INFO - Progress: 2,340,000 indexed, 0 failed, Rate: 4987.0 docs/sec, Queue: 300, Elapsed: 469.2s
2025-10-05 16:12:57,324 - INFO - POST http://localhost:9200/_bulk [status:200 request:13.913s]
2025-10-05 16:12:57,502 - INFO - Progress: 2,350,000 indexed, 0 failed, Rate: 4988.8 docs/sec, Queue: 300, Elapsed: 471.1s
2025-10-05 16:12:57,617 - INFO - Overall progress: Parsed 2,892,000, Indexed 0, Queue: 299
2025-10-05 16:12:58,444 - INFO - Worker 0: Parsed 2,900,000 docs, Queue: 299
2025-10-05 16:13:02,663 - INFO - POST http://localhost:9200/_bulk [status:200 request:14.096s]
2025-10-05 16:13:03,626 - INFO - POST http://localhost:9200/_bulk [status:200 request:15.976s]
2025-10-05 16:13:05,090 - INFO - POST http://localhost:9200/_bulk [status:200 request:14.417s]
2025-10-05 16:13:07,623 - INFO - Overall progress: Parsed 2,931,000, Indexed 0, Queue: 300
2025-10-05 16:13:08,840 - INFO - POST http://localhost:9200/_bulk [status:200 request:23.998s]
2025-10-05 16:13:09,736 - INFO - POST http://localhost:9200/_bulk [status:200 request:12.164s]
2025-10-05 16:13:11,276 - INFO - Worker 0: Parsed 2,950,000 docs, Queue: 299
2025-10-05 16:13:13,484 - INFO - POST http://localhost:9200/_bulk [status:200 request:10.585s]
2025-10-05 16:13:16,067 - INFO - POST http://localhost:9200/_bulk [status:200 request:10.761s]
2025-10-05 16:13:17,624 - INFO - Overall progress: Parsed 2,971,000, Indexed 0, Queue: 300
2025-10-05 16:13:19,988 - INFO - POST http://localhost:9200/_bulk [status:200 request:10.636s]
2025-10-05 16:13:20,264 - INFO - POST http://localhost:9200/_bulk [status:200 request:10.312s]
2025-10-05 16:13:22,249 - INFO - POST http://localhost:9200/_bulk [status:200 request:37.778s]
2025-10-05 16:13:22,448 - INFO - Progress: 2,360,000 indexed, 0 failed, Rate: 4758.0 docs/sec, Queue: 300, Elapsed: 496.0s
2025-10-05 16:13:22,465 - INFO - Progress: 2,370,000 indexed, 0 failed, Rate: 4778.0 docs/sec, Queue: 300, Elapsed: 496.0s
2025-10-05 16:13:22,496 - INFO - Progress: 2,380,000 indexed, 0 failed, Rate: 4797.9 docs/sec, Queue: 300, Elapsed: 496.1s
2025-10-05 16:13:23,312 - INFO - POST http://localhost:9200/_bulk [status:200 request:34.867s]
2025-10-05 16:13:23,353 - INFO - Worker 0: Parsed 3,000,000 docs, Queue: 299
2025-10-05 16:13:23,526 - INFO - Progress: 2,390,000 indexed, 0 failed, Rate: 4808.1 docs/sec, Queue: 299, Elapsed: 497.1s
2025-10-05 16:13:23,562 - INFO - Progress: 2,400,000 indexed, 0 failed, Rate: 4827.8 docs/sec, Queue: 299, Elapsed: 497.1s
2025-10-05 16:13:23,610 - INFO - === METRICS ES CONSUMER AT 2400000 DOCS ===
2025-10-05 16:13:23,616 - INFO - Process Memory:
2025-10-05 16:13:23,621 - INFO -   RSS: 3.73 GB
2025-10-05 16:13:23,626 - INFO -   VMS: 6.47 GB
2025-10-05 16:13:23,639 - INFO -   % of System: 0.4%
2025-10-05 16:13:23,644 - INFO - System Memory:
2025-10-05 16:13:23,649 - INFO -   Total Used: 14.6%
2025-10-05 16:13:23,655 - INFO -   Available: 729.32 GB
2025-10-05 16:13:23,660 - INFO -   Cached: 29.60 GB
2025-10-05 16:13:24,674 - INFO - CPU:
2025-10-05 16:13:24,674 - INFO -   Process usage: 23.8%
2025-10-05 16:13:24,674 - INFO -   Threads: 14
2025-10-05 16:13:24,674 - INFO -   Allocated cores: 288 (IDs: [0, 1, 2, 3, 4]...)
2025-10-05 16:13:24,674 - INFO - Process I/O:
2025-10-05 16:13:24,674 - INFO -   Read: 0.03 GB
2025-10-05 16:13:24,675 - INFO -   Write: 0.00 GB
2025-10-05 16:13:24,675 - INFO - ==================================================
2025-10-05 16:13:25,022 - INFO - Progress: 2,410,000 indexed, 0 failed, Rate: 4833.8 docs/sec, Queue: 300, Elapsed: 498.6s
2025-10-05 16:13:25,394 - INFO - POST http://localhost:9200/_bulk [status:200 request:11.687s]
2025-10-05 16:13:27,625 - INFO - Overall progress: Parsed 3,021,000, Indexed 0, Queue: 300
2025-10-05 16:13:28,283 - INFO - POST http://localhost:9200/_bulk [status:200 request:12.001s]
2025-10-05 16:13:28,908 - INFO - POST http://localhost:9200/_bulk [status:200 request:33.208s]
2025-10-05 16:13:29,131 - INFO - Progress: 2,420,000 indexed, 0 failed, Rate: 4814.1 docs/sec, Queue: 296, Elapsed: 502.7s
2025-10-05 16:13:29,161 - INFO - Progress: 2,430,000 indexed, 0 failed, Rate: 4833.7 docs/sec, Queue: 297, Elapsed: 502.7s
2025-10-05 16:13:29,203 - INFO - Progress: 2,440,000 indexed, 0 failed, Rate: 4853.2 docs/sec, Queue: 297, Elapsed: 502.8s
2025-10-05 16:13:31,958 - INFO - POST http://localhost:9200/_bulk [status:200 request:28.112s]
2025-10-05 16:13:32,476 - INFO - Progress: 2,450,000 indexed, 0 failed, Rate: 4841.6 docs/sec, Queue: 300, Elapsed: 506.0s
2025-10-05 16:13:32,501 - INFO - Progress: 2,460,000 indexed, 0 failed, Rate: 4861.1 docs/sec, Queue: 300, Elapsed: 506.1s
2025-10-05 16:13:32,536 - INFO - Progress: 2,470,000 indexed, 0 failed, Rate: 4880.6 docs/sec, Queue: 300, Elapsed: 506.1s
2025-10-05 16:13:32,565 - INFO - Progress: 2,480,000 indexed, 0 failed, Rate: 4900.0 docs/sec, Queue: 300, Elapsed: 506.1s
2025-10-05 16:13:32,596 - INFO - Progress: 2,490,000 indexed, 0 failed, Rate: 4919.5 docs/sec, Queue: 300, Elapsed: 506.1s
2025-10-05 16:13:32,629 - INFO - Progress: 2,500,000 indexed, 0 failed, Rate: 4938.9 docs/sec, Queue: 300, Elapsed: 506.2s
2025-10-05 16:13:32,667 - INFO - === METRICS ES CONSUMER AT 2500000 DOCS ===
2025-10-05 16:13:32,672 - INFO - Process Memory:
2025-10-05 16:13:32,677 - INFO -   RSS: 3.75 GB
2025-10-05 16:13:32,682 - INFO -   VMS: 6.49 GB
2025-10-05 16:13:32,692 - INFO -   % of System: 0.4%
2025-10-05 16:13:32,698 - INFO - System Memory:
2025-10-05 16:13:32,703 - INFO -   Total Used: 14.6%
2025-10-05 16:13:32,708 - INFO -   Available: 729.85 GB
2025-10-05 16:13:32,713 - INFO -   Cached: 28.39 GB
2025-10-05 16:13:33,438 - INFO - Worker 0: Parsed 3,050,000 docs, Queue: 299
2025-10-05 16:13:33,734 - INFO - CPU:
2025-10-05 16:13:33,734 - INFO -   Process usage: 22.7%
2025-10-05 16:13:33,734 - INFO -   Threads: 14
2025-10-05 16:13:33,734 - INFO -   Allocated cores: 288 (IDs: [0, 1, 2, 3, 4]...)
2025-10-05 16:13:33,734 - INFO - Process I/O:
2025-10-05 16:13:33,734 - INFO -   Read: 0.03 GB
2025-10-05 16:13:33,734 - INFO -   Write: 0.00 GB
2025-10-05 16:13:33,734 - INFO - ==================================================
2025-10-05 16:13:36,321 - INFO - POST http://localhost:9200/_bulk [status:200 request:16.100s]
2025-10-05 16:13:36,531 - INFO - Progress: 2,510,000 indexed, 0 failed, Rate: 4920.7 docs/sec, Queue: 300, Elapsed: 510.1s
2025-10-05 16:13:37,626 - INFO - Overall progress: Parsed 3,061,000, Indexed 0, Queue: 300
2025-10-05 16:13:37,999 - INFO - POST http://localhost:9200/_bulk [status:200 request:15.523s]
2025-10-05 16:13:38,921 - INFO - POST http://localhost:9200/_bulk [status:200 request:18.376s]
2025-10-05 16:13:39,443 - INFO - Progress: 2,520,000 indexed, 0 failed, Rate: 4912.3 docs/sec, Queue: 300, Elapsed: 513.0s
2025-10-05 16:13:39,477 - INFO - Progress: 2,530,000 indexed, 0 failed, Rate: 4931.5 docs/sec, Queue: 300, Elapsed: 513.0s
2025-10-05 16:13:42,370 - INFO - POST http://localhost:9200/_bulk [status:200 request:13.869s]
2025-10-05 16:13:44,128 - INFO - POST http://localhost:9200/_bulk [status:200 request:14.964s]
2025-10-05 16:13:44,355 - INFO - POST http://localhost:9200/_bulk [status:200 request:18.716s]
2025-10-05 16:13:44,889 - INFO - POST http://localhost:9200/_bulk [status:200 request:12.386s]
2025-10-05 16:13:45,932 - INFO - Worker 0: Parsed 3,100,000 docs, Queue: 288
2025-10-05 16:13:47,626 - INFO - Overall progress: Parsed 3,115,000, Indexed 0, Queue: 294
2025-10-05 16:13:53,290 - INFO - POST http://localhost:9200/_bulk [status:200 request:13.818s]
2025-10-05 16:13:55,301 - INFO - POST http://localhost:9200/_bulk [status:200 request:10.924s]
2025-10-05 16:13:55,541 - INFO - POST http://localhost:9200/_bulk [status:200 request:12.939s]
2025-10-05 16:13:55,672 - INFO - POST http://localhost:9200/_bulk [status:200 request:32.108s]
2025-10-05 16:13:56,036 - INFO - Progress: 2,540,000 indexed, 0 failed, Rate: 4796.2 docs/sec, Queue: 300, Elapsed: 529.6s
2025-10-05 16:13:56,066 - INFO - Progress: 2,550,000 indexed, 0 failed, Rate: 4814.8 docs/sec, Queue: 300, Elapsed: 529.6s
2025-10-05 16:13:56,093 - INFO - Progress: 2,560,000 indexed, 0 failed, Rate: 4833.4 docs/sec, Queue: 300, Elapsed: 529.6s
2025-10-05 16:13:56,135 - INFO - Progress: 2,570,000 indexed, 0 failed, Rate: 4851.9 docs/sec, Queue: 300, Elapsed: 529.7s
2025-10-05 16:13:56,160 - INFO - Progress: 2,580,000 indexed, 0 failed, Rate: 4870.5 docs/sec, Queue: 300, Elapsed: 529.7s
2025-10-05 16:13:57,627 - INFO - Overall progress: Parsed 3,146,000, Indexed 0, Queue: 285
2025-10-05 16:13:57,906 - INFO - Worker 0: Parsed 3,150,000 docs, Queue: 289
2025-10-05 16:14:02,418 - INFO - POST http://localhost:9200/_bulk [status:200 request:17.239s]
2025-10-05 16:14:05,035 - INFO - POST http://localhost:9200/_bulk [status:200 request:11.517s]
2025-10-05 16:14:06,686 - INFO - POST http://localhost:9200/_bulk [status:200 request:11.166s]
2025-10-05 16:14:07,628 - INFO - Overall progress: Parsed 3,184,000, Indexed 0, Queue: 293
2025-10-05 16:14:08,844 - INFO - POST http://localhost:9200/_bulk [status:200 request:12.916s]
2025-10-05 16:14:09,883 - INFO - POST http://localhost:9200/_bulk [status:200 request:13.819s]
2025-10-05 16:14:09,955 - INFO - Worker 0: Parsed 3,200,000 docs, Queue: 299
2025-10-05 16:14:11,046 - INFO - POST http://localhost:9200/_bulk [status:200 request:34.486s]
2025-10-05 16:14:11,220 - INFO - Progress: 2,590,000 indexed, 0 failed, Rate: 4754.3 docs/sec, Queue: 299, Elapsed: 544.8s
2025-10-05 16:14:17,206 - INFO - POST http://localhost:9200/_bulk [status:200 request:11.947s]
2025-10-05 16:14:17,501 - INFO - POST http://localhost:9200/_bulk [status:200 request:39.261s]
2025-10-05 16:14:17,713 - INFO - Progress: 2,600,000 indexed, 0 failed, Rate: 4716.4 docs/sec, Queue: 300, Elapsed: 551.3s
2025-10-05 16:14:17,752 - INFO - Overall progress: Parsed 3,223,000, Indexed 0, Queue: 300
2025-10-05 16:14:17,779 - INFO - === METRICS ES CONSUMER AT 2600000 DOCS ===
2025-10-05 16:14:17,784 - INFO - Process Memory:
2025-10-05 16:14:17,789 - INFO -   RSS: 3.73 GB
2025-10-05 16:14:17,794 - INFO -   VMS: 6.46 GB
2025-10-05 16:14:17,802 - INFO -   % of System: 0.4%
2025-10-05 16:14:17,808 - INFO - System Memory:
2025-10-05 16:14:17,813 - INFO -   Total Used: 14.6%
2025-10-05 16:14:17,818 - INFO -   Available: 729.29 GB
2025-10-05 16:14:17,823 - INFO -   Cached: 28.99 GB
2025-10-05 16:14:18,842 - INFO - CPU:
2025-10-05 16:14:18,842 - INFO -   Process usage: 54.3%
2025-10-05 16:14:18,842 - INFO -   Threads: 14
2025-10-05 16:14:18,842 - INFO -   Allocated cores: 288 (IDs: [0, 1, 2, 3, 4]...)
2025-10-05 16:14:18,842 - INFO - Process I/O:
2025-10-05 16:14:18,842 - INFO -   Read: 0.03 GB
2025-10-05 16:14:18,843 - INFO -   Write: 0.01 GB
2025-10-05 16:14:18,843 - INFO - ==================================================
2025-10-05 16:14:19,258 - INFO - Progress: 2,610,000 indexed, 0 failed, Rate: 4721.3 docs/sec, Queue: 296, Elapsed: 552.8s
2025-10-05 16:14:19,285 - INFO - Progress: 2,620,000 indexed, 0 failed, Rate: 4739.2 docs/sec, Queue: 297, Elapsed: 552.8s
2025-10-05 16:14:19,313 - INFO - Progress: 2,630,000 indexed, 0 failed, Rate: 4757.0 docs/sec, Queue: 297, Elapsed: 552.9s
2025-10-05 16:14:19,523 - INFO - POST http://localhost:9200/_bulk [status:200 request:34.608s]
2025-10-05 16:14:19,748 - INFO - Progress: 2,640,000 indexed, 0 failed, Rate: 4771.4 docs/sec, Queue: 300, Elapsed: 553.3s
2025-10-05 16:14:19,774 - INFO - Progress: 2,650,000 indexed, 0 failed, Rate: 4789.2 docs/sec, Queue: 300, Elapsed: 553.3s
2025-10-05 16:14:19,813 - INFO - Progress: 2,660,000 indexed, 0 failed, Rate: 4806.9 docs/sec, Queue: 300, Elapsed: 553.4s
2025-10-05 16:14:19,853 - INFO - Progress: 2,670,000 indexed, 0 failed, Rate: 4824.7 docs/sec, Queue: 300, Elapsed: 553.4s
2025-10-05 16:14:19,881 - INFO - Progress: 2,680,000 indexed, 0 failed, Rate: 4842.5 docs/sec, Queue: 300, Elapsed: 553.4s
2025-10-05 16:14:19,913 - INFO - Progress: 2,690,000 indexed, 0 failed, Rate: 4860.3 docs/sec, Queue: 300, Elapsed: 553.5s
2025-10-05 16:14:20,173 - INFO - POST http://localhost:9200/_bulk [status:200 request:12.950s]
2025-10-05 16:14:20,794 - INFO - Worker 0: Parsed 3,250,000 docs, Queue: 291
2025-10-05 16:14:22,237 - INFO - POST http://localhost:9200/_bulk [status:200 request:12.134s]
2025-10-05 16:14:23,476 - INFO - POST http://localhost:9200/_bulk [status:200 request:14.395s]
2025-10-05 16:14:26,232 - INFO - POST http://localhost:9200/_bulk [status:200 request:14.945s]
2025-10-05 16:14:27,763 - INFO - Overall progress: Parsed 3,291,000, Indexed 0, Queue: 300
2025-10-05 16:14:31,702 - INFO - POST http://localhost:9200/_bulk [status:200 request:11.927s]
2025-10-05 16:14:32,207 - INFO - POST http://localhost:9200/_bulk [status:200 request:29.551s]
2025-10-05 16:14:32,782 - INFO - Progress: 2,700,000 indexed, 0 failed, Rate: 4767.5 docs/sec, Queue: 300, Elapsed: 566.3s
2025-10-05 16:14:32,831 - INFO - === METRICS ES CONSUMER AT 2700000 DOCS ===
2025-10-05 16:14:32,832 - INFO - Process Memory:
2025-10-05 16:14:32,832 - INFO -   RSS: 3.71 GB
2025-10-05 16:14:32,837 - INFO -   VMS: 6.45 GB
2025-10-05 16:14:32,857 - INFO -   % of System: 0.4%
2025-10-05 16:14:32,859 - INFO - Worker 0: Parsed 3,300,000 docs, Queue: 300
2025-10-05 16:14:32,862 - INFO - System Memory:
2025-10-05 16:14:32,868 - INFO -   Total Used: 14.7%
2025-10-05 16:14:32,870 - INFO -   Available: 729.26 GB
2025-10-05 16:14:32,870 - INFO -   Cached: 28.34 GB
2025-10-05 16:14:33,408 - INFO - POST http://localhost:9200/_bulk [status:200 request:15.980s]
2025-10-05 16:14:33,917 - INFO - CPU:
2025-10-05 16:14:33,922 - INFO -   Process usage: 86.7%
2025-10-05 16:14:33,922 - INFO -   Threads: 14
2025-10-05 16:14:33,922 - INFO -   Allocated cores: 288 (IDs: [0, 1, 2, 3, 4]...)
2025-10-05 16:14:33,928 - INFO - Process I/O:
2025-10-05 16:14:33,933 - INFO -   Read: 0.03 GB
2025-10-05 16:14:33,938 - INFO -   Write: 0.01 GB
2025-10-05 16:14:33,943 - INFO - ==================================================
2025-10-05 16:14:34,314 - INFO - Progress: 2,710,000 indexed, 0 failed, Rate: 4772.2 docs/sec, Queue: 293, Elapsed: 567.9s
2025-10-05 16:14:34,370 - INFO - POST http://localhost:9200/_bulk [status:200 request:16.562s]
2025-10-05 16:14:34,373 - INFO - Progress: 2,720,000 indexed, 0 failed, Rate: 4789.3 docs/sec, Queue: 292, Elapsed: 567.9s
2025-10-05 16:14:34,513 - INFO - Progress: 2,730,000 indexed, 0 failed, Rate: 4805.8 docs/sec, Queue: 294, Elapsed: 568.1s
2025-10-05 16:14:34,604 - INFO - Progress: 2,740,000 indexed, 0 failed, Rate: 4822.6 docs/sec, Queue: 294, Elapsed: 568.2s
2025-10-05 16:14:34,680 - INFO - Progress: 2,750,000 indexed, 0 failed, Rate: 4839.6 docs/sec, Queue: 294, Elapsed: 568.2s
2025-10-05 16:14:34,705 - INFO - Progress: 2,760,000 indexed, 0 failed, Rate: 4856.9 docs/sec, Queue: 295, Elapsed: 568.3s
2025-10-05 16:14:34,734 - INFO - Progress: 2,770,000 indexed, 0 failed, Rate: 4874.3 docs/sec, Queue: 295, Elapsed: 568.3s
2025-10-05 16:14:34,766 - INFO - Progress: 2,780,000 indexed, 0 failed, Rate: 4891.6 docs/sec, Queue: 295, Elapsed: 568.3s
2025-10-05 16:14:35,394 - INFO - POST http://localhost:9200/_bulk [status:200 request:14.966s]
2025-10-05 16:14:35,608 - INFO - Progress: 2,790,000 indexed, 0 failed, Rate: 4901.9 docs/sec, Queue: 293, Elapsed: 569.2s
2025-10-05 16:14:36,829 - INFO - POST http://localhost:9200/_bulk [status:200 request:14.360s]
2025-10-05 16:14:37,059 - INFO - Progress: 2,800,000 indexed, 0 failed, Rate: 4907.0 docs/sec, Queue: 297, Elapsed: 570.6s
2025-10-05 16:14:37,117 - INFO - === METRICS ES CONSUMER AT 2800000 DOCS ===
2025-10-05 16:14:37,122 - INFO - Process Memory:
2025-10-05 16:14:37,128 - INFO -   RSS: 3.73 GB
2025-10-05 16:14:37,133 - INFO -   VMS: 6.47 GB
2025-10-05 16:14:37,148 - INFO -   % of System: 0.4%
2025-10-05 16:14:37,148 - INFO - System Memory:
2025-10-05 16:14:37,148 - INFO -   Total Used: 14.7%
2025-10-05 16:14:37,153 - INFO -   Available: 729.24 GB
2025-10-05 16:14:37,158 - INFO -   Cached: 28.44 GB
2025-10-05 16:14:37,764 - INFO - Overall progress: Parsed 3,344,000, Indexed 0, Queue: 293
2025-10-05 16:14:38,180 - INFO - CPU:
2025-10-05 16:14:38,180 - INFO -   Process usage: 29.5%
2025-10-05 16:14:38,180 - INFO -   Threads: 14
2025-10-05 16:14:38,180 - INFO -   Allocated cores: 288 (IDs: [0, 1, 2, 3, 4]...)
2025-10-05 16:14:38,181 - INFO - Process I/O:
2025-10-05 16:14:38,181 - INFO -   Read: 0.03 GB
2025-10-05 16:14:38,181 - INFO -   Write: 0.01 GB
2025-10-05 16:14:38,181 - INFO - ==================================================
2025-10-05 16:14:38,290 - INFO - Worker 0: Parsed 3,350,000 docs, Queue: 299
2025-10-05 16:14:44,023 - INFO - POST http://localhost:9200/_bulk [status:200 request:17.568s]
2025-10-05 16:14:47,764 - INFO - Overall progress: Parsed 3,361,000, Indexed 0, Queue: 300
2025-10-05 16:14:48,016 - INFO - POST http://localhost:9200/_bulk [status:200 request:16.088s]
2025-10-05 16:14:48,763 - INFO - POST http://localhost:9200/_bulk [status:200 request:13.124s]
2025-10-05 16:14:49,177 - INFO - POST http://localhost:9200/_bulk [status:200 request:14.169s]
2025-10-05 16:14:50,998 - INFO - POST http://localhost:9200/_bulk [status:200 request:17.351s]
2025-10-05 16:14:52,565 - INFO - Worker 0: Parsed 3,400,000 docs, Queue: 299
2025-10-05 16:14:52,758 - INFO - POST http://localhost:9200/_bulk [status:200 request:15.660s]
2025-10-05 16:14:56,275 - INFO - POST http://localhost:9200/_bulk [status:200 request:32.255s]
2025-10-05 16:14:56,491 - INFO - Progress: 2,810,000 indexed, 0 failed, Rate: 4762.3 docs/sec, Queue: 300, Elapsed: 590.0s
2025-10-05 16:14:56,514 - INFO - Progress: 2,820,000 indexed, 0 failed, Rate: 4779.1 docs/sec, Queue: 300, Elapsed: 590.1s
2025-10-05 16:14:56,552 - INFO - Progress: 2,830,000 indexed, 0 failed, Rate: 4795.7 docs/sec, Queue: 300, Elapsed: 590.1s
2025-10-05 16:14:57,765 - INFO - Overall progress: Parsed 3,421,000, Indexed 0, Queue: 300
2025-10-05 16:15:02,061 - INFO - POST http://localhost:9200/_bulk [status:200 request:12.555s]
2025-10-05 16:15:02,174 - INFO - POST http://localhost:9200/_bulk [status:200 request:12.752s]
2025-10-05 16:15:02,858 - INFO - POST http://localhost:9200/_bulk [status:200 request:14.603s]
2025-10-05 16:15:03,722 - INFO - POST http://localhost:9200/_bulk [status:200 request:30.909s]
2025-10-05 16:15:03,967 - INFO - Progress: 2,840,000 indexed, 0 failed, Rate: 4753.0 docs/sec, Queue: 293, Elapsed: 597.5s
2025-10-05 16:15:03,991 - INFO - Progress: 2,850,000 indexed, 0 failed, Rate: 4769.5 docs/sec, Queue: 293, Elapsed: 597.5s
2025-10-05 16:15:04,021 - INFO - Progress: 2,860,000 indexed, 0 failed, Rate: 4786.0 docs/sec, Queue: 293, Elapsed: 597.6s
2025-10-05 16:15:04,056 - INFO - Progress: 2,870,000 indexed, 0 failed, Rate: 4802.5 docs/sec, Queue: 293, Elapsed: 597.6s
2025-10-05 16:15:04,091 - INFO - Progress: 2,880,000 indexed, 0 failed, Rate: 4818.9 docs/sec, Queue: 294, Elapsed: 597.6s
2025-10-05 16:15:04,480 - INFO - POST http://localhost:9200/_bulk [status:200 request:11.172s]
2025-10-05 16:15:04,753 - INFO - POST http://localhost:9200/_bulk [status:200 request:13.534s]
2025-10-05 16:15:06,140 - INFO - Worker 0: Parsed 3,450,000 docs, Queue: 280
2025-10-05 16:15:07,766 - INFO - Overall progress: Parsed 3,464,000, Indexed 0, Queue: 283
2025-10-05 16:15:09,666 - INFO - POST http://localhost:9200/_bulk [status:200 request:13.147s]
2025-10-05 16:15:15,135 - INFO - POST http://localhost:9200/_bulk [status:200 request:30.899s]
2025-10-05 16:15:15,316 - INFO - Progress: 2,890,000 indexed, 0 failed, Rate: 4746.5 docs/sec, Queue: 300, Elapsed: 608.9s
2025-10-05 16:15:15,369 - INFO - Progress: 2,900,000 indexed, 0 failed, Rate: 4762.5 docs/sec, Queue: 300, Elapsed: 608.9s
2025-10-05 16:15:15,414 - INFO - === METRICS ES CONSUMER AT 2900000 DOCS ===
2025-10-05 16:15:15,419 - INFO - Process Memory:
2025-10-05 16:15:15,424 - INFO -   RSS: 3.71 GB
2025-10-05 16:15:15,430 - INFO -   VMS: 6.44 GB
2025-10-05 16:15:15,443 - INFO -   % of System: 0.4%
2025-10-05 16:15:15,443 - INFO - System Memory:
2025-10-05 16:15:15,443 - INFO -   Total Used: 14.7%
2025-10-05 16:15:15,443 - INFO -   Available: 729.14 GB
2025-10-05 16:15:15,448 - INFO -   Cached: 29.03 GB
2025-10-05 16:15:16,267 - INFO - Worker 0: Parsed 3,500,000 docs, Queue: 299
2025-10-05 16:15:16,465 - INFO - CPU:
2025-10-05 16:15:16,465 - INFO -   Process usage: 29.7%
2025-10-05 16:15:16,465 - INFO -   Threads: 14
2025-10-05 16:15:16,465 - INFO -   Allocated cores: 288 (IDs: [0, 1, 2, 3, 4]...)
2025-10-05 16:15:16,466 - INFO - Process I/O:
2025-10-05 16:15:16,466 - INFO -   Read: 0.03 GB
2025-10-05 16:15:16,466 - INFO -   Write: 0.01 GB
2025-10-05 16:15:16,466 - INFO - ==================================================
2025-10-05 16:15:16,802 - INFO - Progress: 2,910,000 indexed, 0 failed, Rate: 4767.7 docs/sec, Queue: 300, Elapsed: 610.4s
2025-10-05 16:15:16,828 - INFO - Progress: 2,920,000 indexed, 0 failed, Rate: 4783.9 docs/sec, Queue: 300, Elapsed: 610.4s
2025-10-05 16:15:16,852 - INFO - Progress: 2,930,000 indexed, 0 failed, Rate: 4800.1 docs/sec, Queue: 300, Elapsed: 610.4s
2025-10-05 16:15:16,873 - INFO - Progress: 2,940,000 indexed, 0 failed, Rate: 4816.3 docs/sec, Queue: 300, Elapsed: 610.4s
2025-10-05 16:15:16,895 - INFO - Progress: 2,950,000 indexed, 0 failed, Rate: 4832.5 docs/sec, Queue: 300, Elapsed: 610.4s
2025-10-05 16:15:16,992 - INFO - POST http://localhost:9200/_bulk [status:200 request:13.842s]
2025-10-05 16:15:17,317 - INFO - POST http://localhost:9200/_bulk [status:200 request:14.582s]
2025-10-05 16:15:17,565 - INFO - Progress: 2,960,000 indexed, 0 failed, Rate: 4843.6 docs/sec, Queue: 300, Elapsed: 611.1s
2025-10-05 16:15:17,787 - INFO - Overall progress: Parsed 3,506,000, Indexed 0, Queue: 296
2025-10-05 16:15:19,296 - INFO - POST http://localhost:9200/_bulk [status:200 request:15.303s]
2025-10-05 16:15:20,105 - INFO - POST http://localhost:9200/_bulk [status:200 request:15.366s]
2025-10-05 16:15:24,698 - INFO - POST http://localhost:9200/_bulk [status:200 request:14.805s]
2025-10-05 16:15:25,790 - INFO - Worker 0: Parsed 3,550,000 docs, Queue: 299
2025-10-05 16:15:27,736 - INFO - POST http://localhost:9200/_bulk [status:200 request:12.346s]
2025-10-05 16:15:28,136 - INFO - Overall progress: Parsed 3,551,000, Indexed 0, Queue: 300
2025-10-05 16:15:30,662 - INFO - POST http://localhost:9200/_bulk [status:200 request:13.447s]
2025-10-05 16:15:31,927 - INFO - POST http://localhost:9200/_bulk [status:200 request:12.408s]
2025-10-05 16:15:33,285 - INFO - POST http://localhost:9200/_bulk [status:200 request:12.907s]
2025-10-05 16:15:34,629 - INFO - POST http://localhost:9200/_bulk [status:200 request:29.274s]
2025-10-05 16:15:35,732 - INFO - Worker 0: Parsed 3,600,000 docs, Queue: 299
2025-10-05 16:15:37,274 - INFO - POST http://localhost:9200/_bulk [status:200 request:12.355s]
2025-10-05 16:15:38,142 - INFO - Overall progress: Parsed 3,607,000, Indexed 0, Queue: 296
2025-10-05 16:15:43,725 - INFO - POST http://localhost:9200/_bulk [status:200 request:40.870s]
2025-10-05 16:15:44,280 - INFO - Progress: 2,970,000 indexed, 0 failed, Rate: 4656.4 docs/sec, Queue: 300, Elapsed: 637.8s
2025-10-05 16:15:44,280 - INFO - POST http://localhost:9200/_bulk [status:200 request:13.386s]
2025-10-05 16:15:44,335 - INFO - Progress: 2,980,000 indexed, 0 failed, Rate: 4671.7 docs/sec, Queue: 300, Elapsed: 637.9s
2025-10-05 16:15:44,478 - INFO - Progress: 2,990,000 indexed, 0 failed, Rate: 4686.3 docs/sec, Queue: 300, Elapsed: 638.0s
2025-10-05 16:15:44,579 - INFO - Progress: 3,000,000 indexed, 0 failed, Rate: 4701.2 docs/sec, Queue: 300, Elapsed: 638.1s
2025-10-05 16:15:44,650 - INFO - === METRICS ES CONSUMER AT 3000000 DOCS ===
2025-10-05 16:15:44,656 - INFO - Process Memory:
2025-10-05 16:15:44,658 - INFO -   RSS: 3.71 GB
2025-10-05 16:15:44,658 - INFO -   VMS: 6.44 GB
2025-10-05 16:15:44,675 - INFO -   % of System: 0.4%
2025-10-05 16:15:44,680 - INFO - System Memory:
2025-10-05 16:15:44,685 - INFO -   Total Used: 14.7%
2025-10-05 16:15:44,691 - INFO -   Available: 728.48 GB
2025-10-05 16:15:44,696 - INFO -   Cached: 29.71 GB
2025-10-05 16:15:45,707 - INFO - CPU:
2025-10-05 16:15:45,707 - INFO -   Process usage: 62.7%
2025-10-05 16:15:45,707 - INFO -   Threads: 14
2025-10-05 16:15:45,707 - INFO -   Allocated cores: 288 (IDs: [0, 1, 2, 3, 4]...)
2025-10-05 16:15:45,707 - INFO - Process I/O:
2025-10-05 16:15:45,707 - INFO -   Read: 0.03 GB
2025-10-05 16:15:45,707 - INFO -   Write: 0.01 GB
2025-10-05 16:15:45,707 - INFO - ==================================================
2025-10-05 16:15:46,100 - INFO - Progress: 3,010,000 indexed, 0 failed, Rate: 4705.7 docs/sec, Queue: 293, Elapsed: 639.7s
2025-10-05 16:15:46,115 - INFO - Progress: 3,020,000 indexed, 0 failed, Rate: 4721.2 docs/sec, Queue: 294, Elapsed: 639.7s
2025-10-05 16:15:46,168 - INFO - POST http://localhost:9200/_bulk [status:200 request:14.003s]
2025-10-05 16:15:46,171 - INFO - Progress: 3,030,000 indexed, 0 failed, Rate: 4736.4 docs/sec, Queue: 295, Elapsed: 639.7s
2025-10-05 16:15:46,287 - INFO - Progress: 3,040,000 indexed, 0 failed, Rate: 4751.2 docs/sec, Queue: 295, Elapsed: 639.8s
2025-10-05 16:15:47,487 - INFO - POST http://localhost:9200/_bulk [status:200 request:13.664s]
2025-10-05 16:15:47,745 - INFO - POST http://localhost:9200/_bulk [status:200 request:10.258s]
2025-10-05 16:15:48,158 - INFO - Overall progress: Parsed 3,643,000, Indexed 0, Queue: 298
2025-10-05 16:15:48,892 - INFO - Worker 0: Parsed 3,650,000 docs, Queue: 289
2025-10-05 16:15:50,410 - INFO - POST http://localhost:9200/_bulk [status:200 request:15.561s]
2025-10-05 16:15:50,889 - INFO - POST http://localhost:9200/_bulk [status:200 request:33.289s]
2025-10-05 16:15:51,215 - INFO - Progress: 3,050,000 indexed, 0 failed, Rate: 4730.4 docs/sec, Queue: 300, Elapsed: 644.8s
2025-10-05 16:15:51,279 - INFO - Progress: 3,060,000 indexed, 0 failed, Rate: 4745.4 docs/sec, Queue: 300, Elapsed: 644.8s
2025-10-05 16:15:51,312 - INFO - Progress: 3,070,000 indexed, 0 failed, Rate: 4760.7 docs/sec, Queue: 300, Elapsed: 644.9s
2025-10-05 16:15:51,336 - INFO - Progress: 3,080,000 indexed, 0 failed, Rate: 4776.0 docs/sec, Queue: 300, Elapsed: 644.9s
2025-10-05 16:15:56,215 - INFO - POST http://localhost:9200/_bulk [status:200 request:11.764s]
2025-10-05 16:15:57,770 - INFO - POST http://localhost:9200/_bulk [status:200 request:29.494s]
2025-10-05 16:15:58,255 - INFO - Overall progress: Parsed 3,691,000, Indexed 0, Queue: 300
2025-10-05 16:15:58,321 - INFO - Progress: 3,090,000 indexed, 0 failed, Rate: 4740.2 docs/sec, Queue: 300, Elapsed: 651.9s
2025-10-05 16:15:58,358 - INFO - Progress: 3,100,000 indexed, 0 failed, Rate: 4755.2 docs/sec, Queue: 300, Elapsed: 651.9s
2025-10-05 16:15:58,396 - INFO - === METRICS ES CONSUMER AT 3100000 DOCS ===
2025-10-05 16:15:58,402 - INFO - Process Memory:
2025-10-05 16:15:58,407 - INFO -   RSS: 3.72 GB
2025-10-05 16:15:58,412 - INFO -   VMS: 6.44 GB
2025-10-05 16:15:58,413 - INFO -   % of System: 0.4%
2025-10-05 16:15:58,418 - INFO - System Memory:
2025-10-05 16:15:58,423 - INFO -   Total Used: 14.8%
2025-10-05 16:15:58,428 - INFO -   Available: 728.26 GB
2025-10-05 16:15:58,433 - INFO -   Cached: 29.69 GB
2025-10-05 16:15:58,842 - INFO - POST http://localhost:9200/_bulk [status:200 request:12.411s]
2025-10-05 16:15:59,265 - INFO - Worker 0: Parsed 3,700,000 docs, Queue: 294
2025-10-05 16:15:59,455 - INFO - CPU:
2025-10-05 16:15:59,456 - INFO -   Process usage: 87.6%
2025-10-05 16:15:59,456 - INFO -   Threads: 14
2025-10-05 16:15:59,456 - INFO -   Allocated cores: 288 (IDs: [0, 1, 2, 3, 4]...)
2025-10-05 16:15:59,456 - INFO - Process I/O:
2025-10-05 16:15:59,456 - INFO -   Read: 0.03 GB
2025-10-05 16:15:59,456 - INFO -   Write: 0.01 GB
2025-10-05 16:15:59,456 - INFO - ==================================================
2025-10-05 16:15:59,823 - INFO - Progress: 3,110,000 indexed, 0 failed, Rate: 4759.9 docs/sec, Queue: 293, Elapsed: 653.4s
2025-10-05 16:15:59,853 - INFO - Progress: 3,120,000 indexed, 0 failed, Rate: 4775.0 docs/sec, Queue: 293, Elapsed: 653.4s
2025-10-05 16:15:59,878 - INFO - Progress: 3,130,000 indexed, 0 failed, Rate: 4790.1 docs/sec, Queue: 293, Elapsed: 653.4s
2025-10-05 16:15:59,899 - INFO - Progress: 3,140,000 indexed, 0 failed, Rate: 4805.2 docs/sec, Queue: 293, Elapsed: 653.5s
2025-10-05 16:15:59,926 - INFO - Progress: 3,150,000 indexed, 0 failed, Rate: 4820.3 docs/sec, Queue: 294, Elapsed: 653.5s
2025-10-05 16:16:01,065 - INFO - POST http://localhost:9200/_bulk [status:200 request:16.419s]
2025-10-05 16:16:01,287 - INFO - Progress: 3,160,000 indexed, 0 failed, Rate: 4825.6 docs/sec, Queue: 300, Elapsed: 654.8s
2025-10-05 16:16:01,336 - INFO - Progress: 3,170,000 indexed, 0 failed, Rate: 4840.5 docs/sec, Queue: 300, Elapsed: 654.9s
2025-10-05 16:16:01,725 - INFO - POST http://localhost:9200/_bulk [status:200 request:13.994s]
2025-10-05 16:16:01,952 - INFO - Progress: 3,180,000 indexed, 0 failed, Rate: 4851.2 docs/sec, Queue: 296, Elapsed: 655.5s
2025-10-05 16:16:08,308 - INFO - Overall progress: Parsed 3,731,000, Indexed 0, Queue: 300
2025-10-05 16:16:08,501 - INFO - POST http://localhost:9200/_bulk [status:200 request:12.058s]
2025-10-05 16:16:08,725 - INFO - POST http://localhost:9200/_bulk [status:200 request:17.595s]
2025-10-05 16:16:11,076 - INFO - Worker 0: Parsed 3,750,000 docs, Queue: 299
2025-10-05 16:16:11,698 - INFO - POST http://localhost:9200/_bulk [status:200 request:13.330s]
2025-10-05 16:16:13,366 - INFO - POST http://localhost:9200/_bulk [status:200 request:12.053s]
2025-10-05 16:16:13,492 - INFO - POST http://localhost:9200/_bulk [status:200 request:14.404s]
2025-10-05 16:16:16,694 - INFO - POST http://localhost:9200/_bulk [status:200 request:28.690s]
2025-10-05 16:16:16,908 - INFO - Progress: 3,190,000 indexed, 0 failed, Rate: 4757.9 docs/sec, Queue: 300, Elapsed: 670.5s
2025-10-05 16:16:16,934 - INFO - Progress: 3,200,000 indexed, 0 failed, Rate: 4772.6 docs/sec, Queue: 300, Elapsed: 670.5s
2025-10-05 16:16:16,973 - INFO - === METRICS ES CONSUMER AT 3200000 DOCS ===
2025-10-05 16:16:16,978 - INFO - Process Memory:
2025-10-05 16:16:16,983 - INFO -   RSS: 3.67 GB
2025-10-05 16:16:16,989 - INFO -   VMS: 6.40 GB
2025-10-05 16:16:17,005 - INFO -   % of System: 0.4%
2025-10-05 16:16:17,005 - INFO - System Memory:
2025-10-05 16:16:17,005 - INFO -   Total Used: 14.8%
2025-10-05 16:16:17,005 - INFO -   Available: 727.96 GB
2025-10-05 16:16:17,011 - INFO -   Cached: 29.96 GB
2025-10-05 16:16:18,033 - INFO - CPU:
2025-10-05 16:16:18,033 - INFO -   Process usage: 27.5%
2025-10-05 16:16:18,033 - INFO -   Threads: 14
2025-10-05 16:16:18,033 - INFO -   Allocated cores: 288 (IDs: [0, 1, 2, 3, 4]...)
2025-10-05 16:16:18,033 - INFO - Process I/O:
2025-10-05 16:16:18,033 - INFO -   Read: 0.03 GB
2025-10-05 16:16:18,033 - INFO -   Write: 0.01 GB
2025-10-05 16:16:18,033 - INFO - ==================================================
2025-10-05 16:16:18,328 - INFO - Overall progress: Parsed 3,791,000, Indexed 0, Queue: 300
2025-10-05 16:16:20,835 - INFO - POST http://localhost:9200/_bulk [status:200 request:18.853s]
2025-10-05 16:16:21,442 - INFO - POST http://localhost:9200/_bulk [status:200 request:12.689s]
2025-10-05 16:16:22,027 - INFO - Worker 0: Parsed 3,800,000 docs, Queue: 291
2025-10-05 16:16:22,887 - INFO - POST http://localhost:9200/_bulk [status:200 request:31.588s]
2025-10-05 16:16:23,108 - INFO - Progress: 3,210,000 indexed, 0 failed, Rate: 4743.9 docs/sec, Queue: 299, Elapsed: 676.7s
2025-10-05 16:16:23,128 - INFO - Progress: 3,220,000 indexed, 0 failed, Rate: 4758.5 docs/sec, Queue: 299, Elapsed: 676.7s
2025-10-05 16:16:23,158 - INFO - Progress: 3,230,000 indexed, 0 failed, Rate: 4773.1 docs/sec, Queue: 299, Elapsed: 676.7s
2025-10-05 16:16:23,190 - INFO - Progress: 3,240,000 indexed, 0 failed, Rate: 4787.6 docs/sec, Queue: 299, Elapsed: 676.7s
2025-10-05 16:16:23,227 - INFO - Progress: 3,250,000 indexed, 0 failed, Rate: 4802.1 docs/sec, Queue: 299, Elapsed: 676.8s
2025-10-05 16:16:23,253 - INFO - Progress: 3,260,000 indexed, 0 failed, Rate: 4816.7 docs/sec, Queue: 298, Elapsed: 676.8s
2025-10-05 16:16:23,285 - INFO - Progress: 3,270,000 indexed, 0 failed, Rate: 4831.3 docs/sec, Queue: 299, Elapsed: 676.8s
2025-10-05 16:16:25,730 - INFO - POST http://localhost:9200/_bulk [status:200 request:13.812s]
2025-10-05 16:16:28,329 - INFO - Overall progress: Parsed 3,831,000, Indexed 0, Queue: 300
2025-10-05 16:16:28,618 - INFO - POST http://localhost:9200/_bulk [status:200 request:14.495s]
2025-10-05 16:16:29,010 - INFO - POST http://localhost:9200/_bulk [status:200 request:15.003s]
2025-10-05 16:16:30,413 - INFO - POST http://localhost:9200/_bulk [status:200 request:13.463s]
2025-10-05 16:16:31,495 - INFO - Worker 0: Parsed 3,850,000 docs, Queue: 289
2025-10-05 16:16:34,252 - INFO - POST http://localhost:9200/_bulk [status:200 request:13.195s]
2025-10-05 16:16:35,590 - INFO - POST http://localhost:9200/_bulk [status:200 request:26.345s]
2025-10-05 16:16:35,807 - INFO - Progress: 3,280,000 indexed, 0 failed, Rate: 4758.0 docs/sec, Queue: 298, Elapsed: 689.4s
2025-10-05 16:16:35,837 - INFO - Progress: 3,290,000 indexed, 0 failed, Rate: 4772.3 docs/sec, Queue: 298, Elapsed: 689.4s
2025-10-05 16:16:35,868 - INFO - Progress: 3,300,000 indexed, 0 failed, Rate: 4786.6 docs/sec, Queue: 299, Elapsed: 689.4s
2025-10-05 16:16:35,909 - INFO - === METRICS ES CONSUMER AT 3300000 DOCS ===
2025-10-05 16:16:35,915 - INFO - Process Memory:
2025-10-05 16:16:35,920 - INFO -   RSS: 3.69 GB
2025-10-05 16:16:35,921 - INFO -   VMS: 6.42 GB
2025-10-05 16:16:35,921 - INFO -   % of System: 0.4%
2025-10-05 16:16:35,926 - INFO - System Memory:
2025-10-05 16:16:35,932 - INFO -   Total Used: 14.8%
2025-10-05 16:16:35,937 - INFO -   Available: 727.75 GB
2025-10-05 16:16:35,942 - INFO -   Cached: 29.92 GB
2025-10-05 16:16:36,118 - INFO - POST http://localhost:9200/_bulk [status:200 request:12.979s]
2025-10-05 16:16:36,890 - INFO - POST http://localhost:9200/_bulk [status:200 request:15.215s]
2025-10-05 16:16:37,028 - INFO - CPU:
2025-10-05 16:16:37,033 - INFO -   Process usage: 82.8%
2025-10-05 16:16:37,088 - INFO -   Threads: 14
2025-10-05 16:16:37,104 - INFO -   Allocated cores: 288 (IDs: [0, 1, 2, 3, 4]...)
2025-10-05 16:16:37,135 - INFO - Process I/O:
2025-10-05 16:16:37,141 - INFO -   Read: 0.03 GB
2025-10-05 16:16:37,156 - INFO -   Write: 0.01 GB
2025-10-05 16:16:37,161 - INFO - ==================================================
2025-10-05 16:16:37,479 - INFO - Progress: 3,310,000 indexed, 0 failed, Rate: 4789.9 docs/sec, Queue: 291, Elapsed: 691.0s
2025-10-05 16:16:37,501 - INFO - Progress: 3,320,000 indexed, 0 failed, Rate: 4804.2 docs/sec, Queue: 291, Elapsed: 691.1s
2025-10-05 16:16:37,526 - INFO - Progress: 3,330,000 indexed, 0 failed, Rate: 4818.5 docs/sec, Queue: 291, Elapsed: 691.1s
2025-10-05 16:16:37,557 - INFO - Progress: 3,340,000 indexed, 0 failed, Rate: 4832.8 docs/sec, Queue: 291, Elapsed: 691.1s
2025-10-05 16:16:37,588 - INFO - Progress: 3,350,000 indexed, 0 failed, Rate: 4847.0 docs/sec, Queue: 292, Elapsed: 691.1s
2025-10-05 16:16:38,329 - INFO - Overall progress: Parsed 3,884,000, Indexed 0, Queue: 283
2025-10-05 16:16:40,755 - INFO - Worker 0: Parsed 3,900,000 docs, Queue: 299
2025-10-05 16:16:42,482 - INFO - POST http://localhost:9200/_bulk [status:200 request:13.640s]
2025-10-05 16:16:47,455 - INFO - POST http://localhost:9200/_bulk [status:200 request:11.597s]
2025-10-05 16:16:48,025 - INFO - POST http://localhost:9200/_bulk [status:200 request:17.383s]
2025-10-05 16:16:48,419 - INFO - Overall progress: Parsed 3,916,000, Indexed 0, Queue: 298
2025-10-05 16:16:51,190 - INFO - POST http://localhost:9200/_bulk [status:200 request:14.031s]
2025-10-05 16:16:52,000 - INFO - POST http://localhost:9200/_bulk [status:200 request:15.614s]
2025-10-05 16:16:53,012 - INFO - POST http://localhost:9200/_bulk [status:200 request:27.049s]
2025-10-05 16:16:53,228 - INFO - Progress: 3,360,000 indexed, 0 failed, Rate: 4753.9 docs/sec, Queue: 291, Elapsed: 706.8s
2025-10-05 16:16:53,258 - INFO - Progress: 3,370,000 indexed, 0 failed, Rate: 4767.9 docs/sec, Queue: 291, Elapsed: 706.8s
2025-10-05 16:16:54,373 - INFO - Worker 0: Parsed 3,950,000 docs, Queue: 289
2025-10-05 16:16:55,604 - INFO - POST http://localhost:9200/_bulk [status:200 request:12.890s]
2025-10-05 16:16:58,020 - INFO - POST http://localhost:9200/_bulk [status:200 request:10.350s]
2025-10-05 16:16:58,447 - INFO - Overall progress: Parsed 3,972,000, Indexed 0, Queue: 298
2025-10-05 16:16:59,502 - INFO - POST http://localhost:9200/_bulk [status:200 request:10.944s]
2025-10-05 16:17:00,904 - INFO - POST http://localhost:9200/_bulk [status:200 request:26.431s]
2025-10-05 16:17:02,804 - INFO - POST http://localhost:9200/_bulk [status:200 request:10.570s]
2025-10-05 16:17:02,899 - INFO - Worker 0: Parsed 4,000,000 docs, Queue: 299
2025-10-05 16:17:03,085 - INFO - POST http://localhost:9200/_bulk [status:200 request:33.517s]
2025-10-05 16:17:03,690 - INFO - Progress: 3,380,000 indexed, 0 failed, Rate: 4712.5 docs/sec, Queue: 300, Elapsed: 717.2s
2025-10-05 16:17:03,712 - INFO - Progress: 3,390,000 indexed, 0 failed, Rate: 4726.3 docs/sec, Queue: 300, Elapsed: 717.3s
2025-10-05 16:17:03,747 - INFO - Progress: 3,400,000 indexed, 0 failed, Rate: 4740.0 docs/sec, Queue: 300, Elapsed: 717.3s
2025-10-05 16:17:03,790 - INFO - === METRICS ES CONSUMER AT 3400000 DOCS ===
2025-10-05 16:17:03,795 - INFO - Process Memory:
2025-10-05 16:17:03,801 - INFO -   RSS: 3.66 GB
2025-10-05 16:17:03,806 - INFO -   VMS: 6.39 GB
2025-10-05 16:17:03,822 - INFO -   % of System: 0.4%
2025-10-05 16:17:03,822 - INFO - System Memory:
2025-10-05 16:17:03,822 - INFO -   Total Used: 14.9%
2025-10-05 16:17:03,822 - INFO -   Available: 727.55 GB
2025-10-05 16:17:03,822 - INFO -   Cached: 30.32 GB
2025-10-05 16:17:04,839 - INFO - CPU:
2025-10-05 16:17:04,839 - INFO -   Process usage: 56.4%
2025-10-05 16:17:04,839 - INFO -   Threads: 14
2025-10-05 16:17:04,839 - INFO -   Allocated cores: 288 (IDs: [0, 1, 2, 3, 4]...)
2025-10-05 16:17:04,839 - INFO - Process I/O:
2025-10-05 16:17:04,839 - INFO -   Read: 0.03 GB
2025-10-05 16:17:04,839 - INFO -   Write: 0.01 GB
2025-10-05 16:17:04,839 - INFO - ==================================================
2025-10-05 16:17:05,160 - INFO - Progress: 3,410,000 indexed, 0 failed, Rate: 4744.6 docs/sec, Queue: 291, Elapsed: 718.7s
2025-10-05 16:17:05,184 - INFO - Progress: 3,420,000 indexed, 0 failed, Rate: 4758.3 docs/sec, Queue: 291, Elapsed: 718.7s
2025-10-05 16:17:05,207 - INFO - Progress: 3,430,000 indexed, 0 failed, Rate: 4772.1 docs/sec, Queue: 291, Elapsed: 718.8s
2025-10-05 16:17:05,230 - INFO - Progress: 3,440,000 indexed, 0 failed, Rate: 4785.9 docs/sec, Queue: 291, Elapsed: 718.8s
2025-10-05 16:17:05,253 - INFO - Progress: 3,450,000 indexed, 0 failed, Rate: 4799.6 docs/sec, Queue: 291, Elapsed: 718.8s
2025-10-05 16:17:05,270 - INFO - Progress: 3,460,000 indexed, 0 failed, Rate: 4813.4 docs/sec, Queue: 291, Elapsed: 718.8s
2025-10-05 16:17:07,164 - INFO - POST http://localhost:9200/_bulk [status:200 request:13.905s]
2025-10-05 16:17:08,455 - INFO - Overall progress: Parsed 4,028,000, Indexed 0, Queue: 297
2025-10-05 16:17:10,574 - INFO - POST http://localhost:9200/_bulk [status:200 request:14.736s]
2025-10-05 16:17:11,610 - INFO - POST http://localhost:9200/_bulk [status:200 request:13.371s]
2025-10-05 16:17:12,729 - INFO - POST http://localhost:9200/_bulk [status:200 request:13.007s]
2025-10-05 16:17:13,887 - INFO - Worker 0: Parsed 4,050,000 docs, Queue: 289
2025-10-05 16:17:15,562 - INFO - POST http://localhost:9200/_bulk [status:200 request:14.446s]
2025-10-05 16:17:18,329 - INFO - POST http://localhost:9200/_bulk [status:200 request:14.614s]
2025-10-05 16:17:18,521 - INFO - Overall progress: Parsed 4,071,000, Indexed 0, Queue: 300
2025-10-05 16:17:18,697 - INFO - POST http://localhost:9200/_bulk [status:200 request:15.684s]
2025-10-05 16:17:22,029 - INFO - POST http://localhost:9200/_bulk [status:200 request:14.640s]
2025-10-05 16:17:23,632 - INFO - Worker 0: Parsed 4,100,000 docs, Queue: 299
2025-10-05 16:17:28,065 - INFO - POST http://localhost:9200/_bulk [status:200 request:16.232s]
2025-10-05 16:17:28,547 - INFO - Overall progress: Parsed 4,102,000, Indexed 0, Queue: 296
2025-10-05 16:17:29,000 - INFO - POST http://localhost:9200/_bulk [status:200 request:15.750s]
2025-10-05 16:17:29,530 - INFO - POST http://localhost:9200/_bulk [status:200 request:10.931s]
2025-10-05 16:17:29,940 - INFO - POST http://localhost:9200/_bulk [status:200 request:38.524s]
2025-10-05 16:17:30,168 - INFO - Progress: 3,470,000 indexed, 0 failed, Rate: 4665.7 docs/sec, Queue: 298, Elapsed: 743.7s
2025-10-05 16:17:30,227 - INFO - Progress: 3,480,000 indexed, 0 failed, Rate: 4678.8 docs/sec, Queue: 298, Elapsed: 743.8s
2025-10-05 16:17:30,263 - INFO - Progress: 3,490,000 indexed, 0 failed, Rate: 4692.0 docs/sec, Queue: 298, Elapsed: 743.8s
2025-10-05 16:17:30,293 - INFO - Progress: 3,500,000 indexed, 0 failed, Rate: 4705.3 docs/sec, Queue: 298, Elapsed: 743.8s
2025-10-05 16:17:30,311 - INFO - === METRICS ES CONSUMER AT 3500000 DOCS ===
2025-10-05 16:17:30,316 - INFO - Process Memory:
2025-10-05 16:17:30,321 - INFO -   RSS: 3.67 GB
2025-10-05 16:17:30,326 - INFO -   VMS: 6.40 GB
2025-10-05 16:17:30,338 - INFO -   % of System: 0.4%
2025-10-05 16:17:30,338 - INFO - System Memory:
2025-10-05 16:17:30,338 - INFO -   Total Used: 14.9%
2025-10-05 16:17:30,338 - INFO -   Available: 727.28 GB
2025-10-05 16:17:30,343 - INFO -   Cached: 29.93 GB
2025-10-05 16:17:31,388 - INFO - CPU:
2025-10-05 16:17:31,388 - INFO -   Process usage: 72.4%
2025-10-05 16:17:31,388 - INFO -   Threads: 14
2025-10-05 16:17:31,388 - INFO -   Allocated cores: 288 (IDs: [0, 1, 2, 3, 4]...)
2025-10-05 16:17:31,394 - INFO - Process I/O:
2025-10-05 16:17:31,399 - INFO -   Read: 0.03 GB
2025-10-05 16:17:31,404 - INFO -   Write: 0.01 GB
2025-10-05 16:17:31,409 - INFO - ==================================================
2025-10-05 16:17:31,773 - INFO - Progress: 3,510,000 indexed, 0 failed, Rate: 4709.3 docs/sec, Queue: 285, Elapsed: 745.3s
2025-10-05 16:17:31,809 - INFO - Progress: 3,520,000 indexed, 0 failed, Rate: 4722.5 docs/sec, Queue: 286, Elapsed: 745.4s
2025-10-05 16:17:31,842 - INFO - Progress: 3,530,000 indexed, 0 failed, Rate: 4735.7 docs/sec, Queue: 285, Elapsed: 745.4s
2025-10-05 16:17:31,874 - INFO - Progress: 3,540,000 indexed, 0 failed, Rate: 4748.9 docs/sec, Queue: 285, Elapsed: 745.4s
2025-10-05 16:17:31,937 - INFO - Progress: 3,550,000 indexed, 0 failed, Rate: 4762.0 docs/sec, Queue: 285, Elapsed: 745.5s
2025-10-05 16:17:31,938 - INFO - POST http://localhost:9200/_bulk [status:200 request:12.590s]
2025-10-05 16:17:32,064 - INFO - Progress: 3,560,000 indexed, 0 failed, Rate: 4774.6 docs/sec, Queue: 285, Elapsed: 745.6s
2025-10-05 16:17:32,227 - INFO - POST http://localhost:9200/_bulk [status:200 request:9.987s]
2025-10-05 16:17:36,425 - INFO - Worker 0: Parsed 4,150,000 docs, Queue: 289
2025-10-05 16:17:38,553 - INFO - Overall progress: Parsed 4,160,000, Indexed 0, Queue: 299
2025-10-05 16:17:40,817 - INFO - POST http://localhost:9200/_bulk [status:200 request:30.018s]
2025-10-05 16:17:41,017 - INFO - Progress: 3,570,000 indexed, 0 failed, Rate: 4731.2 docs/sec, Queue: 300, Elapsed: 754.6s
2025-10-05 16:17:41,041 - INFO - Progress: 3,580,000 indexed, 0 failed, Rate: 4744.3 docs/sec, Queue: 300, Elapsed: 754.6s
2025-10-05 16:17:41,070 - INFO - Progress: 3,590,000 indexed, 0 failed, Rate: 4757.3 docs/sec, Queue: 300, Elapsed: 754.6s
2025-10-05 16:17:42,810 - INFO - POST http://localhost:9200/_bulk [status:200 request:14.527s]
2025-10-05 16:17:43,214 - INFO - POST http://localhost:9200/_bulk [status:200 request:12.957s]
2025-10-05 16:17:43,792 - INFO - POST http://localhost:9200/_bulk [status:200 request:14.078s]
2025-10-05 16:17:43,941 - INFO - POST http://localhost:9200/_bulk [status:200 request:14.046s]
2025-10-05 16:17:43,941 - INFO - POST http://localhost:9200/_bulk [status:200 request:28.144s]
2025-10-05 16:17:44,814 - INFO - Progress: 3,600,000 indexed, 0 failed, Rate: 4747.0 docs/sec, Queue: 300, Elapsed: 758.4s
2025-10-05 16:17:44,864 - INFO - === METRICS ES CONSUMER AT 3600000 DOCS ===
2025-10-05 16:17:44,869 - INFO - Process Memory:
2025-10-05 16:17:44,874 - INFO -   RSS: 3.69 GB
2025-10-05 16:17:44,879 - INFO -   VMS: 6.42 GB
2025-10-05 16:17:44,880 - INFO -   % of System: 0.4%
2025-10-05 16:17:44,886 - INFO - System Memory:
2025-10-05 16:17:44,891 - INFO -   Total Used: 14.9%
2025-10-05 16:17:44,896 - INFO -   Available: 727.08 GB
2025-10-05 16:17:44,901 - INFO -   Cached: 30.23 GB
2025-10-05 16:17:45,932 - INFO - CPU:
2025-10-05 16:17:45,937 - INFO -   Process usage: 68.9%
2025-10-05 16:17:45,942 - INFO -   Threads: 14
2025-10-05 16:17:45,947 - INFO -   Allocated cores: 288 (IDs: [0, 1, 2, 3, 4]...)
2025-10-05 16:17:45,964 - INFO - Process I/O:
2025-10-05 16:17:45,964 - INFO -   Read: 0.03 GB
2025-10-05 16:17:45,970 - INFO -   Write: 0.01 GB
2025-10-05 16:17:45,975 - INFO - ==================================================
2025-10-05 16:17:46,308 - INFO - Progress: 3,610,000 indexed, 0 failed, Rate: 4750.9 docs/sec, Queue: 286, Elapsed: 759.9s
2025-10-05 16:17:46,345 - INFO - Progress: 3,620,000 indexed, 0 failed, Rate: 4763.8 docs/sec, Queue: 287, Elapsed: 759.9s
2025-10-05 16:17:46,371 - INFO - Progress: 3,630,000 indexed, 0 failed, Rate: 4776.8 docs/sec, Queue: 287, Elapsed: 759.9s
2025-10-05 16:17:46,401 - INFO - Progress: 3,640,000 indexed, 0 failed, Rate: 4789.8 docs/sec, Queue: 287, Elapsed: 760.0s
2025-10-05 16:17:46,430 - INFO - Progress: 3,650,000 indexed, 0 failed, Rate: 4802.7 docs/sec, Queue: 287, Elapsed: 760.0s
2025-10-05 16:17:46,465 - INFO - Progress: 3,660,000 indexed, 0 failed, Rate: 4815.7 docs/sec, Queue: 287, Elapsed: 760.0s
2025-10-05 16:17:46,497 - INFO - Progress: 3,670,000 indexed, 0 failed, Rate: 4828.6 docs/sec, Queue: 287, Elapsed: 760.1s
2025-10-05 16:17:47,917 - INFO - POST http://localhost:9200/_bulk [status:200 request:15.686s]
2025-10-05 16:17:48,097 - INFO - Progress: 3,680,000 indexed, 0 failed, Rate: 4831.6 docs/sec, Queue: 273, Elapsed: 761.7s
2025-10-05 16:17:48,569 - INFO - Overall progress: Parsed 4,197,000, Indexed 0, Queue: 267
2025-10-05 16:17:48,907 - INFO - Worker 0: Parsed 4,200,000 docs, Queue: 269
2025-10-05 16:17:51,273 - INFO - POST http://localhost:9200/_bulk [status:200 request:18.783s]
2025-10-05 16:17:51,508 - INFO - Progress: 3,690,000 indexed, 0 failed, Rate: 4823.1 docs/sec, Queue: 283, Elapsed: 765.1s
2025-10-05 16:17:58,136 - INFO - POST http://localhost:9200/_bulk [status:200 request:14.590s]
2025-10-05 16:17:58,519 - INFO - POST http://localhost:9200/_bulk [status:200 request:15.069s]
2025-10-05 16:17:58,703 - INFO - Overall progress: Parsed 4,241,000, Indexed 0, Queue: 300
2025-10-05 16:17:58,854 - INFO - POST http://localhost:9200/_bulk [status:200 request:14.071s]
2025-10-05 16:17:58,972 - INFO - POST http://localhost:9200/_bulk [status:200 request:14.070s]
2025-10-05 16:18:00,722 - INFO - Worker 0: Parsed 4,250,000 docs, Queue: 285
2025-10-05 16:18:02,499 - INFO - POST http://localhost:9200/_bulk [status:200 request:14.342s]
2025-10-05 16:18:03,086 - INFO - POST http://localhost:9200/_bulk [status:200 request:11.549s]
2025-10-05 16:18:08,773 - INFO - Overall progress: Parsed 4,297,000, Indexed 0, Queue: 296
2025-10-05 16:18:09,124 - INFO - Worker 0: Parsed 4,300,000 docs, Queue: 299
2025-10-05 16:18:09,812 - INFO - POST http://localhost:9200/_bulk [status:200 request:11.064s]
2025-10-05 16:18:10,152 - INFO - POST http://localhost:9200/_bulk [status:200 request:29.109s]
2025-10-05 16:18:10,371 - INFO - Progress: 3,700,000 indexed, 0 failed, Rate: 4719.8 docs/sec, Queue: 299, Elapsed: 783.9s
2025-10-05 16:18:10,440 - INFO - === METRICS ES CONSUMER AT 3700000 DOCS ===
2025-10-05 16:18:10,446 - INFO - Process Memory:
2025-10-05 16:18:10,451 - INFO -   RSS: 3.69 GB
2025-10-05 16:18:10,456 - INFO -   VMS: 6.41 GB
2025-10-05 16:18:10,464 - INFO -   % of System: 0.4%
2025-10-05 16:18:10,465 - INFO - System Memory:
2025-10-05 16:18:10,465 - INFO -   Total Used: 14.9%
2025-10-05 16:18:10,465 - INFO -   Available: 726.87 GB
2025-10-05 16:18:10,465 - INFO -   Cached: 30.59 GB
2025-10-05 16:18:11,496 - INFO - CPU:
2025-10-05 16:18:11,502 - INFO -   Process usage: 80.5%
2025-10-05 16:18:11,503 - INFO -   Threads: 14
2025-10-05 16:18:11,503 - INFO -   Allocated cores: 288 (IDs: [0, 1, 2, 3, 4]...)
2025-10-05 16:18:11,509 - INFO - Process I/O:
2025-10-05 16:18:11,514 - INFO -   Read: 0.03 GB
2025-10-05 16:18:11,519 - INFO -   Write: 0.01 GB
2025-10-05 16:18:11,524 - INFO - ==================================================
2025-10-05 16:18:11,853 - INFO - Progress: 3,710,000 indexed, 0 failed, Rate: 4723.7 docs/sec, Queue: 291, Elapsed: 785.4s
2025-10-05 16:18:11,884 - INFO - Progress: 3,720,000 indexed, 0 failed, Rate: 4736.2 docs/sec, Queue: 291, Elapsed: 785.4s
2025-10-05 16:18:11,911 - INFO - POST http://localhost:9200/_bulk [status:200 request:13.056s]
2025-10-05 16:18:12,025 - INFO - POST http://localhost:9200/_bulk [status:200 request:12.592s]
2025-10-05 16:18:14,409 - INFO - POST http://localhost:9200/_bulk [status:200 request:10.767s]
2025-10-05 16:18:18,610 - INFO - Worker 0: Parsed 4,350,000 docs, Queue: 299
2025-10-05 16:18:18,773 - INFO - Overall progress: Parsed 4,350,000, Indexed 0, Queue: 299
2025-10-05 16:18:19,357 - INFO - POST http://localhost:9200/_bulk [status:200 request:34.637s]
2025-10-05 16:18:19,919 - INFO - Progress: 3,730,000 indexed, 0 failed, Rate: 4700.8 docs/sec, Queue: 300, Elapsed: 793.5s
2025-10-05 16:18:19,943 - INFO - Progress: 3,740,000 indexed, 0 failed, Rate: 4713.3 docs/sec, Queue: 300, Elapsed: 793.5s
2025-10-05 16:18:19,989 - INFO - Progress: 3,750,000 indexed, 0 failed, Rate: 4725.6 docs/sec, Queue: 300, Elapsed: 793.5s
2025-10-05 16:18:20,028 - INFO - Progress: 3,760,000 indexed, 0 failed, Rate: 4738.0 docs/sec, Queue: 300, Elapsed: 793.6s
2025-10-05 16:18:20,058 - INFO - Progress: 3,770,000 indexed, 0 failed, Rate: 4750.4 docs/sec, Queue: 300, Elapsed: 793.6s
2025-10-05 16:18:20,088 - INFO - Progress: 3,780,000 indexed, 0 failed, Rate: 4762.9 docs/sec, Queue: 300, Elapsed: 793.6s
2025-10-05 16:18:20,116 - INFO - Progress: 3,790,000 indexed, 0 failed, Rate: 4775.3 docs/sec, Queue: 300, Elapsed: 793.7s
2025-10-05 16:18:20,764 - INFO - POST http://localhost:9200/_bulk [status:200 request:10.334s]
2025-10-05 16:18:22,531 - INFO - POST http://localhost:9200/_bulk [status:200 request:12.497s]
2025-10-05 16:18:25,442 - INFO - POST http://localhost:9200/_bulk [status:200 request:13.064s]
2025-10-05 16:18:27,976 - INFO - POST http://localhost:9200/_bulk [status:200 request:25.252s]
2025-10-05 16:18:28,629 - INFO - POST http://localhost:9200/_bulk [status:200 request:13.973s]
2025-10-05 16:18:28,869 - INFO - Overall progress: Parsed 4,394,000, Indexed 0, Queue: 294
2025-10-05 16:18:29,798 - INFO - Worker 0: Parsed 4,400,000 docs, Queue: 289
2025-10-05 16:18:30,832 - INFO - POST http://localhost:9200/_bulk [status:200 request:9.851s]
2025-10-05 16:18:34,361 - INFO - POST http://localhost:9200/_bulk [status:200 request:35.047s]
2025-10-05 16:18:34,574 - INFO - Progress: 3,800,000 indexed, 0 failed, Rate: 4702.2 docs/sec, Queue: 300, Elapsed: 808.1s
2025-10-05 16:18:34,612 - INFO - === METRICS ES CONSUMER AT 3800000 DOCS ===
2025-10-05 16:18:34,617 - INFO - Process Memory:
2025-10-05 16:18:34,622 - INFO -   RSS: 3.66 GB
2025-10-05 16:18:34,627 - INFO -   VMS: 6.38 GB
2025-10-05 16:18:34,639 - INFO -   % of System: 0.4%
2025-10-05 16:18:34,639 - INFO - System Memory:
2025-10-05 16:18:34,644 - INFO -   Total Used: 15.0%
2025-10-05 16:18:34,649 - INFO -   Available: 726.61 GB
2025-10-05 16:18:34,654 - INFO -   Cached: 30.31 GB
2025-10-05 16:18:35,676 - INFO - CPU:
2025-10-05 16:18:35,676 - INFO -   Process usage: 27.5%
2025-10-05 16:18:35,676 - INFO -   Threads: 14
2025-10-05 16:18:35,676 - INFO -   Allocated cores: 288 (IDs: [0, 1, 2, 3, 4]...)
2025-10-05 16:18:35,676 - INFO - Process I/O:
2025-10-05 16:18:35,677 - INFO -   Read: 0.03 GB
2025-10-05 16:18:35,677 - INFO -   Write: 0.01 GB
2025-10-05 16:18:35,677 - INFO - ==================================================
2025-10-05 16:18:36,025 - INFO - Progress: 3,810,000 indexed, 0 failed, Rate: 4706.1 docs/sec, Queue: 297, Elapsed: 809.6s
2025-10-05 16:18:36,053 - INFO - Progress: 3,820,000 indexed, 0 failed, Rate: 4718.3 docs/sec, Queue: 298, Elapsed: 809.6s
2025-10-05 16:18:36,075 - INFO - Progress: 3,830,000 indexed, 0 failed, Rate: 4730.6 docs/sec, Queue: 298, Elapsed: 809.6s
2025-10-05 16:18:36,098 - INFO - Progress: 3,840,000 indexed, 0 failed, Rate: 4742.8 docs/sec, Queue: 298, Elapsed: 809.7s
2025-10-05 16:18:36,121 - INFO - Progress: 3,850,000 indexed, 0 failed, Rate: 4755.0 docs/sec, Queue: 299, Elapsed: 809.7s
2025-10-05 16:18:36,165 - INFO - POST http://localhost:9200/_bulk [status:200 request:16.196s]
2025-10-05 16:18:36,169 - INFO - Progress: 3,860,000 indexed, 0 failed, Rate: 4767.1 docs/sec, Queue: 299, Elapsed: 809.7s
2025-10-05 16:18:37,315 - INFO - POST http://localhost:9200/_bulk [status:200 request:9.101s]
2025-10-05 16:18:38,875 - INFO - Overall progress: Parsed 4,444,000, Indexed 0, Queue: 293
2025-10-05 16:18:38,986 - INFO - POST http://localhost:9200/_bulk [status:200 request:13.027s]
2025-10-05 16:18:39,666 - INFO - Worker 0: Parsed 4,450,000 docs, Queue: 289
2025-10-05 16:18:44,957 - INFO - POST http://localhost:9200/_bulk [status:200 request:10.359s]
2025-10-05 16:18:45,870 - INFO - POST http://localhost:9200/_bulk [status:200 request:33.482s]
2025-10-05 16:18:46,105 - INFO - Progress: 3,870,000 indexed, 0 failed, Rate: 4721.5 docs/sec, Queue: 295, Elapsed: 819.7s
2025-10-05 16:18:46,137 - INFO - Progress: 3,880,000 indexed, 0 failed, Rate: 4733.5 docs/sec, Queue: 295, Elapsed: 819.7s
2025-10-05 16:18:46,169 - INFO - Progress: 3,890,000 indexed, 0 failed, Rate: 4745.5 docs/sec, Queue: 295, Elapsed: 819.7s
2025-10-05 16:18:46,196 - INFO - Progress: 3,900,000 indexed, 0 failed, Rate: 4757.5 docs/sec, Queue: 294, Elapsed: 819.8s
2025-10-05 16:18:46,238 - INFO - === METRICS ES CONSUMER AT 3900000 DOCS ===
2025-10-05 16:18:46,243 - INFO - Process Memory:
2025-10-05 16:18:46,249 - INFO -   RSS: 3.65 GB
2025-10-05 16:18:46,254 - INFO -   VMS: 6.37 GB
2025-10-05 16:18:46,265 - INFO -   % of System: 0.4%
2025-10-05 16:18:46,270 - INFO - System Memory:
2025-10-05 16:18:46,275 - INFO -   Total Used: 14.9%
2025-10-05 16:18:46,280 - INFO -   Available: 727.00 GB
2025-10-05 16:18:46,285 - INFO -   Cached: 30.02 GB
2025-10-05 16:18:47,302 - INFO - CPU:
2025-10-05 16:18:47,302 - INFO -   Process usage: 30.7%
2025-10-05 16:18:47,302 - INFO -   Threads: 14
2025-10-05 16:18:47,302 - INFO -   Allocated cores: 288 (IDs: [0, 1, 2, 3, 4]...)
2025-10-05 16:18:47,302 - INFO - Process I/O:
2025-10-05 16:18:47,302 - INFO -   Read: 0.03 GB
2025-10-05 16:18:47,302 - INFO -   Write: 0.01 GB
2025-10-05 16:18:47,302 - INFO - ==================================================
2025-10-05 16:18:48,712 - INFO - POST http://localhost:9200/_bulk [status:200 request:12.330s]
2025-10-05 16:18:48,934 - INFO - Overall progress: Parsed 4,480,000, Indexed 0, Queue: 299
2025-10-05 16:18:48,934 - INFO - POST http://localhost:9200/_bulk [status:200 request:26.175s]
2025-10-05 16:18:49,064 - INFO - POST http://localhost:9200/_bulk [status:200 request:11.444s]
2025-10-05 16:18:49,404 - INFO - Progress: 3,910,000 indexed, 0 failed, Rate: 4751.2 docs/sec, Queue: 300, Elapsed: 823.0s
2025-10-05 16:18:49,434 - INFO - Progress: 3,920,000 indexed, 0 failed, Rate: 4763.1 docs/sec, Queue: 299, Elapsed: 823.0s
2025-10-05 16:18:49,470 - INFO - Progress: 3,930,000 indexed, 0 failed, Rate: 4775.1 docs/sec, Queue: 299, Elapsed: 823.0s
2025-10-05 16:18:49,592 - INFO - POST http://localhost:9200/_bulk [status:200 request:10.381s]
2025-10-05 16:18:52,369 - INFO - POST http://localhost:9200/_bulk [status:200 request:20.976s]
2025-10-05 16:18:52,484 - INFO - Worker 0: Parsed 4,500,000 docs, Queue: 279
2025-10-05 16:18:57,013 - INFO - POST http://localhost:9200/_bulk [status:200 request:11.540s]
2025-10-05 16:18:57,576 - INFO - POST http://localhost:9200/_bulk [status:200 request:28.677s]
2025-10-05 16:18:57,862 - INFO - Progress: 3,940,000 indexed, 0 failed, Rate: 4738.9 docs/sec, Queue: 299, Elapsed: 831.4s
2025-10-05 16:18:57,893 - INFO - Progress: 3,950,000 indexed, 0 failed, Rate: 4750.8 docs/sec, Queue: 300, Elapsed: 831.4s
2025-10-05 16:18:57,917 - INFO - Progress: 3,960,000 indexed, 0 failed, Rate: 4762.6 docs/sec, Queue: 300, Elapsed: 831.5s
2025-10-05 16:18:57,960 - INFO - Progress: 3,970,000 indexed, 0 failed, Rate: 4774.4 docs/sec, Queue: 300, Elapsed: 831.5s
2025-10-05 16:18:57,988 - INFO - Progress: 3,980,000 indexed, 0 failed, Rate: 4786.3 docs/sec, Queue: 300, Elapsed: 831.5s
2025-10-05 16:18:58,015 - INFO - Progress: 3,990,000 indexed, 0 failed, Rate: 4798.2 docs/sec, Queue: 299, Elapsed: 831.6s
2025-10-05 16:18:58,046 - INFO - Progress: 4,000,000 indexed, 0 failed, Rate: 4810.0 docs/sec, Queue: 299, Elapsed: 831.6s
2025-10-05 16:18:58,087 - INFO - === METRICS ES CONSUMER AT 4000000 DOCS ===
2025-10-05 16:18:58,092 - INFO - Process Memory:
2025-10-05 16:18:58,097 - INFO -   RSS: 3.62 GB
2025-10-05 16:18:58,103 - INFO -   VMS: 6.35 GB
2025-10-05 16:18:58,119 - INFO -   % of System: 0.4%
2025-10-05 16:18:58,119 - INFO - System Memory:
2025-10-05 16:18:58,125 - INFO -   Total Used: 14.9%
2025-10-05 16:18:58,130 - INFO -   Available: 726.86 GB
2025-10-05 16:18:58,135 - INFO -   Cached: 30.44 GB
2025-10-05 16:18:58,959 - INFO - Overall progress: Parsed 4,537,000, Indexed 0, Queue: 286
2025-10-05 16:18:59,152 - INFO - CPU:
2025-10-05 16:18:59,152 - INFO -   Process usage: 57.4%
2025-10-05 16:18:59,152 - INFO -   Threads: 14
2025-10-05 16:18:59,152 - INFO -   Allocated cores: 288 (IDs: [0, 1, 2, 3, 4]...)
2025-10-05 16:18:59,152 - INFO - Process I/O:
2025-10-05 16:18:59,152 - INFO -   Read: 0.03 GB
2025-10-05 16:18:59,152 - INFO -   Write: 0.01 GB
2025-10-05 16:18:59,152 - INFO - ==================================================
2025-10-05 16:19:00,975 - INFO - Worker 0: Parsed 4,550,000 docs, Queue: 299
2025-10-05 16:19:01,258 - INFO - POST http://localhost:9200/_bulk [status:200 request:15.122s]
2025-10-05 16:19:01,442 - INFO - Progress: 4,010,000 indexed, 0 failed, Rate: 4802.4 docs/sec, Queue: 300, Elapsed: 835.0s
2025-10-05 16:19:01,520 - INFO - POST http://localhost:9200/_bulk [status:200 request:12.090s]
2025-10-05 16:19:03,920 - INFO - POST http://localhost:9200/_bulk [status:200 request:14.060s]
2025-10-05 16:19:04,315 - INFO - POST http://localhost:9200/_bulk [status:200 request:14.950s]
2025-10-05 16:19:05,666 - INFO - POST http://localhost:9200/_bulk [status:200 request:13.055s]
2025-10-05 16:19:08,960 - INFO - Overall progress: Parsed 4,590,000, Indexed 0, Queue: 289
2025-10-05 16:19:09,071 - INFO - POST http://localhost:9200/_bulk [status:200 request:11.511s]
2025-10-05 16:19:10,606 - INFO - Worker 0: Parsed 4,600,000 docs, Queue: 289
2025-10-05 16:19:13,869 - INFO - POST http://localhost:9200/_bulk [status:200 request:12.109s]
2025-10-05 16:19:15,144 - INFO - POST http://localhost:9200/_bulk [status:200 request:10.592s]
2025-10-05 16:19:18,037 - INFO - POST http://localhost:9200/_bulk [status:200 request:13.354s]
2025-10-05 16:19:18,960 - INFO - Overall progress: Parsed 4,636,000, Indexed 0, Queue: 295
2025-10-05 16:19:19,682 - INFO - POST http://localhost:9200/_bulk [status:200 request:30.749s]
2025-10-05 16:19:19,889 - INFO - Progress: 4,020,000 indexed, 0 failed, Rate: 4710.3 docs/sec, Queue: 299, Elapsed: 853.4s
2025-10-05 16:19:19,936 - INFO - Progress: 4,030,000 indexed, 0 failed, Rate: 4721.8 docs/sec, Queue: 299, Elapsed: 853.5s
2025-10-05 16:19:19,936 - INFO - POST http://localhost:9200/_bulk [status:200 request:14.035s]
2025-10-05 16:19:19,982 - INFO - Progress: 4,040,000 indexed, 0 failed, Rate: 4733.3 docs/sec, Queue: 300, Elapsed: 853.5s
2025-10-05 16:19:20,102 - INFO - Progress: 4,050,000 indexed, 0 failed, Rate: 4744.3 docs/sec, Queue: 300, Elapsed: 853.7s
2025-10-05 16:19:20,142 - INFO - Progress: 4,060,000 indexed, 0 failed, Rate: 4755.8 docs/sec, Queue: 300, Elapsed: 853.7s
2025-10-05 16:19:20,228 - INFO - Progress: 4,070,000 indexed, 0 failed, Rate: 4767.0 docs/sec, Queue: 300, Elapsed: 853.8s
2025-10-05 16:19:20,688 - INFO - POST http://localhost:9200/_bulk [status:200 request:11.386s]
2025-10-05 16:19:21,608 - INFO - Worker 0: Parsed 4,650,000 docs, Queue: 289
2025-10-05 16:19:25,119 - INFO - POST http://localhost:9200/_bulk [status:200 request:27.239s]
2025-10-05 16:19:25,313 - INFO - Progress: 4,080,000 indexed, 0 failed, Rate: 4750.4 docs/sec, Queue: 300, Elapsed: 858.9s
2025-10-05 16:19:27,241 - INFO - POST http://localhost:9200/_bulk [status:200 request:11.878s]
2025-10-05 16:19:28,011 - INFO - POST http://localhost:9200/_bulk [status:200 request:13.903s]
2025-10-05 16:19:28,961 - INFO - Overall progress: Parsed 4,689,000, Indexed 0, Queue: 288
2025-10-05 16:19:30,667 - INFO - Worker 0: Parsed 4,700,000 docs, Queue: 299
2025-10-05 16:19:31,464 - INFO - POST http://localhost:9200/_bulk [status:200 request:13.217s]
2025-10-05 16:19:31,835 - INFO - POST http://localhost:9200/_bulk [status:200 request:11.543s]
2025-10-05 16:19:32,058 - INFO - POST http://localhost:9200/_bulk [status:200 request:30.540s]
2025-10-05 16:19:32,695 - INFO - Progress: 4,090,000 indexed, 0 failed, Rate: 4721.5 docs/sec, Queue: 300, Elapsed: 866.2s
2025-10-05 16:19:32,727 - INFO - Progress: 4,100,000 indexed, 0 failed, Rate: 4732.9 docs/sec, Queue: 300, Elapsed: 866.3s
2025-10-05 16:19:32,774 - INFO - === METRICS ES CONSUMER AT 4100000 DOCS ===
2025-10-05 16:19:32,774 - INFO - Process Memory:
2025-10-05 16:19:32,779 - INFO -   RSS: 3.68 GB
2025-10-05 16:19:32,785 - INFO -   VMS: 6.40 GB
2025-10-05 16:19:32,810 - INFO -   % of System: 0.4%
2025-10-05 16:19:32,812 - INFO - System Memory:
2025-10-05 16:19:32,812 - INFO -   Total Used: 15.0%
2025-10-05 16:19:32,818 - INFO -   Available: 726.45 GB
2025-10-05 16:19:32,823 - INFO -   Cached: 31.55 GB
2025-10-05 16:19:33,671 - INFO - POST http://localhost:9200/_bulk [status:200 request:12.454s]
2025-10-05 16:19:33,937 - INFO - CPU:
2025-10-05 16:19:33,943 - INFO -   Process usage: 80.1%
2025-10-05 16:19:33,948 - INFO -   Threads: 14
2025-10-05 16:19:33,954 - INFO -   Allocated cores: 288 (IDs: [0, 1, 2, 3, 4]...)
2025-10-05 16:19:33,960 - INFO - Process I/O:
2025-10-05 16:19:33,965 - INFO -   Read: 0.03 GB
2025-10-05 16:19:33,970 - INFO -   Write: 0.01 GB
2025-10-05 16:19:33,975 - INFO - ==================================================
2025-10-05 16:19:34,343 - INFO - Progress: 4,110,000 indexed, 0 failed, Rate: 4735.6 docs/sec, Queue: 288, Elapsed: 867.9s
2025-10-05 16:19:34,367 - INFO - Progress: 4,120,000 indexed, 0 failed, Rate: 4747.0 docs/sec, Queue: 288, Elapsed: 867.9s
2025-10-05 16:19:34,391 - INFO - Progress: 4,130,000 indexed, 0 failed, Rate: 4758.4 docs/sec, Queue: 287, Elapsed: 867.9s
2025-10-05 16:19:34,429 - INFO - Progress: 4,140,000 indexed, 0 failed, Rate: 4769.7 docs/sec, Queue: 287, Elapsed: 868.0s
2025-10-05 16:19:34,464 - INFO - Progress: 4,150,000 indexed, 0 failed, Rate: 4781.0 docs/sec, Queue: 287, Elapsed: 868.0s
2025-10-05 16:19:34,500 - INFO - Progress: 4,160,000 indexed, 0 failed, Rate: 4792.3 docs/sec, Queue: 288, Elapsed: 868.1s
2025-10-05 16:19:34,526 - INFO - Progress: 4,170,000 indexed, 0 failed, Rate: 4803.7 docs/sec, Queue: 288, Elapsed: 868.1s
2025-10-05 16:19:38,194 - INFO - POST http://localhost:9200/_bulk [status:200 request:10.726s]
2025-10-05 16:19:38,962 - INFO - Overall progress: Parsed 4,740,000, Indexed 0, Queue: 289
2025-10-05 16:19:40,510 - INFO - Worker 0: Parsed 4,750,000 docs, Queue: 299
2025-10-05 16:19:40,813 - INFO - POST http://localhost:9200/_bulk [status:200 request:15.431s]
2025-10-05 16:19:43,886 - INFO - POST http://localhost:9200/_bulk [status:200 request:15.606s]
2025-10-05 16:19:45,859 - INFO - POST http://localhost:9200/_bulk [status:200 request:14.163s]
2025-10-05 16:19:48,679 - INFO - POST http://localhost:9200/_bulk [status:200 request:15.927s]
2025-10-05 16:19:48,977 - INFO - Overall progress: Parsed 4,782,000, Indexed 0, Queue: 299
2025-10-05 16:19:49,837 - INFO - POST http://localhost:9200/_bulk [status:200 request:29.920s]
2025-10-05 16:19:50,379 - INFO - Progress: 4,180,000 indexed, 0 failed, Rate: 4728.9 docs/sec, Queue: 298, Elapsed: 883.9s
2025-10-05 16:19:50,447 - INFO - POST http://localhost:9200/_bulk [status:200 request:12.018s]
2025-10-05 16:19:50,457 - INFO - Progress: 4,190,000 indexed, 0 failed, Rate: 4739.8 docs/sec, Queue: 299, Elapsed: 884.0s
2025-10-05 16:19:50,572 - INFO - Progress: 4,200,000 indexed, 0 failed, Rate: 4750.5 docs/sec, Queue: 299, Elapsed: 884.1s
2025-10-05 16:19:50,742 - INFO - === METRICS ES CONSUMER AT 4200000 DOCS ===
2025-10-05 16:19:50,747 - INFO - Process Memory:
2025-10-05 16:19:50,752 - INFO -   RSS: 3.64 GB
2025-10-05 16:19:50,763 - INFO -   VMS: 6.36 GB
2025-10-05 16:19:50,781 - INFO -   % of System: 0.4%
2025-10-05 16:19:50,781 - INFO - System Memory:
2025-10-05 16:19:50,781 - INFO -   Total Used: 15.0%
2025-10-05 16:19:50,787 - INFO -   Available: 726.30 GB
2025-10-05 16:19:50,792 - INFO -   Cached: 31.00 GB
2025-10-05 16:19:51,819 - INFO - CPU:
2025-10-05 16:19:51,819 - INFO -   Process usage: 65.6%
2025-10-05 16:19:51,819 - INFO -   Threads: 14
2025-10-05 16:19:51,819 - INFO -   Allocated cores: 288 (IDs: [0, 1, 2, 3, 4]...)
2025-10-05 16:19:51,819 - INFO - Process I/O:
2025-10-05 16:19:51,820 - INFO -   Read: 0.03 GB
2025-10-05 16:19:51,820 - INFO -   Write: 0.01 GB
2025-10-05 16:19:51,820 - INFO - ==================================================
2025-10-05 16:19:52,161 - INFO - Progress: 4,210,000 indexed, 0 failed, Rate: 4753.2 docs/sec, Queue: 288, Elapsed: 885.7s
2025-10-05 16:19:52,184 - INFO - Progress: 4,220,000 indexed, 0 failed, Rate: 4764.4 docs/sec, Queue: 288, Elapsed: 885.7s
2025-10-05 16:19:52,207 - INFO - Progress: 4,230,000 indexed, 0 failed, Rate: 4775.6 docs/sec, Queue: 288, Elapsed: 885.8s
2025-10-05 16:19:52,211 - INFO - Worker 0: Parsed 4,800,000 docs, Queue: 289
2025-10-05 16:19:52,226 - INFO - Progress: 4,240,000 indexed, 0 failed, Rate: 4786.7 docs/sec, Queue: 289, Elapsed: 885.8s
2025-10-05 16:19:53,099 - INFO - POST http://localhost:9200/_bulk [status:200 request:12.069s]
2025-10-05 16:19:55,092 - INFO - POST http://localhost:9200/_bulk [status:200 request:10.973s]
2025-10-05 16:19:58,983 - INFO - Overall progress: Parsed 4,831,000, Indexed 0, Queue: 300
2025-10-05 16:19:59,662 - INFO - POST http://localhost:9200/_bulk [status:200 request:27.542s]
2025-10-05 16:19:59,892 - INFO - Progress: 4,250,000 indexed, 0 failed, Rate: 4756.9 docs/sec, Queue: 300, Elapsed: 893.4s
2025-10-05 16:19:59,924 - INFO - Progress: 4,260,000 indexed, 0 failed, Rate: 4767.9 docs/sec, Queue: 300, Elapsed: 893.5s
2025-10-05 16:20:00,683 - INFO - POST http://localhost:9200/_bulk [status:200 request:11.776s]
2025-10-05 16:20:01,079 - INFO - POST http://localhost:9200/_bulk [status:200 request:9.953s]
2025-10-05 16:20:02,625 - INFO - POST http://localhost:9200/_bulk [status:200 request:28.677s]
2025-10-05 16:20:02,833 - INFO - Progress: 4,270,000 indexed, 0 failed, Rate: 4763.6 docs/sec, Queue: 287, Elapsed: 896.4s
2025-10-05 16:20:02,859 - INFO - Progress: 4,280,000 indexed, 0 failed, Rate: 4774.6 docs/sec, Queue: 287, Elapsed: 896.4s
2025-10-05 16:20:02,891 - INFO - Progress: 4,290,000 indexed, 0 failed, Rate: 4785.6 docs/sec, Queue: 287, Elapsed: 896.4s
2025-10-05 16:20:02,932 - INFO - Progress: 4,300,000 indexed, 0 failed, Rate: 4796.5 docs/sec, Queue: 287, Elapsed: 896.5s
2025-10-05 16:20:02,970 - INFO - === METRICS ES CONSUMER AT 4300000 DOCS ===
2025-10-05 16:20:02,975 - INFO - Process Memory:
2025-10-05 16:20:02,980 - INFO -   RSS: 3.65 GB
2025-10-05 16:20:02,982 - INFO -   VMS: 6.37 GB
2025-10-05 16:20:02,982 - INFO -   % of System: 0.4%
2025-10-05 16:20:02,982 - INFO - System Memory:
2025-10-05 16:20:02,982 - INFO -   Total Used: 15.0%
2025-10-05 16:20:02,982 - INFO -   Available: 726.09 GB
2025-10-05 16:20:02,982 - INFO -   Cached: 31.31 GB
2025-10-05 16:20:03,214 - INFO - Worker 0: Parsed 4,850,000 docs, Queue: 282
2025-10-05 16:20:03,984 - INFO - CPU:
2025-10-05 16:20:03,984 - INFO -   Process usage: 57.9%
2025-10-05 16:20:03,984 - INFO -   Threads: 14
2025-10-05 16:20:03,984 - INFO -   Allocated cores: 288 (IDs: [0, 1, 2, 3, 4]...)
2025-10-05 16:20:03,984 - INFO - Process I/O:
2025-10-05 16:20:03,985 - INFO -   Read: 0.03 GB
2025-10-05 16:20:03,985 - INFO -   Write: 0.01 GB
2025-10-05 16:20:03,985 - INFO - ==================================================
2025-10-05 16:20:04,280 - INFO - POST http://localhost:9200/_bulk [status:200 request:13.806s]
2025-10-05 16:20:07,347 - INFO - POST http://localhost:9200/_bulk [status:200 request:14.030s]
2025-10-05 16:20:08,657 - INFO - POST http://localhost:9200/_bulk [status:200 request:13.340s]
2025-10-05 16:20:09,235 - INFO - Overall progress: Parsed 4,884,000, Indexed 0, Queue: 292
2025-10-05 16:20:11,217 - INFO - POST http://localhost:9200/_bulk [status:200 request:25.120s]
2025-10-05 16:20:11,437 - INFO - Progress: 4,310,000 indexed, 0 failed, Rate: 4762.5 docs/sec, Queue: 297, Elapsed: 905.0s
2025-10-05 16:20:11,468 - INFO - Progress: 4,320,000 indexed, 0 failed, Rate: 4773.4 docs/sec, Queue: 297, Elapsed: 905.0s
2025-10-05 16:20:11,495 - INFO - Progress: 4,330,000 indexed, 0 failed, Rate: 4784.3 docs/sec, Queue: 297, Elapsed: 905.0s
2025-10-05 16:20:11,530 - INFO - Progress: 4,340,000 indexed, 0 failed, Rate: 4795.1 docs/sec, Queue: 297, Elapsed: 905.1s
2025-10-05 16:20:11,559 - INFO - Progress: 4,350,000 indexed, 0 failed, Rate: 4806.0 docs/sec, Queue: 296, Elapsed: 905.1s
2025-10-05 16:20:11,588 - INFO - Progress: 4,360,000 indexed, 0 failed, Rate: 4816.9 docs/sec, Queue: 296, Elapsed: 905.1s
2025-10-05 16:20:11,785 - INFO - Worker 0: Parsed 4,900,000 docs, Queue: 293
2025-10-05 16:20:13,575 - INFO - POST http://localhost:9200/_bulk [status:200 request:13.661s]
2025-10-05 16:20:13,758 - INFO - Progress: 4,370,000 indexed, 0 failed, Rate: 4816.4 docs/sec, Queue: 299, Elapsed: 907.3s
2025-10-05 16:20:14,484 - INFO - POST http://localhost:9200/_bulk [status:200 request:13.049s]
2025-10-05 16:20:17,889 - INFO - POST http://localhost:9200/_bulk [status:200 request:15.031s]
2025-10-05 16:20:19,125 - INFO - POST http://localhost:9200/_bulk [status:200 request:14.609s]
2025-10-05 16:20:19,300 - INFO - Overall progress: Parsed 4,938,000, Indexed 0, Queue: 297
2025-10-05 16:20:21,371 - INFO - Worker 0: Parsed 4,950,000 docs, Queue: 299
2025-10-05 16:20:21,570 - INFO - POST http://localhost:9200/_bulk [status:200 request:13.993s]
2025-10-05 16:20:22,957 - INFO - POST http://localhost:9200/_bulk [status:200 request:11.498s]
2025-10-05 16:20:24,310 - INFO - POST http://localhost:9200/_bulk [status:200 request:10.485s]
2025-10-05 16:20:28,744 - INFO - POST http://localhost:9200/_bulk [status:200 request:10.643s]
2025-10-05 16:20:29,347 - INFO - Overall progress: Parsed 4,983,000, Indexed 0, Queue: 295
2025-10-05 16:20:29,791 - INFO - POST http://localhost:9200/_bulk [status:200 request:10.435s]
2025-10-05 16:20:30,549 - INFO - POST http://localhost:9200/_bulk [status:200 request:21.646s]
2025-10-05 16:20:32,350 - INFO - Worker 0: Parsed 5,000,000 docs, Queue: 289
2025-10-05 16:20:33,517 - INFO - POST http://localhost:9200/_bulk [status:200 request:32.091s]
2025-10-05 16:20:33,731 - INFO - Progress: 4,380,000 indexed, 0 failed, Rate: 4723.5 docs/sec, Queue: 296, Elapsed: 927.3s
2025-10-05 16:20:33,750 - INFO - Progress: 4,390,000 indexed, 0 failed, Rate: 4734.2 docs/sec, Queue: 296, Elapsed: 927.3s
2025-10-05 16:20:33,779 - INFO - Progress: 4,400,000 indexed, 0 failed, Rate: 4744.8 docs/sec, Queue: 296, Elapsed: 927.3s
2025-10-05 16:20:33,818 - INFO - === METRICS ES CONSUMER AT 4400000 DOCS ===
2025-10-05 16:20:33,824 - INFO - Process Memory:
2025-10-05 16:20:33,829 - INFO -   RSS: 3.64 GB
2025-10-05 16:20:33,834 - INFO -   VMS: 6.36 GB
2025-10-05 16:20:33,847 - INFO -   % of System: 0.4%
2025-10-05 16:20:33,847 - INFO - System Memory:
2025-10-05 16:20:33,852 - INFO -   Total Used: 15.0%
2025-10-05 16:20:33,857 - INFO -   Available: 726.50 GB
2025-10-05 16:20:33,862 - INFO -   Cached: 31.03 GB
2025-10-05 16:20:34,879 - INFO - CPU:
2025-10-05 16:20:34,879 - INFO -   Process usage: 27.7%
2025-10-05 16:20:34,879 - INFO -   Threads: 14
2025-10-05 16:20:34,879 - INFO -   Allocated cores: 288 (IDs: [0, 1, 2, 3, 4]...)
2025-10-05 16:20:34,879 - INFO - Process I/O:
2025-10-05 16:20:34,879 - INFO -   Read: 0.03 GB
2025-10-05 16:20:34,879 - INFO -   Write: 0.01 GB
2025-10-05 16:20:34,880 - INFO - ==================================================
2025-10-05 16:20:35,226 - INFO - Progress: 4,410,000 indexed, 0 failed, Rate: 4748.2 docs/sec, Queue: 294, Elapsed: 928.8s
2025-10-05 16:20:35,249 - INFO - Progress: 4,420,000 indexed, 0 failed, Rate: 4758.8 docs/sec, Queue: 294, Elapsed: 928.8s
2025-10-05 16:20:35,272 - INFO - Progress: 4,430,000 indexed, 0 failed, Rate: 4769.5 docs/sec, Queue: 295, Elapsed: 928.8s
2025-10-05 16:20:35,285 - INFO - Progress: 4,440,000 indexed, 0 failed, Rate: 4780.2 docs/sec, Queue: 295, Elapsed: 928.8s
2025-10-05 16:20:35,305 - INFO - Progress: 4,450,000 indexed, 0 failed, Rate: 4790.8 docs/sec, Queue: 295, Elapsed: 928.9s
2025-10-05 16:20:35,349 - INFO - POST http://localhost:9200/_bulk [status:200 request:10.834s]
2025-10-05 16:20:36,212 - INFO - POST http://localhost:9200/_bulk [status:200 request:13.019s]
2025-10-05 16:20:39,351 - INFO - Overall progress: Parsed 5,039,000, Indexed 0, Queue: 298
2025-10-05 16:20:40,684 - INFO - POST http://localhost:9200/_bulk [status:200 request:11.719s]
2025-10-05 16:20:42,235 - INFO - Worker 0: Parsed 5,050,000 docs, Queue: 299
2025-10-05 16:20:44,372 - INFO - POST http://localhost:9200/_bulk [status:200 request:14.354s]
2025-10-05 16:20:45,822 - INFO - POST http://localhost:9200/_bulk [status:200 request:12.068s]
2025-10-05 16:20:46,543 - INFO - POST http://localhost:9200/_bulk [status:200 request:15.768s]
2025-10-05 16:20:48,817 - INFO - POST http://localhost:9200/_bulk [status:200 request:13.245s]
2025-10-05 16:20:49,369 - INFO - Overall progress: Parsed 5,076,000, Indexed 0, Queue: 286
2025-10-05 16:20:51,245 - INFO - POST http://localhost:9200/_bulk [status:200 request:14.799s]
2025-10-05 16:20:51,467 - INFO - POST http://localhost:9200/_bulk [status:200 request:29.365s]
2025-10-05 16:20:51,940 - INFO - POST http://localhost:9200/_bulk [status:200 request:36.957s]
2025-10-05 16:20:52,198 - INFO - Progress: 4,460,000 indexed, 0 failed, Rate: 4715.8 docs/sec, Queue: 296, Elapsed: 945.8s
2025-10-05 16:20:52,222 - INFO - Progress: 4,470,000 indexed, 0 failed, Rate: 4726.3 docs/sec, Queue: 296, Elapsed: 945.8s
2025-10-05 16:20:52,242 - INFO - Progress: 4,480,000 indexed, 0 failed, Rate: 4736.7 docs/sec, Queue: 296, Elapsed: 945.8s
2025-10-05 16:20:52,270 - INFO - Progress: 4,490,000 indexed, 0 failed, Rate: 4747.2 docs/sec, Queue: 295, Elapsed: 945.8s
2025-10-05 16:20:52,300 - INFO - Progress: 4,500,000 indexed, 0 failed, Rate: 4757.6 docs/sec, Queue: 295, Elapsed: 945.9s
2025-10-05 16:20:52,335 - INFO - === METRICS ES CONSUMER AT 4500000 DOCS ===
2025-10-05 16:20:52,340 - INFO - Process Memory:
2025-10-05 16:20:52,345 - INFO -   RSS: 3.62 GB
2025-10-05 16:20:52,350 - INFO -   VMS: 6.33 GB
2025-10-05 16:20:52,360 - INFO -   % of System: 0.4%
2025-10-05 16:20:52,365 - INFO - System Memory:
2025-10-05 16:20:52,370 - INFO -   Total Used: 15.0%
2025-10-05 16:20:52,375 - INFO -   Available: 726.18 GB
2025-10-05 16:20:52,380 - INFO -   Cached: 30.88 GB
2025-10-05 16:20:53,353 - INFO - POST http://localhost:9200/_bulk [status:200 request:12.449s]
2025-10-05 16:20:53,577 - INFO - CPU:
2025-10-05 16:20:53,588 - INFO -   Process usage: 89.6%
2025-10-05 16:20:53,593 - INFO -   Threads: 14
2025-10-05 16:20:53,596 - INFO - Worker 0: Parsed 5,100,000 docs, Queue: 286
2025-10-05 16:20:53,598 - INFO -   Allocated cores: 288 (IDs: [0, 1, 2, 3, 4]...)
2025-10-05 16:20:53,599 - INFO - Process I/O:
2025-10-05 16:20:53,604 - INFO -   Read: 0.03 GB
2025-10-05 16:20:53,609 - INFO -   Write: 0.01 GB
2025-10-05 16:20:53,614 - INFO - ==================================================
2025-10-05 16:20:53,961 - INFO - Progress: 4,510,000 indexed, 0 failed, Rate: 4759.8 docs/sec, Queue: 285, Elapsed: 947.5s
2025-10-05 16:20:53,998 - INFO - Progress: 4,520,000 indexed, 0 failed, Rate: 4770.2 docs/sec, Queue: 285, Elapsed: 947.6s
2025-10-05 16:20:54,028 - INFO - Progress: 4,530,000 indexed, 0 failed, Rate: 4780.6 docs/sec, Queue: 284, Elapsed: 947.6s
2025-10-05 16:20:54,062 - INFO - Progress: 4,540,000 indexed, 0 failed, Rate: 4791.0 docs/sec, Queue: 285, Elapsed: 947.6s
2025-10-05 16:20:54,092 - INFO - Progress: 4,550,000 indexed, 0 failed, Rate: 4801.4 docs/sec, Queue: 285, Elapsed: 947.6s
2025-10-05 16:20:54,124 - INFO - Progress: 4,560,000 indexed, 0 failed, Rate: 4811.8 docs/sec, Queue: 285, Elapsed: 947.7s
2025-10-05 16:20:54,143 - INFO - Progress: 4,570,000 indexed, 0 failed, Rate: 4822.2 docs/sec, Queue: 286, Elapsed: 947.7s
2025-10-05 16:20:54,166 - INFO - Progress: 4,580,000 indexed, 0 failed, Rate: 4832.6 docs/sec, Queue: 285, Elapsed: 947.7s
2025-10-05 16:20:59,375 - INFO - Overall progress: Parsed 5,131,000, Indexed 0, Queue: 300
2025-10-05 16:21:01,025 - INFO - POST http://localhost:9200/_bulk [status:200 request:14.965s]
2025-10-05 16:21:01,164 - INFO - POST http://localhost:9200/_bulk [status:200 request:14.363s]
2025-10-05 16:21:01,169 - INFO - POST http://localhost:9200/_bulk [status:200 request:16.238s]
2025-10-05 16:21:01,727 - INFO - Progress: 4,590,000 indexed, 0 failed, Rate: 4804.9 docs/sec, Queue: 300, Elapsed: 955.3s
2025-10-05 16:21:01,758 - INFO - Progress: 4,600,000 indexed, 0 failed, Rate: 4815.2 docs/sec, Queue: 300, Elapsed: 955.3s
2025-10-05 16:21:01,782 - INFO - === METRICS ES CONSUMER AT 4600000 DOCS ===
2025-10-05 16:21:01,787 - INFO - Process Memory:
2025-10-05 16:21:01,792 - INFO -   RSS: 3.62 GB
2025-10-05 16:21:01,797 - INFO -   VMS: 6.34 GB
2025-10-05 16:21:01,809 - INFO -   % of System: 0.4%
2025-10-05 16:21:01,815 - INFO - System Memory:
2025-10-05 16:21:01,820 - INFO -   Total Used: 15.0%
2025-10-05 16:21:01,825 - INFO -   Available: 726.16 GB
2025-10-05 16:21:01,830 - INFO -   Cached: 31.14 GB
2025-10-05 16:21:02,245 - INFO - POST http://localhost:9200/_bulk [status:200 request:13.214s]
2025-10-05 16:21:02,877 - INFO - CPU:
2025-10-05 16:21:02,878 - INFO -   Process usage: 90.5%
2025-10-05 16:21:02,878 - INFO -   Threads: 14
2025-10-05 16:21:02,878 - INFO -   Allocated cores: 288 (IDs: [0, 1, 2, 3, 4]...)
2025-10-05 16:21:02,899 - INFO - Process I/O:
2025-10-05 16:21:02,904 - INFO -   Read: 0.03 GB
2025-10-05 16:21:02,909 - INFO -   Write: 0.01 GB
2025-10-05 16:21:02,914 - INFO - ==================================================
2025-10-05 16:21:03,184 - INFO - Progress: 4,610,000 indexed, 0 failed, Rate: 4818.5 docs/sec, Queue: 291, Elapsed: 956.7s
2025-10-05 16:21:03,216 - INFO - Progress: 4,620,000 indexed, 0 failed, Rate: 4828.7 docs/sec, Queue: 292, Elapsed: 956.8s
2025-10-05 16:21:04,035 - INFO - POST http://localhost:9200/_bulk [status:200 request:12.286s]
2025-10-05 16:21:05,135 - INFO - Worker 0: Parsed 5,150,000 docs, Queue: 269
2025-10-05 16:21:09,376 - INFO - Overall progress: Parsed 5,173,000, Indexed 0, Queue: 292
2025-10-05 16:21:09,419 - INFO - POST http://localhost:9200/_bulk [status:200 request:17.195s]
2025-10-05 16:21:11,713 - INFO - POST http://localhost:9200/_bulk [status:200 request:9.956s]
2025-10-05 16:21:11,826 - INFO - POST http://localhost:9200/_bulk [status:200 request:10.203s]
2025-10-05 16:21:13,529 - INFO - POST http://localhost:9200/_bulk [status:200 request:19.927s]
2025-10-05 16:21:13,897 - INFO - Worker 0: Parsed 5,200,000 docs, Queue: 289
2025-10-05 16:21:14,219 - INFO - POST http://localhost:9200/_bulk [status:200 request:11.495s]
2025-10-05 16:21:15,505 - INFO - POST http://localhost:9200/_bulk [status:200 request:11.228s]
2025-10-05 16:21:19,377 - INFO - Overall progress: Parsed 5,230,000, Indexed 0, Queue: 289
2025-10-05 16:21:21,718 - INFO - POST http://localhost:9200/_bulk [status:200 request:11.791s]
2025-10-05 16:21:21,902 - INFO - POST http://localhost:9200/_bulk [status:200 request:30.435s]
2025-10-05 16:21:22,203 - INFO - Progress: 4,630,000 indexed, 0 failed, Rate: 4745.0 docs/sec, Queue: 300, Elapsed: 975.8s
2025-10-05 16:21:22,224 - INFO - Progress: 4,640,000 indexed, 0 failed, Rate: 4755.2 docs/sec, Queue: 300, Elapsed: 975.8s
2025-10-05 16:21:22,269 - INFO - Progress: 4,650,000 indexed, 0 failed, Rate: 4765.2 docs/sec, Queue: 300, Elapsed: 975.8s
2025-10-05 16:21:22,300 - INFO - Progress: 4,660,000 indexed, 0 failed, Rate: 4775.3 docs/sec, Queue: 300, Elapsed: 975.9s
2025-10-05 16:21:22,475 - INFO - POST http://localhost:9200/_bulk [status:200 request:10.409s]
2025-10-05 16:21:23,820 - INFO - POST http://localhost:9200/_bulk [status:200 request:11.647s]
2025-10-05 16:21:23,836 - INFO - Worker 0: Parsed 5,250,000 docs, Queue: 279
2025-10-05 16:21:25,850 - INFO - POST http://localhost:9200/_bulk [status:200 request:11.804s]
2025-10-05 16:21:29,377 - INFO - Overall progress: Parsed 5,280,000, Indexed 0, Queue: 289
2025-10-05 16:21:32,668 - INFO - POST http://localhost:9200/_bulk [status:200 request:10.620s]
2025-10-05 16:21:33,616 - INFO - POST http://localhost:9200/_bulk [status:200 request:11.393s]
2025-10-05 16:21:34,158 - INFO - POST http://localhost:9200/_bulk [status:200 request:11.402s]
2025-10-05 16:21:34,370 - INFO - Worker 0: Parsed 5,300,000 docs, Queue: 299
2025-10-05 16:21:35,558 - INFO - POST http://localhost:9200/_bulk [status:200 request:9.480s]
2025-10-05 16:21:38,518 - INFO - POST http://localhost:9200/_bulk [status:200 request:37.028s]
2025-10-05 16:21:38,689 - INFO - Progress: 4,670,000 indexed, 0 failed, Rate: 4706.5 docs/sec, Queue: 291, Elapsed: 992.2s
2025-10-05 16:21:38,739 - INFO - Progress: 4,680,000 indexed, 0 failed, Rate: 4716.3 docs/sec, Queue: 291, Elapsed: 992.3s
2025-10-05 16:21:38,783 - INFO - Progress: 4,690,000 indexed, 0 failed, Rate: 4726.2 docs/sec, Queue: 291, Elapsed: 992.3s
2025-10-05 16:21:38,817 - INFO - Progress: 4,700,000 indexed, 0 failed, Rate: 4736.1 docs/sec, Queue: 291, Elapsed: 992.4s
2025-10-05 16:21:38,865 - INFO - === METRICS ES CONSUMER AT 4700000 DOCS ===
2025-10-05 16:21:38,870 - INFO - Process Memory:
2025-10-05 16:21:38,876 - INFO -   RSS: 3.66 GB
2025-10-05 16:21:38,881 - INFO -   VMS: 6.37 GB
2025-10-05 16:21:39,233 - INFO -   % of System: 0.4%
2025-10-05 16:21:39,233 - INFO - System Memory:
2025-10-05 16:21:39,233 - INFO -   Total Used: 15.1%
2025-10-05 16:21:39,238 - INFO -   Available: 725.58 GB
2025-10-05 16:21:39,243 - INFO -   Cached: 31.79 GB
2025-10-05 16:21:39,378 - INFO - Overall progress: Parsed 5,326,000, Indexed 0, Queue: 290
2025-10-05 16:21:40,262 - INFO - POST http://localhost:9200/_bulk [status:200 request:25.773s]
2025-10-05 16:21:40,464 - INFO - CPU:
2025-10-05 16:21:40,470 - INFO -   Process usage: 34.7%
2025-10-05 16:21:40,480 - INFO -   Threads: 14
2025-10-05 16:21:40,485 - INFO -   Allocated cores: 288 (IDs: [0, 1, 2, 3, 4]...)
2025-10-05 16:21:40,504 - INFO - Process I/O:
2025-10-05 16:21:40,505 - INFO -   Read: 0.03 GB
2025-10-05 16:21:40,505 - INFO -   Write: 0.01 GB
2025-10-05 16:21:40,505 - INFO - ==================================================
2025-10-05 16:21:40,875 - INFO - Progress: 4,710,000 indexed, 0 failed, Rate: 4736.4 docs/sec, Queue: 292, Elapsed: 994.4s
2025-10-05 16:21:40,907 - INFO - Progress: 4,720,000 indexed, 0 failed, Rate: 4746.3 docs/sec, Queue: 292, Elapsed: 994.5s
2025-10-05 16:21:40,936 - INFO - Progress: 4,730,000 indexed, 0 failed, Rate: 4756.2 docs/sec, Queue: 292, Elapsed: 994.5s
2025-10-05 16:21:40,973 - INFO - Progress: 4,740,000 indexed, 0 failed, Rate: 4766.1 docs/sec, Queue: 292, Elapsed: 994.5s
2025-10-05 16:21:41,002 - INFO - Progress: 4,750,000 indexed, 0 failed, Rate: 4776.0 docs/sec, Queue: 292, Elapsed: 994.6s
2025-10-05 16:21:41,036 - INFO - Progress: 4,760,000 indexed, 0 failed, Rate: 4785.9 docs/sec, Queue: 291, Elapsed: 994.6s
2025-10-05 16:21:42,259 - INFO - POST http://localhost:9200/_bulk [status:200 request:9.377s]
2025-10-05 16:21:43,434 - INFO - POST http://localhost:9200/_bulk [status:200 request:19.050s]
2025-10-05 16:21:43,715 - INFO - Worker 0: Parsed 5,350,000 docs, Queue: 287
2025-10-05 16:21:46,404 - INFO - POST http://localhost:9200/_bulk [status:200 request:30.687s]
2025-10-05 16:21:46,603 - INFO - Progress: 4,770,000 indexed, 0 failed, Rate: 4769.3 docs/sec, Queue: 293, Elapsed: 1000.2s
2025-10-05 16:21:46,665 - INFO - Progress: 4,780,000 indexed, 0 failed, Rate: 4778.9 docs/sec, Queue: 294, Elapsed: 1000.2s
2025-10-05 16:21:46,695 - INFO - Progress: 4,790,000 indexed, 0 failed, Rate: 4788.8 docs/sec, Queue: 294, Elapsed: 1000.2s
2025-10-05 16:21:46,730 - INFO - Progress: 4,800,000 indexed, 0 failed, Rate: 4798.6 docs/sec, Queue: 295, Elapsed: 1000.3s
2025-10-05 16:21:46,760 - INFO - === METRICS ES CONSUMER AT 4800000 DOCS ===
2025-10-05 16:21:46,766 - INFO - Process Memory:
2025-10-05 16:21:46,771 - INFO -   RSS: 3.66 GB
2025-10-05 16:21:46,776 - INFO -   VMS: 6.38 GB
2025-10-05 16:21:46,783 - INFO -   % of System: 0.4%
2025-10-05 16:21:46,783 - INFO - System Memory:
2025-10-05 16:21:46,783 - INFO -   Total Used: 15.1%
2025-10-05 16:21:46,783 - INFO -   Available: 725.47 GB
2025-10-05 16:21:46,783 - INFO -   Cached: 31.92 GB
2025-10-05 16:21:47,357 - INFO - POST http://localhost:9200/_bulk [status:200 request:12.874s]
2025-10-05 16:21:47,883 - INFO - CPU:
2025-10-05 16:21:47,888 - INFO -   Process usage: 80.6%
2025-10-05 16:21:47,893 - INFO -   Threads: 14
2025-10-05 16:21:47,904 - INFO -   Allocated cores: 288 (IDs: [0, 1, 2, 3, 4]...)
2025-10-05 16:21:47,911 - INFO - Process I/O:
2025-10-05 16:21:47,916 - INFO -   Read: 0.03 GB
2025-10-05 16:21:47,921 - INFO -   Write: 0.01 GB
2025-10-05 16:21:47,927 - INFO - ==================================================
2025-10-05 16:21:48,257 - INFO - Progress: 4,810,000 indexed, 0 failed, Rate: 4801.3 docs/sec, Queue: 292, Elapsed: 1001.8s
2025-10-05 16:21:48,278 - INFO - Progress: 4,820,000 indexed, 0 failed, Rate: 4811.2 docs/sec, Queue: 292, Elapsed: 1001.8s
2025-10-05 16:21:48,301 - INFO - Progress: 4,830,000 indexed, 0 failed, Rate: 4821.1 docs/sec, Queue: 291, Elapsed: 1001.9s
2025-10-05 16:21:49,379 - INFO - Overall progress: Parsed 5,380,000, Indexed 0, Queue: 289
2025-10-05 16:21:50,018 - INFO - POST http://localhost:9200/_bulk [status:200 request:15.677s]
2025-10-05 16:21:50,246 - INFO - Progress: 4,840,000 indexed, 0 failed, Rate: 4821.7 docs/sec, Queue: 293, Elapsed: 1003.8s
2025-10-05 16:21:50,276 - INFO - Progress: 4,850,000 indexed, 0 failed, Rate: 4831.5 docs/sec, Queue: 294, Elapsed: 1003.8s
2025-10-05 16:21:51,116 - INFO - POST http://localhost:9200/_bulk [status:200 request:15.361s]
2025-10-05 16:21:51,293 - INFO - Progress: 4,860,000 indexed, 0 failed, Rate: 4836.6 docs/sec, Queue: 289, Elapsed: 1004.8s
2025-10-05 16:21:52,750 - INFO - Worker 0: Parsed 5,400,000 docs, Queue: 289
2025-10-05 16:21:54,035 - INFO - POST http://localhost:9200/_bulk [status:200 request:15.282s]
2025-10-05 16:21:54,486 - INFO - POST http://localhost:9200/_bulk [status:200 request:11.957s]
2025-10-05 16:21:54,524 - INFO - Progress: 4,870,000 indexed, 0 failed, Rate: 4831.0 docs/sec, Queue: 299, Elapsed: 1008.1s
2025-10-05 16:21:56,162 - INFO - POST http://localhost:9200/_bulk [status:200 request:15.667s]
2025-10-05 16:21:56,361 - INFO - Progress: 4,880,000 indexed, 0 failed, Rate: 4832.1 docs/sec, Queue: 289, Elapsed: 1009.9s
2025-10-05 16:21:56,389 - INFO - Progress: 4,890,000 indexed, 0 failed, Rate: 4841.9 docs/sec, Queue: 289, Elapsed: 1009.9s
2025-10-05 16:21:58,386 - INFO - POST http://localhost:9200/_bulk [status:200 request:14.726s]
2025-10-05 16:21:58,605 - INFO - Progress: 4,900,000 indexed, 0 failed, Rate: 4841.1 docs/sec, Queue: 291, Elapsed: 1012.2s
2025-10-05 16:21:58,668 - INFO - === METRICS ES CONSUMER AT 4900000 DOCS ===
2025-10-05 16:21:58,673 - INFO - Process Memory:
2025-10-05 16:21:58,678 - INFO -   RSS: 3.62 GB
2025-10-05 16:21:58,683 - INFO -   VMS: 6.33 GB
2025-10-05 16:21:58,698 - INFO -   % of System: 0.4%
2025-10-05 16:21:58,698 - INFO - System Memory:
2025-10-05 16:21:58,698 - INFO -   Total Used: 15.1%
2025-10-05 16:21:58,698 - INFO -   Available: 725.18 GB
2025-10-05 16:21:58,704 - INFO -   Cached: 32.29 GB
2025-10-05 16:21:59,379 - INFO - Overall progress: Parsed 5,436,000, Indexed 0, Queue: 285
2025-10-05 16:21:59,448 - INFO - POST http://localhost:9200/_bulk [status:200 request:12.768s]
2025-10-05 16:21:59,728 - INFO - CPU:
2025-10-05 16:21:59,733 - INFO -   Process usage: 61.2%
2025-10-05 16:21:59,738 - INFO -   Threads: 14
2025-10-05 16:21:59,744 - INFO -   Allocated cores: 288 (IDs: [0, 1, 2, 3, 4]...)
2025-10-05 16:21:59,761 - INFO - Process I/O:
2025-10-05 16:21:59,761 - INFO -   Read: 0.03 GB
2025-10-05 16:21:59,762 - INFO -   Write: 0.01 GB
2025-10-05 16:21:59,767 - INFO - ==================================================
2025-10-05 16:22:00,043 - INFO - Progress: 4,910,000 indexed, 0 failed, Rate: 4844.1 docs/sec, Queue: 286, Elapsed: 1013.6s
2025-10-05 16:22:01,616 - INFO - Worker 0: Parsed 5,450,000 docs, Queue: 289
2025-10-05 16:22:03,238 - INFO - POST http://localhost:9200/_bulk [status:200 request:15.352s]
2025-10-05 16:22:03,446 - INFO - Progress: 4,920,000 indexed, 0 failed, Rate: 4837.8 docs/sec, Queue: 299, Elapsed: 1017.0s
2025-10-05 16:22:05,627 - INFO - POST http://localhost:9200/_bulk [status:200 request:14.273s]
2025-10-05 16:22:07,927 - INFO - POST http://localhost:9200/_bulk [status:200 request:13.106s]
2025-10-05 16:22:09,380 - INFO - Overall progress: Parsed 5,486,000, Indexed 0, Queue: 295
2025-10-05 16:22:10,001 - INFO - POST http://localhost:9200/_bulk [status:200 request:15.317s]
2025-10-05 16:22:10,806 - INFO - POST http://localhost:9200/_bulk [status:200 request:14.398s]
2025-10-05 16:22:11,680 - INFO - Worker 0: Parsed 5,500,000 docs, Queue: 291
2025-10-05 16:22:12,031 - INFO - POST http://localhost:9200/_bulk [status:200 request:13.403s]
2025-10-05 16:22:12,974 - INFO - POST http://localhost:9200/_bulk [status:200 request:13.303s]
2025-10-05 16:22:19,381 - INFO - Overall progress: Parsed 5,531,000, Indexed 0, Queue: 300
2025-10-05 16:22:19,479 - INFO - POST http://localhost:9200/_bulk [status:200 request:29.208s]
2025-10-05 16:22:19,965 - INFO - Progress: 4,930,000 indexed, 0 failed, Rate: 4770.1 docs/sec, Queue: 300, Elapsed: 1033.5s
2025-10-05 16:22:20,030 - INFO - Progress: 4,940,000 indexed, 0 failed, Rate: 4779.5 docs/sec, Queue: 300, Elapsed: 1033.6s
2025-10-05 16:22:20,085 - INFO - POST http://localhost:9200/_bulk [status:200 request:16.577s]
2025-10-05 16:22:20,094 - INFO - Progress: 4,950,000 indexed, 0 failed, Rate: 4788.9 docs/sec, Queue: 300, Elapsed: 1033.6s
2025-10-05 16:22:20,216 - INFO - Progress: 4,960,000 indexed, 0 failed, Rate: 4798.0 docs/sec, Queue: 300, Elapsed: 1033.8s
2025-10-05 16:22:20,247 - INFO - Progress: 4,970,000 indexed, 0 failed, Rate: 4807.5 docs/sec, Queue: 300, Elapsed: 1033.8s
2025-10-05 16:22:20,387 - INFO - Progress: 4,980,000 indexed, 0 failed, Rate: 4816.5 docs/sec, Queue: 300, Elapsed: 1033.9s
2025-10-05 16:22:20,409 - INFO - Progress: 4,990,000 indexed, 0 failed, Rate: 4826.1 docs/sec, Queue: 300, Elapsed: 1034.0s
2025-10-05 16:22:20,429 - INFO - Progress: 5,000,000 indexed, 0 failed, Rate: 4835.7 docs/sec, Queue: 300, Elapsed: 1034.0s
2025-10-05 16:22:20,477 - INFO - === METRICS ES CONSUMER AT 5000000 DOCS ===
2025-10-05 16:22:20,483 - INFO - Process Memory:
2025-10-05 16:22:20,488 - INFO -   RSS: 3.77 GB
2025-10-05 16:22:20,493 - INFO -   VMS: 6.48 GB
2025-10-05 16:22:20,508 - INFO -   % of System: 0.4%
2025-10-05 16:22:20,513 - INFO - System Memory:
2025-10-05 16:22:20,518 - INFO -   Total Used: 15.1%
2025-10-05 16:22:20,523 - INFO -   Available: 725.16 GB
2025-10-05 16:22:20,528 - INFO -   Cached: 31.75 GB
2025-10-05 16:22:21,361 - INFO - POST http://localhost:9200/_bulk [status:200 request:15.502s]
2025-10-05 16:22:21,625 - INFO - CPU:
2025-10-05 16:22:21,631 - INFO -   Process usage: 78.0%
2025-10-05 16:22:21,636 - INFO -   Threads: 14
2025-10-05 16:22:21,641 - INFO -   Allocated cores: 288 (IDs: [0, 1, 2, 3, 4]...)
2025-10-05 16:22:21,663 - INFO - Process I/O:
2025-10-05 16:22:21,663 - INFO -   Read: 0.03 GB
2025-10-05 16:22:21,668 - INFO -   Write: 0.01 GB
2025-10-05 16:22:21,673 - INFO - ==================================================
2025-10-05 16:22:21,925 - INFO - Progress: 5,010,000 indexed, 0 failed, Rate: 4838.3 docs/sec, Queue: 288, Elapsed: 1035.5s
2025-10-05 16:22:22,648 - INFO - POST http://localhost:9200/_bulk [status:200 request:14.258s]
2025-10-05 16:22:22,878 - INFO - Progress: 5,020,000 indexed, 0 failed, Rate: 4843.5 docs/sec, Queue: 284, Elapsed: 1036.4s
2025-10-05 16:22:23,721 - INFO - Worker 0: Parsed 5,550,000 docs, Queue: 279
2025-10-05 16:22:29,382 - INFO - Overall progress: Parsed 5,571,000, Indexed 0, Queue: 300
2025-10-05 16:22:39,469 - INFO - POST http://localhost:9200/_bulk [status:200 request:28.437s]
2025-10-05 16:22:49,383 - INFO - Overall progress: Parsed 5,581,000, Indexed 0, Queue: 300
2025-10-05 16:22:55,777 - INFO - POST http://localhost:9200/_bulk [status:200 request:45.546s]
2025-10-05 16:22:56,236 - INFO - Progress: 5,030,000 indexed, 0 failed, Rate: 4701.9 docs/sec, Queue: 300, Elapsed: 1069.8s
2025-10-05 16:22:56,268 - INFO - Progress: 5,040,000 indexed, 0 failed, Rate: 4711.1 docs/sec, Queue: 300, Elapsed: 1069.8s
2025-10-05 16:22:59,384 - INFO - Overall progress: Parsed 5,591,000, Indexed 0, Queue: 300
2025-10-05 16:23:17,444 - INFO - POST http://localhost:9200/_bulk [status:200 request:65.145s]
2025-10-05 16:23:17,668 - INFO - Progress: 5,050,000 indexed, 0 failed, Rate: 4627.8 docs/sec, Queue: 300, Elapsed: 1091.2s
2025-10-05 16:23:19,179 - INFO - Worker 0: Parsed 5,600,000 docs, Queue: 299
2025-10-05 16:23:19,385 - INFO - Overall progress: Parsed 5,600,000, Indexed 0, Queue: 299
2025-10-05 16:23:21,644 - INFO - POST http://localhost:9200/_bulk [status:200 request:58.703s]
2025-10-05 16:23:23,202 - INFO - POST http://localhost:9200/_bulk [status:200 request:63.127s]
2025-10-05 16:23:23,964 - INFO - POST http://localhost:9200/_bulk [status:200 request:63.518s]
2025-10-05 16:23:29,386 - INFO - Overall progress: Parsed 5,631,000, Indexed 0, Queue: 300
2025-10-05 16:23:39,813 - INFO - POST http://localhost:9200/_bulk [status:200 request:78.130s]
2025-10-05 16:23:45,998 - INFO - POST http://localhost:9200/_bulk [status:200 request:92.736s]
2025-10-05 16:23:46,214 - INFO - Progress: 5,060,000 indexed, 0 failed, Rate: 4518.8 docs/sec, Queue: 300, Elapsed: 1119.8s
2025-10-05 16:23:46,240 - INFO - Progress: 5,070,000 indexed, 0 failed, Rate: 4527.6 docs/sec, Queue: 300, Elapsed: 1119.8s
2025-10-05 16:23:46,265 - INFO - Progress: 5,080,000 indexed, 0 failed, Rate: 4536.4 docs/sec, Queue: 300, Elapsed: 1119.8s
2025-10-05 16:23:46,288 - INFO - Progress: 5,090,000 indexed, 0 failed, Rate: 4545.3 docs/sec, Queue: 300, Elapsed: 1119.8s
2025-10-05 16:23:46,324 - INFO - Progress: 5,100,000 indexed, 0 failed, Rate: 4554.1 docs/sec, Queue: 300, Elapsed: 1119.9s
2025-10-05 16:23:46,346 - INFO - === METRICS ES CONSUMER AT 5100000 DOCS ===
2025-10-05 16:23:46,351 - INFO - Process Memory:
2025-10-05 16:23:46,356 - INFO -   RSS: 3.85 GB
2025-10-05 16:23:46,361 - INFO -   VMS: 6.56 GB
2025-10-05 16:23:46,364 - INFO -   % of System: 0.5%
2025-10-05 16:23:46,369 - INFO - System Memory:
2025-10-05 16:23:46,374 - INFO -   Total Used: 15.2%
2025-10-05 16:23:46,380 - INFO -   Available: 724.26 GB
2025-10-05 16:23:46,385 - INFO -   Cached: 33.23 GB
2025-10-05 16:23:47,401 - INFO - CPU:
2025-10-05 16:23:47,402 - INFO -   Process usage: 26.7%
2025-10-05 16:23:47,402 - INFO -   Threads: 14
2025-10-05 16:23:47,402 - INFO -   Allocated cores: 288 (IDs: [0, 1, 2, 3, 4]...)
2025-10-05 16:23:47,402 - INFO - Process I/O:
2025-10-05 16:23:47,402 - INFO -   Read: 0.03 GB
2025-10-05 16:23:47,402 - INFO -   Write: 0.01 GB
2025-10-05 16:23:47,402 - INFO - ==================================================
2025-10-05 16:23:47,783 - INFO - Worker 0: Parsed 5,650,000 docs, Queue: 299
2025-10-05 16:23:49,387 - INFO - Overall progress: Parsed 5,651,000, Indexed 0, Queue: 300
2025-10-05 16:24:08,788 - INFO - POST http://localhost:9200/_bulk [status:200 request:45.329s]
2025-10-05 16:24:09,398 - INFO - Overall progress: Parsed 5,653,000, Indexed 0, Queue: 295
2025-10-05 16:24:10,289 - INFO - POST http://localhost:9200/_bulk [status:200 request:48.131s]
2025-10-05 16:24:19,404 - INFO - Overall progress: Parsed 5,671,000, Indexed 0, Queue: 300
2025-10-05 16:24:22,760 - INFO - POST http://localhost:9200/_bulk [status:200 request:58.510s]
2025-10-05 16:24:27,338 - INFO - POST http://localhost:9200/_bulk [status:200 request:91.040s]
2025-10-05 16:24:29,405 - INFO - Overall progress: Parsed 5,691,000, Indexed 0, Queue: 300
2025-10-05 16:24:42,216 - INFO - POST http://localhost:9200/_bulk [status:200 request:33.161s]
2025-10-05 16:24:43,834 - INFO - Worker 0: Parsed 5,700,000 docs, Queue: 299
2025-10-05 16:24:45,707 - INFO - POST http://localhost:9200/_bulk [status:200 request:59.432s]
2025-10-05 16:24:49,406 - INFO - Overall progress: Parsed 5,711,000, Indexed 0, Queue: 300
2025-10-05 16:25:01,820 - INFO - POST http://localhost:9200/_bulk [status:200 request:51.260s]
2025-10-05 16:25:04,351 - INFO - POST http://localhost:9200/_bulk [status:200 request:144.628s]
2025-10-05 16:25:04,525 - INFO - Progress: 5,110,000 indexed, 0 failed, Rate: 4265.2 docs/sec, Queue: 300, Elapsed: 1198.1s
2025-10-05 16:25:04,585 - INFO - Progress: 5,120,000 indexed, 0 failed, Rate: 4273.3 docs/sec, Queue: 300, Elapsed: 1198.1s
2025-10-05 16:25:04,997 - INFO - POST http://localhost:9200/_bulk [status:200 request:37.388s]
2025-10-05 16:25:07,315 - INFO - POST http://localhost:9200/_bulk [status:200 request:44.035s]
2025-10-05 16:25:09,407 - INFO - Overall progress: Parsed 5,749,000, Indexed 0, Queue: 298
2025-10-05 16:25:09,416 - INFO - Worker 0: Parsed 5,750,000 docs, Queue: 299
2025-10-05 16:25:19,408 - INFO - Overall progress: Parsed 5,751,000, Indexed 0, Queue: 300
2025-10-05 16:25:35,799 - INFO - POST http://localhost:9200/_bulk [status:200 request:53.324s]
2025-10-05 16:25:39,409 - INFO - Overall progress: Parsed 5,761,000, Indexed 0, Queue: 300
2025-10-05 16:25:47,210 - INFO - POST http://localhost:9200/_bulk [status:200 request:149.490s]
2025-10-05 16:25:47,742 - INFO - Progress: 5,130,000 indexed, 0 failed, Rate: 4132.8 docs/sec, Queue: 300, Elapsed: 1241.3s
2025-10-05 16:25:47,761 - INFO - Progress: 5,140,000 indexed, 0 failed, Rate: 4140.8 docs/sec, Queue: 300, Elapsed: 1241.3s
2025-10-05 16:25:47,802 - INFO - Progress: 5,150,000 indexed, 0 failed, Rate: 4148.7 docs/sec, Queue: 300, Elapsed: 1241.4s
2025-10-05 16:25:47,839 - INFO - Progress: 5,160,000 indexed, 0 failed, Rate: 4156.6 docs/sec, Queue: 300, Elapsed: 1241.4s
2025-10-05 16:25:49,410 - INFO - Overall progress: Parsed 5,770,000, Indexed 0, Queue: 299
2025-10-05 16:25:49,615 - INFO - POST http://localhost:9200/_bulk [status:200 request:63.363s]
2025-10-05 16:25:51,735 - INFO - POST http://localhost:9200/_bulk [status:200 request:131.403s]
2025-10-05 16:25:51,990 - INFO - Progress: 5,170,000 indexed, 0 failed, Rate: 4150.8 docs/sec, Queue: 300, Elapsed: 1245.5s
2025-10-05 16:25:52,026 - INFO - Progress: 5,180,000 indexed, 0 failed, Rate: 4158.7 docs/sec, Queue: 300, Elapsed: 1245.6s
2025-10-05 16:25:52,053 - INFO - Progress: 5,190,000 indexed, 0 failed, Rate: 4166.6 docs/sec, Queue: 300, Elapsed: 1245.6s
2025-10-05 16:25:52,082 - INFO - Progress: 5,200,000 indexed, 0 failed, Rate: 4174.6 docs/sec, Queue: 300, Elapsed: 1245.6s
2025-10-05 16:25:52,129 - INFO - === METRICS ES CONSUMER AT 5200000 DOCS ===
2025-10-05 16:25:52,134 - INFO - Process Memory:
2025-10-05 16:25:52,134 - INFO -   RSS: 3.81 GB
2025-10-05 16:25:52,134 - INFO -   VMS: 6.52 GB
2025-10-05 16:25:52,140 - INFO -   % of System: 0.4%
2025-10-05 16:25:52,145 - INFO - System Memory:
2025-10-05 16:25:52,150 - INFO -   Total Used: 15.2%
2025-10-05 16:25:52,155 - INFO -   Available: 724.63 GB
2025-10-05 16:25:52,160 - INFO -   Cached: 31.64 GB
2025-10-05 16:25:52,565 - INFO - POST http://localhost:9200/_bulk [status:200 request:47.935s]
2025-10-05 16:25:53,207 - INFO - CPU:
2025-10-05 16:25:53,212 - INFO -   Process usage: 91.6%
2025-10-05 16:25:53,216 - INFO -   Threads: 14
2025-10-05 16:25:53,216 - INFO -   Allocated cores: 288 (IDs: [0, 1, 2, 3, 4]...)
2025-10-05 16:25:53,227 - INFO - Process I/O:
2025-10-05 16:25:53,232 - INFO -   Read: 0.03 GB
2025-10-05 16:25:53,237 - INFO -   Write: 0.01 GB
2025-10-05 16:25:53,242 - INFO - ==================================================
2025-10-05 16:25:53,530 - INFO - Progress: 5,210,000 indexed, 0 failed, Rate: 4177.7 docs/sec, Queue: 295, Elapsed: 1247.1s
2025-10-05 16:25:53,554 - INFO - Progress: 5,220,000 indexed, 0 failed, Rate: 4185.7 docs/sec, Queue: 295, Elapsed: 1247.1s
2025-10-05 16:25:53,578 - INFO - Progress: 5,230,000 indexed, 0 failed, Rate: 4193.6 docs/sec, Queue: 295, Elapsed: 1247.1s
2025-10-05 16:25:53,604 - INFO - Progress: 5,240,000 indexed, 0 failed, Rate: 4201.6 docs/sec, Queue: 295, Elapsed: 1247.2s
2025-10-05 16:25:55,202 - INFO - POST http://localhost:9200/_bulk [status:200 request:53.123s]
2025-10-05 16:25:55,340 - INFO - Worker 0: Parsed 5,800,000 docs, Queue: 299
2025-10-05 16:25:55,388 - INFO - Progress: 5,250,000 indexed, 0 failed, Rate: 4203.6 docs/sec, Queue: 299, Elapsed: 1248.9s
2025-10-05 16:25:55,451 - INFO - Progress: 5,260,000 indexed, 0 failed, Rate: 4211.4 docs/sec, Queue: 299, Elapsed: 1249.0s
2025-10-05 16:25:59,411 - INFO - Overall progress: Parsed 5,811,000, Indexed 0, Queue: 300
2025-10-05 16:26:02,233 - INFO - POST http://localhost:9200/_bulk [status:200 request:56.621s]
2025-10-05 16:26:02,413 - INFO - Progress: 5,270,000 indexed, 0 failed, Rate: 4196.0 docs/sec, Queue: 300, Elapsed: 1256.0s
2025-10-05 16:26:04,663 - INFO - POST http://localhost:9200/_bulk [status:200 request:57.096s]
2025-10-05 16:26:05,132 - INFO - Progress: 5,280,000 indexed, 0 failed, Rate: 4194.8 docs/sec, Queue: 300, Elapsed: 1258.7s
2025-10-05 16:26:09,412 - INFO - Overall progress: Parsed 5,831,000, Indexed 0, Queue: 300
2025-10-05 16:26:39,547 - INFO - POST http://localhost:9200/_bulk [status:200 request:63.492s]
2025-10-05 16:26:39,792 - INFO - Progress: 5,290,000 indexed, 0 failed, Rate: 4090.2 docs/sec, Queue: 300, Elapsed: 1293.3s
2025-10-05 16:26:49,414 - INFO - Overall progress: Parsed 5,841,000, Indexed 0, Queue: 300
2025-10-05 16:26:52,650 - INFO - POST http://localhost:9200/_bulk [status:200 request:64.855s]
2025-10-05 16:26:52,836 - INFO - Progress: 5,300,000 indexed, 0 failed, Rate: 4057.0 docs/sec, Queue: 300, Elapsed: 1306.4s
2025-10-05 16:26:52,916 - INFO - === METRICS ES CONSUMER AT 5300000 DOCS ===
2025-10-05 16:26:52,922 - INFO - Process Memory:
2025-10-05 16:26:52,922 - INFO -   RSS: 3.81 GB
2025-10-05 16:26:52,932 - INFO -   VMS: 6.52 GB
2025-10-05 16:26:53,000 - INFO - POST http://localhost:9200/_bulk [status:200 request:63.101s]
2025-10-05 16:26:53,090 - INFO -   % of System: 0.5%
2025-10-05 16:26:53,105 - INFO - System Memory:
2025-10-05 16:26:53,348 - INFO -   Total Used: 15.2%
2025-10-05 16:26:53,351 - INFO -   Available: 724.54 GB
2025-10-05 16:26:53,356 - INFO -   Cached: 31.43 GB
2025-10-05 16:26:54,504 - INFO - CPU:
2025-10-05 16:26:54,504 - INFO -   Process usage: 66.8%
2025-10-05 16:26:54,504 - INFO -   Threads: 14
2025-10-05 16:26:54,504 - INFO -   Allocated cores: 288 (IDs: [0, 1, 2, 3, 4]...)
2025-10-05 16:26:54,504 - INFO - Process I/O:
2025-10-05 16:26:54,504 - INFO -   Read: 0.03 GB
2025-10-05 16:26:54,504 - INFO -   Write: 0.01 GB
2025-10-05 16:26:54,504 - INFO - ==================================================
2025-10-05 16:26:54,638 - INFO - Worker 0: Parsed 5,850,000 docs, Queue: 289
2025-10-05 16:26:54,757 - INFO - Progress: 5,310,000 indexed, 0 failed, Rate: 4058.7 docs/sec, Queue: 289, Elapsed: 1308.3s
2025-10-05 16:26:54,815 - INFO - POST http://localhost:9200/_bulk [status:200 request:52.296s]
2025-10-05 16:26:55,750 - INFO - POST http://localhost:9200/_bulk [status:200 request:63.680s]
2025-10-05 16:26:55,976 - INFO - Progress: 5,320,000 indexed, 0 failed, Rate: 4062.5 docs/sec, Queue: 285, Elapsed: 1309.5s
2025-10-05 16:26:59,414 - INFO - Overall progress: Parsed 5,876,000, Indexed 0, Queue: 295
2025-10-05 16:27:00,596 - INFO - POST http://localhost:9200/_bulk [status:200 request:65.096s]
2025-10-05 16:27:09,415 - INFO - Overall progress: Parsed 5,891,000, Indexed 0, Queue: 300
2025-10-05 16:27:25,161 - INFO - POST http://localhost:9200/_bulk [status:200 request:79.981s]
2025-10-05 16:27:26,950 - INFO - Worker 0: Parsed 5,900,000 docs, Queue: 299
2025-10-05 16:27:29,417 - INFO - Overall progress: Parsed 5,901,000, Indexed 0, Queue: 300
2025-10-05 16:27:40,887 - INFO - POST http://localhost:9200/_bulk [status:200 request:44.857s]
2025-10-05 16:27:46,161 - INFO - POST http://localhost:9200/_bulk [status:200 request:66.308s]
2025-10-05 16:27:49,418 - INFO - Overall progress: Parsed 5,921,000, Indexed 0, Queue: 300
2025-10-05 16:27:52,918 - INFO - POST http://localhost:9200/_bulk [status:200 request:57.848s]
2025-10-05 16:27:54,370 - INFO - POST http://localhost:9200/_bulk [status:200 request:53.245s]
2025-10-05 16:27:59,419 - INFO - Overall progress: Parsed 5,941,000, Indexed 0, Queue: 300
2025-10-05 16:28:08,211 - INFO - POST http://localhost:9200/_bulk [status:200 request:42.779s]
2025-10-05 16:28:09,419 - INFO - Overall progress: Parsed 5,946,000, Indexed 0, Queue: 295
2025-10-05 16:28:09,925 - INFO - Worker 0: Parsed 5,950,000 docs, Queue: 299
2025-10-05 16:28:19,420 - INFO - Overall progress: Parsed 5,951,000, Indexed 0, Queue: 300
2025-10-05 16:28:20,306 - INFO - POST http://localhost:9200/_bulk [status:200 request:39.155s]
2025-10-05 16:28:26,876 - INFO - POST http://localhost:9200/_bulk [status:200 request:93.943s]
2025-10-05 16:28:28,839 - INFO - POST http://localhost:9200/_bulk [status:200 request:155.991s]
2025-10-05 16:28:29,393 - INFO - Progress: 5,330,000 indexed, 0 failed, Rate: 3799.1 docs/sec, Queue: 300, Elapsed: 1402.9s
2025-10-05 16:28:29,415 - INFO - Progress: 5,340,000 indexed, 0 failed, Rate: 3806.2 docs/sec, Queue: 300, Elapsed: 1403.0s
2025-10-05 16:28:29,451 - INFO - Progress: 5,350,000 indexed, 0 failed, Rate: 3813.2 docs/sec, Queue: 300, Elapsed: 1403.0s
2025-10-05 16:28:29,482 - INFO - Progress: 5,360,000 indexed, 0 failed, Rate: 3820.3 docs/sec, Queue: 300, Elapsed: 1403.0s
2025-10-05 16:28:29,492 - INFO - Overall progress: Parsed 5,971,000, Indexed 0, Queue: 300
2025-10-05 16:28:29,519 - INFO - Progress: 5,370,000 indexed, 0 failed, Rate: 3827.3 docs/sec, Queue: 300, Elapsed: 1403.1s
2025-10-05 16:28:29,553 - INFO - Progress: 5,380,000 indexed, 0 failed, Rate: 3834.3 docs/sec, Queue: 300, Elapsed: 1403.1s
2025-10-05 16:28:39,271 - INFO - POST http://localhost:9200/_bulk [status:200 request:52.570s]
2025-10-05 16:28:39,544 - INFO - Overall progress: Parsed 5,982,000, Indexed 0, Queue: 300
2025-10-05 16:28:49,205 - INFO - POST http://localhost:9200/_bulk [status:200 request:56.036s]
2025-10-05 16:28:49,545 - INFO - Overall progress: Parsed 5,992,000, Indexed 0, Queue: 299
2025-10-05 16:28:50,818 - INFO - Worker 0: Parsed 6,000,000 docs, Queue: 299
2025-10-05 16:28:54,924 - INFO - POST http://localhost:9200/_bulk [status:200 request:60.289s]
2025-10-05 16:28:55,258 - INFO - POST http://localhost:9200/_bulk [status:200 request:46.782s]
2025-10-05 16:28:59,545 - INFO - Overall progress: Parsed 6,021,000, Indexed 0, Queue: 300
2025-10-05 16:29:17,985 - INFO - POST http://localhost:9200/_bulk [status:200 request:144.442s]
2025-10-05 16:29:18,208 - INFO - Progress: 5,390,000 indexed, 0 failed, Rate: 3712.7 docs/sec, Queue: 300, Elapsed: 1451.8s
2025-10-05 16:29:18,231 - INFO - Progress: 5,400,000 indexed, 0 failed, Rate: 3719.6 docs/sec, Queue: 300, Elapsed: 1451.8s
2025-10-05 16:29:18,281 - INFO - === METRICS ES CONSUMER AT 5400000 DOCS ===
2025-10-05 16:29:18,286 - INFO - Process Memory:
2025-10-05 16:29:18,291 - INFO -   RSS: 3.79 GB
2025-10-05 16:29:18,297 - INFO -   VMS: 6.50 GB
2025-10-05 16:29:18,315 - INFO -   % of System: 0.4%
2025-10-05 16:29:18,315 - INFO - System Memory:
2025-10-05 16:29:18,315 - INFO -   Total Used: 15.3%
2025-10-05 16:29:18,321 - INFO -   Available: 724.00 GB
2025-10-05 16:29:18,326 - INFO -   Cached: 32.16 GB
2025-10-05 16:29:19,348 - INFO - CPU:
2025-10-05 16:29:19,348 - INFO -   Process usage: 29.5%
2025-10-05 16:29:19,348 - INFO -   Threads: 14
2025-10-05 16:29:19,348 - INFO -   Allocated cores: 288 (IDs: [0, 1, 2, 3, 4]...)
2025-10-05 16:29:19,348 - INFO - Process I/O:
2025-10-05 16:29:19,348 - INFO -   Read: 0.03 GB
2025-10-05 16:29:19,348 - INFO -   Write: 0.01 GB
2025-10-05 16:29:19,349 - INFO - ==================================================
2025-10-05 16:29:19,683 - INFO - Progress: 5,410,000 indexed, 0 failed, Rate: 3722.7 docs/sec, Queue: 298, Elapsed: 1453.2s
2025-10-05 16:29:19,684 - INFO - Overall progress: Parsed 6,029,000, Indexed 0, Queue: 298
2025-10-05 16:29:19,708 - INFO - Progress: 5,420,000 indexed, 0 failed, Rate: 3729.5 docs/sec, Queue: 298, Elapsed: 1453.3s
2025-10-05 16:29:19,725 - INFO - Progress: 5,430,000 indexed, 0 failed, Rate: 3736.4 docs/sec, Queue: 299, Elapsed: 1453.3s
2025-10-05 16:29:19,741 - INFO - Progress: 5,440,000 indexed, 0 failed, Rate: 3743.2 docs/sec, Queue: 299, Elapsed: 1453.3s
2025-10-05 16:29:19,756 - INFO - Progress: 5,450,000 indexed, 0 failed, Rate: 3750.1 docs/sec, Queue: 299, Elapsed: 1453.3s
2025-10-05 16:29:19,778 - INFO - Progress: 5,460,000 indexed, 0 failed, Rate: 3756.9 docs/sec, Queue: 299, Elapsed: 1453.3s
2025-10-05 16:29:19,800 - INFO - Progress: 5,470,000 indexed, 0 failed, Rate: 3763.7 docs/sec, Queue: 299, Elapsed: 1453.4s
2025-10-05 16:29:19,821 - INFO - Progress: 5,480,000 indexed, 0 failed, Rate: 3770.5 docs/sec, Queue: 299, Elapsed: 1453.4s
2025-10-05 16:29:25,233 - INFO - POST http://localhost:9200/_bulk [status:200 request:58.107s]
2025-10-05 16:29:29,708 - INFO - Overall progress: Parsed 6,041,000, Indexed 0, Queue: 300
2025-10-05 16:29:31,384 - INFO - POST http://localhost:9200/_bulk [status:200 request:41.901s]
2025-10-05 16:29:33,055 - INFO - Worker 0: Parsed 6,050,000 docs, Queue: 299
2025-10-05 16:29:37,864 - INFO - POST http://localhost:9200/_bulk [status:200 request:68.418s]
2025-10-05 16:29:39,709 - INFO - Overall progress: Parsed 6,060,000, Indexed 0, Queue: 299
2025-10-05 16:29:49,307 - INFO - POST http://localhost:9200/_bulk [status:200 request:69.774s]
2025-10-05 16:29:49,782 - INFO - Overall progress: Parsed 6,061,000, Indexed 0, Queue: 300
2025-10-05 16:29:55,080 - INFO - POST http://localhost:9200/_bulk [status:200 request:59.194s]
2025-10-05 16:29:59,787 - INFO - Overall progress: Parsed 6,081,000, Indexed 0, Queue: 300
2025-10-05 16:30:04,459 - INFO - POST http://localhost:9200/_bulk [status:200 request:69.278s]
2025-10-05 16:30:09,788 - INFO - Overall progress: Parsed 6,091,000, Indexed 0, Queue: 300
2025-10-05 16:30:17,460 - INFO - POST http://localhost:9200/_bulk [status:200 request:59.200s]
2025-10-05 16:30:19,073 - INFO - Worker 0: Parsed 6,100,000 docs, Queue: 299
2025-10-05 16:30:19,789 - INFO - Overall progress: Parsed 6,101,000, Indexed 0, Queue: 300
2025-10-05 16:30:21,212 - INFO - POST http://localhost:9200/_bulk [status:200 request:31.377s]
2025-10-05 16:30:25,331 - INFO - POST http://localhost:9200/_bulk [status:200 request:59.843s]
2025-10-05 16:30:28,368 - INFO - POST http://localhost:9200/_bulk [status:200 request:56.727s]
2025-10-05 16:30:29,789 - INFO - Overall progress: Parsed 6,126,000, Indexed 0, Queue: 295
2025-10-05 16:30:33,115 - INFO - POST http://localhost:9200/_bulk [status:200 request:54.995s]
2025-10-05 16:30:34,114 - INFO - POST http://localhost:9200/_bulk [status:200 request:133.550s]
2025-10-05 16:30:34,340 - INFO - Progress: 5,490,000 indexed, 0 failed, Rate: 3593.2 docs/sec, Queue: 296, Elapsed: 1527.9s
2025-10-05 16:30:34,371 - INFO - Progress: 5,500,000 indexed, 0 failed, Rate: 3599.7 docs/sec, Queue: 296, Elapsed: 1527.9s
2025-10-05 16:30:34,413 - INFO - === METRICS ES CONSUMER AT 5500000 DOCS ===
2025-10-05 16:30:34,418 - INFO - Process Memory:
2025-10-05 16:30:34,423 - INFO -   RSS: 3.80 GB
2025-10-05 16:30:34,428 - INFO -   VMS: 6.50 GB
2025-10-05 16:30:34,445 - INFO -   % of System: 0.4%
2025-10-05 16:30:34,445 - INFO - System Memory:
2025-10-05 16:30:34,445 - INFO -   Total Used: 15.3%
2025-10-05 16:30:34,445 - INFO -   Available: 723.99 GB
2025-10-05 16:30:34,445 - INFO -   Cached: 32.16 GB
2025-10-05 16:30:35,447 - INFO - CPU:
2025-10-05 16:30:35,447 - INFO -   Process usage: 32.0%
2025-10-05 16:30:35,447 - INFO -   Threads: 14
2025-10-05 16:30:35,447 - INFO -   Allocated cores: 288 (IDs: [0, 1, 2, 3, 4]...)
2025-10-05 16:30:35,447 - INFO - Process I/O:
2025-10-05 16:30:35,447 - INFO -   Read: 0.03 GB
2025-10-05 16:30:35,447 - INFO -   Write: 0.01 GB
2025-10-05 16:30:35,448 - INFO - ==================================================
2025-10-05 16:30:35,823 - INFO - Progress: 5,510,000 indexed, 0 failed, Rate: 3602.8 docs/sec, Queue: 294, Elapsed: 1529.4s
2025-10-05 16:30:35,846 - INFO - Progress: 5,520,000 indexed, 0 failed, Rate: 3609.3 docs/sec, Queue: 294, Elapsed: 1529.4s
2025-10-05 16:30:35,868 - INFO - Progress: 5,530,000 indexed, 0 failed, Rate: 3615.7 docs/sec, Queue: 295, Elapsed: 1529.4s
2025-10-05 16:30:35,894 - INFO - Progress: 5,540,000 indexed, 0 failed, Rate: 3622.2 docs/sec, Queue: 295, Elapsed: 1529.4s
2025-10-05 16:30:35,914 - INFO - Progress: 5,550,000 indexed, 0 failed, Rate: 3628.7 docs/sec, Queue: 295, Elapsed: 1529.5s
2025-10-05 16:30:35,943 - INFO - Progress: 5,560,000 indexed, 0 failed, Rate: 3635.2 docs/sec, Queue: 295, Elapsed: 1529.5s
2025-10-05 16:30:35,961 - INFO - Progress: 5,570,000 indexed, 0 failed, Rate: 3641.7 docs/sec, Queue: 295, Elapsed: 1529.5s
2025-10-05 16:30:35,975 - INFO - Progress: 5,580,000 indexed, 0 failed, Rate: 3648.2 docs/sec, Queue: 295, Elapsed: 1529.5s
2025-10-05 16:30:35,987 - INFO - Progress: 5,590,000 indexed, 0 failed, Rate: 3654.7 docs/sec, Queue: 295, Elapsed: 1529.5s
2025-10-05 16:30:35,999 - INFO - Progress: 5,600,000 indexed, 0 failed, Rate: 3661.2 docs/sec, Queue: 295, Elapsed: 1529.6s
2025-10-05 16:30:36,001 - INFO - === METRICS ES CONSUMER AT 5600000 DOCS ===
2025-10-05 16:30:36,001 - INFO - Process Memory:
2025-10-05 16:30:36,001 - INFO -   RSS: 3.80 GB
2025-10-05 16:30:36,001 - INFO -   VMS: 6.50 GB
2025-10-05 16:30:36,001 - INFO -   % of System: 0.4%
2025-10-05 16:30:36,001 - INFO - System Memory:
2025-10-05 16:30:36,001 - INFO -   Total Used: 15.3%
2025-10-05 16:30:36,001 - INFO -   Available: 723.98 GB
2025-10-05 16:30:36,001 - INFO -   Cached: 32.17 GB
2025-10-05 16:30:36,519 - INFO - Worker 0: Parsed 6,150,000 docs, Queue: 299
2025-10-05 16:30:37,003 - INFO - CPU:
2025-10-05 16:30:37,003 - INFO -   Process usage: 0.0%
2025-10-05 16:30:37,003 - INFO -   Threads: 14
2025-10-05 16:30:37,003 - INFO -   Allocated cores: 288 (IDs: [0, 1, 2, 3, 4]...)
2025-10-05 16:30:37,003 - INFO - Process I/O:
2025-10-05 16:30:37,003 - INFO -   Read: 0.03 GB
2025-10-05 16:30:37,003 - INFO -   Write: 0.01 GB
2025-10-05 16:30:37,003 - INFO - ==================================================
2025-10-05 16:30:39,790 - INFO - Overall progress: Parsed 6,151,000, Indexed 0, Queue: 300
2025-10-05 16:31:05,128 - INFO - POST http://localhost:9200/_bulk [status:200 request:69.757s]
2025-10-05 16:31:05,347 - INFO - Progress: 5,610,000 indexed, 0 failed, Rate: 3598.7 docs/sec, Queue: 300, Elapsed: 1558.9s
2025-10-05 16:31:09,791 - INFO - Overall progress: Parsed 6,161,000, Indexed 0, Queue: 300
2025-10-05 16:31:23,329 - INFO - POST http://localhost:9200/_bulk [status:200 request:61.848s]
2025-10-05 16:31:23,665 - INFO - POST http://localhost:9200/_bulk [status:200 request:54.692s]
2025-10-05 16:31:23,665 - INFO - POST http://localhost:9200/_bulk [status:200 request:50.227s]
2025-10-05 16:31:25,425 - INFO - POST http://localhost:9200/_bulk [status:200 request:59.841s]
2025-10-05 16:31:29,792 - INFO - Overall progress: Parsed 6,194,000, Indexed 0, Queue: 293
2025-10-05 16:31:30,621 - INFO - Worker 0: Parsed 6,200,000 docs, Queue: 299
2025-10-05 16:31:39,793 - INFO - Overall progress: Parsed 6,201,000, Indexed 0, Queue: 300
2025-10-05 16:31:50,059 - INFO - POST http://localhost:9200/_bulk [status:200 request:44.654s]
2025-10-05 16:31:54,142 - INFO - POST http://localhost:9200/_bulk [status:200 request:79.746s]
2025-10-05 16:31:59,794 - INFO - Overall progress: Parsed 6,221,000, Indexed 0, Queue: 300
2025-10-05 16:32:04,017 - INFO - POST http://localhost:9200/_bulk [status:200 request:39.573s]
2025-10-05 16:32:09,795 - INFO - Overall progress: Parsed 6,231,000, Indexed 0, Queue: 300
2025-10-05 16:32:11,916 - INFO - POST http://localhost:9200/_bulk [status:200 request:48.330s]
2025-10-05 16:32:13,938 - INFO - POST http://localhost:9200/_bulk [status:200 request:49.485s]
2025-10-05 16:32:15,657 - INFO - Worker 0: Parsed 6,250,000 docs, Queue: 299
2025-10-05 16:32:19,795 - INFO - Overall progress: Parsed 6,251,000, Indexed 0, Queue: 300
2025-10-05 16:32:24,105 - INFO - POST http://localhost:9200/_bulk [status:200 request:139.387s]
2025-10-05 16:32:24,313 - INFO - Progress: 5,620,000 indexed, 0 failed, Rate: 3431.3 docs/sec, Queue: 300, Elapsed: 1637.9s
2025-10-05 16:32:27,120 - INFO - POST http://localhost:9200/_bulk [status:200 request:129.405s]
2025-10-05 16:32:27,354 - INFO - Progress: 5,630,000 indexed, 0 failed, Rate: 3431.0 docs/sec, Queue: 300, Elapsed: 1640.9s
2025-10-05 16:32:27,385 - INFO - Progress: 5,640,000 indexed, 0 failed, Rate: 3437.1 docs/sec, Queue: 300, Elapsed: 1640.9s
2025-10-05 16:32:27,417 - INFO - Progress: 5,650,000 indexed, 0 failed, Rate: 3443.1 docs/sec, Queue: 300, Elapsed: 1641.0s
2025-10-05 16:32:27,457 - INFO - Progress: 5,660,000 indexed, 0 failed, Rate: 3449.1 docs/sec, Queue: 300, Elapsed: 1641.0s
2025-10-05 16:32:27,482 - INFO - Progress: 5,670,000 indexed, 0 failed, Rate: 3455.1 docs/sec, Queue: 300, Elapsed: 1641.0s
2025-10-05 16:32:27,508 - INFO - Progress: 5,680,000 indexed, 0 failed, Rate: 3461.2 docs/sec, Queue: 300, Elapsed: 1641.1s
2025-10-05 16:32:27,538 - INFO - Progress: 5,690,000 indexed, 0 failed, Rate: 3467.2 docs/sec, Queue: 300, Elapsed: 1641.1s
2025-10-05 16:32:27,567 - INFO - Progress: 5,700,000 indexed, 0 failed, Rate: 3473.2 docs/sec, Queue: 300, Elapsed: 1641.1s
2025-10-05 16:32:27,614 - INFO - === METRICS ES CONSUMER AT 5700000 DOCS ===
2025-10-05 16:32:27,616 - INFO - Process Memory:
2025-10-05 16:32:27,616 - INFO -   RSS: 3.79 GB
2025-10-05 16:32:27,621 - INFO -   VMS: 6.49 GB
2025-10-05 16:32:27,642 - INFO -   % of System: 0.4%
2025-10-05 16:32:27,647 - INFO - System Memory:
2025-10-05 16:32:27,650 - INFO -   Total Used: 15.3%
2025-10-05 16:32:27,650 - INFO -   Available: 723.70 GB
2025-10-05 16:32:27,650 - INFO -   Cached: 32.21 GB
2025-10-05 16:32:28,652 - INFO - CPU:
2025-10-05 16:32:28,652 - INFO -   Process usage: 21.0%
2025-10-05 16:32:28,652 - INFO -   Threads: 14
2025-10-05 16:32:28,652 - INFO -   Allocated cores: 288 (IDs: [0, 1, 2, 3, 4]...)
2025-10-05 16:32:28,652 - INFO - Process I/O:
2025-10-05 16:32:28,652 - INFO -   Read: 0.03 GB
2025-10-05 16:32:28,652 - INFO -   Write: 0.01 GB
2025-10-05 16:32:28,652 - INFO - ==================================================
2025-10-05 16:32:28,923 - INFO - Progress: 5,710,000 indexed, 0 failed, Rate: 3476.5 docs/sec, Queue: 299, Elapsed: 1642.5s
2025-10-05 16:32:28,942 - INFO - Progress: 5,720,000 indexed, 0 failed, Rate: 3482.5 docs/sec, Queue: 299, Elapsed: 1642.5s
2025-10-05 16:32:29,796 - INFO - Overall progress: Parsed 6,271,000, Indexed 0, Queue: 300
2025-10-05 16:32:40,486 - INFO - POST http://localhost:9200/_bulk [status:200 request:46.069s]
2025-10-05 16:32:42,779 - INFO - POST http://localhost:9200/_bulk [status:200 request:52.463s]
2025-10-05 16:32:49,797 - INFO - Overall progress: Parsed 6,291,000, Indexed 0, Queue: 300
2025-10-05 16:32:59,954 - INFO - POST http://localhost:9200/_bulk [status:200 request:55.673s]
2025-10-05 16:33:01,965 - INFO - Worker 0: Parsed 6,300,000 docs, Queue: 299
2025-10-05 16:33:09,798 - INFO - Overall progress: Parsed 6,301,000, Indexed 0, Queue: 300
2025-10-05 16:33:10,801 - INFO - POST http://localhost:9200/_bulk [status:200 request:58.622s]
2025-10-05 16:33:14,480 - INFO - POST http://localhost:9200/_bulk [status:200 request:60.279s]
2025-10-05 16:33:17,717 - INFO - POST http://localhost:9200/_bulk [status:200 request:50.314s]
2025-10-05 16:33:19,212 - INFO - POST http://localhost:9200/_bulk [status:200 request:54.847s]
2025-10-05 16:33:19,807 - INFO - Overall progress: Parsed 6,330,000, Indexed 0, Queue: 291
2025-10-05 16:33:29,808 - INFO - Overall progress: Parsed 6,341,000, Indexed 0, Queue: 300
2025-10-05 16:33:34,220 - INFO - POST http://localhost:9200/_bulk [status:200 request:53.494s]
2025-10-05 16:33:35,856 - INFO - POST http://localhost:9200/_bulk [status:200 request:130.142s]
2025-10-05 16:33:35,893 - INFO - Worker 0: Parsed 6,350,000 docs, Queue: 299
2025-10-05 16:33:36,433 - INFO - Progress: 5,730,000 indexed, 0 failed, Rate: 3350.9 docs/sec, Queue: 300, Elapsed: 1710.0s
2025-10-05 16:33:36,461 - INFO - Progress: 5,740,000 indexed, 0 failed, Rate: 3356.7 docs/sec, Queue: 300, Elapsed: 1710.0s
2025-10-05 16:33:36,498 - INFO - Progress: 5,750,000 indexed, 0 failed, Rate: 3362.5 docs/sec, Queue: 300, Elapsed: 1710.1s
2025-10-05 16:33:36,542 - INFO - Progress: 5,760,000 indexed, 0 failed, Rate: 3368.2 docs/sec, Queue: 300, Elapsed: 1710.1s
2025-10-05 16:33:36,569 - INFO - Progress: 5,770,000 indexed, 0 failed, Rate: 3374.0 docs/sec, Queue: 300, Elapsed: 1710.1s
2025-10-05 16:33:36,590 - INFO - Progress: 5,780,000 indexed, 0 failed, Rate: 3379.8 docs/sec, Queue: 300, Elapsed: 1710.1s
2025-10-05 16:33:36,621 - INFO - Progress: 5,790,000 indexed, 0 failed, Rate: 3385.6 docs/sec, Queue: 300, Elapsed: 1710.2s
2025-10-05 16:33:36,649 - INFO - Progress: 5,800,000 indexed, 0 failed, Rate: 3391.4 docs/sec, Queue: 300, Elapsed: 1710.2s
2025-10-05 16:33:36,682 - INFO - === METRICS ES CONSUMER AT 5800000 DOCS ===
2025-10-05 16:33:36,687 - INFO - Process Memory:
2025-10-05 16:33:36,692 - INFO -   RSS: 3.75 GB
2025-10-05 16:33:36,697 - INFO -   VMS: 6.45 GB
2025-10-05 16:33:36,709 - INFO -   % of System: 0.4%
2025-10-05 16:33:36,709 - INFO - System Memory:
2025-10-05 16:33:36,709 - INFO -   Total Used: 15.3%
2025-10-05 16:33:36,709 - INFO -   Available: 723.50 GB
2025-10-05 16:33:36,709 - INFO -   Cached: 32.79 GB
2025-10-05 16:33:37,711 - INFO - CPU:
2025-10-05 16:33:37,711 - INFO -   Process usage: 27.0%
2025-10-05 16:33:37,711 - INFO -   Threads: 14
2025-10-05 16:33:37,711 - INFO -   Allocated cores: 288 (IDs: [0, 1, 2, 3, 4]...)
2025-10-05 16:33:37,711 - INFO - Process I/O:
2025-10-05 16:33:37,711 - INFO -   Read: 0.03 GB
2025-10-05 16:33:37,711 - INFO -   Write: 0.01 GB
2025-10-05 16:33:37,711 - INFO - ==================================================
2025-10-05 16:33:37,983 - INFO - Progress: 5,810,000 indexed, 0 failed, Rate: 3394.6 docs/sec, Queue: 299, Elapsed: 1711.5s
2025-10-05 16:33:39,809 - INFO - Overall progress: Parsed 6,361,000, Indexed 0, Queue: 300
2025-10-05 16:33:54,205 - INFO - POST http://localhost:9200/_bulk [status:200 request:53.730s]
2025-10-05 16:33:59,810 - INFO - Overall progress: Parsed 6,371,000, Indexed 0, Queue: 300
2025-10-05 16:34:01,556 - INFO - POST http://localhost:9200/_bulk [status:200 request:78.514s]
2025-10-05 16:34:01,708 - INFO - POST http://localhost:9200/_bulk [status:200 request:50.642s]
2025-10-05 16:34:01,919 - INFO - Progress: 5,820,000 indexed, 0 failed, Rate: 3353.6 docs/sec, Queue: 300, Elapsed: 1735.5s
2025-10-05 16:34:01,956 - INFO - Progress: 5,830,000 indexed, 0 failed, Rate: 3359.2 docs/sec, Queue: 300, Elapsed: 1735.5s
2025-10-05 16:34:02,061 - INFO - Progress: 5,840,000 indexed, 0 failed, Rate: 3364.8 docs/sec, Queue: 300, Elapsed: 1735.6s
2025-10-05 16:34:09,559 - INFO - POST http://localhost:9200/_bulk [status:200 request:50.081s]
2025-10-05 16:34:09,823 - INFO - Overall progress: Parsed 6,391,000, Indexed 0, Queue: 300
2025-10-05 16:34:11,296 - INFO - Worker 0: Parsed 6,400,000 docs, Queue: 299
2025-10-05 16:34:18,797 - INFO - POST http://localhost:9200/_bulk [status:200 request:44.309s]
2025-10-05 16:34:19,830 - INFO - Overall progress: Parsed 6,406,000, Indexed 0, Queue: 295
2025-10-05 16:34:26,604 - INFO - POST http://localhost:9200/_bulk [status:200 request:50.097s]
2025-10-05 16:34:29,830 - INFO - Overall progress: Parsed 6,421,000, Indexed 0, Queue: 300
2025-10-05 16:34:44,548 - INFO - POST http://localhost:9200/_bulk [status:200 request:50.094s]
2025-10-05 16:34:49,832 - INFO - Overall progress: Parsed 6,431,000, Indexed 0, Queue: 300
2025-10-05 16:34:54,606 - INFO - POST http://localhost:9200/_bulk [status:200 request:52.432s]
2025-10-05 16:34:56,204 - INFO - POST http://localhost:9200/_bulk [status:200 request:54.232s]
2025-10-05 16:34:58,446 - INFO - Worker 0: Parsed 6,450,000 docs, Queue: 299
2025-10-05 16:34:59,832 - INFO - Overall progress: Parsed 6,451,000, Indexed 0, Queue: 300
2025-10-05 16:35:01,125 - INFO - POST http://localhost:9200/_bulk [status:200 request:34.266s]
2025-10-05 16:35:06,596 - INFO - POST http://localhost:9200/_bulk [status:200 request:56.765s]
2025-10-05 16:35:08,496 - INFO - POST http://localhost:9200/_bulk [status:200 request:49.439s]
2025-10-05 16:35:09,833 - INFO - Overall progress: Parsed 6,476,000, Indexed 0, Queue: 295
2025-10-05 16:35:19,870 - INFO - POST http://localhost:9200/_bulk [status:200 request:121.587s]
2025-10-05 16:35:19,870 - INFO - Overall progress: Parsed 6,481,000, Indexed 0, Queue: 300
2025-10-05 16:35:24,515 - INFO - POST http://localhost:9200/_bulk [status:200 request:129.760s]
2025-10-05 16:35:25,098 - INFO - Progress: 5,850,000 indexed, 0 failed, Rate: 3216.7 docs/sec, Queue: 300, Elapsed: 1818.7s
2025-10-05 16:35:25,123 - INFO - Progress: 5,860,000 indexed, 0 failed, Rate: 3222.1 docs/sec, Queue: 300, Elapsed: 1818.7s
2025-10-05 16:35:25,145 - INFO - Progress: 5,870,000 indexed, 0 failed, Rate: 3227.6 docs/sec, Queue: 300, Elapsed: 1818.7s
2025-10-05 16:35:25,179 - INFO - Progress: 5,880,000 indexed, 0 failed, Rate: 3233.0 docs/sec, Queue: 300, Elapsed: 1818.7s
2025-10-05 16:35:25,211 - INFO - Progress: 5,890,000 indexed, 0 failed, Rate: 3238.5 docs/sec, Queue: 300, Elapsed: 1818.8s
2025-10-05 16:35:25,243 - INFO - Progress: 5,900,000 indexed, 0 failed, Rate: 3243.9 docs/sec, Queue: 300, Elapsed: 1818.8s
2025-10-05 16:35:25,282 - INFO - === METRICS ES CONSUMER AT 5900000 DOCS ===
2025-10-05 16:35:25,287 - INFO - Process Memory:
2025-10-05 16:35:25,292 - INFO -   RSS: 3.73 GB
2025-10-05 16:35:25,298 - INFO -   VMS: 6.43 GB
2025-10-05 16:35:25,313 - INFO -   % of System: 0.4%
2025-10-05 16:35:25,313 - INFO - System Memory:
2025-10-05 16:35:25,313 - INFO -   Total Used: 15.3%
2025-10-05 16:35:25,313 - INFO -   Available: 723.60 GB
2025-10-05 16:35:25,313 - INFO -   Cached: 33.03 GB
2025-10-05 16:35:26,314 - INFO - CPU:
2025-10-05 16:35:26,315 - INFO -   Process usage: 27.0%
2025-10-05 16:35:26,315 - INFO -   Threads: 14
2025-10-05 16:35:26,315 - INFO -   Allocated cores: 288 (IDs: [0, 1, 2, 3, 4]...)
2025-10-05 16:35:26,315 - INFO - Process I/O:
2025-10-05 16:35:26,315 - INFO -   Read: 0.03 GB
2025-10-05 16:35:26,315 - INFO -   Write: 0.01 GB
2025-10-05 16:35:26,315 - INFO - ==================================================
2025-10-05 16:35:26,611 - INFO - Worker 0: Parsed 6,500,000 docs, Queue: 299
2025-10-05 16:35:26,620 - INFO - Progress: 5,910,000 indexed, 0 failed, Rate: 3246.9 docs/sec, Queue: 299, Elapsed: 1820.2s
2025-10-05 16:35:26,639 - INFO - Progress: 5,920,000 indexed, 0 failed, Rate: 3252.4 docs/sec, Queue: 299, Elapsed: 1820.2s
2025-10-05 16:35:26,660 - INFO - Progress: 5,930,000 indexed, 0 failed, Rate: 3257.9 docs/sec, Queue: 299, Elapsed: 1820.2s
2025-10-05 16:35:26,676 - INFO - Progress: 5,940,000 indexed, 0 failed, Rate: 3263.3 docs/sec, Queue: 299, Elapsed: 1820.2s
2025-10-05 16:35:26,689 - INFO - Progress: 5,950,000 indexed, 0 failed, Rate: 3268.8 docs/sec, Queue: 299, Elapsed: 1820.2s
2025-10-05 16:35:29,947 - INFO - Overall progress: Parsed 6,501,000, Indexed 0, Queue: 300
2025-10-05 16:35:33,390 - INFO - POST http://localhost:9200/_bulk [status:200 request:48.601s]
2025-10-05 16:35:33,600 - INFO - Progress: 5,960,000 indexed, 0 failed, Rate: 3261.9 docs/sec, Queue: 300, Elapsed: 1827.2s
2025-10-05 16:35:39,948 - INFO - Overall progress: Parsed 6,511,000, Indexed 0, Queue: 300
2025-10-05 16:35:45,097 - INFO - POST http://localhost:9200/_bulk [status:200 request:43.723s]
2025-10-05 16:35:48,052 - INFO - POST http://localhost:9200/_bulk [status:200 request:51.593s]
2025-10-05 16:35:48,643 - INFO - POST http://localhost:9200/_bulk [status:200 request:53.488s]
2025-10-05 16:35:49,120 - INFO - Progress: 5,970,000 indexed, 0 failed, Rate: 3239.9 docs/sec, Queue: 299, Elapsed: 1842.7s
2025-10-05 16:35:49,187 - INFO - Progress: 5,980,000 indexed, 0 failed, Rate: 3245.2 docs/sec, Queue: 299, Elapsed: 1842.7s
2025-10-05 16:35:49,207 - INFO - Progress: 5,990,000 indexed, 0 failed, Rate: 3250.6 docs/sec, Queue: 299, Elapsed: 1842.8s
2025-10-05 16:35:49,949 - INFO - Overall progress: Parsed 6,530,000, Indexed 0, Queue: 289
2025-10-05 16:35:59,949 - INFO - Overall progress: Parsed 6,541,000, Indexed 0, Queue: 300
2025-10-05 16:36:21,399 - INFO - POST http://localhost:9200/_bulk [status:200 request:61.281s]
2025-10-05 16:36:23,014 - INFO - POST http://localhost:9200/_bulk [status:200 request:57.851s]
2025-10-05 16:36:23,065 - INFO - Worker 0: Parsed 6,550,000 docs, Queue: 299
2025-10-05 16:36:28,635 - INFO - POST http://localhost:9200/_bulk [status:200 request:81.456s]
2025-10-05 16:36:28,811 - INFO - Progress: 6,000,000 indexed, 0 failed, Rate: 3187.5 docs/sec, Queue: 300, Elapsed: 1882.4s
2025-10-05 16:36:28,894 - INFO - === METRICS ES CONSUMER AT 6000000 DOCS ===
2025-10-05 16:36:28,895 - INFO - Process Memory:
2025-10-05 16:36:28,895 - INFO -   RSS: 3.73 GB
2025-10-05 16:36:28,895 - INFO -   VMS: 6.43 GB
2025-10-05 16:36:28,921 - INFO -   % of System: 0.4%
2025-10-05 16:36:28,926 - INFO - System Memory:
2025-10-05 16:36:28,931 - INFO -   Total Used: 15.4%
2025-10-05 16:36:28,937 - INFO -   Available: 723.22 GB
2025-10-05 16:36:28,940 - INFO -   Cached: 33.48 GB
2025-10-05 16:36:29,007 - INFO - POST http://localhost:9200/_bulk [status:200 request:55.351s]
2025-10-05 16:36:29,966 - INFO - Overall progress: Parsed 6,567,000, Indexed 0, Queue: 290
2025-10-05 16:36:30,019 - INFO - CPU:
2025-10-05 16:36:30,024 - INFO -   Process usage: 78.3%
2025-10-05 16:36:30,030 - INFO -   Threads: 14
2025-10-05 16:36:30,089 - INFO -   Allocated cores: 288 (IDs: [0, 1, 2, 3, 4]...)
2025-10-05 16:36:30,094 - INFO - POST http://localhost:9200/_bulk [status:200 request:41.777s]
2025-10-05 16:36:30,479 - INFO - Process I/O:
2025-10-05 16:36:30,484 - INFO -   Read: 0.03 GB
2025-10-05 16:36:30,489 - INFO -   Write: 0.02 GB
2025-10-05 16:36:30,497 - INFO - ==================================================
2025-10-05 16:36:34,599 - INFO - POST http://localhost:9200/_bulk [status:200 request:45.372s]
2025-10-05 16:36:36,282 - INFO - Worker 0: Parsed 6,600,000 docs, Queue: 299
2025-10-05 16:36:39,972 - INFO - Overall progress: Parsed 6,601,000, Indexed 0, Queue: 300
2025-10-05 16:37:06,110 - INFO - POST http://localhost:9200/_bulk [status:200 request:35.191s]
2025-10-05 16:37:09,973 - INFO - Overall progress: Parsed 6,611,000, Indexed 0, Queue: 300
2025-10-05 16:37:13,228 - INFO - POST http://localhost:9200/_bulk [status:200 request:49.684s]
2025-10-05 16:37:14,284 - INFO - POST http://localhost:9200/_bulk [status:200 request:44.983s]
2025-10-05 16:37:16,679 - INFO - POST http://localhost:9200/_bulk [status:200 request:41.823s]
2025-10-05 16:37:17,709 - INFO - POST http://localhost:9200/_bulk [status:200 request:48.803s]
2025-10-05 16:37:19,974 - INFO - Overall progress: Parsed 6,646,000, Indexed 0, Queue: 295
2025-10-05 16:37:20,505 - INFO - Worker 0: Parsed 6,650,000 docs, Queue: 299
2025-10-05 16:37:23,003 - INFO - POST http://localhost:9200/_bulk [status:200 request:134.253s]
2025-10-05 16:37:23,184 - INFO - Progress: 6,010,000 indexed, 0 failed, Rate: 3103.2 docs/sec, Queue: 300, Elapsed: 1936.7s
2025-10-05 16:37:23,248 - INFO - Progress: 6,020,000 indexed, 0 failed, Rate: 3108.2 docs/sec, Queue: 300, Elapsed: 1936.8s
2025-10-05 16:37:23,283 - INFO - Progress: 6,030,000 indexed, 0 failed, Rate: 3113.3 docs/sec, Queue: 300, Elapsed: 1936.8s
2025-10-05 16:37:23,326 - INFO - Progress: 6,040,000 indexed, 0 failed, Rate: 3118.4 docs/sec, Queue: 300, Elapsed: 1936.9s
2025-10-05 16:37:29,975 - INFO - Overall progress: Parsed 6,661,000, Indexed 0, Queue: 300
2025-10-05 16:37:40,039 - INFO - POST http://localhost:9200/_bulk [status:200 request:33.672s]
2025-10-05 16:37:40,723 - INFO - POST http://localhost:9200/_bulk [status:200 request:115.376s]
2025-10-05 16:37:41,008 - INFO - Progress: 6,050,000 indexed, 0 failed, Rate: 3095.3 docs/sec, Queue: 296, Elapsed: 1954.6s
2025-10-05 16:37:41,038 - INFO - Progress: 6,060,000 indexed, 0 failed, Rate: 3100.4 docs/sec, Queue: 297, Elapsed: 1954.6s
2025-10-05 16:37:41,061 - INFO - Progress: 6,070,000 indexed, 0 failed, Rate: 3105.5 docs/sec, Queue: 297, Elapsed: 1954.6s
2025-10-05 16:37:44,850 - INFO - POST http://localhost:9200/_bulk [status:200 request:83.196s]
2025-10-05 16:37:45,362 - INFO - Progress: 6,080,000 indexed, 0 failed, Rate: 3103.8 docs/sec, Queue: 300, Elapsed: 1958.9s
2025-10-05 16:37:45,433 - INFO - Progress: 6,090,000 indexed, 0 failed, Rate: 3108.7 docs/sec, Queue: 300, Elapsed: 1959.0s
2025-10-05 16:37:45,462 - INFO - Progress: 6,100,000 indexed, 0 failed, Rate: 3113.8 docs/sec, Queue: 300, Elapsed: 1959.0s
2025-10-05 16:37:45,500 - INFO - === METRICS ES CONSUMER AT 6100000 DOCS ===
2025-10-05 16:37:45,505 - INFO - Process Memory:
2025-10-05 16:37:45,511 - INFO -   RSS: 3.74 GB
2025-10-05 16:37:45,516 - INFO -   VMS: 6.44 GB
2025-10-05 16:37:45,530 - INFO -   % of System: 0.4%
2025-10-05 16:37:45,530 - INFO - System Memory:
2025-10-05 16:37:45,535 - INFO -   Total Used: 15.4%
2025-10-05 16:37:45,540 - INFO -   Available: 723.14 GB
2025-10-05 16:37:45,545 - INFO -   Cached: 33.11 GB
2025-10-05 16:37:46,562 - INFO - CPU:
2025-10-05 16:37:46,562 - INFO -   Process usage: 26.7%
2025-10-05 16:37:46,562 - INFO -   Threads: 14
2025-10-05 16:37:46,562 - INFO -   Allocated cores: 288 (IDs: [0, 1, 2, 3, 4]...)
2025-10-05 16:37:46,563 - INFO - Process I/O:
2025-10-05 16:37:46,563 - INFO -   Read: 0.03 GB
2025-10-05 16:37:46,563 - INFO -   Write: 0.02 GB
2025-10-05 16:37:46,563 - INFO - ==================================================
2025-10-05 16:37:46,854 - INFO - Progress: 6,110,000 indexed, 0 failed, Rate: 3116.7 docs/sec, Queue: 297, Elapsed: 1960.4s
2025-10-05 16:37:46,875 - INFO - Progress: 6,120,000 indexed, 0 failed, Rate: 3121.8 docs/sec, Queue: 298, Elapsed: 1960.4s
2025-10-05 16:37:46,895 - INFO - Progress: 6,130,000 indexed, 0 failed, Rate: 3126.8 docs/sec, Queue: 298, Elapsed: 1960.4s
2025-10-05 16:37:46,910 - INFO - Progress: 6,140,000 indexed, 0 failed, Rate: 3131.9 docs/sec, Queue: 298, Elapsed: 1960.5s
2025-10-05 16:37:47,358 - INFO - POST http://localhost:9200/_bulk [status:200 request:30.442s]
2025-10-05 16:37:49,074 - INFO - Worker 0: Parsed 6,700,000 docs, Queue: 299
2025-10-05 16:37:49,976 - INFO - Overall progress: Parsed 6,701,000, Indexed 0, Queue: 300
2025-10-05 16:38:20,646 - INFO - POST http://localhost:9200/_bulk [status:200 request:66.081s]
2025-10-05 16:38:22,789 - INFO - POST http://localhost:9200/_bulk [status:200 request:64.465s]
2025-10-05 16:38:29,978 - INFO - Overall progress: Parsed 6,721,000, Indexed 0, Queue: 300
2025-10-05 16:38:32,382 - INFO - POST http://localhost:9200/_bulk [status:200 request:52.075s]
2025-10-05 16:38:38,423 - INFO - POST http://localhost:9200/_bulk [status:200 request:50.792s]
2025-10-05 16:38:38,970 - INFO - POST http://localhost:9200/_bulk [status:200 request:57.896s]
2025-10-05 16:38:39,994 - INFO - Overall progress: Parsed 6,738,000, Indexed 0, Queue: 292
2025-10-05 16:38:41,815 - INFO - Worker 0: Parsed 6,750,000 docs, Queue: 299
2025-10-05 16:38:50,000 - INFO - Overall progress: Parsed 6,751,000, Indexed 0, Queue: 300
2025-10-05 16:38:58,014 - INFO - POST http://localhost:9200/_bulk [status:200 request:72.542s]
2025-10-05 16:39:00,000 - INFO - Overall progress: Parsed 6,761,000, Indexed 0, Queue: 300
2025-10-05 16:39:01,705 - INFO - POST http://localhost:9200/_bulk [status:200 request:40.809s]
2025-10-05 16:39:05,442 - INFO - POST http://localhost:9200/_bulk [status:200 request:102.151s]
2025-10-05 16:39:10,001 - INFO - Overall progress: Parsed 6,781,000, Indexed 0, Queue: 300
2025-10-05 16:39:14,656 - INFO - POST http://localhost:9200/_bulk [status:200 request:35.402s]
2025-10-05 16:39:20,002 - INFO - Overall progress: Parsed 6,791,000, Indexed 0, Queue: 300
2025-10-05 16:39:20,471 - INFO - POST http://localhost:9200/_bulk [status:200 request:47.823s]
2025-10-05 16:39:20,749 - INFO - POST http://localhost:9200/_bulk [status:200 request:126.945s]
2025-10-05 16:39:20,977 - INFO - Progress: 6,150,000 indexed, 0 failed, Rate: 2993.4 docs/sec, Queue: 300, Elapsed: 2054.5s
2025-10-05 16:39:21,039 - INFO - Progress: 6,160,000 indexed, 0 failed, Rate: 2998.2 docs/sec, Queue: 300, Elapsed: 2054.6s
2025-10-05 16:39:21,073 - INFO - Progress: 6,170,000 indexed, 0 failed, Rate: 3003.0 docs/sec, Queue: 300, Elapsed: 2054.6s
2025-10-05 16:39:21,114 - INFO - Progress: 6,180,000 indexed, 0 failed, Rate: 3007.8 docs/sec, Queue: 300, Elapsed: 2054.7s
2025-10-05 16:39:21,137 - INFO - Progress: 6,190,000 indexed, 0 failed, Rate: 3012.6 docs/sec, Queue: 300, Elapsed: 2054.7s
2025-10-05 16:39:21,161 - INFO - Progress: 6,200,000 indexed, 0 failed, Rate: 3017.4 docs/sec, Queue: 299, Elapsed: 2054.7s
2025-10-05 16:39:21,205 - INFO - === METRICS ES CONSUMER AT 6200000 DOCS ===
2025-10-05 16:39:21,210 - INFO - Process Memory:
2025-10-05 16:39:21,215 - INFO -   RSS: 3.74 GB
2025-10-05 16:39:21,220 - INFO -   VMS: 6.44 GB
2025-10-05 16:39:21,230 - INFO -   % of System: 0.4%
2025-10-05 16:39:21,235 - INFO - System Memory:
2025-10-05 16:39:21,240 - INFO -   Total Used: 15.4%
2025-10-05 16:39:21,245 - INFO -   Available: 723.03 GB
2025-10-05 16:39:21,251 - INFO -   Cached: 33.13 GB
2025-10-05 16:39:22,295 - INFO - CPU:
2025-10-05 16:39:22,300 - INFO -   Process usage: 78.7%
2025-10-05 16:39:22,305 - INFO -   Threads: 14
2025-10-05 16:39:22,310 - INFO -   Allocated cores: 288 (IDs: [0, 1, 2, 3, 4]...)
2025-10-05 16:39:22,312 - INFO - Worker 0: Parsed 6,800,000 docs, Queue: 291
2025-10-05 16:39:22,331 - INFO - Process I/O:
2025-10-05 16:39:22,332 - INFO -   Read: 0.03 GB
2025-10-05 16:39:22,332 - INFO -   Write: 0.02 GB
2025-10-05 16:39:22,332 - INFO - ==================================================
2025-10-05 16:39:22,651 - INFO - Progress: 6,210,000 indexed, 0 failed, Rate: 3020.1 docs/sec, Queue: 290, Elapsed: 2056.2s
2025-10-05 16:39:22,684 - INFO - Progress: 6,220,000 indexed, 0 failed, Rate: 3024.9 docs/sec, Queue: 290, Elapsed: 2056.2s
2025-10-05 16:39:22,711 - INFO - Progress: 6,230,000 indexed, 0 failed, Rate: 3029.8 docs/sec, Queue: 290, Elapsed: 2056.3s
2025-10-05 16:39:22,741 - INFO - Progress: 6,240,000 indexed, 0 failed, Rate: 3034.6 docs/sec, Queue: 291, Elapsed: 2056.3s
2025-10-05 16:39:30,003 - INFO - Overall progress: Parsed 6,811,000, Indexed 0, Queue: 300
2025-10-05 16:39:33,664 - INFO - POST http://localhost:9200/_bulk [status:200 request:54.980s]
2025-10-05 16:39:40,004 - INFO - Overall progress: Parsed 6,821,000, Indexed 0, Queue: 300
2025-10-05 16:39:51,356 - INFO - POST http://localhost:9200/_bulk [status:200 request:53.091s]
2025-10-05 16:39:56,690 - INFO - POST http://localhost:9200/_bulk [status:200 request:35.963s]
2025-10-05 16:39:57,358 - INFO - POST http://localhost:9200/_bulk [status:200 request:51.320s]
2025-10-05 16:40:00,005 - INFO - Overall progress: Parsed 6,848,000, Indexed 0, Queue: 297
2025-10-05 16:40:00,228 - INFO - Worker 0: Parsed 6,850,000 docs, Queue: 299
2025-10-05 16:40:06,062 - INFO - POST http://localhost:9200/_bulk [status:200 request:51.146s]
2025-10-05 16:40:10,006 - INFO - Overall progress: Parsed 6,861,000, Indexed 0, Queue: 300
2025-10-05 16:40:20,347 - INFO - POST http://localhost:9200/_bulk [status:200 request:78.392s]
2025-10-05 16:40:23,023 - INFO - POST http://localhost:9200/_bulk [status:200 request:49.088s]
2025-10-05 16:40:30,007 - INFO - Overall progress: Parsed 6,881,000, Indexed 0, Queue: 300
2025-10-05 16:40:35,644 - INFO - POST http://localhost:9200/_bulk [status:200 request:37.688s]
2025-10-05 16:40:36,208 - INFO - POST http://localhost:9200/_bulk [status:200 request:44.588s]
2025-10-05 16:40:38,959 - INFO - Worker 0: Parsed 6,900,000 docs, Queue: 299
2025-10-05 16:40:40,008 - INFO - Overall progress: Parsed 6,901,000, Indexed 0, Queue: 300
2025-10-05 16:40:52,855 - INFO - POST http://localhost:9200/_bulk [status:200 request:29.559s]
2025-10-05 16:40:53,560 - INFO - POST http://localhost:9200/_bulk [status:200 request:150.507s]
2025-10-05 16:40:53,816 - INFO - Progress: 6,250,000 indexed, 0 failed, Rate: 2910.5 docs/sec, Queue: 300, Elapsed: 2147.4s
2025-10-05 16:40:53,841 - INFO - Progress: 6,260,000 indexed, 0 failed, Rate: 2915.2 docs/sec, Queue: 300, Elapsed: 2147.4s
2025-10-05 16:40:53,872 - INFO - Progress: 6,270,000 indexed, 0 failed, Rate: 2919.8 docs/sec, Queue: 300, Elapsed: 2147.4s
2025-10-05 16:40:53,915 - INFO - Progress: 6,280,000 indexed, 0 failed, Rate: 2924.4 docs/sec, Queue: 300, Elapsed: 2147.5s
2025-10-05 16:40:53,938 - INFO - Progress: 6,290,000 indexed, 0 failed, Rate: 2929.0 docs/sec, Queue: 300, Elapsed: 2147.5s
2025-10-05 16:40:53,971 - INFO - Progress: 6,300,000 indexed, 0 failed, Rate: 2933.6 docs/sec, Queue: 300, Elapsed: 2147.5s
2025-10-05 16:40:54,006 - INFO - === METRICS ES CONSUMER AT 6300000 DOCS ===
2025-10-05 16:40:54,011 - INFO - Process Memory:
2025-10-05 16:40:54,016 - INFO -   RSS: 3.70 GB
2025-10-05 16:40:54,021 - INFO -   VMS: 6.40 GB
2025-10-05 16:40:54,034 - INFO -   % of System: 0.4%
2025-10-05 16:40:54,034 - INFO - System Memory:
2025-10-05 16:40:54,034 - INFO -   Total Used: 15.5%
2025-10-05 16:40:54,034 - INFO -   Available: 722.43 GB
2025-10-05 16:40:54,034 - INFO -   Cached: 33.93 GB
2025-10-05 16:40:55,036 - INFO - CPU:
2025-10-05 16:40:55,036 - INFO -   Process usage: 56.9%
2025-10-05 16:40:55,036 - INFO -   Threads: 14
2025-10-05 16:40:55,036 - INFO -   Allocated cores: 288 (IDs: [0, 1, 2, 3, 4]...)
2025-10-05 16:40:55,036 - INFO - Process I/O:
2025-10-05 16:40:55,036 - INFO -   Read: 0.03 GB
2025-10-05 16:40:55,036 - INFO -   Write: 0.02 GB
2025-10-05 16:40:55,036 - INFO - ==================================================
2025-10-05 16:40:55,376 - INFO - Progress: 6,310,000 indexed, 0 failed, Rate: 2936.3 docs/sec, Queue: 290, Elapsed: 2148.9s
2025-10-05 16:40:55,401 - INFO - Progress: 6,320,000 indexed, 0 failed, Rate: 2941.0 docs/sec, Queue: 290, Elapsed: 2149.0s
2025-10-05 16:40:55,468 - INFO - POST http://localhost:9200/_bulk [status:200 request:49.139s]
2025-10-05 16:40:55,473 - INFO - Progress: 6,330,000 indexed, 0 failed, Rate: 2945.5 docs/sec, Queue: 291, Elapsed: 2149.0s
2025-10-05 16:41:00,009 - INFO - Overall progress: Parsed 6,931,000, Indexed 0, Queue: 300
2025-10-05 16:41:01,088 - INFO - POST http://localhost:9200/_bulk [status:200 request:25.187s]
2025-10-05 16:41:10,010 - INFO - Overall progress: Parsed 6,941,000, Indexed 0, Queue: 300
2025-10-05 16:41:23,400 - INFO - POST http://localhost:9200/_bulk [status:200 request:122.324s]
2025-10-05 16:41:23,623 - INFO - Progress: 6,340,000 indexed, 0 failed, Rate: 2912.0 docs/sec, Queue: 300, Elapsed: 2177.2s
2025-10-05 16:41:23,657 - INFO - Progress: 6,350,000 indexed, 0 failed, Rate: 2916.6 docs/sec, Queue: 300, Elapsed: 2177.2s
2025-10-05 16:41:23,696 - INFO - Progress: 6,360,000 indexed, 0 failed, Rate: 2921.1 docs/sec, Queue: 300, Elapsed: 2177.3s
2025-10-05 16:41:25,121 - INFO - Worker 0: Parsed 6,950,000 docs, Queue: 299
2025-10-05 16:41:25,682 - INFO - POST http://localhost:9200/_bulk [status:200 request:65.073s]
2025-10-05 16:41:30,011 - INFO - Overall progress: Parsed 6,961,000, Indexed 0, Queue: 300
2025-10-05 16:41:33,742 - INFO - POST http://localhost:9200/_bulk [status:200 request:57.246s]
2025-10-05 16:41:40,012 - INFO - Overall progress: Parsed 6,971,000, Indexed 0, Queue: 300
2025-10-05 16:41:44,364 - INFO - POST http://localhost:9200/_bulk [status:200 request:50.499s]
2025-10-05 16:41:45,601 - INFO - POST http://localhost:9200/_bulk [status:200 request:52.138s]
2025-10-05 16:41:47,170 - INFO - POST http://localhost:9200/_bulk [status:200 request:45.826s]
2025-10-05 16:41:49,572 - INFO - Worker 0: Parsed 7,000,000 docs, Queue: 299
2025-10-05 16:41:50,013 - INFO - Overall progress: Parsed 7,001,000, Indexed 0, Queue: 300
2025-10-05 16:41:55,589 - INFO - POST http://localhost:9200/_bulk [status:200 request:59.863s]
2025-10-05 16:42:00,013 - INFO - Overall progress: Parsed 7,011,000, Indexed 0, Queue: 300
2025-10-05 16:42:11,910 - INFO - POST http://localhost:9200/_bulk [status:200 request:134.951s]
2025-10-05 16:42:12,475 - INFO - Progress: 6,370,000 indexed, 0 failed, Rate: 2861.6 docs/sec, Queue: 300, Elapsed: 2226.0s
2025-10-05 16:42:12,541 - INFO - Progress: 6,380,000 indexed, 0 failed, Rate: 2866.0 docs/sec, Queue: 300, Elapsed: 2226.1s
2025-10-05 16:42:12,581 - INFO - Progress: 6,390,000 indexed, 0 failed, Rate: 2870.4 docs/sec, Queue: 300, Elapsed: 2226.1s
2025-10-05 16:42:12,626 - INFO - Progress: 6,400,000 indexed, 0 failed, Rate: 2874.9 docs/sec, Queue: 300, Elapsed: 2226.2s
2025-10-05 16:42:12,646 - INFO - === METRICS ES CONSUMER AT 6400000 DOCS ===
2025-10-05 16:42:12,651 - INFO - Process Memory:
2025-10-05 16:42:12,656 - INFO -   RSS: 3.72 GB
2025-10-05 16:42:12,661 - INFO -   VMS: 6.42 GB
2025-10-05 16:42:12,680 - INFO -   % of System: 0.4%
2025-10-05 16:42:12,680 - INFO - System Memory:
2025-10-05 16:42:12,680 - INFO -   Total Used: 15.5%
2025-10-05 16:42:12,685 - INFO -   Available: 721.83 GB
2025-10-05 16:42:12,690 - INFO -   Cached: 34.36 GB
2025-10-05 16:42:13,707 - INFO - CPU:
2025-10-05 16:42:13,707 - INFO -   Process usage: 29.7%
2025-10-05 16:42:13,707 - INFO -   Threads: 14
2025-10-05 16:42:13,707 - INFO -   Allocated cores: 288 (IDs: [0, 1, 2, 3, 4]...)
2025-10-05 16:42:13,707 - INFO - Process I/O:
2025-10-05 16:42:13,708 - INFO -   Read: 0.03 GB
2025-10-05 16:42:13,708 - INFO -   Write: 0.02 GB
2025-10-05 16:42:13,708 - INFO - ==================================================
2025-10-05 16:42:14,046 - INFO - Progress: 6,410,000 indexed, 0 failed, Rate: 2877.5 docs/sec, Queue: 298, Elapsed: 2227.6s
2025-10-05 16:42:14,062 - INFO - Progress: 6,420,000 indexed, 0 failed, Rate: 2882.0 docs/sec, Queue: 298, Elapsed: 2227.6s
2025-10-05 16:42:14,087 - INFO - Progress: 6,430,000 indexed, 0 failed, Rate: 2886.5 docs/sec, Queue: 299, Elapsed: 2227.6s
2025-10-05 16:42:14,110 - INFO - Progress: 6,440,000 indexed, 0 failed, Rate: 2890.9 docs/sec, Queue: 299, Elapsed: 2227.7s
2025-10-05 16:42:14,132 - INFO - Progress: 6,450,000 indexed, 0 failed, Rate: 2895.4 docs/sec, Queue: 299, Elapsed: 2227.7s
2025-10-05 16:42:14,152 - INFO - Progress: 6,460,000 indexed, 0 failed, Rate: 2899.8 docs/sec, Queue: 299, Elapsed: 2227.7s
2025-10-05 16:42:14,170 - INFO - Progress: 6,470,000 indexed, 0 failed, Rate: 2904.3 docs/sec, Queue: 299, Elapsed: 2227.7s
2025-10-05 16:42:14,771 - INFO - POST http://localhost:9200/_bulk [status:200 request:51.099s]
2025-10-05 16:42:15,002 - INFO - Progress: 6,480,000 indexed, 0 failed, Rate: 2907.7 docs/sec, Queue: 300, Elapsed: 2228.6s
2025-10-05 16:42:20,015 - INFO - Overall progress: Parsed 7,031,000, Indexed 0, Queue: 300
2025-10-05 16:42:24,708 - INFO - POST http://localhost:9200/_bulk [status:200 request:58.465s]
2025-10-05 16:42:24,935 - INFO - Progress: 6,490,000 indexed, 0 failed, Rate: 2899.3 docs/sec, Queue: 300, Elapsed: 2238.5s
2025-10-05 16:42:25,094 - INFO - POST http://localhost:9200/_bulk [status:200 request:51.084s]
2025-10-05 16:42:25,351 - INFO - Progress: 6,500,000 indexed, 0 failed, Rate: 2903.2 docs/sec, Queue: 300, Elapsed: 2238.9s
2025-10-05 16:42:25,395 - INFO - === METRICS ES CONSUMER AT 6500000 DOCS ===
2025-10-05 16:42:25,400 - INFO - Process Memory:
2025-10-05 16:42:25,405 - INFO -   RSS: 3.71 GB
2025-10-05 16:42:25,410 - INFO -   VMS: 6.40 GB
2025-10-05 16:42:25,415 - INFO -   % of System: 0.4%
2025-10-05 16:42:25,415 - INFO - System Memory:
2025-10-05 16:42:25,415 - INFO -   Total Used: 15.5%
2025-10-05 16:42:25,415 - INFO -   Available: 721.63 GB
2025-10-05 16:42:25,415 - INFO -   Cached: 34.61 GB
2025-10-05 16:42:26,016 - INFO - POST http://localhost:9200/_bulk [status:200 request:39.803s]
2025-10-05 16:42:26,511 - INFO - CPU:
2025-10-05 16:42:26,522 - INFO -   Process usage: 82.2%
2025-10-05 16:42:26,527 - INFO -   Threads: 14
2025-10-05 16:42:26,543 - INFO -   Allocated cores: 288 (IDs: [0, 1, 2, 3, 4]...)
2025-10-05 16:42:26,557 - INFO - Process I/O:
2025-10-05 16:42:26,557 - INFO -   Read: 0.03 GB
2025-10-05 16:42:26,557 - INFO -   Write: 0.02 GB
2025-10-05 16:42:26,557 - INFO - ==================================================
2025-10-05 16:42:28,217 - INFO - Worker 0: Parsed 7,050,000 docs, Queue: 289
2025-10-05 16:42:30,015 - INFO - Overall progress: Parsed 7,059,000, Indexed 0, Queue: 298
2025-10-05 16:42:40,016 - INFO - Overall progress: Parsed 7,061,000, Indexed 0, Queue: 300
2025-10-05 16:42:57,811 - INFO - POST http://localhost:9200/_bulk [status:200 request:45.231s]
2025-10-05 16:42:59,684 - INFO - POST http://localhost:9200/_bulk [status:200 request:34.286s]
2025-10-05 16:43:00,029 - INFO - Overall progress: Parsed 7,072,000, Indexed 0, Queue: 299
2025-10-05 16:43:00,556 - INFO - POST http://localhost:9200/_bulk [status:200 request:45.501s]
2025-10-05 16:43:10,030 - INFO - Overall progress: Parsed 7,091,000, Indexed 0, Queue: 300
2025-10-05 16:43:10,246 - INFO - POST http://localhost:9200/_bulk [status:200 request:43.692s]
2025-10-05 16:43:11,846 - INFO - Worker 0: Parsed 7,100,000 docs, Queue: 299
2025-10-05 16:43:13,796 - INFO - POST http://localhost:9200/_bulk [status:200 request:48.811s]
2025-10-05 16:43:20,030 - INFO - Overall progress: Parsed 7,111,000, Indexed 0, Queue: 300
2025-10-05 16:43:38,193 - INFO - POST http://localhost:9200/_bulk [status:200 request:40.127s]
2025-10-05 16:43:38,464 - INFO - POST http://localhost:9200/_bulk [status:200 request:37.630s]
2025-10-05 16:43:38,633 - INFO - POST http://localhost:9200/_bulk [status:200 request:24.260s]
2025-10-05 16:43:40,317 - INFO - Overall progress: Parsed 7,120,000, Indexed 0, Queue: 292
2025-10-05 16:43:45,137 - INFO - POST http://localhost:9200/_bulk [status:200 request:34.632s]
2025-10-05 16:43:46,716 - INFO - Worker 0: Parsed 7,150,000 docs, Queue: 299
2025-10-05 16:43:50,318 - INFO - Overall progress: Parsed 7,151,000, Indexed 0, Queue: 300
2025-10-05 16:44:05,233 - INFO - POST http://localhost:9200/_bulk [status:200 request:140.626s]
2025-10-05 16:44:05,448 - INFO - Progress: 6,510,000 indexed, 0 failed, Rate: 2783.2 docs/sec, Queue: 300, Elapsed: 2339.0s
2025-10-05 16:44:05,476 - INFO - Progress: 6,520,000 indexed, 0 failed, Rate: 2787.5 docs/sec, Queue: 300, Elapsed: 2339.0s
2025-10-05 16:44:09,091 - INFO - POST http://localhost:9200/_bulk [status:200 request:141.662s]
2025-10-05 16:44:09,335 - INFO - Progress: 6,530,000 indexed, 0 failed, Rate: 2787.2 docs/sec, Queue: 300, Elapsed: 2342.9s
2025-10-05 16:44:09,709 - INFO - POST http://localhost:9200/_bulk [status:200 request:30.801s]
2025-10-05 16:44:10,339 - INFO - Overall progress: Parsed 7,167,000, Indexed 0, Queue: 300
2025-10-05 16:44:11,236 - INFO - POST http://localhost:9200/_bulk [status:200 request:32.793s]
2025-10-05 16:44:11,498 - INFO - POST http://localhost:9200/_bulk [status:200 request:135.645s]
2025-10-05 16:44:11,781 - INFO - Progress: 6,540,000 indexed, 0 failed, Rate: 2788.5 docs/sec, Queue: 294, Elapsed: 2345.3s
2025-10-05 16:44:11,810 - INFO - Progress: 6,550,000 indexed, 0 failed, Rate: 2792.7 docs/sec, Queue: 294, Elapsed: 2345.4s
2025-10-05 16:44:11,839 - INFO - Progress: 6,560,000 indexed, 0 failed, Rate: 2797.0 docs/sec, Queue: 294, Elapsed: 2345.4s
2025-10-05 16:44:11,865 - INFO - Progress: 6,570,000 indexed, 0 failed, Rate: 2801.2 docs/sec, Queue: 294, Elapsed: 2345.4s
2025-10-05 16:44:11,907 - INFO - Progress: 6,580,000 indexed, 0 failed, Rate: 2805.4 docs/sec, Queue: 293, Elapsed: 2345.5s
2025-10-05 16:44:11,941 - INFO - Progress: 6,590,000 indexed, 0 failed, Rate: 2809.6 docs/sec, Queue: 293, Elapsed: 2345.5s
2025-10-05 16:44:11,973 - INFO - Progress: 6,600,000 indexed, 0 failed, Rate: 2813.9 docs/sec, Queue: 293, Elapsed: 2345.5s
2025-10-05 16:44:11,991 - INFO - === METRICS ES CONSUMER AT 6600000 DOCS ===
2025-10-05 16:44:11,996 - INFO - Process Memory:
2025-10-05 16:44:12,001 - INFO -   RSS: 3.73 GB
2025-10-05 16:44:12,006 - INFO -   VMS: 6.43 GB
2025-10-05 16:44:12,013 - INFO -   % of System: 0.4%
2025-10-05 16:44:12,014 - INFO - System Memory:
2025-10-05 16:44:12,019 - INFO -   Total Used: 15.6%
2025-10-05 16:44:12,024 - INFO -   Available: 721.35 GB
2025-10-05 16:44:12,029 - INFO -   Cached: 35.51 GB
2025-10-05 16:44:13,051 - INFO - CPU:
2025-10-05 16:44:13,051 - INFO -   Process usage: 55.1%
2025-10-05 16:44:13,051 - INFO -   Threads: 14
2025-10-05 16:44:13,051 - INFO -   Allocated cores: 288 (IDs: [0, 1, 2, 3, 4]...)
2025-10-05 16:44:13,051 - INFO - Process I/O:
2025-10-05 16:44:13,051 - INFO -   Read: 0.03 GB
2025-10-05 16:44:13,051 - INFO -   Write: 0.02 GB
2025-10-05 16:44:13,051 - INFO - ==================================================
2025-10-05 16:44:15,630 - INFO - Worker 0: Parsed 7,200,000 docs, Queue: 299
2025-10-05 16:44:16,362 - INFO - POST http://localhost:9200/_bulk [status:200 request:37.333s]
2025-10-05 16:44:20,346 - INFO - Overall progress: Parsed 7,211,000, Indexed 0, Queue: 300
2025-10-05 16:44:24,535 - INFO - POST http://localhost:9200/_bulk [status:200 request:39.153s]
2025-10-05 16:44:30,347 - INFO - Overall progress: Parsed 7,221,000, Indexed 0, Queue: 300
2025-10-05 16:44:51,044 - INFO - POST http://localhost:9200/_bulk [status:200 request:39.566s]
2025-10-05 16:44:52,242 - INFO - POST http://localhost:9200/_bulk [status:200 request:46.740s]
2025-10-05 16:44:52,448 - INFO - POST http://localhost:9200/_bulk [status:200 request:40.615s]
2025-10-05 16:44:55,754 - INFO - Worker 0: Parsed 7,250,000 docs, Queue: 299
2025-10-05 16:45:00,349 - INFO - Overall progress: Parsed 7,251,000, Indexed 0, Queue: 300
2025-10-05 16:45:00,676 - INFO - POST http://localhost:9200/_bulk [status:200 request:50.315s]
2025-10-05 16:45:10,349 - INFO - Overall progress: Parsed 7,261,000, Indexed 0, Queue: 300
2025-10-05 16:45:19,580 - INFO - POST http://localhost:9200/_bulk [status:200 request:54.789s]
2025-10-05 16:45:20,350 - INFO - Overall progress: Parsed 7,262,000, Indexed 0, Queue: 299
2025-10-05 16:45:24,594 - INFO - POST http://localhost:9200/_bulk [status:200 request:144.640s]
2025-10-05 16:45:24,770 - INFO - Progress: 6,610,000 indexed, 0 failed, Rate: 2733.3 docs/sec, Queue: 300, Elapsed: 2418.3s
2025-10-05 16:45:24,827 - INFO - Progress: 6,620,000 indexed, 0 failed, Rate: 2737.4 docs/sec, Queue: 300, Elapsed: 2418.4s
2025-10-05 16:45:24,867 - INFO - Progress: 6,630,000 indexed, 0 failed, Rate: 2741.5 docs/sec, Queue: 300, Elapsed: 2418.4s
2025-10-05 16:45:24,910 - INFO - Progress: 6,640,000 indexed, 0 failed, Rate: 2745.5 docs/sec, Queue: 300, Elapsed: 2418.5s
2025-10-05 16:45:24,948 - INFO - Progress: 6,650,000 indexed, 0 failed, Rate: 2749.6 docs/sec, Queue: 300, Elapsed: 2418.5s
2025-10-05 16:45:24,988 - INFO - Progress: 6,660,000 indexed, 0 failed, Rate: 2753.7 docs/sec, Queue: 300, Elapsed: 2418.5s
2025-10-05 16:45:25,029 - INFO - Progress: 6,670,000 indexed, 0 failed, Rate: 2757.8 docs/sec, Queue: 300, Elapsed: 2418.6s
2025-10-05 16:45:25,066 - INFO - Progress: 6,680,000 indexed, 0 failed, Rate: 2761.9 docs/sec, Queue: 300, Elapsed: 2418.6s
2025-10-05 16:45:25,093 - INFO - Progress: 6,690,000 indexed, 0 failed, Rate: 2766.0 docs/sec, Queue: 300, Elapsed: 2418.6s
2025-10-05 16:45:29,834 - INFO - POST http://localhost:9200/_bulk [status:200 request:80.443s]
2025-10-05 16:45:30,023 - INFO - Progress: 6,700,000 indexed, 0 failed, Rate: 2764.5 docs/sec, Queue: 300, Elapsed: 2423.6s
2025-10-05 16:45:30,093 - INFO - === METRICS ES CONSUMER AT 6700000 DOCS ===
2025-10-05 16:45:30,108 - INFO - Process Memory:
2025-10-05 16:45:30,114 - INFO -   RSS: 3.71 GB
2025-10-05 16:45:30,119 - INFO -   VMS: 6.41 GB
2025-10-05 16:45:30,122 - INFO -   % of System: 0.4%
2025-10-05 16:45:30,122 - INFO - System Memory:
2025-10-05 16:45:30,122 - INFO -   Total Used: 15.5%
2025-10-05 16:45:30,122 - INFO -   Available: 722.14 GB
2025-10-05 16:45:30,122 - INFO -   Cached: 32.82 GB
2025-10-05 16:45:30,361 - INFO - Overall progress: Parsed 7,282,000, Indexed 0, Queue: 298
2025-10-05 16:45:30,859 - INFO - POST http://localhost:9200/_bulk [status:200 request:39.541s]
2025-10-05 16:45:31,143 - INFO - CPU:
2025-10-05 16:45:31,143 - INFO -   Process usage: 77.5%
2025-10-05 16:45:31,143 - INFO -   Threads: 14
2025-10-05 16:45:31,154 - INFO -   Allocated cores: 288 (IDs: [0, 1, 2, 3, 4]...)
2025-10-05 16:45:31,175 - INFO - Process I/O:
2025-10-05 16:45:31,180 - INFO -   Read: 0.03 GB
2025-10-05 16:45:31,185 - INFO -   Write: 0.02 GB
2025-10-05 16:45:31,190 - INFO - ==================================================
2025-10-05 16:45:31,534 - INFO - Progress: 6,710,000 indexed, 0 failed, Rate: 2766.9 docs/sec, Queue: 298, Elapsed: 2425.1s
2025-10-05 16:45:31,555 - INFO - Progress: 6,720,000 indexed, 0 failed, Rate: 2771.0 docs/sec, Queue: 298, Elapsed: 2425.1s
2025-10-05 16:45:31,596 - INFO - Progress: 6,730,000 indexed, 0 failed, Rate: 2775.1 docs/sec, Queue: 297, Elapsed: 2425.2s
2025-10-05 16:45:33,002 - INFO - Worker 0: Parsed 7,300,000 docs, Queue: 299
2025-10-05 16:45:39,599 - INFO - POST http://localhost:9200/_bulk [status:200 request:46.712s]
2025-10-05 16:45:40,362 - INFO - Overall progress: Parsed 7,304,000, Indexed 0, Queue: 296
2025-10-05 16:45:47,768 - INFO - POST http://localhost:9200/_bulk [status:200 request:46.818s]
2025-10-05 16:45:50,363 - INFO - Overall progress: Parsed 7,321,000, Indexed 0, Queue: 300
2025-10-05 16:45:55,126 - INFO - POST http://localhost:9200/_bulk [status:200 request:34.910s]
2025-10-05 16:46:00,364 - INFO - Overall progress: Parsed 7,331,000, Indexed 0, Queue: 300
2025-10-05 16:46:01,369 - INFO - POST http://localhost:9200/_bulk [status:200 request:36.456s]
2025-10-05 16:46:10,364 - INFO - Overall progress: Parsed 7,341,000, Indexed 0, Queue: 300
2025-10-05 16:46:11,564 - INFO - POST http://localhost:9200/_bulk [status:200 request:41.448s]
2025-10-05 16:46:13,160 - INFO - Worker 0: Parsed 7,350,000 docs, Queue: 299
2025-10-05 16:46:20,365 - INFO - Overall progress: Parsed 7,351,000, Indexed 0, Queue: 300
2025-10-05 16:46:23,018 - INFO - POST http://localhost:9200/_bulk [status:200 request:43.152s]
2025-10-05 16:46:30,193 - INFO - POST http://localhost:9200/_bulk [status:200 request:34.490s]
2025-10-05 16:46:30,401 - INFO - Overall progress: Parsed 7,361,000, Indexed 0, Queue: 300
2025-10-05 16:46:36,441 - INFO - POST http://localhost:9200/_bulk [status:200 request:34.804s]
2025-10-05 16:46:40,407 - INFO - Overall progress: Parsed 7,381,000, Indexed 0, Queue: 300
2025-10-05 16:46:43,975 - INFO - POST http://localhost:9200/_bulk [status:200 request:147.343s]
2025-10-05 16:46:44,217 - INFO - Progress: 6,740,000 indexed, 0 failed, Rate: 2698.4 docs/sec, Queue: 300, Elapsed: 2497.8s
2025-10-05 16:46:44,247 - INFO - Progress: 6,750,000 indexed, 0 failed, Rate: 2702.4 docs/sec, Queue: 300, Elapsed: 2497.8s
2025-10-05 16:46:44,279 - INFO - Progress: 6,760,000 indexed, 0 failed, Rate: 2706.3 docs/sec, Queue: 300, Elapsed: 2497.8s
2025-10-05 16:46:50,408 - INFO - Overall progress: Parsed 7,391,000, Indexed 0, Queue: 300
2025-10-05 16:46:50,560 - INFO - POST http://localhost:9200/_bulk [status:200 request:38.730s]
2025-10-05 16:46:52,142 - INFO - Worker 0: Parsed 7,400,000 docs, Queue: 299
2025-10-05 16:46:58,927 - INFO - POST http://localhost:9200/_bulk [status:200 request:35.323s]
2025-10-05 16:47:00,409 - INFO - Overall progress: Parsed 7,408,000, Indexed 0, Queue: 297
2025-10-05 16:47:03,979 - INFO - POST http://localhost:9200/_bulk [status:200 request:33.535s]
2025-10-05 16:47:07,512 - INFO - POST http://localhost:9200/_bulk [status:200 request:134.779s]
2025-10-05 16:47:08,129 - INFO - Progress: 6,770,000 indexed, 0 failed, Rate: 2684.7 docs/sec, Queue: 300, Elapsed: 2521.7s
2025-10-05 16:47:08,153 - INFO - Progress: 6,780,000 indexed, 0 failed, Rate: 2688.7 docs/sec, Queue: 300, Elapsed: 2521.7s
2025-10-05 16:47:08,192 - INFO - Progress: 6,790,000 indexed, 0 failed, Rate: 2692.6 docs/sec, Queue: 300, Elapsed: 2521.7s
2025-10-05 16:47:08,240 - INFO - Progress: 6,800,000 indexed, 0 failed, Rate: 2696.5 docs/sec, Queue: 300, Elapsed: 2521.8s
2025-10-05 16:47:08,272 - INFO - === METRICS ES CONSUMER AT 6800000 DOCS ===
2025-10-05 16:47:08,278 - INFO - Process Memory:
2025-10-05 16:47:08,283 - INFO -   RSS: 3.72 GB
2025-10-05 16:47:08,288 - INFO -   VMS: 6.42 GB
2025-10-05 16:47:08,298 - INFO -   % of System: 0.4%
2025-10-05 16:47:08,304 - INFO - System Memory:
2025-10-05 16:47:08,309 - INFO -   Total Used: 15.6%
2025-10-05 16:47:08,311 - INFO -   Available: 721.39 GB
2025-10-05 16:47:08,311 - INFO -   Cached: 33.93 GB
2025-10-05 16:47:09,312 - INFO - CPU:
2025-10-05 16:47:09,312 - INFO -   Process usage: 39.0%
2025-10-05 16:47:09,312 - INFO -   Threads: 14
2025-10-05 16:47:09,313 - INFO -   Allocated cores: 288 (IDs: [0, 1, 2, 3, 4]...)
2025-10-05 16:47:09,313 - INFO - Process I/O:
2025-10-05 16:47:09,313 - INFO -   Read: 0.03 GB
2025-10-05 16:47:09,313 - INFO -   Write: 0.02 GB
2025-10-05 16:47:09,313 - INFO - ==================================================
2025-10-05 16:47:09,665 - INFO - Progress: 6,810,000 indexed, 0 failed, Rate: 2698.9 docs/sec, Queue: 299, Elapsed: 2523.2s
2025-10-05 16:47:09,688 - INFO - Progress: 6,820,000 indexed, 0 failed, Rate: 2702.9 docs/sec, Queue: 299, Elapsed: 2523.2s
2025-10-05 16:47:10,409 - INFO - Overall progress: Parsed 7,431,000, Indexed 0, Queue: 300
2025-10-05 16:47:13,502 - INFO - POST http://localhost:9200/_bulk [status:200 request:36.797s]
2025-10-05 16:47:20,410 - INFO - Overall progress: Parsed 7,441,000, Indexed 0, Queue: 300
2025-10-05 16:47:20,772 - INFO - POST http://localhost:9200/_bulk [status:200 request:36.502s]
2025-10-05 16:47:22,343 - INFO - Worker 0: Parsed 7,450,000 docs, Queue: 299
2025-10-05 16:47:27,074 - INFO - POST http://localhost:9200/_bulk [status:200 request:36.241s]
2025-10-05 16:47:30,411 - INFO - Overall progress: Parsed 7,461,000, Indexed 0, Queue: 300
2025-10-05 16:47:45,216 - INFO - POST http://localhost:9200/_bulk [status:200 request:37.039s]
2025-10-05 16:47:50,412 - INFO - Overall progress: Parsed 7,471,000, Indexed 0, Queue: 300
2025-10-05 16:47:53,657 - INFO - POST http://localhost:9200/_bulk [status:200 request:32.626s]
2025-10-05 16:47:54,169 - INFO - POST http://localhost:9200/_bulk [status:200 request:49.940s]
2025-10-05 16:47:57,095 - INFO - POST http://localhost:9200/_bulk [status:200 request:43.326s]
2025-10-05 16:47:59,501 - INFO - Worker 0: Parsed 7,500,000 docs, Queue: 299
2025-10-05 16:48:00,413 - INFO - Overall progress: Parsed 7,501,000, Indexed 0, Queue: 300
2025-10-05 16:48:06,075 - INFO - POST http://localhost:9200/_bulk [status:200 request:154.941s]
2025-10-05 16:48:06,301 - INFO - Progress: 6,830,000 indexed, 0 failed, Rate: 2647.4 docs/sec, Queue: 300, Elapsed: 2579.9s
2025-10-05 16:48:06,327 - INFO - Progress: 6,840,000 indexed, 0 failed, Rate: 2651.3 docs/sec, Queue: 300, Elapsed: 2579.9s
2025-10-05 16:48:10,414 - INFO - Overall progress: Parsed 7,511,000, Indexed 0, Queue: 300
2025-10-05 16:48:13,503 - INFO - POST http://localhost:9200/_bulk [status:200 request:145.462s]
2025-10-05 16:48:13,752 - INFO - Progress: 6,850,000 indexed, 0 failed, Rate: 2647.5 docs/sec, Queue: 300, Elapsed: 2587.3s
2025-10-05 16:48:13,785 - INFO - Progress: 6,860,000 indexed, 0 failed, Rate: 2651.4 docs/sec, Queue: 300, Elapsed: 2587.3s
2025-10-05 16:48:13,824 - INFO - Progress: 6,870,000 indexed, 0 failed, Rate: 2655.2 docs/sec, Queue: 300, Elapsed: 2587.4s
2025-10-05 16:48:13,853 - INFO - Progress: 6,880,000 indexed, 0 failed, Rate: 2659.0 docs/sec, Queue: 300, Elapsed: 2587.4s
2025-10-05 16:48:13,887 - INFO - Progress: 6,890,000 indexed, 0 failed, Rate: 2662.9 docs/sec, Queue: 300, Elapsed: 2587.4s
2025-10-05 16:48:13,921 - INFO - Progress: 6,900,000 indexed, 0 failed, Rate: 2666.7 docs/sec, Queue: 300, Elapsed: 2587.5s
2025-10-05 16:48:13,967 - INFO - === METRICS ES CONSUMER AT 6900000 DOCS ===
2025-10-05 16:48:13,972 - INFO - Process Memory:
2025-10-05 16:48:13,977 - INFO -   RSS: 3.74 GB
2025-10-05 16:48:13,983 - INFO -   VMS: 6.43 GB
2025-10-05 16:48:13,993 - INFO -   % of System: 0.4%
2025-10-05 16:48:13,998 - INFO - System Memory:
2025-10-05 16:48:14,003 - INFO -   Total Used: 15.6%
2025-10-05 16:48:14,008 - INFO -   Available: 721.17 GB
2025-10-05 16:48:14,008 - INFO -   Cached: 34.02 GB
2025-10-05 16:48:15,010 - INFO - CPU:
2025-10-05 16:48:15,010 - INFO -   Process usage: 40.0%
2025-10-05 16:48:15,010 - INFO -   Threads: 14
2025-10-05 16:48:15,010 - INFO -   Allocated cores: 288 (IDs: [0, 1, 2, 3, 4]...)
2025-10-05 16:48:15,010 - INFO - Process I/O:
2025-10-05 16:48:15,010 - INFO -   Read: 0.03 GB
2025-10-05 16:48:15,010 - INFO -   Write: 0.02 GB
2025-10-05 16:48:15,010 - INFO - ==================================================
2025-10-05 16:48:15,363 - INFO - Progress: 6,910,000 indexed, 0 failed, Rate: 2669.1 docs/sec, Queue: 299, Elapsed: 2588.9s
2025-10-05 16:48:15,390 - INFO - Progress: 6,920,000 indexed, 0 failed, Rate: 2672.9 docs/sec, Queue: 299, Elapsed: 2588.9s
2025-10-05 16:48:15,412 - INFO - Progress: 6,930,000 indexed, 0 failed, Rate: 2676.7 docs/sec, Queue: 299, Elapsed: 2589.0s
2025-10-05 16:48:18,990 - INFO - POST http://localhost:9200/_bulk [status:200 request:51.644s]
2025-10-05 16:48:20,414 - INFO - Overall progress: Parsed 7,528,000, Indexed 0, Queue: 297
2025-10-05 16:48:21,394 - INFO - POST http://localhost:9200/_bulk [status:200 request:35.535s]
2025-10-05 16:48:30,415 - INFO - Overall progress: Parsed 7,541,000, Indexed 0, Queue: 300
2025-10-05 16:48:39,879 - INFO - POST http://localhost:9200/_bulk [status:200 request:45.949s]
2025-10-05 16:48:40,426 - INFO - Overall progress: Parsed 7,542,000, Indexed 0, Queue: 298
2025-10-05 16:48:41,474 - INFO - Worker 0: Parsed 7,550,000 docs, Queue: 299
2025-10-05 16:48:46,038 - INFO - POST http://localhost:9200/_bulk [status:200 request:48.706s]
2025-10-05 16:48:50,427 - INFO - Overall progress: Parsed 7,561,000, Indexed 0, Queue: 300
2025-10-05 16:48:51,684 - INFO - POST http://localhost:9200/_bulk [status:200 request:45.330s]
2025-10-05 16:48:54,459 - INFO - POST http://localhost:9200/_bulk [status:200 request:32.809s]
2025-10-05 16:49:00,428 - INFO - Overall progress: Parsed 7,581,000, Indexed 0, Queue: 300
2025-10-05 16:49:10,950 - INFO - POST http://localhost:9200/_bulk [status:200 request:24.294s]
2025-10-05 16:49:13,872 - INFO - POST http://localhost:9200/_bulk [status:200 request:54.622s]
2025-10-05 16:49:14,459 - INFO - POST http://localhost:9200/_bulk [status:200 request:34.295s]
2025-10-05 16:49:15,456 - INFO - Worker 0: Parsed 7,600,000 docs, Queue: 295
2025-10-05 16:49:20,429 - INFO - Overall progress: Parsed 7,611,000, Indexed 0, Queue: 300
2025-10-05 16:49:36,123 - INFO - POST http://localhost:9200/_bulk [status:200 request:41.398s]
2025-10-05 16:49:36,681 - INFO - POST http://localhost:9200/_bulk [status:200 request:157.489s]
2025-10-05 16:49:37,365 - INFO - Progress: 6,940,000 indexed, 0 failed, Rate: 2598.4 docs/sec, Queue: 300, Elapsed: 2670.9s
2025-10-05 16:49:37,430 - INFO - Progress: 6,950,000 indexed, 0 failed, Rate: 2602.0 docs/sec, Queue: 300, Elapsed: 2671.0s
2025-10-05 16:49:37,483 - INFO - Progress: 6,960,000 indexed, 0 failed, Rate: 2605.7 docs/sec, Queue: 300, Elapsed: 2671.0s
2025-10-05 16:49:37,518 - INFO - Progress: 6,970,000 indexed, 0 failed, Rate: 2609.4 docs/sec, Queue: 300, Elapsed: 2671.1s
2025-10-05 16:49:37,552 - INFO - Progress: 6,980,000 indexed, 0 failed, Rate: 2613.1 docs/sec, Queue: 300, Elapsed: 2671.1s
2025-10-05 16:49:37,584 - INFO - Progress: 6,990,000 indexed, 0 failed, Rate: 2616.9 docs/sec, Queue: 300, Elapsed: 2671.1s
2025-10-05 16:49:37,615 - INFO - Progress: 7,000,000 indexed, 0 failed, Rate: 2620.6 docs/sec, Queue: 300, Elapsed: 2671.2s
2025-10-05 16:49:37,664 - INFO - === METRICS ES CONSUMER AT 7000000 DOCS ===
2025-10-05 16:49:37,669 - INFO - Process Memory:
2025-10-05 16:49:37,674 - INFO -   RSS: 3.74 GB
2025-10-05 16:49:37,677 - INFO -   VMS: 6.43 GB
2025-10-05 16:49:37,678 - INFO -   % of System: 0.4%
2025-10-05 16:49:37,678 - INFO - System Memory:
2025-10-05 16:49:37,678 - INFO -   Total Used: 15.6%
2025-10-05 16:49:37,678 - INFO -   Available: 721.11 GB
2025-10-05 16:49:37,678 - INFO -   Cached: 34.35 GB
2025-10-05 16:49:38,702 - INFO - CPU:
2025-10-05 16:49:38,702 - INFO -   Process usage: 69.2%
2025-10-05 16:49:38,702 - INFO -   Threads: 14
2025-10-05 16:49:38,702 - INFO -   Allocated cores: 288 (IDs: [0, 1, 2, 3, 4]...)
2025-10-05 16:49:38,702 - INFO - Process I/O:
2025-10-05 16:49:38,702 - INFO -   Read: 0.03 GB
2025-10-05 16:49:38,702 - INFO -   Write: 0.02 GB
2025-10-05 16:49:38,702 - INFO - ==================================================
2025-10-05 16:49:39,063 - INFO - Progress: 7,010,000 indexed, 0 failed, Rate: 2622.9 docs/sec, Queue: 293, Elapsed: 2672.6s
2025-10-05 16:49:40,431 - INFO - Overall progress: Parsed 7,631,000, Indexed 0, Queue: 300
2025-10-05 16:49:47,506 - INFO - POST http://localhost:9200/_bulk [status:200 request:35.893s]
2025-10-05 16:49:47,855 - INFO - POST http://localhost:9200/_bulk [status:200 request:33.063s]
2025-10-05 16:49:50,431 - INFO - Overall progress: Parsed 7,648,000, Indexed 0, Queue: 297
2025-10-05 16:49:50,711 - INFO - Worker 0: Parsed 7,650,000 docs, Queue: 299
2025-10-05 16:49:50,868 - INFO - POST http://localhost:9200/_bulk [status:200 request:36.743s]
2025-10-05 16:50:00,432 - INFO - Overall progress: Parsed 7,661,000, Indexed 0, Queue: 300
2025-10-05 16:50:02,289 - INFO - POST http://localhost:9200/_bulk [status:200 request:127.787s]
2025-10-05 16:50:02,867 - INFO - Progress: 7,020,000 indexed, 0 failed, Rate: 2603.5 docs/sec, Queue: 300, Elapsed: 2696.4s
2025-10-05 16:50:02,936 - INFO - Progress: 7,030,000 indexed, 0 failed, Rate: 2607.1 docs/sec, Queue: 300, Elapsed: 2696.5s
2025-10-05 16:50:02,972 - INFO - Progress: 7,040,000 indexed, 0 failed, Rate: 2610.8 docs/sec, Queue: 300, Elapsed: 2696.5s
2025-10-05 16:50:08,739 - INFO - POST http://localhost:9200/_bulk [status:200 request:31.266s]
2025-10-05 16:50:10,433 - INFO - Overall progress: Parsed 7,680,000, Indexed 0, Queue: 299
2025-10-05 16:50:20,434 - INFO - Overall progress: Parsed 7,681,000, Indexed 0, Queue: 300
2025-10-05 16:50:20,528 - INFO - POST http://localhost:9200/_bulk [status:200 request:44.155s]
2025-10-05 16:50:30,434 - INFO - Overall progress: Parsed 7,691,000, Indexed 0, Queue: 300
2025-10-05 16:50:31,131 - INFO - POST http://localhost:9200/_bulk [status:200 request:137.331s]
2025-10-05 16:50:31,378 - INFO - Progress: 7,050,000 indexed, 0 failed, Rate: 2587.2 docs/sec, Queue: 300, Elapsed: 2724.9s
2025-10-05 16:50:31,403 - INFO - Progress: 7,060,000 indexed, 0 failed, Rate: 2590.9 docs/sec, Queue: 300, Elapsed: 2725.0s
2025-10-05 16:50:31,437 - INFO - Progress: 7,070,000 indexed, 0 failed, Rate: 2594.5 docs/sec, Queue: 300, Elapsed: 2725.0s
2025-10-05 16:50:31,484 - INFO - Progress: 7,080,000 indexed, 0 failed, Rate: 2598.1 docs/sec, Queue: 300, Elapsed: 2725.0s
2025-10-05 16:50:31,519 - INFO - Progress: 7,090,000 indexed, 0 failed, Rate: 2601.8 docs/sec, Queue: 300, Elapsed: 2725.1s
2025-10-05 16:50:32,864 - INFO - Worker 0: Parsed 7,700,000 docs, Queue: 299
2025-10-05 16:50:37,298 - INFO - POST http://localhost:9200/_bulk [status:200 request:49.539s]
2025-10-05 16:50:40,435 - INFO - Overall progress: Parsed 7,711,000, Indexed 0, Queue: 300
2025-10-05 16:50:43,623 - INFO - POST http://localhost:9200/_bulk [status:200 request:34.608s]
2025-10-05 16:50:45,366 - INFO - POST http://localhost:9200/_bulk [status:200 request:57.163s]
2025-10-05 16:50:45,692 - INFO - POST http://localhost:9200/_bulk [status:200 request:54.549s]
2025-10-05 16:50:50,436 - INFO - POST http://localhost:9200/_bulk [status:200 request:118.485s]
2025-10-05 16:50:50,522 - INFO - Overall progress: Parsed 7,741,000, Indexed 0, Queue: 300
2025-10-05 16:50:50,679 - INFO - Progress: 7,100,000 indexed, 0 failed, Rate: 2587.2 docs/sec, Queue: 300, Elapsed: 2744.2s
2025-10-05 16:50:50,731 - INFO - === METRICS ES CONSUMER AT 7100000 DOCS ===
2025-10-05 16:50:50,736 - INFO - Process Memory:
2025-10-05 16:50:50,741 - INFO -   RSS: 3.75 GB
2025-10-05 16:50:50,741 - INFO -   VMS: 6.44 GB
2025-10-05 16:50:50,741 - INFO -   % of System: 0.4%
2025-10-05 16:50:50,742 - INFO - System Memory:
2025-10-05 16:50:50,742 - INFO -   Total Used: 15.6%
2025-10-05 16:50:50,742 - INFO -   Available: 721.11 GB
2025-10-05 16:50:50,753 - INFO -   Cached: 34.09 GB
2025-10-05 16:50:51,780 - INFO - CPU:
2025-10-05 16:50:51,780 - INFO -   Process usage: 42.1%
2025-10-05 16:50:51,781 - INFO -   Threads: 14
2025-10-05 16:50:51,781 - INFO -   Allocated cores: 288 (IDs: [0, 1, 2, 3, 4]...)
2025-10-05 16:50:51,781 - INFO - Process I/O:
2025-10-05 16:50:51,781 - INFO -   Read: 0.03 GB
2025-10-05 16:50:51,781 - INFO -   Write: 0.02 GB
2025-10-05 16:50:51,781 - INFO - ==================================================
2025-10-05 16:50:52,021 - INFO - Worker 0: Parsed 7,750,000 docs, Queue: 299
2025-10-05 16:50:52,164 - INFO - Progress: 7,110,000 indexed, 0 failed, Rate: 2589.5 docs/sec, Queue: 299, Elapsed: 2745.7s
2025-10-05 16:50:52,181 - INFO - Progress: 7,120,000 indexed, 0 failed, Rate: 2593.1 docs/sec, Queue: 299, Elapsed: 2745.7s
2025-10-05 16:50:52,208 - INFO - Progress: 7,130,000 indexed, 0 failed, Rate: 2596.7 docs/sec, Queue: 299, Elapsed: 2745.8s
2025-10-05 16:50:52,237 - INFO - Progress: 7,140,000 indexed, 0 failed, Rate: 2600.3 docs/sec, Queue: 299, Elapsed: 2745.8s
2025-10-05 16:50:52,264 - INFO - Progress: 7,150,000 indexed, 0 failed, Rate: 2604.0 docs/sec, Queue: 299, Elapsed: 2745.8s
2025-10-05 16:50:52,289 - INFO - Progress: 7,160,000 indexed, 0 failed, Rate: 2607.6 docs/sec, Queue: 299, Elapsed: 2745.8s
2025-10-05 16:50:52,311 - INFO - Progress: 7,170,000 indexed, 0 failed, Rate: 2611.2 docs/sec, Queue: 299, Elapsed: 2745.9s
2025-10-05 16:50:52,339 - INFO - Progress: 7,180,000 indexed, 0 failed, Rate: 2614.8 docs/sec, Queue: 299, Elapsed: 2745.9s
2025-10-05 16:50:52,364 - INFO - Progress: 7,190,000 indexed, 0 failed, Rate: 2618.4 docs/sec, Queue: 299, Elapsed: 2745.9s
2025-10-05 16:50:57,394 - INFO - POST http://localhost:9200/_bulk [status:200 request:54.414s]
2025-10-05 16:50:57,630 - INFO - Progress: 7,200,000 indexed, 0 failed, Rate: 2617.1 docs/sec, Queue: 300, Elapsed: 2751.2s
2025-10-05 16:50:57,697 - INFO - === METRICS ES CONSUMER AT 7200000 DOCS ===
2025-10-05 16:50:57,702 - INFO - Process Memory:
2025-10-05 16:50:57,702 - INFO -   RSS: 3.75 GB
2025-10-05 16:50:57,703 - INFO -   VMS: 6.43 GB
2025-10-05 16:50:57,703 - INFO -   % of System: 0.4%
2025-10-05 16:50:57,703 - INFO - System Memory:
2025-10-05 16:50:57,703 - INFO -   Total Used: 15.6%
2025-10-05 16:50:57,714 - INFO -   Available: 721.08 GB
2025-10-05 16:50:57,720 - INFO -   Cached: 34.11 GB
2025-10-05 16:50:58,736 - INFO - CPU:
2025-10-05 16:50:58,737 - INFO -   Process usage: 42.5%
2025-10-05 16:50:58,737 - INFO -   Threads: 14
2025-10-05 16:50:58,737 - INFO -   Allocated cores: 288 (IDs: [0, 1, 2, 3, 4]...)
2025-10-05 16:50:58,737 - INFO - Process I/O:
2025-10-05 16:50:58,737 - INFO -   Read: 0.03 GB
2025-10-05 16:50:58,737 - INFO -   Write: 0.02 GB
2025-10-05 16:50:58,737 - INFO - ==================================================
2025-10-05 16:50:59,025 - INFO - Progress: 7,210,000 indexed, 0 failed, Rate: 2619.4 docs/sec, Queue: 299, Elapsed: 2752.6s
2025-10-05 16:51:00,528 - INFO - Overall progress: Parsed 7,761,000, Indexed 0, Queue: 300
2025-10-05 16:51:07,293 - INFO - POST http://localhost:9200/_bulk [status:200 request:46.500s]
2025-10-05 16:51:07,526 - INFO - Progress: 7,220,000 indexed, 0 failed, Rate: 2614.9 docs/sec, Queue: 300, Elapsed: 2761.1s
2025-10-05 16:51:10,529 - INFO - Overall progress: Parsed 7,771,000, Indexed 0, Queue: 300
2025-10-05 16:51:31,039 - INFO - POST http://localhost:9200/_bulk [status:200 request:59.611s]
2025-10-05 16:51:31,266 - INFO - Progress: 7,230,000 indexed, 0 failed, Rate: 2596.2 docs/sec, Queue: 300, Elapsed: 2784.8s
2025-10-05 16:51:34,810 - INFO - POST http://localhost:9200/_bulk [status:200 request:57.232s]
2025-10-05 16:51:35,309 - INFO - Progress: 7,240,000 indexed, 0 failed, Rate: 2596.0 docs/sec, Queue: 300, Elapsed: 2788.9s
2025-10-05 16:51:37,790 - INFO - POST http://localhost:9200/_bulk [status:200 request:53.909s]
2025-10-05 16:51:37,984 - INFO - Progress: 7,250,000 indexed, 0 failed, Rate: 2597.1 docs/sec, Queue: 300, Elapsed: 2791.5s
2025-10-05 16:51:39,384 - INFO - Worker 0: Parsed 7,800,000 docs, Queue: 299
2025-10-05 16:51:40,530 - INFO - Overall progress: Parsed 7,801,000, Indexed 0, Queue: 300
2025-10-05 16:51:44,588 - INFO - POST http://localhost:9200/_bulk [status:200 request:57.567s]
2025-10-05 16:51:48,096 - INFO - POST http://localhost:9200/_bulk [status:200 request:57.360s]
2025-10-05 16:51:50,531 - INFO - Overall progress: Parsed 7,821,000, Indexed 0, Queue: 300
2025-10-05 16:52:08,281 - INFO - POST http://localhost:9200/_bulk [status:200 request:60.705s]
2025-10-05 16:52:10,532 - INFO - Overall progress: Parsed 7,831,000, Indexed 0, Queue: 300
2025-10-05 16:52:18,318 - INFO - POST http://localhost:9200/_bulk [status:200 request:40.241s]
2025-10-05 16:52:20,196 - INFO - POST http://localhost:9200/_bulk [status:200 request:44.837s]
2025-10-05 16:52:20,345 - INFO - POST http://localhost:9200/_bulk [status:200 request:49.021s]
2025-10-05 16:52:20,551 - INFO - Overall progress: Parsed 7,841,000, Indexed 0, Queue: 300
2025-10-05 16:52:22,066 - INFO - Worker 0: Parsed 7,850,000 docs, Queue: 291
2025-10-05 16:52:28,624 - INFO - POST http://localhost:9200/_bulk [status:200 request:40.272s]
2025-10-05 16:52:30,562 - INFO - Overall progress: Parsed 7,870,000, Indexed 0, Queue: 299
2025-10-05 16:52:40,563 - INFO - Overall progress: Parsed 7,871,000, Indexed 0, Queue: 300
2025-10-05 16:52:45,010 - INFO - POST http://localhost:9200/_bulk [status:200 request:36.470s]
2025-10-05 16:52:50,564 - INFO - Overall progress: Parsed 7,881,000, Indexed 0, Queue: 300
2025-10-05 16:52:51,723 - INFO - POST http://localhost:9200/_bulk [status:200 request:32.863s]
2025-10-05 16:52:54,956 - INFO - POST http://localhost:9200/_bulk [status:200 request:129.291s]
2025-10-05 16:52:55,508 - INFO - Progress: 7,260,000 indexed, 0 failed, Rate: 2530.4 docs/sec, Queue: 300, Elapsed: 2869.1s
2025-10-05 16:52:55,566 - INFO - Progress: 7,270,000 indexed, 0 failed, Rate: 2533.9 docs/sec, Queue: 300, Elapsed: 2869.1s
2025-10-05 16:52:55,599 - INFO - Progress: 7,280,000 indexed, 0 failed, Rate: 2537.3 docs/sec, Queue: 300, Elapsed: 2869.2s
2025-10-05 16:52:56,111 - INFO - POST http://localhost:9200/_bulk [status:200 request:35.502s]
2025-10-05 16:52:56,983 - INFO - Worker 0: Parsed 7,900,000 docs, Queue: 294
2025-10-05 16:52:59,044 - INFO - POST http://localhost:9200/_bulk [status:200 request:38.302s]
2025-10-05 16:53:00,564 - INFO - Overall progress: Parsed 7,919,000, Indexed 0, Queue: 298
2025-10-05 16:53:05,334 - INFO - POST http://localhost:9200/_bulk [status:200 request:127.649s]
2025-10-05 16:53:05,564 - INFO - Progress: 7,290,000 indexed, 0 failed, Rate: 2532.0 docs/sec, Queue: 300, Elapsed: 2879.1s
2025-10-05 16:53:05,588 - INFO - Progress: 7,300,000 indexed, 0 failed, Rate: 2535.5 docs/sec, Queue: 300, Elapsed: 2879.1s
2025-10-05 16:53:05,649 - INFO - === METRICS ES CONSUMER AT 7300000 DOCS ===
2025-10-05 16:53:05,654 - INFO - Process Memory:
2025-10-05 16:53:05,656 - INFO -   RSS: 3.74 GB
2025-10-05 16:53:05,656 - INFO -   VMS: 6.43 GB
2025-10-05 16:53:05,656 - INFO -   % of System: 0.4%
2025-10-05 16:53:05,656 - INFO - System Memory:
2025-10-05 16:53:05,656 - INFO -   Total Used: 15.6%
2025-10-05 16:53:05,656 - INFO -   Available: 720.91 GB
2025-10-05 16:53:05,656 - INFO -   Cached: 33.71 GB
2025-10-05 16:53:07,148 - INFO - CPU:
2025-10-05 16:53:07,153 - INFO -   Process usage: 88.4%
2025-10-05 16:53:07,158 - INFO -   Threads: 14
2025-10-05 16:53:07,163 - INFO -   Allocated cores: 288 (IDs: [0, 1, 2, 3, 4]...)
2025-10-05 16:53:07,177 - INFO - Process I/O:
2025-10-05 16:53:07,177 - INFO -   Read: 0.03 GB
2025-10-05 16:53:07,177 - INFO -   Write: 0.02 GB
2025-10-05 16:53:07,177 - INFO - ==================================================
2025-10-05 16:53:07,594 - INFO - Progress: 7,310,000 indexed, 0 failed, Rate: 2537.2 docs/sec, Queue: 300, Elapsed: 2881.1s
2025-10-05 16:53:07,634 - INFO - Progress: 7,320,000 indexed, 0 failed, Rate: 2540.6 docs/sec, Queue: 300, Elapsed: 2881.2s
2025-10-05 16:53:07,664 - INFO - Progress: 7,330,000 indexed, 0 failed, Rate: 2544.1 docs/sec, Queue: 300, Elapsed: 2881.2s
2025-10-05 16:53:10,565 - INFO - Overall progress: Parsed 7,931,000, Indexed 0, Queue: 300
2025-10-05 16:53:26,057 - INFO - POST http://localhost:9200/_bulk [status:200 request:34.077s]
2025-10-05 16:53:30,566 - INFO - Overall progress: Parsed 7,941,000, Indexed 0, Queue: 300
2025-10-05 16:53:32,335 - INFO - POST http://localhost:9200/_bulk [status:200 request:47.067s]
2025-10-05 16:53:33,904 - INFO - Worker 0: Parsed 7,950,000 docs, Queue: 299
2025-10-05 16:53:38,466 - INFO - POST http://localhost:9200/_bulk [status:200 request:42.025s]
2025-10-05 16:53:40,567 - INFO - Overall progress: Parsed 7,961,000, Indexed 0, Queue: 300
2025-10-05 16:53:46,649 - INFO - POST http://localhost:9200/_bulk [status:200 request:47.330s]
2025-10-05 16:53:48,767 - INFO - POST http://localhost:9200/_bulk [status:200 request:43.154s]
2025-10-05 16:53:50,567 - INFO - Overall progress: Parsed 7,981,000, Indexed 0, Queue: 300
2025-10-05 16:54:08,165 - INFO - POST http://localhost:9200/_bulk [status:200 request:143.312s]
2025-10-05 16:54:08,395 - INFO - Progress: 7,340,000 indexed, 0 failed, Rate: 2494.9 docs/sec, Queue: 300, Elapsed: 2941.9s
2025-10-05 16:54:08,437 - INFO - Progress: 7,350,000 indexed, 0 failed, Rate: 2498.3 docs/sec, Queue: 300, Elapsed: 2942.0s
2025-10-05 16:54:08,468 - INFO - Progress: 7,360,000 indexed, 0 failed, Rate: 2501.7 docs/sec, Queue: 300, Elapsed: 2942.0s
2025-10-05 16:54:08,512 - INFO - Progress: 7,370,000 indexed, 0 failed, Rate: 2505.0 docs/sec, Queue: 300, Elapsed: 2942.1s
2025-10-05 16:54:08,545 - INFO - Progress: 7,380,000 indexed, 0 failed, Rate: 2508.4 docs/sec, Queue: 300, Elapsed: 2942.1s
2025-10-05 16:54:08,581 - INFO - Progress: 7,390,000 indexed, 0 failed, Rate: 2511.8 docs/sec, Queue: 300, Elapsed: 2942.1s
2025-10-05 16:54:10,238 - INFO - POST http://localhost:9200/_bulk [status:200 request:43.918s]
2025-10-05 16:54:10,745 - INFO - Overall progress: Parsed 7,991,000, Indexed 0, Queue: 300
2025-10-05 16:54:12,111 - INFO - Worker 0: Parsed 8,000,000 docs, Queue: 299
2025-10-05 16:54:14,440 - INFO - POST http://localhost:9200/_bulk [status:200 request:41.831s]
2025-10-05 16:54:20,560 - INFO - POST http://localhost:9200/_bulk [status:200 request:41.832s]
2025-10-05 16:54:20,830 - INFO - Overall progress: Parsed 8,011,000, Indexed 0, Queue: 300
2025-10-05 16:54:30,793 - INFO - POST http://localhost:9200/_bulk [status:200 request:43.524s]
2025-10-05 16:54:30,880 - INFO - Overall progress: Parsed 8,021,000, Indexed 0, Queue: 300
2025-10-05 16:54:36,825 - INFO - POST http://localhost:9200/_bulk [status:200 request:47.793s]
2025-10-05 16:54:40,886 - INFO - Overall progress: Parsed 8,041,000, Indexed 0, Queue: 300
2025-10-05 16:54:41,639 - INFO - POST http://localhost:9200/_bulk [status:200 request:132.433s]
2025-10-05 16:54:41,870 - INFO - Progress: 7,400,000 indexed, 0 failed, Rate: 2487.0 docs/sec, Queue: 300, Elapsed: 2975.4s
2025-10-05 16:54:41,925 - INFO - === METRICS ES CONSUMER AT 7400000 DOCS ===
2025-10-05 16:54:41,930 - INFO - Process Memory:
2025-10-05 16:54:41,936 - INFO -   RSS: 3.76 GB
2025-10-05 16:54:41,941 - INFO -   VMS: 6.44 GB
2025-10-05 16:54:41,948 - INFO -   % of System: 0.4%
2025-10-05 16:54:41,948 - INFO - System Memory:
2025-10-05 16:54:41,948 - INFO -   Total Used: 15.7%
2025-10-05 16:54:41,948 - INFO -   Available: 720.41 GB
2025-10-05 16:54:41,948 - INFO -   Cached: 34.08 GB
2025-10-05 16:54:42,964 - INFO - CPU:
2025-10-05 16:54:42,964 - INFO -   Process usage: 49.2%
2025-10-05 16:54:42,964 - INFO -   Threads: 14
2025-10-05 16:54:42,964 - INFO -   Allocated cores: 288 (IDs: [0, 1, 2, 3, 4]...)
2025-10-05 16:54:42,964 - INFO - Process I/O:
2025-10-05 16:54:42,964 - INFO -   Read: 0.03 GB
2025-10-05 16:54:42,964 - INFO -   Write: 0.02 GB
2025-10-05 16:54:42,964 - INFO - ==================================================
2025-10-05 16:54:43,231 - INFO - Worker 0: Parsed 8,050,000 docs, Queue: 299
2025-10-05 16:54:43,345 - INFO - Progress: 7,410,000 indexed, 0 failed, Rate: 2489.2 docs/sec, Queue: 299, Elapsed: 2976.9s
2025-10-05 16:54:43,373 - INFO - Progress: 7,420,000 indexed, 0 failed, Rate: 2492.5 docs/sec, Queue: 299, Elapsed: 2976.9s
2025-10-05 16:54:47,408 - INFO - POST http://localhost:9200/_bulk [status:200 request:111.799s]
2025-10-05 16:54:47,621 - INFO - Progress: 7,430,000 indexed, 0 failed, Rate: 2492.3 docs/sec, Queue: 300, Elapsed: 2981.2s
2025-10-05 16:54:47,718 - INFO - Progress: 7,440,000 indexed, 0 failed, Rate: 2495.6 docs/sec, Queue: 300, Elapsed: 2981.3s
2025-10-05 16:54:47,753 - INFO - Progress: 7,450,000 indexed, 0 failed, Rate: 2498.9 docs/sec, Queue: 300, Elapsed: 2981.3s
2025-10-05 16:54:47,801 - INFO - Progress: 7,460,000 indexed, 0 failed, Rate: 2502.2 docs/sec, Queue: 300, Elapsed: 2981.4s
2025-10-05 16:54:47,829 - INFO - Progress: 7,470,000 indexed, 0 failed, Rate: 2505.5 docs/sec, Queue: 300, Elapsed: 2981.4s
2025-10-05 16:54:47,866 - INFO - Progress: 7,480,000 indexed, 0 failed, Rate: 2508.9 docs/sec, Queue: 300, Elapsed: 2981.4s
2025-10-05 16:54:47,892 - INFO - Progress: 7,490,000 indexed, 0 failed, Rate: 2512.2 docs/sec, Queue: 300, Elapsed: 2981.4s
2025-10-05 16:54:47,927 - INFO - Progress: 7,500,000 indexed, 0 failed, Rate: 2515.5 docs/sec, Queue: 300, Elapsed: 2981.5s
2025-10-05 16:54:47,964 - INFO - === METRICS ES CONSUMER AT 7500000 DOCS ===
2025-10-05 16:54:47,969 - INFO - Process Memory:
2025-10-05 16:54:47,974 - INFO -   RSS: 3.76 GB
2025-10-05 16:54:47,979 - INFO -   VMS: 6.44 GB
2025-10-05 16:54:47,984 - INFO -   % of System: 0.4%
2025-10-05 16:54:47,993 - INFO - System Memory:
2025-10-05 16:54:47,998 - INFO -   Total Used: 15.7%
2025-10-05 16:54:48,003 - INFO -   Available: 720.42 GB
2025-10-05 16:54:48,009 - INFO -   Cached: 33.95 GB
2025-10-05 16:54:49,020 - INFO - CPU:
2025-10-05 16:54:49,021 - INFO -   Process usage: 39.8%
2025-10-05 16:54:49,021 - INFO -   Threads: 14
2025-10-05 16:54:49,021 - INFO -   Allocated cores: 288 (IDs: [0, 1, 2, 3, 4]...)
2025-10-05 16:54:49,021 - INFO - Process I/O:
2025-10-05 16:54:49,021 - INFO -   Read: 0.03 GB
2025-10-05 16:54:49,021 - INFO -   Write: 0.02 GB
2025-10-05 16:54:49,021 - INFO - ==================================================
2025-10-05 16:54:49,309 - INFO - Progress: 7,510,000 indexed, 0 failed, Rate: 2517.7 docs/sec, Queue: 299, Elapsed: 2982.9s
2025-10-05 16:54:50,214 - INFO - POST http://localhost:9200/_bulk [status:200 request:39.349s]
2025-10-05 16:54:50,897 - INFO - Overall progress: Parsed 8,064,000, Indexed 0, Queue: 296
2025-10-05 16:55:00,903 - INFO - Overall progress: Parsed 8,071,000, Indexed 0, Queue: 300
2025-10-05 16:55:06,464 - INFO - POST http://localhost:9200/_bulk [status:200 request:58.006s]
2025-10-05 16:55:06,687 - INFO - Progress: 7,520,000 indexed, 0 failed, Rate: 2506.5 docs/sec, Queue: 300, Elapsed: 3000.2s
2025-10-05 16:55:06,710 - INFO - Progress: 7,530,000 indexed, 0 failed, Rate: 2509.8 docs/sec, Queue: 300, Elapsed: 3000.3s
2025-10-05 16:55:10,904 - INFO - Overall progress: Parsed 8,081,000, Indexed 0, Queue: 300
2025-10-05 16:55:14,822 - INFO - POST http://localhost:9200/_bulk [status:200 request:60.113s]
2025-10-05 16:55:15,267 - INFO - Progress: 7,540,000 indexed, 0 failed, Rate: 2506.0 docs/sec, Queue: 300, Elapsed: 3008.8s
2025-10-05 16:55:16,688 - INFO - POST http://localhost:9200/_bulk [status:200 request:55.856s]
2025-10-05 16:55:16,927 - INFO - Progress: 7,550,000 indexed, 0 failed, Rate: 2507.9 docs/sec, Queue: 300, Elapsed: 3010.5s
2025-10-05 16:55:18,280 - INFO - Worker 0: Parsed 8,100,000 docs, Queue: 299
2025-10-05 16:55:20,904 - INFO - Overall progress: Parsed 8,101,000, Indexed 0, Queue: 300
2025-10-05 16:55:32,269 - INFO - POST http://localhost:9200/_bulk [status:200 request:60.834s]
2025-10-05 16:55:32,492 - INFO - Progress: 7,560,000 indexed, 0 failed, Rate: 2498.3 docs/sec, Queue: 300, Elapsed: 3026.0s
2025-10-05 16:55:38,042 - INFO - POST http://localhost:9200/_bulk [status:200 request:50.298s]
2025-10-05 16:55:39,192 - INFO - POST http://localhost:9200/_bulk [status:200 request:48.696s]
2025-10-05 16:55:40,906 - INFO - Overall progress: Parsed 8,128,000, Indexed 0, Queue: 297
2025-10-05 16:55:48,158 - INFO - POST http://localhost:9200/_bulk [status:200 request:41.422s]
2025-10-05 16:55:50,906 - INFO - Overall progress: Parsed 8,141,000, Indexed 0, Queue: 300
2025-10-05 16:55:51,454 - INFO - POST http://localhost:9200/_bulk [status:200 request:74.359s]
2025-10-05 16:55:51,640 - INFO - Progress: 7,570,000 indexed, 0 failed, Rate: 2485.9 docs/sec, Queue: 300, Elapsed: 3045.2s
2025-10-05 16:55:52,992 - INFO - Worker 0: Parsed 8,150,000 docs, Queue: 299
2025-10-05 16:55:54,811 - INFO - POST http://localhost:9200/_bulk [status:200 request:39.437s]
2025-10-05 16:55:55,117 - INFO - POST http://localhost:9200/_bulk [status:200 request:15.676s]
2025-10-05 16:56:00,907 - INFO - Overall progress: Parsed 8,171,000, Indexed 0, Queue: 300
2025-10-05 16:56:06,832 - INFO - POST http://localhost:9200/_bulk [status:200 request:84.912s]
2025-10-05 16:56:07,094 - INFO - POST http://localhost:9200/_bulk [status:200 request:18.388s]
2025-10-05 16:56:07,097 - INFO - Progress: 7,580,000 indexed, 0 failed, Rate: 2476.6 docs/sec, Queue: 300, Elapsed: 3060.7s
2025-10-05 16:56:07,236 - INFO - Progress: 7,590,000 indexed, 0 failed, Rate: 2479.8 docs/sec, Queue: 300, Elapsed: 3060.8s
2025-10-05 16:56:07,270 - INFO - Progress: 7,600,000 indexed, 0 failed, Rate: 2483.0 docs/sec, Queue: 300, Elapsed: 3060.8s
2025-10-05 16:56:07,433 - INFO - === METRICS ES CONSUMER AT 7600000 DOCS ===
2025-10-05 16:56:07,449 - INFO - Process Memory:
2025-10-05 16:56:07,454 - INFO -   RSS: 3.89 GB
2025-10-05 16:56:07,459 - INFO -   VMS: 6.57 GB
2025-10-05 16:56:07,460 - INFO -   % of System: 0.5%
2025-10-05 16:56:07,469 - INFO - System Memory:
2025-10-05 16:56:07,474 - INFO -   Total Used: 15.7%
2025-10-05 16:56:07,480 - INFO -   Available: 720.37 GB
2025-10-05 16:56:07,485 - INFO -   Cached: 33.87 GB
2025-10-05 16:56:07,817 - INFO - POST http://localhost:9200/_bulk [status:200 request:16.098s]
2025-10-05 16:56:08,934 - INFO - CPU:
2025-10-05 16:56:08,935 - INFO -   Process usage: 98.1%
2025-10-05 16:56:08,942 - INFO -   Threads: 14
2025-10-05 16:56:08,949 - INFO -   Allocated cores: 288 (IDs: [0, 1, 2, 3, 4]...)
2025-10-05 16:56:08,964 - INFO - Process I/O:
2025-10-05 16:56:08,973 - INFO -   Read: 0.03 GB
2025-10-05 16:56:08,978 - INFO -   Write: 0.02 GB
2025-10-05 16:56:08,983 - INFO - ==================================================
2025-10-05 16:56:09,316 - INFO - Progress: 7,610,000 indexed, 0 failed, Rate: 2484.6 docs/sec, Queue: 300, Elapsed: 3062.9s
2025-10-05 16:56:09,349 - INFO - Progress: 7,620,000 indexed, 0 failed, Rate: 2487.8 docs/sec, Queue: 300, Elapsed: 3062.9s
2025-10-05 16:56:10,908 - INFO - Overall progress: Parsed 8,188,000, Indexed 0, Queue: 287
2025-10-05 16:56:12,609 - INFO - Worker 0: Parsed 8,200,000 docs, Queue: 299
2025-10-05 16:56:13,212 - INFO - POST http://localhost:9200/_bulk [status:200 request:17.461s]
2025-10-05 16:56:14,592 - INFO - POST http://localhost:9200/_bulk [status:200 request:19.523s]
2025-10-05 16:56:20,909 - INFO - Overall progress: Parsed 8,221,000, Indexed 0, Queue: 300
2025-10-05 16:56:23,667 - INFO - POST http://localhost:9200/_bulk [status:200 request:16.230s]
2025-10-05 16:56:25,179 - INFO - POST http://localhost:9200/_bulk [status:200 request:16.211s]
2025-10-05 16:56:26,782 - INFO - POST http://localhost:9200/_bulk [status:200 request:19.649s]
2025-10-05 16:56:29,049 - INFO - Worker 0: Parsed 8,250,000 docs, Queue: 299
2025-10-05 16:56:30,890 - INFO - POST http://localhost:9200/_bulk [status:200 request:17.415s]
2025-10-05 16:56:30,974 - INFO - Overall progress: Parsed 8,251,000, Indexed 0, Queue: 300
2025-10-05 16:56:36,827 - INFO - POST http://localhost:9200/_bulk [status:200 request:64.291s]
2025-10-05 16:56:37,182 - INFO - POST http://localhost:9200/_bulk [status:200 request:22.326s]
2025-10-05 16:56:40,117 - INFO - POST http://localhost:9200/_bulk [status:200 request:14.694s]
2025-10-05 16:56:40,990 - INFO - Overall progress: Parsed 8,284,000, Indexed 0, Queue: 295
2025-10-05 16:56:44,817 - INFO - POST http://localhost:9200/_bulk [status:200 request:20.900s]
2025-10-05 16:56:46,428 - INFO - Worker 0: Parsed 8,300,000 docs, Queue: 299
2025-10-05 16:56:47,923 - INFO - POST http://localhost:9200/_bulk [status:200 request:20.881s]
2025-10-05 16:56:50,996 - INFO - Overall progress: Parsed 8,311,000, Indexed 0, Queue: 300
2025-10-05 16:56:51,489 - INFO - POST http://localhost:9200/_bulk [status:200 request:73.192s]
2025-10-05 16:56:57,549 - INFO - POST http://localhost:9200/_bulk [status:200 request:20.492s]
2025-10-05 16:56:58,351 - INFO - POST http://localhost:9200/_bulk [status:200 request:20.849s]
2025-10-05 16:57:00,365 - INFO - POST http://localhost:9200/_bulk [status:200 request:20.002s]
2025-10-05 16:57:00,640 - INFO - POST http://localhost:9200/_bulk [status:200 request:29.491s]
2025-10-05 16:57:01,006 - INFO - Overall progress: Parsed 8,341,000, Indexed 0, Queue: 298
2025-10-05 16:57:02,599 - INFO - Worker 0: Parsed 8,350,000 docs, Queue: 300
2025-10-05 16:57:08,371 - INFO - POST http://localhost:9200/_bulk [status:200 request:23.312s]
2025-10-05 16:57:09,291 - INFO - POST http://localhost:9200/_bulk [status:200 request:21.132s]
2025-10-05 16:57:11,012 - INFO - Overall progress: Parsed 8,376,000, Indexed 0, Queue: 295
2025-10-05 16:57:15,378 - INFO - POST http://localhost:9200/_bulk [status:200 request:16.751s]
2025-10-05 16:57:16,884 - INFO - POST http://localhost:9200/_bulk [status:200 request:15.918s]
2025-10-05 16:57:18,958 - INFO - Worker 0: Parsed 8,400,000 docs, Queue: 300
2025-10-05 16:57:21,013 - INFO - Overall progress: Parsed 8,401,000, Indexed 0, Queue: 300
2025-10-05 16:57:21,655 - INFO - POST http://localhost:9200/_bulk [status:200 request:13.046s]
2025-10-05 16:57:23,923 - INFO - POST http://localhost:9200/_bulk [status:200 request:126.939s]
2025-10-05 16:57:24,171 - INFO - Progress: 7,630,000 indexed, 0 failed, Rate: 2431.7 docs/sec, Queue: 300, Elapsed: 3137.7s
2025-10-05 16:57:24,202 - INFO - Progress: 7,640,000 indexed, 0 failed, Rate: 2434.9 docs/sec, Queue: 300, Elapsed: 3137.8s
2025-10-05 16:57:24,236 - INFO - Progress: 7,650,000 indexed, 0 failed, Rate: 2438.0 docs/sec, Queue: 300, Elapsed: 3137.8s
2025-10-05 16:57:24,274 - INFO - Progress: 7,660,000 indexed, 0 failed, Rate: 2441.2 docs/sec, Queue: 300, Elapsed: 3137.8s
2025-10-05 16:57:24,327 - INFO - Progress: 7,670,000 indexed, 0 failed, Rate: 2444.3 docs/sec, Queue: 300, Elapsed: 3137.9s
2025-10-05 16:57:24,376 - INFO - Progress: 7,680,000 indexed, 0 failed, Rate: 2447.5 docs/sec, Queue: 300, Elapsed: 3137.9s
2025-10-05 16:57:24,423 - INFO - Progress: 7,690,000 indexed, 0 failed, Rate: 2450.6 docs/sec, Queue: 300, Elapsed: 3138.0s
2025-10-05 16:57:24,469 - INFO - Progress: 7,700,000 indexed, 0 failed, Rate: 2453.8 docs/sec, Queue: 300, Elapsed: 3138.0s
2025-10-05 16:57:24,506 - INFO - === METRICS ES CONSUMER AT 7700000 DOCS ===
2025-10-05 16:57:24,511 - INFO - Process Memory:
2025-10-05 16:57:24,517 - INFO -   RSS: 4.06 GB
2025-10-05 16:57:24,522 - INFO -   VMS: 6.73 GB
2025-10-05 16:57:24,537 - INFO -   % of System: 0.5%
2025-10-05 16:57:24,540 - INFO - System Memory:
2025-10-05 16:57:24,541 - INFO -   Total Used: 15.8%
2025-10-05 16:57:24,541 - INFO -   Available: 719.63 GB
2025-10-05 16:57:24,541 - INFO -   Cached: 34.93 GB
2025-10-05 16:57:25,571 - INFO - CPU:
2025-10-05 16:57:25,572 - INFO -   Process usage: 40.1%
2025-10-05 16:57:25,572 - INFO -   Threads: 14
2025-10-05 16:57:25,572 - INFO -   Allocated cores: 288 (IDs: [0, 1, 2, 3, 4]...)
2025-10-05 16:57:25,572 - INFO - Process I/O:
2025-10-05 16:57:25,572 - INFO -   Read: 0.03 GB
2025-10-05 16:57:25,572 - INFO -   Write: 0.02 GB
2025-10-05 16:57:25,572 - INFO - ==================================================
2025-10-05 16:57:26,011 - INFO - Progress: 7,710,000 indexed, 0 failed, Rate: 2455.8 docs/sec, Queue: 299, Elapsed: 3139.6s
2025-10-05 16:57:26,033 - INFO - Progress: 7,720,000 indexed, 0 failed, Rate: 2458.9 docs/sec, Queue: 300, Elapsed: 3139.6s
2025-10-05 16:57:26,063 - INFO - Progress: 7,730,000 indexed, 0 failed, Rate: 2462.1 docs/sec, Queue: 300, Elapsed: 3139.6s
2025-10-05 16:57:26,087 - INFO - Progress: 7,740,000 indexed, 0 failed, Rate: 2465.2 docs/sec, Queue: 300, Elapsed: 3139.6s
2025-10-05 16:57:26,134 - INFO - Progress: 7,750,000 indexed, 0 failed, Rate: 2468.4 docs/sec, Queue: 300, Elapsed: 3139.7s
2025-10-05 16:57:26,161 - INFO - Progress: 7,760,000 indexed, 0 failed, Rate: 2471.6 docs/sec, Queue: 300, Elapsed: 3139.7s
2025-10-05 16:57:26,182 - INFO - Progress: 7,770,000 indexed, 0 failed, Rate: 2474.7 docs/sec, Queue: 300, Elapsed: 3139.7s
2025-10-05 16:57:26,198 - INFO - Progress: 7,780,000 indexed, 0 failed, Rate: 2477.9 docs/sec, Queue: 300, Elapsed: 3139.8s
2025-10-05 16:57:26,216 - INFO - Progress: 7,790,000 indexed, 0 failed, Rate: 2481.1 docs/sec, Queue: 300, Elapsed: 3139.8s
2025-10-05 16:57:26,241 - INFO - Progress: 7,800,000 indexed, 0 failed, Rate: 2484.2 docs/sec, Queue: 300, Elapsed: 3139.8s
2025-10-05 16:57:26,243 - INFO - === METRICS ES CONSUMER AT 7800000 DOCS ===
2025-10-05 16:57:26,243 - INFO - Process Memory:
2025-10-05 16:57:26,243 - INFO -   RSS: 4.06 GB
2025-10-05 16:57:26,243 - INFO -   VMS: 6.72 GB
2025-10-05 16:57:26,243 - INFO -   % of System: 0.5%
2025-10-05 16:57:26,243 - INFO - System Memory:
2025-10-05 16:57:26,243 - INFO -   Total Used: 15.8%
2025-10-05 16:57:26,243 - INFO -   Available: 719.62 GB
2025-10-05 16:57:26,243 - INFO -   Cached: 34.93 GB
2025-10-05 16:57:27,106 - INFO - POST http://localhost:9200/_bulk [status:200 request:34.970s]
2025-10-05 16:57:27,321 - INFO - CPU:
2025-10-05 16:57:27,326 - INFO -   Process usage: 19.8%
2025-10-05 16:57:27,342 - INFO -   Threads: 14
2025-10-05 16:57:27,347 - INFO -   Allocated cores: 288 (IDs: [0, 1, 2, 3, 4]...)
2025-10-05 16:57:27,367 - INFO - Process I/O:
2025-10-05 16:57:27,372 - INFO -   Read: 0.03 GB
2025-10-05 16:57:27,372 - INFO -   Write: 0.02 GB
2025-10-05 16:57:27,372 - INFO - ==================================================
2025-10-05 16:57:27,724 - INFO - Progress: 7,810,000 indexed, 0 failed, Rate: 2486.2 docs/sec, Queue: 300, Elapsed: 3141.3s
2025-10-05 16:57:27,753 - INFO - Progress: 7,820,000 indexed, 0 failed, Rate: 2489.4 docs/sec, Queue: 300, Elapsed: 3141.3s
2025-10-05 16:57:27,779 - INFO - Progress: 7,830,000 indexed, 0 failed, Rate: 2492.6 docs/sec, Queue: 300, Elapsed: 3141.3s
2025-10-05 16:57:27,807 - INFO - Progress: 7,840,000 indexed, 0 failed, Rate: 2495.7 docs/sec, Queue: 300, Elapsed: 3141.4s
2025-10-05 16:57:27,834 - INFO - Progress: 7,850,000 indexed, 0 failed, Rate: 2498.9 docs/sec, Queue: 300, Elapsed: 3141.4s
2025-10-05 16:57:28,558 - INFO - POST http://localhost:9200/_bulk [status:200 request:12.958s]
2025-10-05 16:57:31,015 - INFO - Overall progress: Parsed 8,441,000, Indexed 0, Queue: 300
2025-10-05 16:57:31,049 - INFO - POST http://localhost:9200/_bulk [status:200 request:13.921s]
2025-10-05 16:57:32,592 - INFO - Worker 0: Parsed 8,450,000 docs, Queue: 299
2025-10-05 16:57:41,016 - INFO - Overall progress: Parsed 8,451,000, Indexed 0, Queue: 300
2025-10-05 16:57:43,301 - INFO - POST http://localhost:9200/_bulk [status:200 request:19.094s]
2025-10-05 16:57:44,991 - INFO - POST http://localhost:9200/_bulk [status:200 request:17.650s]
2025-10-05 16:57:46,338 - INFO - POST http://localhost:9200/_bulk [status:200 request:45.731s]
2025-10-05 16:57:47,399 - INFO - POST http://localhost:9200/_bulk [status:200 request:18.584s]
2025-10-05 16:57:48,986 - INFO - POST http://localhost:9200/_bulk [status:200 request:27.038s]
2025-10-05 16:57:48,991 - INFO - POST http://localhost:9200/_bulk [status:200 request:51.194s]
2025-10-05 16:57:49,246 - INFO - POST http://localhost:9200/_bulk [status:200 request:17.945s]
2025-10-05 16:57:49,566 - INFO - POST http://localhost:9200/_bulk [status:200 request:39.956s]
2025-10-05 16:57:49,920 - INFO - Progress: 7,860,000 indexed, 0 failed, Rate: 2484.6 docs/sec, Queue: 300, Elapsed: 3163.5s
2025-10-05 16:57:50,019 - INFO - Progress: 7,870,000 indexed, 0 failed, Rate: 2487.7 docs/sec, Queue: 300, Elapsed: 3163.6s
2025-10-05 16:57:50,053 - INFO - Progress: 7,880,000 indexed, 0 failed, Rate: 2490.8 docs/sec, Queue: 300, Elapsed: 3163.6s
2025-10-05 16:57:50,204 - INFO - Progress: 7,890,000 indexed, 0 failed, Rate: 2493.9 docs/sec, Queue: 300, Elapsed: 3163.8s
2025-10-05 16:57:50,235 - INFO - Progress: 7,900,000 indexed, 0 failed, Rate: 2497.0 docs/sec, Queue: 300, Elapsed: 3163.8s
2025-10-05 16:57:50,274 - INFO - === METRICS ES CONSUMER AT 7900000 DOCS ===
2025-10-05 16:57:50,274 - INFO - Process Memory:
2025-10-05 16:57:50,274 - INFO -   RSS: 4.04 GB
2025-10-05 16:57:50,274 - INFO -   VMS: 6.72 GB
2025-10-05 16:57:50,275 - INFO -   % of System: 0.5%
2025-10-05 16:57:50,275 - INFO - System Memory:
2025-10-05 16:57:50,275 - INFO -   Total Used: 15.8%
2025-10-05 16:57:50,285 - INFO -   Available: 719.55 GB
2025-10-05 16:57:50,290 - INFO -   Cached: 34.98 GB
2025-10-05 16:57:51,027 - INFO - Overall progress: Parsed 8,492,000, Indexed 0, Queue: 294
2025-10-05 16:57:51,319 - INFO - CPU:
2025-10-05 16:57:51,319 - INFO -   Process usage: 78.1%
2025-10-05 16:57:51,320 - INFO -   Threads: 14
2025-10-05 16:57:51,329 - INFO -   Allocated cores: 288 (IDs: [0, 1, 2, 3, 4]...)
2025-10-05 16:57:51,349 - INFO - Process I/O:
2025-10-05 16:57:51,356 - INFO -   Read: 0.03 GB
2025-10-05 16:57:51,361 - INFO -   Write: 0.02 GB
2025-10-05 16:57:51,366 - INFO - ==================================================
2025-10-05 16:57:51,716 - INFO - Progress: 7,910,000 indexed, 0 failed, Rate: 2499.0 docs/sec, Queue: 293, Elapsed: 3165.3s
2025-10-05 16:57:51,754 - INFO - Progress: 7,920,000 indexed, 0 failed, Rate: 2502.1 docs/sec, Queue: 292, Elapsed: 3165.3s
2025-10-05 16:57:51,786 - INFO - Progress: 7,930,000 indexed, 0 failed, Rate: 2505.3 docs/sec, Queue: 292, Elapsed: 3165.3s
2025-10-05 16:57:51,819 - INFO - Progress: 7,940,000 indexed, 0 failed, Rate: 2508.4 docs/sec, Queue: 292, Elapsed: 3165.4s
2025-10-05 16:57:51,851 - INFO - Progress: 7,950,000 indexed, 0 failed, Rate: 2511.5 docs/sec, Queue: 293, Elapsed: 3165.4s
2025-10-05 16:57:51,883 - INFO - Progress: 7,960,000 indexed, 0 failed, Rate: 2514.7 docs/sec, Queue: 293, Elapsed: 3165.4s
2025-10-05 16:57:51,906 - INFO - Progress: 7,970,000 indexed, 0 failed, Rate: 2517.8 docs/sec, Queue: 294, Elapsed: 3165.5s
2025-10-05 16:57:51,936 - INFO - Progress: 7,980,000 indexed, 0 failed, Rate: 2520.9 docs/sec, Queue: 293, Elapsed: 3165.5s
2025-10-05 16:57:52,207 - INFO - Worker 0: Parsed 8,500,000 docs, Queue: 291
2025-10-05 16:57:59,192 - INFO - POST http://localhost:9200/_bulk [status:200 request:15.654s]
2025-10-05 16:57:59,412 - INFO - Progress: 7,990,000 indexed, 0 failed, Rate: 2518.1 docs/sec, Queue: 300, Elapsed: 3173.0s
2025-10-05 16:58:01,033 - INFO - Overall progress: Parsed 8,540,000, Indexed 0, Queue: 299
2025-10-05 16:58:09,866 - INFO - POST http://localhost:9200/_bulk [status:200 request:20.343s]
2025-10-05 16:58:11,308 - INFO - Overall progress: Parsed 8,548,000, Indexed 0, Queue: 299
2025-10-05 16:58:11,586 - INFO - Worker 0: Parsed 8,550,000 docs, Queue: 299
2025-10-05 16:58:12,226 - INFO - POST http://localhost:9200/_bulk [status:200 request:22.334s]
2025-10-05 16:58:13,048 - INFO - POST http://localhost:9200/_bulk [status:200 request:22.974s]
2025-10-05 16:58:13,535 - INFO - POST http://localhost:9200/_bulk [status:200 request:25.868s]
2025-10-05 16:58:13,900 - INFO - POST http://localhost:9200/_bulk [status:200 request:28.622s]
2025-10-05 16:58:14,419 - INFO - Progress: 8,000,000 indexed, 0 failed, Rate: 2509.4 docs/sec, Queue: 298, Elapsed: 3188.0s
2025-10-05 16:58:14,523 - INFO - === METRICS ES CONSUMER AT 8000000 DOCS ===
2025-10-05 16:58:14,534 - INFO - Process Memory:
2025-10-05 16:58:14,539 - INFO -   RSS: 4.02 GB
2025-10-05 16:58:14,544 - INFO -   VMS: 6.70 GB
2025-10-05 16:58:14,555 - INFO -   % of System: 0.5%
2025-10-05 16:58:14,560 - INFO - System Memory:
2025-10-05 16:58:14,565 - INFO -   Total Used: 15.8%
2025-10-05 16:58:14,570 - INFO -   Available: 719.28 GB
2025-10-05 16:58:14,575 - INFO -   Cached: 35.48 GB
2025-10-05 16:58:15,593 - INFO - CPU:
2025-10-05 16:58:15,600 - INFO -   Process usage: 86.5%
2025-10-05 16:58:15,605 - INFO -   Threads: 14
2025-10-05 16:58:15,611 - INFO -   Allocated cores: 288 (IDs: [0, 1, 2, 3, 4]...)
2025-10-05 16:58:15,632 - INFO - Process I/O:
2025-10-05 16:58:15,637 - INFO -   Read: 0.03 GB
2025-10-05 16:58:15,642 - INFO -   Write: 0.02 GB
2025-10-05 16:58:15,643 - INFO - ==================================================
2025-10-05 16:58:17,997 - INFO - POST http://localhost:9200/_bulk [status:200 request:18.552s]
2025-10-05 16:58:19,390 - INFO - POST http://localhost:9200/_bulk [status:200 request:29.118s]
2025-10-05 16:58:20,778 - INFO - Worker 0: Parsed 8,600,000 docs, Queue: 289
2025-10-05 16:58:21,314 - INFO - Overall progress: Parsed 8,602,000, Indexed 0, Queue: 291
2025-10-05 16:58:31,152 - INFO - POST http://localhost:9200/_bulk [status:200 request:17.292s]
2025-10-05 16:58:31,564 - INFO - Overall progress: Parsed 8,611,000, Indexed 0, Queue: 300
2025-10-05 16:58:33,734 - INFO - POST http://localhost:9200/_bulk [status:200 request:19.239s]
2025-10-05 16:58:36,640 - INFO - POST http://localhost:9200/_bulk [status:200 request:50.046s]
2025-10-05 16:58:36,830 - INFO - Progress: 8,010,000 indexed, 0 failed, Rate: 2495.0 docs/sec, Queue: 300, Elapsed: 3210.4s
2025-10-05 16:58:36,892 - INFO - Progress: 8,020,000 indexed, 0 failed, Rate: 2498.1 docs/sec, Queue: 300, Elapsed: 3210.4s
2025-10-05 16:58:36,931 - INFO - Progress: 8,030,000 indexed, 0 failed, Rate: 2501.2 docs/sec, Queue: 300, Elapsed: 3210.5s
2025-10-05 16:58:36,976 - INFO - Progress: 8,040,000 indexed, 0 failed, Rate: 2504.3 docs/sec, Queue: 300, Elapsed: 3210.5s
2025-10-05 16:58:37,008 - INFO - Progress: 8,050,000 indexed, 0 failed, Rate: 2507.3 docs/sec, Queue: 300, Elapsed: 3210.6s
2025-10-05 16:58:37,038 - INFO - Progress: 8,060,000 indexed, 0 failed, Rate: 2510.4 docs/sec, Queue: 300, Elapsed: 3210.6s
2025-10-05 16:58:37,055 - INFO - Progress: 8,070,000 indexed, 0 failed, Rate: 2513.5 docs/sec, Queue: 300, Elapsed: 3210.6s
2025-10-05 16:58:37,196 - INFO - POST http://localhost:9200/_bulk [status:200 request:18.936s]
2025-10-05 16:58:37,622 - INFO - POST http://localhost:9200/_bulk [status:200 request:17.995s]
2025-10-05 16:58:40,426 - INFO - Worker 0: Parsed 8,650,000 docs, Queue: 289
2025-10-05 16:58:41,611 - INFO - Overall progress: Parsed 8,656,000, Indexed 0, Queue: 295
2025-10-05 16:58:47,156 - INFO - POST http://localhost:9200/_bulk [status:200 request:15.447s]
2025-10-05 16:58:48,989 - INFO - POST http://localhost:9200/_bulk [status:200 request:15.017s]
2025-10-05 16:58:51,565 - INFO - POST http://localhost:9200/_bulk [status:200 request:14.086s]
2025-10-05 16:58:51,655 - INFO - Overall progress: Parsed 8,681,000, Indexed 0, Queue: 300
2025-10-05 16:58:53,862 - INFO - POST http://localhost:9200/_bulk [status:200 request:15.651s]
2025-10-05 16:58:55,549 - INFO - Worker 0: Parsed 8,700,000 docs, Queue: 299
2025-10-05 16:59:00,320 - INFO - POST http://localhost:9200/_bulk [status:200 request:50.206s]
2025-10-05 16:59:00,886 - INFO - Progress: 8,080,000 indexed, 0 failed, Rate: 2498.1 docs/sec, Queue: 300, Elapsed: 3234.4s
2025-10-05 16:59:01,661 - INFO - Overall progress: Parsed 8,705,000, Indexed 0, Queue: 294
2025-10-05 16:59:03,085 - INFO - POST http://localhost:9200/_bulk [status:200 request:13.551s]
2025-10-05 16:59:03,458 - INFO - POST http://localhost:9200/_bulk [status:200 request:16.051s]
2025-10-05 16:59:07,897 - INFO - POST http://localhost:9200/_bulk [status:200 request:16.078s]
2025-10-05 16:59:08,444 - INFO - POST http://localhost:9200/_bulk [status:200 request:14.304s]
2025-10-05 16:59:08,746 - INFO - POST http://localhost:9200/_bulk [status:200 request:56.238s]
2025-10-05 16:59:09,042 - INFO - Progress: 8,090,000 indexed, 0 failed, Rate: 2494.9 docs/sec, Queue: 300, Elapsed: 3242.6s
2025-10-05 16:59:11,264 - INFO - POST http://localhost:9200/_bulk [status:200 request:57.912s]
2025-10-05 16:59:11,479 - INFO - Progress: 8,100,000 indexed, 0 failed, Rate: 2496.1 docs/sec, Queue: 284, Elapsed: 3245.0s
2025-10-05 16:59:11,541 - INFO - === METRICS ES CONSUMER AT 8100000 DOCS ===
2025-10-05 16:59:11,546 - INFO - Process Memory:
2025-10-05 16:59:11,551 - INFO -   RSS: 3.99 GB
2025-10-05 16:59:11,557 - INFO -   VMS: 6.67 GB
2025-10-05 16:59:11,566 - INFO -   % of System: 0.5%
2025-10-05 16:59:11,566 - INFO - System Memory:
2025-10-05 16:59:11,566 - INFO -   Total Used: 15.9%
2025-10-05 16:59:11,566 - INFO -   Available: 718.75 GB
2025-10-05 16:59:11,566 - INFO -   Cached: 36.00 GB
2025-10-05 16:59:11,673 - INFO - Overall progress: Parsed 8,746,000, Indexed 0, Queue: 283
2025-10-05 16:59:12,197 - INFO - Worker 0: Parsed 8,750,000 docs, Queue: 279
2025-10-05 16:59:12,577 - INFO - CPU:
2025-10-05 16:59:12,577 - INFO -   Process usage: 49.5%
2025-10-05 16:59:12,577 - INFO -   Threads: 14
2025-10-05 16:59:12,578 - INFO -   Allocated cores: 288 (IDs: [0, 1, 2, 3, 4]...)
2025-10-05 16:59:12,578 - INFO - Process I/O:
2025-10-05 16:59:12,578 - INFO -   Read: 0.03 GB
2025-10-05 16:59:12,578 - INFO -   Write: 0.02 GB
2025-10-05 16:59:12,578 - INFO - ==================================================
2025-10-05 16:59:12,964 - INFO - Progress: 8,110,000 indexed, 0 failed, Rate: 2498.1 docs/sec, Queue: 282, Elapsed: 3246.5s
2025-10-05 16:59:12,988 - INFO - Progress: 8,120,000 indexed, 0 failed, Rate: 2501.1 docs/sec, Queue: 282, Elapsed: 3246.5s
2025-10-05 16:59:13,013 - INFO - Progress: 8,130,000 indexed, 0 failed, Rate: 2504.2 docs/sec, Queue: 283, Elapsed: 3246.6s
2025-10-05 16:59:13,041 - INFO - Progress: 8,140,000 indexed, 0 failed, Rate: 2507.2 docs/sec, Queue: 283, Elapsed: 3246.6s
2025-10-05 16:59:13,065 - INFO - Progress: 8,150,000 indexed, 0 failed, Rate: 2510.3 docs/sec, Queue: 283, Elapsed: 3246.6s
2025-10-05 16:59:13,091 - INFO - Progress: 8,160,000 indexed, 0 failed, Rate: 2513.4 docs/sec, Queue: 283, Elapsed: 3246.6s
2025-10-05 16:59:18,448 - INFO - POST http://localhost:9200/_bulk [status:200 request:15.108s]
2025-10-05 16:59:20,017 - INFO - POST http://localhost:9200/_bulk [status:200 request:43.094s]
2025-10-05 16:59:20,262 - INFO - Progress: 8,170,000 indexed, 0 failed, Rate: 2510.9 docs/sec, Queue: 299, Elapsed: 3253.8s
2025-10-05 16:59:20,287 - INFO - Progress: 8,180,000 indexed, 0 failed, Rate: 2514.0 docs/sec, Queue: 299, Elapsed: 3253.8s
2025-10-05 16:59:20,337 - INFO - Progress: 8,190,000 indexed, 0 failed, Rate: 2517.0 docs/sec, Queue: 299, Elapsed: 3253.9s
2025-10-05 16:59:20,372 - INFO - Progress: 8,200,000 indexed, 0 failed, Rate: 2520.0 docs/sec, Queue: 299, Elapsed: 3253.9s
2025-10-05 16:59:20,415 - INFO - === METRICS ES CONSUMER AT 8200000 DOCS ===
2025-10-05 16:59:20,420 - INFO - Process Memory:
2025-10-05 16:59:20,425 - INFO -   RSS: 4.00 GB
2025-10-05 16:59:20,430 - INFO -   VMS: 6.68 GB
2025-10-05 16:59:20,441 - INFO -   % of System: 0.5%
2025-10-05 16:59:20,446 - INFO - System Memory:
2025-10-05 16:59:20,451 - INFO -   Total Used: 15.9%
2025-10-05 16:59:20,455 - INFO -   Available: 718.67 GB
2025-10-05 16:59:20,455 - INFO -   Cached: 36.01 GB
2025-10-05 16:59:21,474 - INFO - CPU:
2025-10-05 16:59:21,474 - INFO -   Process usage: 38.3%
2025-10-05 16:59:21,474 - INFO -   Threads: 14
2025-10-05 16:59:21,474 - INFO -   Allocated cores: 288 (IDs: [0, 1, 2, 3, 4]...)
2025-10-05 16:59:21,475 - INFO - Process I/O:
2025-10-05 16:59:21,475 - INFO -   Read: 0.03 GB
2025-10-05 16:59:21,475 - INFO -   Write: 0.02 GB
2025-10-05 16:59:21,475 - INFO - ==================================================
2025-10-05 16:59:21,790 - INFO - Progress: 8,210,000 indexed, 0 failed, Rate: 2522.0 docs/sec, Queue: 298, Elapsed: 3255.3s
2025-10-05 16:59:21,790 - INFO - Overall progress: Parsed 8,789,000, Indexed 0, Queue: 298
2025-10-05 16:59:21,817 - INFO - Progress: 8,220,000 indexed, 0 failed, Rate: 2525.1 docs/sec, Queue: 299, Elapsed: 3255.4s
2025-10-05 16:59:21,830 - INFO - Progress: 8,230,000 indexed, 0 failed, Rate: 2528.1 docs/sec, Queue: 299, Elapsed: 3255.4s
2025-10-05 16:59:23,655 - INFO - POST http://localhost:9200/_bulk [status:200 request:19.867s]
2025-10-05 16:59:25,304 - INFO - Worker 0: Parsed 8,800,000 docs, Queue: 299
2025-10-05 16:59:28,303 - INFO - POST http://localhost:9200/_bulk [status:200 request:19.224s]
2025-10-05 16:59:31,197 - INFO - POST http://localhost:9200/_bulk [status:200 request:22.290s]
2025-10-05 16:59:32,622 - INFO - Overall progress: Parsed 8,816,000, Indexed 0, Queue: 300
2025-10-05 16:59:32,677 - INFO - POST http://localhost:9200/_bulk [status:200 request:21.159s]
2025-10-05 16:59:39,245 - INFO - POST http://localhost:9200/_bulk [status:200 request:20.535s]
2025-10-05 16:59:42,628 - INFO - Overall progress: Parsed 8,841,000, Indexed 0, Queue: 300
2025-10-05 16:59:43,273 - INFO - POST http://localhost:9200/_bulk [status:200 request:22.969s]
2025-10-05 16:59:44,465 - INFO - POST http://localhost:9200/_bulk [status:200 request:20.560s]
2025-10-05 16:59:45,845 - INFO - Worker 0: Parsed 8,850,000 docs, Queue: 291
2025-10-05 16:59:47,545 - INFO - POST http://localhost:9200/_bulk [status:200 request:16.108s]
2025-10-05 16:59:50,940 - INFO - POST http://localhost:9200/_bulk [status:200 request:50.015s]
2025-10-05 16:59:51,172 - INFO - Progress: 8,240,000 indexed, 0 failed, Rate: 2508.6 docs/sec, Queue: 300, Elapsed: 3284.7s
2025-10-05 16:59:51,203 - INFO - Progress: 8,250,000 indexed, 0 failed, Rate: 2511.6 docs/sec, Queue: 300, Elapsed: 3284.8s
2025-10-05 16:59:51,241 - INFO - Progress: 8,260,000 indexed, 0 failed, Rate: 2514.6 docs/sec, Queue: 300, Elapsed: 3284.8s
2025-10-05 16:59:52,634 - INFO - Overall progress: Parsed 8,878,000, Indexed 0, Queue: 299
2025-10-05 16:59:53,233 - INFO - POST http://localhost:9200/_bulk [status:200 request:20.185s]
2025-10-05 16:59:53,515 - INFO - POST http://localhost:9200/_bulk [status:200 request:44.905s]
2025-10-05 16:59:53,788 - INFO - Progress: 8,270,000 indexed, 0 failed, Rate: 2515.7 docs/sec, Queue: 300, Elapsed: 3287.3s
2025-10-05 16:59:53,856 - INFO - Progress: 8,280,000 indexed, 0 failed, Rate: 2518.7 docs/sec, Queue: 300, Elapsed: 3287.4s
2025-10-05 16:59:53,909 - INFO - Progress: 8,290,000 indexed, 0 failed, Rate: 2521.7 docs/sec, Queue: 300, Elapsed: 3287.5s
2025-10-05 16:59:53,947 - INFO - Progress: 8,300,000 indexed, 0 failed, Rate: 2524.7 docs/sec, Queue: 300, Elapsed: 3287.5s
2025-10-05 16:59:53,989 - INFO - === METRICS ES CONSUMER AT 8300000 DOCS ===
2025-10-05 16:59:53,991 - INFO - Process Memory:
2025-10-05 16:59:53,991 - INFO -   RSS: 4.01 GB
2025-10-05 16:59:53,991 - INFO -   VMS: 6.69 GB
2025-10-05 16:59:53,999 - INFO -   % of System: 0.5%
2025-10-05 16:59:54,004 - INFO - System Memory:
2025-10-05 16:59:54,010 - INFO -   Total Used: 15.9%
2025-10-05 16:59:54,015 - INFO -   Available: 718.44 GB
2025-10-05 16:59:54,020 - INFO -   Cached: 35.98 GB
2025-10-05 16:59:54,748 - INFO - POST http://localhost:9200/_bulk [status:200 request:15.250s]
2025-10-05 16:59:55,071 - INFO - CPU:
2025-10-05 16:59:55,077 - INFO -   Process usage: 88.8%
2025-10-05 16:59:55,082 - INFO -   Threads: 14
2025-10-05 16:59:55,087 - INFO -   Allocated cores: 288 (IDs: [0, 1, 2, 3, 4]...)
2025-10-05 16:59:55,087 - INFO - Process I/O:
2025-10-05 16:59:55,087 - INFO -   Read: 0.03 GB
2025-10-05 16:59:55,098 - INFO -   Write: 0.02 GB
2025-10-05 16:59:55,103 - INFO - ==================================================
2025-10-05 16:59:55,445 - INFO - Progress: 8,310,000 indexed, 0 failed, Rate: 2526.6 docs/sec, Queue: 297, Elapsed: 3289.0s
2025-10-05 16:59:55,483 - INFO - Progress: 8,320,000 indexed, 0 failed, Rate: 2529.6 docs/sec, Queue: 297, Elapsed: 3289.0s
2025-10-05 16:59:55,515 - INFO - Progress: 8,330,000 indexed, 0 failed, Rate: 2532.6 docs/sec, Queue: 297, Elapsed: 3289.1s
2025-10-05 16:59:56,773 - INFO - Worker 0: Parsed 8,900,000 docs, Queue: 289
2025-10-05 17:00:02,634 - INFO - Overall progress: Parsed 8,911,000, Indexed 0, Queue: 300
2025-10-05 17:00:04,486 - INFO - POST http://localhost:9200/_bulk [status:200 request:19.682s]
2025-10-05 17:00:06,190 - INFO - POST http://localhost:9200/_bulk [status:200 request:18.399s]
2025-10-05 17:00:10,469 - INFO - POST http://localhost:9200/_bulk [status:200 request:19.242s]
2025-10-05 17:00:10,906 - INFO - POST http://localhost:9200/_bulk [status:200 request:15.855s]
2025-10-05 17:00:11,263 - INFO - POST http://localhost:9200/_bulk [status:200 request:17.321s]
2025-10-05 17:00:12,645 - INFO - Overall progress: Parsed 8,940,000, Indexed 0, Queue: 290
2025-10-05 17:00:13,589 - INFO - Worker 0: Parsed 8,950,000 docs, Queue: 289
2025-10-05 17:00:19,764 - INFO - POST http://localhost:9200/_bulk [status:200 request:13.317s]
2025-10-05 17:00:22,651 - INFO - Overall progress: Parsed 8,971,000, Indexed 0, Queue: 300
2025-10-05 17:00:24,062 - INFO - POST http://localhost:9200/_bulk [status:200 request:12.415s]
2025-10-05 17:00:25,775 - INFO - POST http://localhost:9200/_bulk [status:200 request:14.303s]
2025-10-05 17:00:31,636 - INFO - POST http://localhost:9200/_bulk [status:200 request:38.151s]
2025-10-05 17:00:31,876 - INFO - POST http://localhost:9200/_bulk [status:200 request:11.516s]
2025-10-05 17:00:32,656 - INFO - Overall progress: Parsed 8,992,000, Indexed 0, Queue: 300
2025-10-05 17:00:33,487 - INFO - Worker 0: Parsed 9,000,000 docs, Queue: 291
2025-10-05 17:00:34,845 - INFO - POST http://localhost:9200/_bulk [status:200 request:66.290s]
2025-10-05 17:00:35,073 - INFO - Progress: 8,340,000 indexed, 0 failed, Rate: 2505.5 docs/sec, Queue: 300, Elapsed: 3328.6s
2025-10-05 17:00:35,099 - INFO - Progress: 8,350,000 indexed, 0 failed, Rate: 2508.5 docs/sec, Queue: 300, Elapsed: 3328.7s
2025-10-05 17:00:35,134 - INFO - Progress: 8,360,000 indexed, 0 failed, Rate: 2511.5 docs/sec, Queue: 300, Elapsed: 3328.7s
2025-10-05 17:00:35,178 - INFO - Progress: 8,370,000 indexed, 0 failed, Rate: 2514.5 docs/sec, Queue: 300, Elapsed: 3328.7s
2025-10-05 17:00:38,226 - INFO - POST http://localhost:9200/_bulk [status:200 request:13.938s]
2025-10-05 17:00:39,242 - INFO - POST http://localhost:9200/_bulk [status:200 request:55.728s]
2025-10-05 17:00:39,910 - INFO - Progress: 8,380,000 indexed, 0 failed, Rate: 2513.9 docs/sec, Queue: 300, Elapsed: 3333.5s
2025-10-05 17:00:39,941 - INFO - Progress: 8,390,000 indexed, 0 failed, Rate: 2516.9 docs/sec, Queue: 300, Elapsed: 3333.5s
2025-10-05 17:00:39,995 - INFO - Progress: 8,400,000 indexed, 0 failed, Rate: 2519.8 docs/sec, Queue: 300, Elapsed: 3333.5s
2025-10-05 17:00:40,028 - INFO - === METRICS ES CONSUMER AT 8400000 DOCS ===
2025-10-05 17:00:40,028 - INFO - Process Memory:
2025-10-05 17:00:40,028 - INFO -   RSS: 4.00 GB
2025-10-05 17:00:40,038 - INFO -   VMS: 6.68 GB
2025-10-05 17:00:40,058 - INFO -   % of System: 0.5%
2025-10-05 17:00:40,064 - INFO - System Memory:
2025-10-05 17:00:40,069 - INFO -   Total Used: 15.9%
2025-10-05 17:00:40,074 - INFO -   Available: 718.50 GB
2025-10-05 17:00:40,079 - INFO -   Cached: 35.91 GB
2025-10-05 17:00:40,741 - INFO - POST http://localhost:9200/_bulk [status:200 request:14.711s]
2025-10-05 17:00:41,119 - INFO - CPU:
2025-10-05 17:00:41,124 - INFO -   Process usage: 80.5%
2025-10-05 17:00:41,129 - INFO -   Threads: 14
2025-10-05 17:00:41,135 - INFO -   Allocated cores: 288 (IDs: [0, 1, 2, 3, 4]...)
2025-10-05 17:00:41,143 - INFO - Process I/O:
2025-10-05 17:00:41,151 - INFO -   Read: 0.03 GB
2025-10-05 17:00:41,156 - INFO -   Write: 0.03 GB
2025-10-05 17:00:41,161 - INFO - ==================================================
2025-10-05 17:00:41,595 - INFO - Progress: 8,410,000 indexed, 0 failed, Rate: 2521.6 docs/sec, Queue: 300, Elapsed: 3335.1s
2025-10-05 17:00:41,641 - INFO - Progress: 8,420,000 indexed, 0 failed, Rate: 2524.6 docs/sec, Queue: 300, Elapsed: 3335.2s
2025-10-05 17:00:41,668 - INFO - Progress: 8,430,000 indexed, 0 failed, Rate: 2527.6 docs/sec, Queue: 300, Elapsed: 3335.2s
2025-10-05 17:00:41,699 - INFO - Progress: 8,440,000 indexed, 0 failed, Rate: 2530.5 docs/sec, Queue: 300, Elapsed: 3335.3s
2025-10-05 17:00:42,364 - INFO - Worker 0: Parsed 9,050,000 docs, Queue: 299
2025-10-05 17:00:42,665 - INFO - Overall progress: Parsed 9,051,000, Indexed 0, Queue: 300
2025-10-05 17:00:48,831 - INFO - POST http://localhost:9200/_bulk [status:200 request:16.224s]
2025-10-05 17:00:50,407 - INFO - POST http://localhost:9200/_bulk [status:200 request:18.539s]
2025-10-05 17:00:52,665 - INFO - Overall progress: Parsed 9,071,000, Indexed 0, Queue: 300
2025-10-05 17:00:54,741 - INFO - POST http://localhost:9200/_bulk [status:200 request:19.623s]
2025-10-05 17:00:55,357 - INFO - POST http://localhost:9200/_bulk [status:200 request:15.419s]
2025-10-05 17:01:01,875 - INFO - POST http://localhost:9200/_bulk [status:200 request:23.391s]
2025-10-05 17:01:02,637 - INFO - POST http://localhost:9200/_bulk [status:200 request:21.613s]
2025-10-05 17:01:02,737 - INFO - Overall progress: Parsed 9,096,000, Indexed 0, Queue: 295
2025-10-05 17:01:03,030 - INFO - Worker 0: Parsed 9,100,000 docs, Queue: 297
2025-10-05 17:01:04,434 - INFO - POST http://localhost:9200/_bulk [status:200 request:53.136s]
2025-10-05 17:01:05,149 - INFO - POST http://localhost:9200/_bulk [status:200 request:16.058s]
2025-10-05 17:01:05,583 - INFO - POST http://localhost:9200/_bulk [status:200 request:60.833s]
2025-10-05 17:01:05,918 - INFO - Progress: 8,450,000 indexed, 0 failed, Rate: 2515.3 docs/sec, Queue: 300, Elapsed: 3359.5s
2025-10-05 17:01:05,951 - INFO - Progress: 8,460,000 indexed, 0 failed, Rate: 2518.2 docs/sec, Queue: 300, Elapsed: 3359.5s
2025-10-05 17:01:05,984 - INFO - Progress: 8,470,000 indexed, 0 failed, Rate: 2521.2 docs/sec, Queue: 300, Elapsed: 3359.5s
2025-10-05 17:01:06,013 - INFO - Progress: 8,480,000 indexed, 0 failed, Rate: 2524.1 docs/sec, Queue: 300, Elapsed: 3359.6s
2025-10-05 17:01:06,046 - INFO - Progress: 8,490,000 indexed, 0 failed, Rate: 2527.1 docs/sec, Queue: 300, Elapsed: 3359.6s
2025-10-05 17:01:06,077 - INFO - Progress: 8,500,000 indexed, 0 failed, Rate: 2530.0 docs/sec, Queue: 300, Elapsed: 3359.6s
2025-10-05 17:01:06,120 - INFO - === METRICS ES CONSUMER AT 8500000 DOCS ===
2025-10-05 17:01:06,125 - INFO - Process Memory:
2025-10-05 17:01:06,127 - INFO -   RSS: 3.99 GB
2025-10-05 17:01:06,127 - INFO -   VMS: 6.66 GB
2025-10-05 17:01:06,127 - INFO -   % of System: 0.5%
2025-10-05 17:01:06,135 - INFO - System Memory:
2025-10-05 17:01:06,140 - INFO -   Total Used: 16.0%
2025-10-05 17:01:06,145 - INFO -   Available: 718.14 GB
2025-10-05 17:01:06,150 - INFO -   Cached: 36.37 GB
2025-10-05 17:01:07,191 - INFO - CPU:
2025-10-05 17:01:07,196 - INFO -   Process usage: 100.3%
2025-10-05 17:01:07,201 - INFO -   Threads: 14
2025-10-05 17:01:07,207 - INFO -   Allocated cores: 288 (IDs: [0, 1, 2, 3, 4]...)
2025-10-05 17:01:07,226 - INFO - Process I/O:
2025-10-05 17:01:07,226 - INFO -   Read: 0.03 GB
2025-10-05 17:01:07,226 - INFO -   Write: 0.03 GB
2025-10-05 17:01:07,226 - INFO - ==================================================
2025-10-05 17:01:07,703 - INFO - Progress: 8,510,000 indexed, 0 failed, Rate: 2531.8 docs/sec, Queue: 290, Elapsed: 3361.3s
2025-10-05 17:01:07,743 - INFO - Progress: 8,520,000 indexed, 0 failed, Rate: 2534.7 docs/sec, Queue: 291, Elapsed: 3361.3s
2025-10-05 17:01:07,790 - INFO - Progress: 8,530,000 indexed, 0 failed, Rate: 2537.7 docs/sec, Queue: 292, Elapsed: 3361.3s
2025-10-05 17:01:07,827 - INFO - Progress: 8,540,000 indexed, 0 failed, Rate: 2540.6 docs/sec, Queue: 292, Elapsed: 3361.4s
2025-10-05 17:01:07,866 - INFO - Progress: 8,550,000 indexed, 0 failed, Rate: 2543.6 docs/sec, Queue: 292, Elapsed: 3361.4s
2025-10-05 17:01:07,901 - INFO - Progress: 8,560,000 indexed, 0 failed, Rate: 2546.5 docs/sec, Queue: 292, Elapsed: 3361.5s
2025-10-05 17:01:07,925 - INFO - Progress: 8,570,000 indexed, 0 failed, Rate: 2549.5 docs/sec, Queue: 292, Elapsed: 3361.5s
2025-10-05 17:01:07,965 - INFO - Progress: 8,580,000 indexed, 0 failed, Rate: 2552.4 docs/sec, Queue: 292, Elapsed: 3361.5s
2025-10-05 17:01:07,998 - INFO - Progress: 8,590,000 indexed, 0 failed, Rate: 2555.4 docs/sec, Queue: 292, Elapsed: 3361.6s
2025-10-05 17:01:12,466 - INFO - POST http://localhost:9200/_bulk [status:200 request:16.386s]
2025-10-05 17:01:12,758 - INFO - Overall progress: Parsed 9,141,000, Indexed 0, Queue: 300
2025-10-05 17:01:13,633 - INFO - Worker 0: Parsed 9,150,000 docs, Queue: 299
2025-10-05 17:01:22,376 - INFO - POST http://localhost:9200/_bulk [status:200 request:16.429s]
2025-10-05 17:01:22,766 - INFO - Overall progress: Parsed 9,152,000, Indexed 0, Queue: 298
2025-10-05 17:01:23,453 - INFO - POST http://localhost:9200/_bulk [status:200 request:20.533s]
2025-10-05 17:01:24,500 - INFO - POST http://localhost:9200/_bulk [status:200 request:19.004s]
2025-10-05 17:01:25,780 - INFO - POST http://localhost:9200/_bulk [status:200 request:20.688s]
2025-10-05 17:01:29,103 - INFO - POST http://localhost:9200/_bulk [status:200 request:16.389s]
2025-10-05 17:01:30,225 - INFO - Worker 0: Parsed 9,200,000 docs, Queue: 300
2025-10-05 17:01:31,888 - INFO - POST http://localhost:9200/_bulk [status:200 request:41.229s]
2025-10-05 17:01:32,120 - INFO - Progress: 8,600,000 indexed, 0 failed, Rate: 2540.1 docs/sec, Queue: 300, Elapsed: 3385.7s
2025-10-05 17:01:32,186 - INFO - === METRICS ES CONSUMER AT 8600000 DOCS ===
2025-10-05 17:01:32,191 - INFO - Process Memory:
2025-10-05 17:01:32,194 - INFO -   RSS: 3.98 GB
2025-10-05 17:01:32,194 - INFO -   VMS: 6.65 GB
2025-10-05 17:01:32,195 - INFO -   % of System: 0.5%
2025-10-05 17:01:32,195 - INFO - System Memory:
2025-10-05 17:01:32,195 - INFO -   Total Used: 16.0%
2025-10-05 17:01:32,205 - INFO -   Available: 718.15 GB
2025-10-05 17:01:32,210 - INFO -   Cached: 35.97 GB
2025-10-05 17:01:32,774 - INFO - Overall progress: Parsed 9,206,000, Indexed 0, Queue: 295
2025-10-05 17:01:33,232 - INFO - CPU:
2025-10-05 17:01:33,233 - INFO -   Process usage: 43.3%
2025-10-05 17:01:33,233 - INFO -   Threads: 14
2025-10-05 17:01:33,233 - INFO -   Allocated cores: 288 (IDs: [0, 1, 2, 3, 4]...)
2025-10-05 17:01:33,233 - INFO - Process I/O:
2025-10-05 17:01:33,233 - INFO -   Read: 0.03 GB
2025-10-05 17:01:33,233 - INFO -   Write: 0.03 GB
2025-10-05 17:01:33,233 - INFO - ==================================================
2025-10-05 17:01:39,061 - INFO - POST http://localhost:9200/_bulk [status:200 request:16.453s]
2025-10-05 17:01:39,969 - INFO - POST http://localhost:9200/_bulk [status:200 request:16.257s]
2025-10-05 17:01:42,775 - INFO - Overall progress: Parsed 9,231,000, Indexed 0, Queue: 300
2025-10-05 17:01:44,689 - INFO - POST http://localhost:9200/_bulk [status:200 request:15.350s]
2025-10-05 17:01:44,938 - INFO - POST http://localhost:9200/_bulk [status:200 request:49.939s]
2025-10-05 17:01:45,569 - INFO - Progress: 8,610,000 indexed, 0 failed, Rate: 2533.0 docs/sec, Queue: 300, Elapsed: 3399.1s
2025-10-05 17:01:45,631 - INFO - Progress: 8,620,000 indexed, 0 failed, Rate: 2535.9 docs/sec, Queue: 300, Elapsed: 3399.2s
2025-10-05 17:01:47,558 - INFO - Worker 0: Parsed 9,250,000 docs, Queue: 299
2025-10-05 17:01:49,133 - INFO - POST http://localhost:9200/_bulk [status:200 request:16.973s]
2025-10-05 17:01:52,776 - INFO - Overall progress: Parsed 9,261,000, Indexed 0, Queue: 300
2025-10-05 17:01:54,529 - INFO - POST http://localhost:9200/_bulk [status:200 request:15.200s]
2025-10-05 17:01:54,803 - INFO - POST http://localhost:9200/_bulk [status:200 request:14.559s]
2025-10-05 17:01:56,767 - INFO - POST http://localhost:9200/_bulk [status:200 request:54.640s]
2025-10-05 17:01:57,026 - INFO - Progress: 8,630,000 indexed, 0 failed, Rate: 2530.4 docs/sec, Queue: 300, Elapsed: 3410.6s
2025-10-05 17:01:57,076 - INFO - Progress: 8,640,000 indexed, 0 failed, Rate: 2533.3 docs/sec, Queue: 300, Elapsed: 3410.6s
2025-10-05 17:01:57,111 - INFO - Progress: 8,650,000 indexed, 0 failed, Rate: 2536.2 docs/sec, Queue: 300, Elapsed: 3410.7s
2025-10-05 17:01:57,144 - INFO - Progress: 8,660,000 indexed, 0 failed, Rate: 2539.1 docs/sec, Queue: 300, Elapsed: 3410.7s
2025-10-05 17:01:57,180 - INFO - Progress: 8,670,000 indexed, 0 failed, Rate: 2542.0 docs/sec, Queue: 300, Elapsed: 3410.7s
2025-10-05 17:01:57,232 - INFO - Progress: 8,680,000 indexed, 0 failed, Rate: 2544.9 docs/sec, Queue: 300, Elapsed: 3410.8s
2025-10-05 17:01:57,266 - INFO - Progress: 8,690,000 indexed, 0 failed, Rate: 2547.8 docs/sec, Queue: 300, Elapsed: 3410.8s
2025-10-05 17:01:57,300 - INFO - Progress: 8,700,000 indexed, 0 failed, Rate: 2550.7 docs/sec, Queue: 300, Elapsed: 3410.9s
2025-10-05 17:01:57,335 - INFO - === METRICS ES CONSUMER AT 8700000 DOCS ===
2025-10-05 17:01:57,340 - INFO - Process Memory:
2025-10-05 17:01:57,346 - INFO -   RSS: 3.95 GB
2025-10-05 17:01:57,351 - INFO -   VMS: 6.62 GB
2025-10-05 17:01:57,361 - INFO -   % of System: 0.5%
2025-10-05 17:01:57,366 - INFO - System Memory:
2025-10-05 17:01:57,372 - INFO -   Total Used: 16.0%
2025-10-05 17:01:57,377 - INFO -   Available: 718.03 GB
2025-10-05 17:01:57,382 - INFO -   Cached: 35.85 GB
2025-10-05 17:01:58,384 - INFO - CPU:
2025-10-05 17:01:58,385 - INFO -   Process usage: 75.9%
2025-10-05 17:01:58,385 - INFO -   Threads: 14
2025-10-05 17:01:58,385 - INFO -   Allocated cores: 288 (IDs: [0, 1, 2, 3, 4]...)
2025-10-05 17:01:58,385 - INFO - Process I/O:
2025-10-05 17:01:58,385 - INFO -   Read: 0.03 GB
2025-10-05 17:01:58,385 - INFO -   Write: 0.03 GB
2025-10-05 17:01:58,385 - INFO - ==================================================
2025-10-05 17:02:01,485 - INFO - POST http://localhost:9200/_bulk [status:200 request:15.827s]
2025-10-05 17:02:02,699 - INFO - Worker 0: Parsed 9,300,000 docs, Queue: 299
2025-10-05 17:02:02,777 - INFO - Overall progress: Parsed 9,300,000, Indexed 0, Queue: 299
2025-10-05 17:02:06,486 - INFO - POST http://localhost:9200/_bulk [status:200 request:17.102s]
2025-10-05 17:02:11,176 - INFO - POST http://localhost:9200/_bulk [status:200 request:16.033s]
2025-10-05 17:02:12,687 - INFO - POST http://localhost:9200/_bulk [status:200 request:15.578s]
2025-10-05 17:02:12,826 - INFO - POST http://localhost:9200/_bulk [status:200 request:18.031s]
2025-10-05 17:02:12,827 - INFO - Overall progress: Parsed 9,317,000, Indexed 0, Queue: 300
2025-10-05 17:02:15,562 - INFO - POST http://localhost:9200/_bulk [status:200 request:50.494s]
2025-10-05 17:02:15,794 - INFO - Progress: 8,710,000 indexed, 0 failed, Rate: 2539.8 docs/sec, Queue: 300, Elapsed: 3429.3s
2025-10-05 17:02:16,198 - INFO - POST http://localhost:9200/_bulk [status:200 request:14.459s]
2025-10-05 17:02:16,989 - INFO - Worker 0: Parsed 9,350,000 docs, Queue: 300
2025-10-05 17:02:19,111 - INFO - POST http://localhost:9200/_bulk [status:200 request:53.075s]
2025-10-05 17:02:19,329 - INFO - Progress: 8,720,000 indexed, 0 failed, Rate: 2540.1 docs/sec, Queue: 300, Elapsed: 3432.9s
2025-10-05 17:02:19,350 - INFO - Progress: 8,730,000 indexed, 0 failed, Rate: 2543.0 docs/sec, Queue: 300, Elapsed: 3432.9s
2025-10-05 17:02:19,383 - INFO - Progress: 8,740,000 indexed, 0 failed, Rate: 2545.9 docs/sec, Queue: 300, Elapsed: 3432.9s
2025-10-05 17:02:19,438 - INFO - Progress: 8,750,000 indexed, 0 failed, Rate: 2548.8 docs/sec, Queue: 300, Elapsed: 3433.0s
2025-10-05 17:02:19,471 - INFO - Progress: 8,760,000 indexed, 0 failed, Rate: 2551.7 docs/sec, Queue: 300, Elapsed: 3433.0s
2025-10-05 17:02:22,939 - INFO - Overall progress: Parsed 9,371,000, Indexed 0, Queue: 300
2025-10-05 17:02:26,027 - INFO - POST http://localhost:9200/_bulk [status:200 request:14.603s]
2025-10-05 17:02:31,122 - INFO - POST http://localhost:9200/_bulk [status:200 request:17.803s]
2025-10-05 17:02:32,940 - INFO - Overall progress: Parsed 9,391,000, Indexed 0, Queue: 300
2025-10-05 17:02:33,010 - INFO - POST http://localhost:9200/_bulk [status:200 request:16.076s]
2025-10-05 17:02:33,593 - INFO - POST http://localhost:9200/_bulk [status:200 request:20.440s]
2025-10-05 17:02:34,162 - INFO - Worker 0: Parsed 9,400,000 docs, Queue: 297
2025-10-05 17:02:39,000 - INFO - POST http://localhost:9200/_bulk [status:200 request:54.071s]
2025-10-05 17:02:39,235 - INFO - Progress: 8,770,000 indexed, 0 failed, Rate: 2540.0 docs/sec, Queue: 300, Elapsed: 3452.8s
2025-10-05 17:02:39,262 - INFO - Progress: 8,780,000 indexed, 0 failed, Rate: 2542.9 docs/sec, Queue: 300, Elapsed: 3452.8s
2025-10-05 17:02:39,299 - INFO - Progress: 8,790,000 indexed, 0 failed, Rate: 2545.7 docs/sec, Queue: 300, Elapsed: 3452.9s
2025-10-05 17:02:39,333 - INFO - Progress: 8,800,000 indexed, 0 failed, Rate: 2548.6 docs/sec, Queue: 300, Elapsed: 3452.9s
2025-10-05 17:02:39,370 - INFO - === METRICS ES CONSUMER AT 8800000 DOCS ===
2025-10-05 17:02:39,372 - INFO - Process Memory:
2025-10-05 17:02:39,372 - INFO -   RSS: 4.00 GB
2025-10-05 17:02:39,372 - INFO -   VMS: 6.67 GB
2025-10-05 17:02:39,372 - INFO -   % of System: 0.5%
2025-10-05 17:02:39,372 - INFO - System Memory:
2025-10-05 17:02:39,372 - INFO -   Total Used: 16.0%
2025-10-05 17:02:39,382 - INFO -   Available: 717.67 GB
2025-10-05 17:02:39,387 - INFO -   Cached: 36.87 GB
2025-10-05 17:02:40,437 - INFO - CPU:
2025-10-05 17:02:40,447 - INFO -   Process usage: 99.0%
2025-10-05 17:02:40,452 - INFO -   Threads: 14
2025-10-05 17:02:40,457 - INFO -   Allocated cores: 288 (IDs: [0, 1, 2, 3, 4]...)
2025-10-05 17:02:40,478 - INFO - Process I/O:
2025-10-05 17:02:40,483 - INFO -   Read: 0.03 GB
2025-10-05 17:02:40,488 - INFO -   Write: 0.03 GB
2025-10-05 17:02:40,493 - INFO - ==================================================
2025-10-05 17:02:40,898 - INFO - Progress: 8,810,000 indexed, 0 failed, Rate: 2550.3 docs/sec, Queue: 300, Elapsed: 3454.5s
2025-10-05 17:02:40,938 - INFO - Progress: 8,820,000 indexed, 0 failed, Rate: 2553.2 docs/sec, Queue: 300, Elapsed: 3454.5s
2025-10-05 17:02:40,979 - INFO - Progress: 8,830,000 indexed, 0 failed, Rate: 2556.1 docs/sec, Queue: 300, Elapsed: 3454.5s
2025-10-05 17:02:42,940 - INFO - Overall progress: Parsed 9,421,000, Indexed 0, Queue: 300
2025-10-05 17:02:43,428 - INFO - POST http://localhost:9200/_bulk [status:200 request:24.063s]
2025-10-05 17:02:46,573 - INFO - POST http://localhost:9200/_bulk [status:200 request:20.288s]
2025-10-05 17:02:48,334 - INFO - POST http://localhost:9200/_bulk [status:200 request:16.595s]
2025-10-05 17:02:48,477 - INFO - POST http://localhost:9200/_bulk [status:200 request:15.209s]
2025-10-05 17:02:50,205 - INFO - Worker 0: Parsed 9,450,000 docs, Queue: 293
2025-10-05 17:02:52,941 - INFO - Overall progress: Parsed 9,461,000, Indexed 0, Queue: 300
2025-10-05 17:02:55,282 - INFO - POST http://localhost:9200/_bulk [status:200 request:15.992s]
2025-10-05 17:03:00,000 - INFO - POST http://localhost:9200/_bulk [status:200 request:16.322s]
2025-10-05 17:03:02,942 - INFO - Overall progress: Parsed 9,481,000, Indexed 0, Queue: 300
2025-10-05 17:03:04,495 - INFO - POST http://localhost:9200/_bulk [status:200 request:17.660s]
2025-10-05 17:03:05,061 - INFO - POST http://localhost:9200/_bulk [status:200 request:58.265s]
2025-10-05 17:03:05,402 - INFO - Progress: 8,840,000 indexed, 0 failed, Rate: 2541.0 docs/sec, Queue: 300, Elapsed: 3479.0s
2025-10-05 17:03:05,476 - INFO - Progress: 8,850,000 indexed, 0 failed, Rate: 2543.8 docs/sec, Queue: 300, Elapsed: 3479.0s
2025-10-05 17:03:05,550 - INFO - POST http://localhost:9200/_bulk [status:200 request:16.234s]
2025-10-05 17:03:05,554 - INFO - Progress: 8,860,000 indexed, 0 failed, Rate: 2546.6 docs/sec, Queue: 300, Elapsed: 3479.1s
2025-10-05 17:03:05,688 - INFO - Progress: 8,870,000 indexed, 0 failed, Rate: 2549.4 docs/sec, Queue: 300, Elapsed: 3479.2s
2025-10-05 17:03:05,978 - INFO - POST http://localhost:9200/_bulk [status:200 request:16.864s]
2025-10-05 17:03:06,364 - INFO - POST http://localhost:9200/_bulk [status:200 request:50.534s]
2025-10-05 17:03:06,644 - INFO - Progress: 8,880,000 indexed, 0 failed, Rate: 2551.6 docs/sec, Queue: 300, Elapsed: 3480.2s
2025-10-05 17:03:06,705 - INFO - Progress: 8,890,000 indexed, 0 failed, Rate: 2554.4 docs/sec, Queue: 300, Elapsed: 3480.3s
2025-10-05 17:03:06,736 - INFO - Progress: 8,900,000 indexed, 0 failed, Rate: 2557.3 docs/sec, Queue: 300, Elapsed: 3480.3s
2025-10-05 17:03:06,813 - INFO - === METRICS ES CONSUMER AT 8900000 DOCS ===
2025-10-05 17:03:06,819 - INFO - Process Memory:
2025-10-05 17:03:06,824 - INFO -   RSS: 4.02 GB
2025-10-05 17:03:06,826 - INFO -   VMS: 6.68 GB
2025-10-05 17:03:06,826 - INFO -   % of System: 0.5%
2025-10-05 17:03:06,826 - INFO - System Memory:
2025-10-05 17:03:06,826 - INFO -   Total Used: 16.0%
2025-10-05 17:03:06,826 - INFO -   Available: 717.76 GB
2025-10-05 17:03:06,826 - INFO -   Cached: 36.60 GB
2025-10-05 17:03:08,390 - INFO - CPU:
2025-10-05 17:03:08,395 - INFO -   Process usage: 99.8%
2025-10-05 17:03:08,400 - INFO -   Threads: 14
2025-10-05 17:03:08,406 - INFO -   Allocated cores: 288 (IDs: [0, 1, 2, 3, 4]...)
2025-10-05 17:03:08,425 - INFO - Process I/O:
2025-10-05 17:03:08,425 - INFO -   Read: 0.03 GB
2025-10-05 17:03:08,425 - INFO -   Write: 0.03 GB
2025-10-05 17:03:08,425 - INFO - ==================================================
2025-10-05 17:03:08,826 - INFO - Worker 0: Parsed 9,500,000 docs, Queue: 300
2025-10-05 17:03:08,846 - INFO - Progress: 8,910,000 indexed, 0 failed, Rate: 2558.6 docs/sec, Queue: 300, Elapsed: 3482.4s
2025-10-05 17:03:08,894 - INFO - Progress: 8,920,000 indexed, 0 failed, Rate: 2561.4 docs/sec, Queue: 300, Elapsed: 3482.4s
2025-10-05 17:03:08,945 - INFO - Progress: 8,930,000 indexed, 0 failed, Rate: 2564.3 docs/sec, Queue: 300, Elapsed: 3482.5s
2025-10-05 17:03:12,943 - INFO - Overall progress: Parsed 9,531,000, Indexed 0, Queue: 300
2025-10-05 17:03:14,013 - INFO - POST http://localhost:9200/_bulk [status:200 request:18.480s]
2025-10-05 17:03:22,943 - INFO - Overall progress: Parsed 9,541,000, Indexed 0, Queue: 300
2025-10-05 17:03:23,061 - INFO - POST http://localhost:9200/_bulk [status:200 request:49.152s]
2025-10-05 17:03:23,308 - INFO - Progress: 8,940,000 indexed, 0 failed, Rate: 2556.6 docs/sec, Queue: 300, Elapsed: 3496.9s
2025-10-05 17:03:23,349 - INFO - Progress: 8,950,000 indexed, 0 failed, Rate: 2559.4 docs/sec, Queue: 300, Elapsed: 3496.9s
2025-10-05 17:03:23,378 - INFO - Progress: 8,960,000 indexed, 0 failed, Rate: 2562.2 docs/sec, Queue: 300, Elapsed: 3496.9s
2025-10-05 17:03:23,418 - INFO - Progress: 8,970,000 indexed, 0 failed, Rate: 2565.1 docs/sec, Queue: 300, Elapsed: 3497.0s
2025-10-05 17:03:23,447 - INFO - Progress: 8,980,000 indexed, 0 failed, Rate: 2567.9 docs/sec, Queue: 300, Elapsed: 3497.0s
2025-10-05 17:03:23,486 - INFO - Progress: 8,990,000 indexed, 0 failed, Rate: 2570.7 docs/sec, Queue: 300, Elapsed: 3497.0s
2025-10-05 17:03:23,524 - INFO - Progress: 9,000,000 indexed, 0 failed, Rate: 2573.6 docs/sec, Queue: 300, Elapsed: 3497.1s
2025-10-05 17:03:23,547 - INFO - === METRICS ES CONSUMER AT 9000000 DOCS ===
2025-10-05 17:03:23,553 - INFO - Process Memory:
2025-10-05 17:03:23,558 - INFO -   RSS: 4.00 GB
2025-10-05 17:03:23,563 - INFO -   VMS: 6.67 GB
2025-10-05 17:03:23,579 - INFO -   % of System: 0.5%
2025-10-05 17:03:23,584 - INFO - System Memory:
2025-10-05 17:03:23,587 - INFO -   Total Used: 16.0%
2025-10-05 17:03:23,587 - INFO -   Available: 717.74 GB
2025-10-05 17:03:23,587 - INFO -   Cached: 36.29 GB
2025-10-05 17:03:24,611 - INFO - CPU:
2025-10-05 17:03:24,611 - INFO -   Process usage: 100.4%
2025-10-05 17:03:24,618 - INFO -   Threads: 14
2025-10-05 17:03:24,624 - INFO -   Allocated cores: 288 (IDs: [0, 1, 2, 3, 4]...)
2025-10-05 17:03:24,644 - INFO - Process I/O:
2025-10-05 17:03:24,650 - INFO -   Read: 0.03 GB
2025-10-05 17:03:24,655 - INFO -   Write: 0.03 GB
2025-10-05 17:03:24,659 - INFO - ==================================================
2025-10-05 17:03:24,932 - INFO - Worker 0: Parsed 9,550,000 docs, Queue: 300
2025-10-05 17:03:26,316 - INFO - POST http://localhost:9200/_bulk [status:200 request:20.814s]
2025-10-05 17:03:27,226 - INFO - POST http://localhost:9200/_bulk [status:200 request:21.966s]
2025-10-05 17:03:28,101 - INFO - POST http://localhost:9200/_bulk [status:200 request:22.203s]
2025-10-05 17:03:29,777 - INFO - POST http://localhost:9200/_bulk [status:200 request:23.043s]
2025-10-05 17:03:30,425 - INFO - POST http://localhost:9200/_bulk [status:200 request:24.073s]
2025-10-05 17:03:30,781 - INFO - POST http://localhost:9200/_bulk [status:200 request:16.502s]
2025-10-05 17:03:32,632 - INFO - Worker 0: Parsed 9,600,000 docs, Queue: 289
2025-10-05 17:03:32,944 - INFO - Overall progress: Parsed 9,602,000, Indexed 0, Queue: 291
2025-10-05 17:03:42,945 - INFO - Overall progress: Parsed 9,611,000, Indexed 0, Queue: 300
2025-10-05 17:03:43,860 - INFO - POST http://localhost:9200/_bulk [status:200 request:20.516s]
2025-10-05 17:03:45,576 - INFO - POST http://localhost:9200/_bulk [status:200 request:15.528s]
2025-10-05 17:03:47,306 - INFO - POST http://localhost:9200/_bulk [status:200 request:16.548s]
2025-10-05 17:03:49,968 - INFO - POST http://localhost:9200/_bulk [status:200 request:49.719s]
2025-10-05 17:03:50,200 - INFO - Progress: 9,010,000 indexed, 0 failed, Rate: 2556.9 docs/sec, Queue: 300, Elapsed: 3523.8s
2025-10-05 17:03:50,220 - INFO - Progress: 9,020,000 indexed, 0 failed, Rate: 2559.8 docs/sec, Queue: 300, Elapsed: 3523.8s
2025-10-05 17:03:50,252 - INFO - Progress: 9,030,000 indexed, 0 failed, Rate: 2562.6 docs/sec, Queue: 300, Elapsed: 3523.8s
2025-10-05 17:03:50,297 - INFO - Progress: 9,040,000 indexed, 0 failed, Rate: 2565.4 docs/sec, Queue: 300, Elapsed: 3523.9s
2025-10-05 17:03:50,331 - INFO - Progress: 9,050,000 indexed, 0 failed, Rate: 2568.2 docs/sec, Queue: 300, Elapsed: 3523.9s
2025-10-05 17:03:50,365 - INFO - Progress: 9,060,000 indexed, 0 failed, Rate: 2571.0 docs/sec, Queue: 300, Elapsed: 3523.9s
2025-10-05 17:03:50,396 - INFO - Progress: 9,070,000 indexed, 0 failed, Rate: 2573.8 docs/sec, Queue: 300, Elapsed: 3524.0s
2025-10-05 17:03:50,426 - INFO - Progress: 9,080,000 indexed, 0 failed, Rate: 2576.6 docs/sec, Queue: 300, Elapsed: 3524.0s
2025-10-05 17:03:51,329 - INFO - Worker 0: Parsed 9,650,000 docs, Queue: 299
2025-10-05 17:03:52,946 - INFO - Overall progress: Parsed 9,651,000, Indexed 0, Queue: 300
2025-10-05 17:03:56,026 - INFO - POST http://localhost:9200/_bulk [status:200 request:27.262s]
2025-10-05 17:04:01,267 - INFO - POST http://localhost:9200/_bulk [status:200 request:17.158s]
2025-10-05 17:04:01,990 - INFO - POST http://localhost:9200/_bulk [status:200 request:16.164s]
2025-10-05 17:04:02,788 - INFO - POST http://localhost:9200/_bulk [status:200 request:15.204s]
2025-10-05 17:04:03,014 - INFO - Overall progress: Parsed 9,670,000, Indexed 0, Queue: 298
2025-10-05 17:04:06,801 - INFO - POST http://localhost:9200/_bulk [status:200 request:16.566s]
2025-10-05 17:04:08,016 - INFO - Worker 0: Parsed 9,700,000 docs, Queue: 299
2025-10-05 17:04:13,036 - INFO - Overall progress: Parsed 9,701,000, Indexed 0, Queue: 300
2025-10-05 17:04:14,746 - INFO - POST http://localhost:9200/_bulk [status:200 request:18.476s]
2025-10-05 17:04:17,442 - INFO - POST http://localhost:9200/_bulk [status:200 request:15.109s]
2025-10-05 17:04:20,332 - INFO - POST http://localhost:9200/_bulk [status:200 request:52.825s]
2025-10-05 17:04:20,462 - INFO - POST http://localhost:9200/_bulk [status:200 request:18.649s]
2025-10-05 17:04:20,916 - INFO - POST http://localhost:9200/_bulk [status:200 request:17.809s]
2025-10-05 17:04:23,037 - INFO - Overall progress: Parsed 9,738,000, Indexed 0, Queue: 287
2025-10-05 17:04:24,249 - INFO - Worker 0: Parsed 9,750,000 docs, Queue: 299
2025-10-05 17:04:25,630 - INFO - POST http://localhost:9200/_bulk [status:200 request:54.146s]
2025-10-05 17:04:26,297 - INFO - POST http://localhost:9200/_bulk [status:200 request:19.226s]
2025-10-05 17:04:27,587 - INFO - POST http://localhost:9200/_bulk [status:200 request:60.996s]
2025-10-05 17:04:27,809 - INFO - Progress: 9,090,000 indexed, 0 failed, Rate: 2552.4 docs/sec, Queue: 291, Elapsed: 3561.4s
2025-10-05 17:04:27,874 - INFO - Progress: 9,100,000 indexed, 0 failed, Rate: 2555.2 docs/sec, Queue: 291, Elapsed: 3561.4s
2025-10-05 17:04:27,932 - INFO - === METRICS ES CONSUMER AT 9100000 DOCS ===
2025-10-05 17:04:27,937 - INFO - Process Memory:
2025-10-05 17:04:27,942 - INFO -   RSS: 4.05 GB
2025-10-05 17:04:27,945 - INFO -   VMS: 6.72 GB
2025-10-05 17:04:27,946 - INFO -   % of System: 0.5%
2025-10-05 17:04:27,946 - INFO - System Memory:
2025-10-05 17:04:27,946 - INFO -   Total Used: 16.1%
2025-10-05 17:04:27,946 - INFO -   Available: 716.99 GB
2025-10-05 17:04:27,957 - INFO -   Cached: 37.56 GB
2025-10-05 17:04:28,979 - INFO - CPU:
2025-10-05 17:04:28,979 - INFO -   Process usage: 46.2%
2025-10-05 17:04:28,979 - INFO -   Threads: 14
2025-10-05 17:04:28,979 - INFO -   Allocated cores: 288 (IDs: [0, 1, 2, 3, 4]...)
2025-10-05 17:04:28,979 - INFO - Process I/O:
2025-10-05 17:04:28,979 - INFO -   Read: 0.03 GB
2025-10-05 17:04:28,979 - INFO -   Write: 0.03 GB
2025-10-05 17:04:28,979 - INFO - ==================================================
2025-10-05 17:04:29,429 - INFO - Progress: 9,110,000 indexed, 0 failed, Rate: 2556.8 docs/sec, Queue: 295, Elapsed: 3563.0s
2025-10-05 17:04:29,458 - INFO - Progress: 9,120,000 indexed, 0 failed, Rate: 2559.6 docs/sec, Queue: 295, Elapsed: 3563.0s
2025-10-05 17:04:29,484 - INFO - Progress: 9,130,000 indexed, 0 failed, Rate: 2562.4 docs/sec, Queue: 295, Elapsed: 3563.0s
2025-10-05 17:04:29,506 - INFO - Progress: 9,140,000 indexed, 0 failed, Rate: 2565.2 docs/sec, Queue: 295, Elapsed: 3563.1s
2025-10-05 17:04:29,518 - INFO - Progress: 9,150,000 indexed, 0 failed, Rate: 2568.0 docs/sec, Queue: 296, Elapsed: 3563.1s
2025-10-05 17:04:29,544 - INFO - Progress: 9,160,000 indexed, 0 failed, Rate: 2570.8 docs/sec, Queue: 296, Elapsed: 3563.1s
2025-10-05 17:04:29,574 - INFO - Progress: 9,170,000 indexed, 0 failed, Rate: 2573.6 docs/sec, Queue: 297, Elapsed: 3563.1s
2025-10-05 17:04:29,603 - INFO - Progress: 9,180,000 indexed, 0 failed, Rate: 2576.4 docs/sec, Queue: 297, Elapsed: 3563.2s
2025-10-05 17:04:29,626 - INFO - Progress: 9,190,000 indexed, 0 failed, Rate: 2579.2 docs/sec, Queue: 297, Elapsed: 3563.2s
2025-10-05 17:04:29,651 - INFO - Progress: 9,200,000 indexed, 0 failed, Rate: 2581.9 docs/sec, Queue: 297, Elapsed: 3563.2s
2025-10-05 17:04:29,652 - INFO - === METRICS ES CONSUMER AT 9200000 DOCS ===
2025-10-05 17:04:29,652 - INFO - Process Memory:
2025-10-05 17:04:29,653 - INFO -   RSS: 4.05 GB
2025-10-05 17:04:29,653 - INFO -   VMS: 6.72 GB
2025-10-05 17:04:29,653 - INFO -   % of System: 0.5%
2025-10-05 17:04:29,653 - INFO - System Memory:
2025-10-05 17:04:29,653 - INFO -   Total Used: 16.1%
2025-10-05 17:04:29,653 - INFO -   Available: 716.91 GB
2025-10-05 17:04:29,653 - INFO -   Cached: 37.57 GB
2025-10-05 17:04:30,654 - INFO - CPU:
2025-10-05 17:04:30,655 - INFO -   Process usage: 0.0%
2025-10-05 17:04:30,655 - INFO -   Threads: 14
2025-10-05 17:04:30,655 - INFO -   Allocated cores: 288 (IDs: [0, 1, 2, 3, 4]...)
2025-10-05 17:04:30,655 - INFO - Process I/O:
2025-10-05 17:04:30,655 - INFO -   Read: 0.03 GB
2025-10-05 17:04:30,655 - INFO -   Write: 0.03 GB
2025-10-05 17:04:30,655 - INFO - ==================================================
2025-10-05 17:04:30,954 - INFO - Progress: 9,210,000 indexed, 0 failed, Rate: 2583.8 docs/sec, Queue: 300, Elapsed: 3564.5s
2025-10-05 17:04:30,977 - INFO - Progress: 9,220,000 indexed, 0 failed, Rate: 2586.6 docs/sec, Queue: 300, Elapsed: 3564.5s
2025-10-05 17:04:31,002 - INFO - Progress: 9,230,000 indexed, 0 failed, Rate: 2589.4 docs/sec, Queue: 300, Elapsed: 3564.6s
2025-10-05 17:04:32,396 - INFO - POST http://localhost:9200/_bulk [status:200 request:17.391s]
2025-10-05 17:04:32,638 - INFO - Progress: 9,240,000 indexed, 0 failed, Rate: 2591.0 docs/sec, Queue: 300, Elapsed: 3566.2s
2025-10-05 17:04:33,038 - INFO - Overall progress: Parsed 9,784,000, Indexed 0, Queue: 298
2025-10-05 17:04:40,431 - INFO - POST http://localhost:9200/_bulk [status:200 request:19.722s]
2025-10-05 17:04:41,671 - INFO - Worker 0: Parsed 9,800,000 docs, Queue: 299
2025-10-05 17:04:43,039 - INFO - Overall progress: Parsed 9,801,000, Indexed 0, Queue: 300
2025-10-05 17:04:46,307 - INFO - POST http://localhost:9200/_bulk [status:200 request:25.444s]
2025-10-05 17:04:49,280 - INFO - POST http://localhost:9200/_bulk [status:200 request:31.582s]
2025-10-05 17:04:49,505 - INFO - Progress: 9,250,000 indexed, 0 failed, Rate: 2581.6 docs/sec, Queue: 300, Elapsed: 3583.1s
2025-10-05 17:04:49,531 - INFO - Progress: 9,260,000 indexed, 0 failed, Rate: 2584.4 docs/sec, Queue: 300, Elapsed: 3583.1s
2025-10-05 17:04:49,571 - INFO - Progress: 9,270,000 indexed, 0 failed, Rate: 2587.1 docs/sec, Queue: 300, Elapsed: 3583.1s
2025-10-05 17:04:49,631 - INFO - POST http://localhost:9200/_bulk [status:200 request:23.355s]
2025-10-05 17:04:52,502 - INFO - POST http://localhost:9200/_bulk [status:200 request:24.581s]
2025-10-05 17:04:53,050 - INFO - Overall progress: Parsed 9,832,000, Indexed 0, Queue: 300
2025-10-05 17:04:53,998 - INFO - POST http://localhost:9200/_bulk [status:200 request:21.316s]
2025-10-05 17:04:55,231 - INFO - Worker 0: Parsed 9,850,000 docs, Queue: 299
2025-10-05 17:04:58,194 - INFO - POST http://localhost:9200/_bulk [status:200 request:17.517s]
2025-10-05 17:05:00,482 - INFO - POST http://localhost:9200/_bulk [status:200 request:39.217s]
2025-10-05 17:05:00,704 - INFO - Progress: 9,280,000 indexed, 0 failed, Rate: 2581.9 docs/sec, Queue: 300, Elapsed: 3594.3s
2025-10-05 17:05:00,740 - INFO - Progress: 9,290,000 indexed, 0 failed, Rate: 2584.7 docs/sec, Queue: 300, Elapsed: 3594.3s
2025-10-05 17:05:03,056 - INFO - Overall progress: Parsed 9,871,000, Indexed 0, Queue: 300
2025-10-05 17:05:04,499 - INFO - POST http://localhost:9200/_bulk [status:200 request:17.928s]
2025-10-05 17:05:13,056 - INFO - Overall progress: Parsed 9,881,000, Indexed 0, Queue: 300
2025-10-05 17:05:13,104 - INFO - POST http://localhost:9200/_bulk [status:200 request:20.092s]
2025-10-05 17:05:13,397 - INFO - POST http://localhost:9200/_bulk [status:200 request:19.126s]
2025-10-05 17:05:14,423 - INFO - POST http://localhost:9200/_bulk [status:200 request:47.819s]
2025-10-05 17:05:14,710 - INFO - Progress: 9,300,000 indexed, 0 failed, Rate: 2577.4 docs/sec, Queue: 300, Elapsed: 3608.3s
2025-10-05 17:05:14,814 - INFO - === METRICS ES CONSUMER AT 9300000 DOCS ===
2025-10-05 17:05:14,818 - INFO - Process Memory:
2025-10-05 17:05:14,819 - INFO -   RSS: 4.09 GB
2025-10-05 17:05:14,819 - INFO -   VMS: 6.78 GB
2025-10-05 17:05:14,819 - INFO -   % of System: 0.5%
2025-10-05 17:05:14,819 - INFO - System Memory:
2025-10-05 17:05:14,819 - INFO -   Total Used: 16.1%
2025-10-05 17:05:14,819 - INFO -   Available: 716.81 GB
2025-10-05 17:05:14,819 - INFO -   Cached: 37.53 GB
2025-10-05 17:05:15,875 - INFO - CPU:
2025-10-05 17:05:15,875 - INFO -   Process usage: 99.3%
2025-10-05 17:05:15,875 - INFO -   Threads: 14
2025-10-05 17:05:15,875 - INFO -   Allocated cores: 288 (IDs: [0, 1, 2, 3, 4]...)
2025-10-05 17:05:15,896 - INFO - Process I/O:
2025-10-05 17:05:15,901 - INFO -   Read: 0.03 GB
2025-10-05 17:05:15,907 - INFO -   Write: 0.03 GB
2025-10-05 17:05:15,912 - INFO - ==================================================
2025-10-05 17:05:16,139 - INFO - Worker 0: Parsed 9,900,000 docs, Queue: 292
2025-10-05 17:05:16,343 - INFO - Progress: 9,310,000 indexed, 0 failed, Rate: 2579.0 docs/sec, Queue: 292, Elapsed: 3609.9s
2025-10-05 17:05:16,371 - INFO - Progress: 9,320,000 indexed, 0 failed, Rate: 2581.8 docs/sec, Queue: 292, Elapsed: 3609.9s
2025-10-05 17:05:16,393 - INFO - Progress: 9,330,000 indexed, 0 failed, Rate: 2584.5 docs/sec, Queue: 293, Elapsed: 3609.9s
2025-10-05 17:05:16,428 - INFO - Progress: 9,340,000 indexed, 0 failed, Rate: 2587.3 docs/sec, Queue: 292, Elapsed: 3610.0s
2025-10-05 17:05:17,211 - INFO - POST http://localhost:9200/_bulk [status:200 request:16.460s]
2025-10-05 17:05:21,724 - INFO - POST http://localhost:9200/_bulk [status:200 request:16.966s]
2025-10-05 17:05:23,057 - INFO - Overall progress: Parsed 9,930,000, Indexed 0, Queue: 299
2025-10-05 17:05:30,543 - INFO - POST http://localhost:9200/_bulk [status:200 request:17.176s]
2025-10-05 17:05:30,914 - INFO - POST http://localhost:9200/_bulk [status:200 request:16.879s]
2025-10-05 17:05:33,058 - INFO - Overall progress: Parsed 9,946,000, Indexed 0, Queue: 295
2025-10-05 17:05:33,259 - INFO - POST http://localhost:9200/_bulk [status:200 request:15.787s]
2025-10-05 17:05:33,429 - INFO - Worker 0: Parsed 9,950,000 docs, Queue: 299
2025-10-05 17:05:34,792 - INFO - POST http://localhost:9200/_bulk [status:200 request:45.252s]
2025-10-05 17:05:35,013 - INFO - Progress: 9,350,000 indexed, 0 failed, Rate: 2576.8 docs/sec, Queue: 300, Elapsed: 3628.6s
2025-10-05 17:05:40,351 - INFO - POST http://localhost:9200/_bulk [status:200 request:18.359s]
2025-10-05 17:05:43,059 - INFO - Overall progress: Parsed 9,981,000, Indexed 0, Queue: 300
2025-10-05 17:05:44,552 - INFO - POST http://localhost:9200/_bulk [status:200 request:54.630s]
2025-10-05 17:05:44,767 - INFO - Progress: 9,360,000 indexed, 0 failed, Rate: 2572.6 docs/sec, Queue: 300, Elapsed: 3638.3s
2025-10-05 17:05:44,796 - INFO - Progress: 9,370,000 indexed, 0 failed, Rate: 2575.3 docs/sec, Queue: 300, Elapsed: 3638.4s
2025-10-05 17:05:44,827 - INFO - Progress: 9,380,000 indexed, 0 failed, Rate: 2578.1 docs/sec, Queue: 300, Elapsed: 3638.4s
2025-10-05 17:05:46,626 - INFO - POST http://localhost:9200/_bulk [status:200 request:15.826s]
2025-10-05 17:05:47,875 - INFO - Worker 0: Parsed 10,000,000 docs, Queue: 299
2025-10-05 17:05:52,714 - INFO - POST http://localhost:9200/_bulk [status:200 request:21.127s]
2025-10-05 17:05:53,148 - INFO - Overall progress: Parsed 10,001,000, Indexed 0, Queue: 300
2025-10-05 17:05:54,660 - INFO - POST http://localhost:9200/_bulk [status:200 request:56.222s]
2025-10-05 17:05:54,880 - INFO - Progress: 9,390,000 indexed, 0 failed, Rate: 2573.7 docs/sec, Queue: 300, Elapsed: 3648.4s
2025-10-05 17:05:54,901 - INFO - Progress: 9,400,000 indexed, 0 failed, Rate: 2576.4 docs/sec, Queue: 300, Elapsed: 3648.5s
2025-10-05 17:05:54,953 - INFO - === METRICS ES CONSUMER AT 9400000 DOCS ===
2025-10-05 17:05:54,958 - INFO - Process Memory:
2025-10-05 17:05:54,958 - INFO -   RSS: 4.29 GB
2025-10-05 17:05:54,958 - INFO -   VMS: 6.96 GB
2025-10-05 17:05:54,959 - INFO -   % of System: 0.5%
2025-10-05 17:05:54,959 - INFO - System Memory:
2025-10-05 17:05:54,959 - INFO -   Total Used: 16.2%
2025-10-05 17:05:54,959 - INFO -   Available: 716.00 GB
2025-10-05 17:05:54,959 - INFO -   Cached: 38.29 GB
2025-10-05 17:05:55,054 - INFO - POST http://localhost:9200/_bulk [status:200 request:21.566s]
2025-10-05 17:05:56,017 - INFO - CPU:
2025-10-05 17:05:56,022 - INFO -   Process usage: 99.5%
2025-10-05 17:05:56,027 - INFO -   Threads: 14
2025-10-05 17:05:56,032 - INFO -   Allocated cores: 288 (IDs: [0, 1, 2, 3, 4]...)
2025-10-05 17:05:56,032 - INFO - Process I/O:
2025-10-05 17:05:56,032 - INFO -   Read: 0.03 GB
2025-10-05 17:05:56,033 - INFO -   Write: 0.03 GB
2025-10-05 17:05:56,033 - INFO - ==================================================
2025-10-05 17:05:56,484 - INFO - Progress: 9,410,000 indexed, 0 failed, Rate: 2578.1 docs/sec, Queue: 298, Elapsed: 3650.0s
2025-10-05 17:05:56,524 - INFO - Progress: 9,420,000 indexed, 0 failed, Rate: 2580.8 docs/sec, Queue: 299, Elapsed: 3650.1s
2025-10-05 17:05:56,572 - INFO - Progress: 9,430,000 indexed, 0 failed, Rate: 2583.5 docs/sec, Queue: 299, Elapsed: 3650.1s
2025-10-05 17:05:59,551 - INFO - POST http://localhost:9200/_bulk [status:200 request:24.493s]
2025-10-05 17:06:03,155 - INFO - Overall progress: Parsed 10,041,000, Indexed 0, Queue: 300
2025-10-05 17:06:04,364 - INFO - POST http://localhost:9200/_bulk [status:200 request:23.740s]
2025-10-05 17:06:04,936 - INFO - POST http://localhost:9200/_bulk [status:200 request:50.141s]
2025-10-05 17:06:05,219 - INFO - Progress: 9,440,000 indexed, 0 failed, Rate: 2580.1 docs/sec, Queue: 300, Elapsed: 3658.8s
2025-10-05 17:06:05,291 - INFO - Progress: 9,450,000 indexed, 0 failed, Rate: 2582.8 docs/sec, Queue: 300, Elapsed: 3658.8s
2025-10-05 17:06:05,331 - INFO - Progress: 9,460,000 indexed, 0 failed, Rate: 2585.5 docs/sec, Queue: 300, Elapsed: 3658.9s
2025-10-05 17:06:05,363 - INFO - Progress: 9,470,000 indexed, 0 failed, Rate: 2588.2 docs/sec, Queue: 300, Elapsed: 3658.9s
2025-10-05 17:06:05,411 - INFO - Progress: 9,480,000 indexed, 0 failed, Rate: 2590.9 docs/sec, Queue: 300, Elapsed: 3659.0s
2025-10-05 17:06:05,442 - INFO - Progress: 9,490,000 indexed, 0 failed, Rate: 2593.6 docs/sec, Queue: 300, Elapsed: 3659.0s
2025-10-05 17:06:05,478 - INFO - Progress: 9,500,000 indexed, 0 failed, Rate: 2596.3 docs/sec, Queue: 300, Elapsed: 3659.0s
2025-10-05 17:06:05,514 - INFO - === METRICS ES CONSUMER AT 9500000 DOCS ===
2025-10-05 17:06:05,515 - INFO - Process Memory:
2025-10-05 17:06:05,515 - INFO -   RSS: 4.37 GB
2025-10-05 17:06:05,515 - INFO -   VMS: 7.05 GB
2025-10-05 17:06:05,515 - INFO -   % of System: 0.5%
2025-10-05 17:06:05,529 - INFO - System Memory:
2025-10-05 17:06:05,534 - INFO -   Total Used: 16.2%
2025-10-05 17:06:05,539 - INFO -   Available: 715.88 GB
2025-10-05 17:06:05,544 - INFO -   Cached: 38.44 GB
2025-10-05 17:06:06,000 - INFO - Worker 0: Parsed 10,050,000 docs, Queue: 297
2025-10-05 17:06:06,562 - INFO - CPU:
2025-10-05 17:06:06,562 - INFO -   Process usage: 80.1%
2025-10-05 17:06:06,562 - INFO -   Threads: 14
2025-10-05 17:06:06,562 - INFO -   Allocated cores: 288 (IDs: [0, 1, 2, 3, 4]...)
2025-10-05 17:06:06,562 - INFO - Process I/O:
2025-10-05 17:06:06,562 - INFO -   Read: 0.03 GB
2025-10-05 17:06:06,562 - INFO -   Write: 0.03 GB
2025-10-05 17:06:06,562 - INFO - ==================================================
2025-10-05 17:06:06,935 - INFO - Progress: 9,510,000 indexed, 0 failed, Rate: 2598.0 docs/sec, Queue: 296, Elapsed: 3660.5s
2025-10-05 17:06:07,936 - INFO - POST http://localhost:9200/_bulk [status:200 request:23.125s]
2025-10-05 17:06:08,179 - INFO - Progress: 9,520,000 indexed, 0 failed, Rate: 2599.9 docs/sec, Queue: 300, Elapsed: 3661.7s
2025-10-05 17:06:10,981 - INFO - POST http://localhost:9200/_bulk [status:200 request:24.092s]
2025-10-05 17:06:11,181 - INFO - Progress: 9,530,000 indexed, 0 failed, Rate: 2600.5 docs/sec, Queue: 300, Elapsed: 3664.7s
2025-10-05 17:06:13,156 - INFO - Overall progress: Parsed 10,081,000, Indexed 0, Queue: 300
2025-10-05 17:06:16,865 - INFO - POST http://localhost:9200/_bulk [status:200 request:21.932s]
2025-10-05 17:06:21,511 - INFO - POST http://localhost:9200/_bulk [status:200 request:21.690s]
2025-10-05 17:06:22,735 - INFO - Worker 0: Parsed 10,100,000 docs, Queue: 299
2025-10-05 17:06:23,157 - INFO - Overall progress: Parsed 10,101,000, Indexed 0, Queue: 300
2025-10-05 17:06:27,314 - INFO - POST http://localhost:9200/_bulk [status:200 request:19.094s]
2025-10-05 17:06:32,123 - INFO - POST http://localhost:9200/_bulk [status:200 request:26.795s]
2025-10-05 17:06:33,168 - INFO - Overall progress: Parsed 10,114,000, Indexed 0, Queue: 297
2025-10-05 17:06:35,708 - INFO - POST http://localhost:9200/_bulk [status:200 request:18.323s]
2025-10-05 17:06:37,550 - INFO - POST http://localhost:9200/_bulk [status:200 request:42.148s]
2025-10-05 17:06:37,941 - INFO - POST http://localhost:9200/_bulk [status:200 request:16.161s]
2025-10-05 17:06:40,556 - INFO - Worker 0: Parsed 10,150,000 docs, Queue: 299
2025-10-05 17:06:41,567 - INFO - POST http://localhost:9200/_bulk [status:200 request:48.252s]
2025-10-05 17:06:41,793 - INFO - Progress: 9,540,000 indexed, 0 failed, Rate: 2581.6 docs/sec, Queue: 300, Elapsed: 3695.3s
2025-10-05 17:06:41,810 - INFO - Progress: 9,550,000 indexed, 0 failed, Rate: 2584.3 docs/sec, Queue: 300, Elapsed: 3695.4s
2025-10-05 17:06:41,845 - INFO - Progress: 9,560,000 indexed, 0 failed, Rate: 2587.0 docs/sec, Queue: 300, Elapsed: 3695.4s
2025-10-05 17:06:41,873 - INFO - Progress: 9,570,000 indexed, 0 failed, Rate: 2589.7 docs/sec, Queue: 300, Elapsed: 3695.4s
2025-10-05 17:06:43,174 - INFO - Overall progress: Parsed 10,161,000, Indexed 0, Queue: 300
2025-10-05 17:06:46,964 - INFO - POST http://localhost:9200/_bulk [status:200 request:19.385s]
2025-10-05 17:06:52,766 - INFO - POST http://localhost:9200/_bulk [status:200 request:20.079s]
2025-10-05 17:06:53,185 - INFO - Overall progress: Parsed 10,172,000, Indexed 0, Queue: 299
2025-10-05 17:06:56,614 - INFO - POST http://localhost:9200/_bulk [status:200 request:51.967s]
2025-10-05 17:06:56,863 - INFO - Progress: 9,580,000 indexed, 0 failed, Rate: 2581.9 docs/sec, Queue: 300, Elapsed: 3710.4s
2025-10-05 17:06:56,888 - INFO - Progress: 9,590,000 indexed, 0 failed, Rate: 2584.6 docs/sec, Queue: 300, Elapsed: 3710.4s
2025-10-05 17:06:56,924 - INFO - Progress: 9,600,000 indexed, 0 failed, Rate: 2587.3 docs/sec, Queue: 300, Elapsed: 3710.5s
2025-10-05 17:06:56,977 - INFO - === METRICS ES CONSUMER AT 9600000 DOCS ===
2025-10-05 17:06:56,982 - INFO - Process Memory:
2025-10-05 17:06:56,985 - INFO -   RSS: 4.70 GB
2025-10-05 17:06:56,985 - INFO -   VMS: 7.37 GB
2025-10-05 17:06:56,985 - INFO -   % of System: 0.5%
2025-10-05 17:06:56,985 - INFO - System Memory:
2025-10-05 17:06:56,985 - INFO -   Total Used: 16.3%
2025-10-05 17:06:56,985 - INFO -   Available: 715.55 GB
2025-10-05 17:06:56,996 - INFO -   Cached: 38.34 GB
2025-10-05 17:06:58,035 - INFO - POST http://localhost:9200/_bulk [status:200 request:19.422s]
2025-10-05 17:06:58,132 - INFO - CPU:
2025-10-05 17:06:58,137 - INFO -   Process usage: 50.3%
2025-10-05 17:06:58,143 - INFO -   Threads: 14
2025-10-05 17:06:58,200 - INFO -   Allocated cores: 288 (IDs: [0, 1, 2, 3, 4]...)
2025-10-05 17:06:58,270 - INFO - Process I/O:
2025-10-05 17:06:58,280 - INFO -   Read: 0.03 GB
2025-10-05 17:06:58,286 - INFO -   Write: 0.03 GB
2025-10-05 17:06:58,291 - INFO - ==================================================
2025-10-05 17:06:59,533 - INFO - POST http://localhost:9200/_bulk [status:200 request:23.560s]
2025-10-05 17:06:59,584 - INFO - Worker 0: Parsed 10,200,000 docs, Queue: 299
2025-10-05 17:07:02,142 - INFO - POST http://localhost:9200/_bulk [status:200 request:24.313s]
2025-10-05 17:07:03,191 - INFO - Overall progress: Parsed 10,218,000, Indexed 0, Queue: 297
2025-10-05 17:07:05,732 - INFO - POST http://localhost:9200/_bulk [status:200 request:23.898s]
2025-10-05 17:07:12,749 - INFO - POST http://localhost:9200/_bulk [status:200 request:61.480s]
2025-10-05 17:07:13,013 - INFO - Progress: 9,610,000 indexed, 0 failed, Rate: 2578.8 docs/sec, Queue: 300, Elapsed: 3726.6s
2025-10-05 17:07:13,039 - INFO - Progress: 9,620,000 indexed, 0 failed, Rate: 2581.4 docs/sec, Queue: 300, Elapsed: 3726.6s
2025-10-05 17:07:13,072 - INFO - Progress: 9,630,000 indexed, 0 failed, Rate: 2584.1 docs/sec, Queue: 300, Elapsed: 3726.6s
2025-10-05 17:07:13,121 - INFO - Progress: 9,640,000 indexed, 0 failed, Rate: 2586.8 docs/sec, Queue: 300, Elapsed: 3726.7s
2025-10-05 17:07:13,157 - INFO - Progress: 9,650,000 indexed, 0 failed, Rate: 2589.4 docs/sec, Queue: 300, Elapsed: 3726.7s
2025-10-05 17:07:13,191 - INFO - Progress: 9,660,000 indexed, 0 failed, Rate: 2592.1 docs/sec, Queue: 300, Elapsed: 3726.7s
2025-10-05 17:07:13,223 - INFO - Overall progress: Parsed 10,231,000, Indexed 0, Queue: 300
2025-10-05 17:07:13,227 - INFO - Progress: 9,670,000 indexed, 0 failed, Rate: 2594.7 docs/sec, Queue: 300, Elapsed: 3726.8s
2025-10-05 17:07:13,253 - INFO - Progress: 9,680,000 indexed, 0 failed, Rate: 2597.4 docs/sec, Queue: 300, Elapsed: 3726.8s
2025-10-05 17:07:13,287 - INFO - Progress: 9,690,000 indexed, 0 failed, Rate: 2600.1 docs/sec, Queue: 300, Elapsed: 3726.8s
2025-10-05 17:07:18,821 - INFO - POST http://localhost:9200/_bulk [status:200 request:25.789s]
2025-10-05 17:07:20,147 - INFO - Worker 0: Parsed 10,250,000 docs, Queue: 299
2025-10-05 17:07:23,234 - INFO - Overall progress: Parsed 10,251,000, Indexed 0, Queue: 300
2025-10-05 17:07:23,660 - INFO - POST http://localhost:9200/_bulk [status:200 request:25.349s]
2025-10-05 17:07:26,847 - INFO - POST http://localhost:9200/_bulk [status:200 request:27.017s]
2025-10-05 17:07:33,235 - INFO - Overall progress: Parsed 10,271,000, Indexed 0, Queue: 300
2025-10-05 17:07:36,246 - INFO - POST http://localhost:9200/_bulk [status:200 request:49.004s]
2025-10-05 17:07:36,436 - INFO - Progress: 9,700,000 indexed, 0 failed, Rate: 2586.7 docs/sec, Queue: 300, Elapsed: 3750.0s
2025-10-05 17:07:36,560 - INFO - === METRICS ES CONSUMER AT 9700000 DOCS ===
2025-10-05 17:07:36,566 - INFO - Process Memory:
2025-10-05 17:07:36,571 - INFO -   RSS: 5.11 GB
2025-10-05 17:07:36,577 - INFO -   VMS: 7.81 GB
2025-10-05 17:07:36,578 - INFO -   % of System: 0.6%
2025-10-05 17:07:36,578 - INFO - System Memory:
2025-10-05 17:07:36,578 - INFO -   Total Used: 16.4%
2025-10-05 17:07:36,578 - INFO -   Available: 714.67 GB
2025-10-05 17:07:36,578 - INFO -   Cached: 38.91 GB
2025-10-05 17:07:37,579 - INFO - CPU:
2025-10-05 17:07:37,580 - INFO -   Process usage: 49.9%
2025-10-05 17:07:37,580 - INFO -   Threads: 14
2025-10-05 17:07:37,580 - INFO -   Allocated cores: 288 (IDs: [0, 1, 2, 3, 4]...)
2025-10-05 17:07:37,580 - INFO - Process I/O:
2025-10-05 17:07:37,580 - INFO -   Read: 0.03 GB
2025-10-05 17:07:37,580 - INFO -   Write: 0.03 GB
2025-10-05 17:07:37,580 - INFO - ==================================================
2025-10-05 17:07:37,904 - INFO - Progress: 9,710,000 indexed, 0 failed, Rate: 2588.3 docs/sec, Queue: 300, Elapsed: 3751.5s
2025-10-05 17:07:43,236 - INFO - Overall progress: Parsed 10,281,000, Indexed 0, Queue: 300
2025-10-05 17:07:59,901 - INFO - POST http://localhost:9200/_bulk [status:200 request:53.514s]
2025-10-05 17:08:03,237 - INFO - Overall progress: Parsed 10,291,000, Indexed 0, Queue: 300
2025-10-05 17:08:15,914 - INFO - POST http://localhost:9200/_bulk [status:200 request:62.811s]
2025-10-05 17:08:17,180 - INFO - Worker 0: Parsed 10,300,000 docs, Queue: 299
2025-10-05 17:08:23,238 - INFO - Overall progress: Parsed 10,301,000, Indexed 0, Queue: 300
2025-10-05 17:08:37,101 - INFO - POST http://localhost:9200/_bulk [status:200 request:100.197s]
2025-10-05 17:08:37,368 - INFO - Progress: 9,720,000 indexed, 0 failed, Rate: 2550.6 docs/sec, Queue: 300, Elapsed: 3810.9s
2025-10-05 17:08:37,401 - INFO - Progress: 9,730,000 indexed, 0 failed, Rate: 2553.2 docs/sec, Queue: 300, Elapsed: 3811.0s
2025-10-05 17:08:37,444 - INFO - Progress: 9,740,000 indexed, 0 failed, Rate: 2555.8 docs/sec, Queue: 300, Elapsed: 3811.0s
2025-10-05 17:08:40,804 - INFO - POST http://localhost:9200/_bulk [status:200 request:64.202s]
2025-10-05 17:08:41,288 - INFO - POST http://localhost:9200/_bulk [status:200 request:98.871s]
2025-10-05 17:08:41,566 - INFO - Progress: 9,750,000 indexed, 0 failed, Rate: 2555.6 docs/sec, Queue: 300, Elapsed: 3815.1s
2025-10-05 17:08:41,666 - INFO - Progress: 9,760,000 indexed, 0 failed, Rate: 2558.2 docs/sec, Queue: 300, Elapsed: 3815.2s
2025-10-05 17:08:41,700 - INFO - Progress: 9,770,000 indexed, 0 failed, Rate: 2560.8 docs/sec, Queue: 300, Elapsed: 3815.3s
2025-10-05 17:08:43,239 - INFO - Overall progress: Parsed 10,327,000, Indexed 0, Queue: 296
2025-10-05 17:08:53,240 - INFO - Overall progress: Parsed 10,331,000, Indexed 0, Queue: 300
2025-10-05 17:09:03,285 - INFO - POST http://localhost:9200/_bulk [status:200 request:99.282s]
2025-10-05 17:09:13,286 - INFO - Overall progress: Parsed 10,341,000, Indexed 0, Queue: 300
2025-10-05 17:09:23,312 - INFO - POST http://localhost:9200/_bulk [status:200 request:83.088s]
2025-10-05 17:09:24,627 - INFO - Worker 0: Parsed 10,350,000 docs, Queue: 299
2025-10-05 17:09:33,312 - INFO - Overall progress: Parsed 10,351,000, Indexed 0, Queue: 300
2025-10-05 17:09:37,730 - INFO - POST http://localhost:9200/_bulk [status:200 request:130.533s]
2025-10-05 17:09:43,313 - INFO - Overall progress: Parsed 10,361,000, Indexed 0, Queue: 300
2025-10-05 17:10:01,553 - INFO - POST http://localhost:9200/_bulk [status:200 request:105.273s]
2025-10-05 17:10:03,314 - INFO - Overall progress: Parsed 10,371,000, Indexed 0, Queue: 300
2025-10-05 17:10:06,259 - INFO - POST http://localhost:9200/_bulk [status:200 request:85.095s]
2025-10-05 17:10:13,315 - INFO - Overall progress: Parsed 10,381,000, Indexed 0, Queue: 300
2025-10-05 17:10:32,196 - INFO - POST http://localhost:9200/_bulk [status:200 request:114.713s]
2025-10-05 17:10:33,329 - INFO - Overall progress: Parsed 10,385,000, Indexed 0, Queue: 296
2025-10-05 17:10:33,736 - INFO - POST http://localhost:9200/_bulk [status:200 request:111.995s]
2025-10-05 17:10:35,012 - INFO - Worker 0: Parsed 10,400,000 docs, Queue: 299
2025-10-05 17:10:38,678 - INFO - POST http://localhost:9200/_bulk [status:200 request:94.789s]
2025-10-05 17:10:43,335 - INFO - Overall progress: Parsed 10,411,000, Indexed 0, Queue: 300
2025-10-05 17:10:49,938 - INFO - POST http://localhost:9200/_bulk [status:200 request:86.269s]
2025-10-05 17:10:53,336 - INFO - Overall progress: Parsed 10,421,000, Indexed 0, Queue: 300
2025-10-05 17:11:07,157 - INFO - POST http://localhost:9200/_bulk [status:200 request:227.978s]
2025-10-05 17:11:07,350 - INFO - Progress: 9,780,000 indexed, 0 failed, Rate: 2469.1 docs/sec, Queue: 300, Elapsed: 3960.9s
2025-10-05 17:11:07,432 - INFO - Progress: 9,790,000 indexed, 0 failed, Rate: 2471.6 docs/sec, Queue: 300, Elapsed: 3961.0s
2025-10-05 17:11:07,465 - INFO - Progress: 9,800,000 indexed, 0 failed, Rate: 2474.1 docs/sec, Queue: 300, Elapsed: 3961.0s
2025-10-05 17:11:07,518 - INFO - === METRICS ES CONSUMER AT 9800000 DOCS ===
2025-10-05 17:11:07,521 - INFO - Process Memory:
2025-10-05 17:11:07,521 - INFO -   RSS: 5.25 GB
2025-10-05 17:11:07,521 - INFO -   VMS: 7.95 GB
2025-10-05 17:11:07,521 - INFO -   % of System: 0.6%
2025-10-05 17:11:07,521 - INFO - System Memory:
2025-10-05 17:11:07,529 - INFO -   Total Used: 16.4%
2025-10-05 17:11:07,535 - INFO -   Available: 714.55 GB
2025-10-05 17:11:07,540 - INFO -   Cached: 35.26 GB
2025-10-05 17:11:08,562 - INFO - CPU:
2025-10-05 17:11:08,562 - INFO -   Process usage: 44.3%
2025-10-05 17:11:08,562 - INFO -   Threads: 14
2025-10-05 17:11:08,562 - INFO -   Allocated cores: 288 (IDs: [0, 1, 2, 3, 4]...)
2025-10-05 17:11:08,562 - INFO - Process I/O:
2025-10-05 17:11:08,563 - INFO -   Read: 0.03 GB
2025-10-05 17:11:08,563 - INFO -   Write: 0.03 GB
2025-10-05 17:11:08,563 - INFO - ==================================================
2025-10-05 17:11:08,940 - INFO - Progress: 9,810,000 indexed, 0 failed, Rate: 2475.7 docs/sec, Queue: 300, Elapsed: 3962.5s
2025-10-05 17:11:08,969 - INFO - Progress: 9,820,000 indexed, 0 failed, Rate: 2478.2 docs/sec, Queue: 300, Elapsed: 3962.5s
2025-10-05 17:11:08,996 - INFO - Progress: 9,830,000 indexed, 0 failed, Rate: 2480.7 docs/sec, Queue: 300, Elapsed: 3962.5s
2025-10-05 17:11:09,018 - INFO - Progress: 9,840,000 indexed, 0 failed, Rate: 2483.2 docs/sec, Queue: 300, Elapsed: 3962.6s
2025-10-05 17:11:09,032 - INFO - Progress: 9,850,000 indexed, 0 failed, Rate: 2485.8 docs/sec, Queue: 300, Elapsed: 3962.6s
2025-10-05 17:11:09,051 - INFO - Progress: 9,860,000 indexed, 0 failed, Rate: 2488.3 docs/sec, Queue: 300, Elapsed: 3962.6s
2025-10-05 17:11:09,064 - INFO - Progress: 9,870,000 indexed, 0 failed, Rate: 2490.8 docs/sec, Queue: 300, Elapsed: 3962.6s
2025-10-05 17:11:09,078 - INFO - Progress: 9,880,000 indexed, 0 failed, Rate: 2493.3 docs/sec, Queue: 300, Elapsed: 3962.6s
2025-10-05 17:11:13,337 - INFO - Overall progress: Parsed 10,431,000, Indexed 0, Queue: 300
2025-10-05 17:11:24,985 - INFO - POST http://localhost:9200/_bulk [status:200 request:78.390s]
2025-10-05 17:11:33,338 - INFO - Overall progress: Parsed 10,441,000, Indexed 0, Queue: 300
2025-10-05 17:11:51,556 - INFO - POST http://localhost:9200/_bulk [status:200 request:78.697s]
2025-10-05 17:11:52,814 - INFO - Worker 0: Parsed 10,450,000 docs, Queue: 299
2025-10-05 17:11:53,340 - INFO - Overall progress: Parsed 10,451,000, Indexed 0, Queue: 300
2025-10-05 17:12:01,595 - INFO - POST http://localhost:9200/_bulk [status:200 request:71.343s]
2025-10-05 17:12:03,340 - INFO - Overall progress: Parsed 10,461,000, Indexed 0, Queue: 300
2025-10-05 17:12:15,805 - INFO - POST http://localhost:9200/_bulk [status:200 request:96.796s]
2025-10-05 17:12:16,459 - INFO - POST http://localhost:9200/_bulk [status:200 request:102.367s]
2025-10-05 17:12:23,342 - INFO - Overall progress: Parsed 10,481,000, Indexed 0, Queue: 300
2025-10-05 17:12:51,370 - INFO - POST http://localhost:9200/_bulk [status:200 request:86.065s]
2025-10-05 17:12:52,028 - INFO - POST http://localhost:9200/_bulk [status:200 request:60.143s]
2025-10-05 17:12:53,354 - INFO - Overall progress: Parsed 10,492,000, Indexed 0, Queue: 295
2025-10-05 17:12:54,204 - INFO - Worker 0: Parsed 10,500,000 docs, Queue: 299
2025-10-05 17:13:03,360 - INFO - Overall progress: Parsed 10,501,000, Indexed 0, Queue: 300
2025-10-05 17:13:07,149 - INFO - POST http://localhost:9200/_bulk [status:200 request:65.185s]
2025-10-05 17:13:13,360 - INFO - Overall progress: Parsed 10,511,000, Indexed 0, Queue: 300
2025-10-05 17:13:29,539 - INFO - POST http://localhost:9200/_bulk [status:200 request:231.482s]
2025-10-05 17:13:29,793 - INFO - Progress: 9,890,000 indexed, 0 failed, Rate: 2410.2 docs/sec, Queue: 300, Elapsed: 4103.3s
2025-10-05 17:13:33,362 - INFO - Overall progress: Parsed 10,521,000, Indexed 0, Queue: 300
2025-10-05 17:13:38,661 - INFO - POST http://localhost:9200/_bulk [status:200 request:82.227s]
2025-10-05 17:13:43,363 - INFO - Overall progress: Parsed 10,531,000, Indexed 0, Queue: 300
2025-10-05 17:13:44,447 - INFO - POST http://localhost:9200/_bulk [status:200 request:51.663s]
2025-10-05 17:13:53,363 - INFO - Overall progress: Parsed 10,541,000, Indexed 0, Queue: 300
2025-10-05 17:14:04,442 - INFO - POST http://localhost:9200/_bulk [status:200 request:56.975s]
2025-10-05 17:14:05,658 - INFO - Worker 0: Parsed 10,550,000 docs, Queue: 299
2025-10-05 17:14:08,566 - INFO - POST http://localhost:9200/_bulk [status:200 request:76.868s]
2025-10-05 17:14:13,365 - INFO - Overall progress: Parsed 10,561,000, Indexed 0, Queue: 300
2025-10-05 17:14:31,796 - INFO - POST http://localhost:9200/_bulk [status:200 request:61.914s]
2025-10-05 17:14:33,366 - INFO - Overall progress: Parsed 10,571,000, Indexed 0, Queue: 300
2025-10-05 17:14:53,608 - INFO - POST http://localhost:9200/_bulk [status:200 request:74.281s]
2025-10-05 17:15:01,870 - WARNING - POST http://localhost:9200/_bulk [status:N/A request:300.064s]
Traceback (most recent call last):
  File "/usr/local/lib/python3.8/dist-packages/urllib3/connectionpool.py", line 468, in _make_request
    six.raise_from(e, None)
  File "<string>", line 3, in raise_from
  File "/usr/local/lib/python3.8/dist-packages/urllib3/connectionpool.py", line 463, in _make_request
    httplib_response = conn.getresponse()
  File "/usr/lib/python3.8/http/client.py", line 1348, in getresponse
    response.begin()
  File "/usr/lib/python3.8/http/client.py", line 316, in begin
    version, status, reason = self._read_status()
  File "/usr/lib/python3.8/http/client.py", line 277, in _read_status
    line = str(self.fp.readline(_MAXLINE + 1), "iso-8859-1")
  File "/usr/lib/python3.8/socket.py", line 669, in readinto
    return self._sock.recv_into(b)
socket.timeout: timed out

During handling of the above exception, another exception occurred:

Traceback (most recent call last):
  File "/usr/local/lib/python3.8/dist-packages/elasticsearch/connection/http_urllib3.py", line 255, in perform_request
    response = self.pool.urlopen(
  File "/usr/local/lib/python3.8/dist-packages/urllib3/connectionpool.py", line 802, in urlopen
    retries = retries.increment(
  File "/usr/local/lib/python3.8/dist-packages/urllib3/util/retry.py", line 527, in increment
    raise six.reraise(type(error), error, _stacktrace)
  File "/usr/local/lib/python3.8/dist-packages/urllib3/packages/six.py", line 770, in reraise
    raise value
  File "/usr/local/lib/python3.8/dist-packages/urllib3/connectionpool.py", line 716, in urlopen
    httplib_response = self._make_request(
  File "/usr/local/lib/python3.8/dist-packages/urllib3/connectionpool.py", line 470, in _make_request
    self._raise_timeout(err=e, url=url, timeout_value=read_timeout)
  File "/usr/local/lib/python3.8/dist-packages/urllib3/connectionpool.py", line 358, in _raise_timeout
    raise ReadTimeoutError(
urllib3.exceptions.ReadTimeoutError: HTTPConnectionPool(host='localhost', port=9200): Read timed out. (read timeout=300)
2025-10-05 17:15:03,040 - INFO - POST http://localhost:9200/_bulk [status:200 request:58.267s]
2025-10-05 17:15:03,378 - INFO - Overall progress: Parsed 10,582,000, Indexed 0, Queue: 300
2025-10-05 17:15:08,779 - INFO - POST http://localhost:9200/_bulk [status:200 request:171.928s]
2025-10-05 17:15:09,328 - INFO - POST http://localhost:9200/_bulk [status:200 request:84.513s]
2025-10-05 17:15:10,259 - INFO - Worker 0: Parsed 10,600,000 docs, Queue: 296
2025-10-05 17:15:13,384 - INFO - Overall progress: Parsed 10,611,000, Indexed 0, Queue: 300
2025-10-05 17:15:56,927 - INFO - POST http://localhost:9200/_bulk [status:200 request:84.788s]
2025-10-05 17:16:01,529 - INFO - POST http://localhost:9200/_bulk [status:200 request:294.019s]
2025-10-05 17:16:03,397 - INFO - Overall progress: Parsed 10,630,000, Indexed 0, Queue: 300
2025-10-05 17:16:06,451 - INFO - POST http://localhost:9200/_bulk [status:200 request:57.352s]
2025-10-05 17:16:13,403 - INFO - Overall progress: Parsed 10,641,000, Indexed 0, Queue: 300
2025-10-05 17:16:16,871 - INFO - POST http://localhost:9200/_bulk [status:200 request:74.789s]
2025-10-05 17:16:17,131 - INFO - Progress: 9,900,000 indexed, 0 failed, Rate: 2318.1 docs/sec, Queue: 300, Elapsed: 4270.7s
2025-10-05 17:16:17,180 - INFO - === METRICS ES CONSUMER AT 9900000 DOCS ===
2025-10-05 17:16:17,196 - INFO - Process Memory:
2025-10-05 17:16:17,201 - INFO -   RSS: 5.24 GB
2025-10-05 17:16:17,206 - INFO -   VMS: 7.95 GB
2025-10-05 17:16:17,211 - INFO -   % of System: 0.6%
2025-10-05 17:16:17,211 - INFO - System Memory:
2025-10-05 17:16:17,211 - INFO -   Total Used: 16.5%
2025-10-05 17:16:17,211 - INFO -   Available: 713.60 GB
2025-10-05 17:16:17,211 - INFO -   Cached: 36.53 GB
2025-10-05 17:16:18,145 - INFO - Worker 0: Parsed 10,650,000 docs, Queue: 299
2025-10-05 17:16:18,235 - INFO - CPU:
2025-10-05 17:16:18,235 - INFO -   Process usage: 48.4%
2025-10-05 17:16:18,235 - INFO -   Threads: 14
2025-10-05 17:16:18,235 - INFO -   Allocated cores: 288 (IDs: [0, 1, 2, 3, 4]...)
2025-10-05 17:16:18,236 - INFO - Process I/O:
2025-10-05 17:16:18,236 - INFO -   Read: 0.03 GB
2025-10-05 17:16:18,236 - INFO -   Write: 0.03 GB
2025-10-05 17:16:18,236 - INFO - ==================================================
2025-10-05 17:16:18,723 - INFO - Progress: 9,910,000 indexed, 0 failed, Rate: 2319.6 docs/sec, Queue: 300, Elapsed: 4272.3s
2025-10-05 17:16:18,753 - INFO - Progress: 9,920,000 indexed, 0 failed, Rate: 2321.9 docs/sec, Queue: 300, Elapsed: 4272.3s
2025-10-05 17:16:18,783 - INFO - Progress: 9,930,000 indexed, 0 failed, Rate: 2324.3 docs/sec, Queue: 300, Elapsed: 4272.3s
2025-10-05 17:16:18,818 - INFO - Progress: 9,940,000 indexed, 0 failed, Rate: 2326.6 docs/sec, Queue: 300, Elapsed: 4272.4s
2025-10-05 17:16:18,848 - INFO - Progress: 9,950,000 indexed, 0 failed, Rate: 2328.9 docs/sec, Queue: 300, Elapsed: 4272.4s
2025-10-05 17:16:18,880 - INFO - Progress: 9,960,000 indexed, 0 failed, Rate: 2331.2 docs/sec, Queue: 300, Elapsed: 4272.4s
2025-10-05 17:16:18,892 - INFO - Progress: 9,970,000 indexed, 0 failed, Rate: 2333.6 docs/sec, Queue: 300, Elapsed: 4272.4s
2025-10-05 17:16:18,920 - INFO - Progress: 9,980,000 indexed, 0 failed, Rate: 2335.9 docs/sec, Queue: 300, Elapsed: 4272.5s
2025-10-05 17:16:18,951 - INFO - Progress: 9,990,000 indexed, 0 failed, Rate: 2338.2 docs/sec, Queue: 300, Elapsed: 4272.5s
2025-10-05 17:16:18,976 - INFO - Progress: 10,000,000 indexed, 0 failed, Rate: 2340.5 docs/sec, Queue: 300, Elapsed: 4272.5s
2025-10-05 17:16:18,978 - INFO - === METRICS ES CONSUMER AT 10000000 DOCS ===
2025-10-05 17:16:18,978 - INFO - Process Memory:
2025-10-05 17:16:18,978 - INFO -   RSS: 5.23 GB
2025-10-05 17:16:18,978 - INFO -   VMS: 7.94 GB
2025-10-05 17:16:18,978 - INFO -   % of System: 0.6%
2025-10-05 17:16:18,978 - INFO - System Memory:
2025-10-05 17:16:18,978 - INFO -   Total Used: 16.5%
2025-10-05 17:16:18,978 - INFO -   Available: 713.55 GB
2025-10-05 17:16:18,978 - INFO -   Cached: 36.55 GB
2025-10-05 17:16:19,980 - INFO - CPU:
2025-10-05 17:16:19,980 - INFO -   Process usage: 0.0%
2025-10-05 17:16:19,980 - INFO -   Threads: 14
2025-10-05 17:16:19,980 - INFO -   Allocated cores: 288 (IDs: [0, 1, 2, 3, 4]...)
2025-10-05 17:16:19,981 - INFO - Process I/O:
2025-10-05 17:16:19,981 - INFO -   Read: 0.03 GB
2025-10-05 17:16:19,981 - INFO -   Write: 0.03 GB
2025-10-05 17:16:19,981 - INFO - ==================================================
2025-10-05 17:16:20,338 - INFO - Progress: 10,010,000 indexed, 0 failed, Rate: 2342.1 docs/sec, Queue: 300, Elapsed: 4273.9s
2025-10-05 17:16:20,352 - INFO - Progress: 10,020,000 indexed, 0 failed, Rate: 2344.5 docs/sec, Queue: 300, Elapsed: 4273.9s
2025-10-05 17:16:20,370 - INFO - Progress: 10,030,000 indexed, 0 failed, Rate: 2346.8 docs/sec, Queue: 300, Elapsed: 4273.9s
2025-10-05 17:16:20,389 - INFO - Progress: 10,040,000 indexed, 0 failed, Rate: 2349.1 docs/sec, Queue: 300, Elapsed: 4273.9s
2025-10-05 17:16:20,407 - INFO - Progress: 10,050,000 indexed, 0 failed, Rate: 2351.4 docs/sec, Queue: 300, Elapsed: 4274.0s
2025-10-05 17:16:20,423 - INFO - Progress: 10,060,000 indexed, 0 failed, Rate: 2353.8 docs/sec, Queue: 300, Elapsed: 4274.0s
2025-10-05 17:16:20,439 - INFO - Progress: 10,070,000 indexed, 0 failed, Rate: 2356.1 docs/sec, Queue: 300, Elapsed: 4274.0s
2025-10-05 17:16:20,459 - INFO - Progress: 10,080,000 indexed, 0 failed, Rate: 2358.4 docs/sec, Queue: 300, Elapsed: 4274.0s
2025-10-05 17:16:23,404 - INFO - Overall progress: Parsed 10,651,000, Indexed 0, Queue: 300
2025-10-05 17:16:25,760 - INFO - POST http://localhost:9200/_bulk [status:200 request:76.001s]
2025-10-05 17:16:33,404 - INFO - Overall progress: Parsed 10,661,000, Indexed 0, Queue: 300
2025-10-05 17:17:16,574 - INFO - POST http://localhost:9200/_bulk [status:200 request:79.317s]
2025-10-05 17:17:20,218 - INFO - POST http://localhost:9200/_bulk [status:200 request:78.359s]
2025-10-05 17:17:22,387 - INFO - POST http://localhost:9200/_bulk [status:200 request:75.598s]
2025-10-05 17:17:23,417 - INFO - Overall progress: Parsed 10,684,000, Indexed 0, Queue: 297
2025-10-05 17:17:28,093 - INFO - POST http://localhost:9200/_bulk [status:200 request:70.867s]
2025-10-05 17:17:28,281 - INFO - POST http://localhost:9200/_bulk [status:200 request:62.186s]
2025-10-05 17:17:29,738 - INFO - Worker 0: Parsed 10,700,000 docs, Queue: 293
2025-10-05 17:17:33,423 - INFO - Overall progress: Parsed 10,711,000, Indexed 0, Queue: 300
2025-10-05 17:18:15,716 - INFO - POST http://localhost:9200/_bulk [status:200 request:246.453s]
2025-10-05 17:18:15,984 - INFO - Progress: 10,090,000 indexed, 0 failed, Rate: 2298.6 docs/sec, Queue: 300, Elapsed: 4389.5s
2025-10-05 17:18:16,025 - INFO - Progress: 10,100,000 indexed, 0 failed, Rate: 2300.9 docs/sec, Queue: 300, Elapsed: 4389.6s
2025-10-05 17:18:16,881 - INFO - === METRICS ES CONSUMER AT 10100000 DOCS ===
2025-10-05 17:18:16,886 - INFO - Process Memory:
2025-10-05 17:18:16,891 - INFO -   RSS: 5.21 GB
2025-10-05 17:18:16,897 - INFO -   VMS: 7.91 GB
2025-10-05 17:18:16,907 - INFO -   % of System: 0.6%
2025-10-05 17:18:16,912 - INFO - System Memory:
2025-10-05 17:18:16,917 - INFO -   Total Used: 16.5%
2025-10-05 17:18:16,917 - INFO -   Available: 713.20 GB
2025-10-05 17:18:16,917 - INFO -   Cached: 36.90 GB
2025-10-05 17:18:17,919 - INFO - CPU:
2025-10-05 17:18:17,919 - INFO -   Process usage: 53.9%
2025-10-05 17:18:17,919 - INFO -   Threads: 14
2025-10-05 17:18:17,919 - INFO -   Allocated cores: 288 (IDs: [0, 1, 2, 3, 4]...)
2025-10-05 17:18:17,919 - INFO - Process I/O:
2025-10-05 17:18:17,920 - INFO -   Read: 0.03 GB
2025-10-05 17:18:17,920 - INFO -   Write: 0.03 GB
2025-10-05 17:18:17,920 - INFO - ==================================================
2025-10-05 17:18:19,035 - INFO - POST http://localhost:9200/_bulk [status:200 request:62.143s]
2025-10-05 17:18:23,426 - INFO - Overall progress: Parsed 10,731,000, Indexed 0, Queue: 300
2025-10-05 17:18:28,019 - INFO - POST http://localhost:9200/_bulk [status:200 request:59.398s]
2025-10-05 17:18:33,429 - INFO - POST http://localhost:9200/_bulk [status:200 request:64.642s]
2025-10-05 17:18:33,516 - INFO - Overall progress: Parsed 10,741,000, Indexed 0, Queue: 300
2025-10-05 17:18:34,671 - INFO - Worker 0: Parsed 10,750,000 docs, Queue: 299
2025-10-05 17:18:35,617 - INFO - POST http://localhost:9200/_bulk [status:200 request:75.054s]
2025-10-05 17:18:43,522 - INFO - Overall progress: Parsed 10,761,000, Indexed 0, Queue: 300
2025-10-05 17:19:02,890 - INFO - POST http://localhost:9200/_bulk [status:200 request:248.955s]
2025-10-05 17:19:03,158 - INFO - Progress: 10,110,000 indexed, 0 failed, Rate: 2278.7 docs/sec, Queue: 300, Elapsed: 4436.7s
2025-10-05 17:19:03,533 - INFO - Overall progress: Parsed 10,764,000, Indexed 0, Queue: 298
2025-10-05 17:19:13,539 - INFO - Overall progress: Parsed 10,771,000, Indexed 0, Queue: 300
2025-10-05 17:19:14,645 - INFO - POST http://localhost:9200/_bulk [status:200 request:251.271s]
2025-10-05 17:19:14,915 - INFO - Progress: 10,120,000 indexed, 0 failed, Rate: 2274.9 docs/sec, Queue: 300, Elapsed: 4448.5s
2025-10-05 17:19:14,948 - INFO - Progress: 10,130,000 indexed, 0 failed, Rate: 2277.2 docs/sec, Queue: 300, Elapsed: 4448.5s
2025-10-05 17:19:14,974 - INFO - Progress: 10,140,000 indexed, 0 failed, Rate: 2279.4 docs/sec, Queue: 300, Elapsed: 4448.5s
2025-10-05 17:19:15,018 - INFO - Progress: 10,150,000 indexed, 0 failed, Rate: 2281.6 docs/sec, Queue: 300, Elapsed: 4448.6s
2025-10-05 17:19:15,049 - INFO - Progress: 10,160,000 indexed, 0 failed, Rate: 2283.9 docs/sec, Queue: 300, Elapsed: 4448.6s
2025-10-05 17:19:15,080 - INFO - Progress: 10,170,000 indexed, 0 failed, Rate: 2286.1 docs/sec, Queue: 300, Elapsed: 4448.6s
2025-10-05 17:19:15,109 - INFO - Progress: 10,180,000 indexed, 0 failed, Rate: 2288.3 docs/sec, Queue: 300, Elapsed: 4448.7s
2025-10-05 17:19:15,134 - INFO - Progress: 10,190,000 indexed, 0 failed, Rate: 2290.6 docs/sec, Queue: 300, Elapsed: 4448.7s
2025-10-05 17:19:15,175 - INFO - Progress: 10,200,000 indexed, 0 failed, Rate: 2292.8 docs/sec, Queue: 300, Elapsed: 4448.7s
2025-10-05 17:19:15,218 - INFO - === METRICS ES CONSUMER AT 10200000 DOCS ===
2025-10-05 17:19:15,218 - INFO - Process Memory:
2025-10-05 17:19:15,219 - INFO -   RSS: 5.20 GB
2025-10-05 17:19:15,219 - INFO -   VMS: 7.90 GB
2025-10-05 17:19:15,219 - INFO -   % of System: 0.6%
2025-10-05 17:19:15,226 - INFO - System Memory:
2025-10-05 17:19:15,231 - INFO -   Total Used: 16.6%
2025-10-05 17:19:15,237 - INFO -   Available: 713.01 GB
2025-10-05 17:19:15,242 - INFO -   Cached: 37.28 GB
2025-10-05 17:19:16,264 - INFO - CPU:
2025-10-05 17:19:16,264 - INFO -   Process usage: 38.4%
2025-10-05 17:19:16,264 - INFO -   Threads: 14
2025-10-05 17:19:16,264 - INFO -   Allocated cores: 288 (IDs: [0, 1, 2, 3, 4]...)
2025-10-05 17:19:16,264 - INFO - Process I/O:
2025-10-05 17:19:16,265 - INFO -   Read: 0.03 GB
2025-10-05 17:19:16,265 - INFO -   Write: 0.03 GB
2025-10-05 17:19:16,265 - INFO - ==================================================
2025-10-05 17:19:16,594 - INFO - Progress: 10,210,000 indexed, 0 failed, Rate: 2294.3 docs/sec, Queue: 300, Elapsed: 4450.1s
2025-10-05 17:19:21,663 - INFO - POST http://localhost:9200/_bulk [status:200 request:65.585s]
2025-10-05 17:19:23,540 - INFO - Overall progress: Parsed 10,791,000, Indexed 0, Queue: 300
2025-10-05 17:19:30,747 - INFO - POST http://localhost:9200/_bulk [status:200 request:71.382s]
2025-10-05 17:19:32,155 - INFO - Worker 0: Parsed 10,800,000 docs, Queue: 299
2025-10-05 17:19:33,541 - INFO - Overall progress: Parsed 10,801,000, Indexed 0, Queue: 300
2025-10-05 17:19:56,542 - INFO - POST http://localhost:9200/_bulk [status:200 request:82.790s]
2025-10-05 17:19:59,852 - INFO - POST http://localhost:9200/_bulk [status:200 request:83.519s]
2025-10-05 17:20:03,542 - INFO - Overall progress: Parsed 10,821,000, Indexed 0, Queue: 300
2025-10-05 17:20:20,925 - INFO - POST http://localhost:9200/_bulk [status:200 request:77.688s]
2025-10-05 17:20:23,544 - INFO - Overall progress: Parsed 10,831,000, Indexed 0, Queue: 300
2025-10-05 17:20:23,983 - INFO - POST http://localhost:9200/_bulk [status:200 request:61.993s]
2025-10-05 17:20:31,426 - INFO - POST http://localhost:9200/_bulk [status:200 request:60.349s]
2025-10-05 17:20:32,700 - INFO - Worker 0: Parsed 10,850,000 docs, Queue: 299
2025-10-05 17:20:33,544 - INFO - Overall progress: Parsed 10,851,000, Indexed 0, Queue: 300
2025-10-05 17:21:02,664 - INFO - POST http://localhost:9200/_bulk [status:200 request:154.307s]
2025-10-05 17:21:03,546 - INFO - Overall progress: Parsed 10,856,000, Indexed 0, Queue: 297
2025-10-05 17:21:13,547 - INFO - Overall progress: Parsed 10,861,000, Indexed 0, Queue: 300
2025-10-05 17:21:18,648 - INFO - POST http://localhost:9200/_bulk [status:200 request:57.387s]
2025-10-05 17:21:21,965 - INFO - POST http://localhost:9200/_bulk [status:200 request:81.791s]
2025-10-05 17:21:23,548 - INFO - Overall progress: Parsed 10,881,000, Indexed 0, Queue: 300
2025-10-05 17:21:23,799 - INFO - POST http://localhost:9200/_bulk [status:200 request:52.034s]
2025-10-05 17:21:27,549 - INFO - POST http://localhost:9200/_bulk [status:200 request:90.679s]
2025-10-05 17:21:28,807 - INFO - Worker 0: Parsed 10,900,000 docs, Queue: 299
2025-10-05 17:21:33,549 - INFO - Overall progress: Parsed 10,901,000, Indexed 0, Queue: 300
2025-10-05 17:21:51,533 - INFO - POST http://localhost:9200/_bulk [status:200 request:268.458s]
2025-10-05 17:21:52,213 - INFO - Progress: 10,220,000 indexed, 0 failed, Rate: 2219.0 docs/sec, Queue: 300, Elapsed: 4605.8s
2025-10-05 17:21:52,238 - INFO - Progress: 10,230,000 indexed, 0 failed, Rate: 2221.1 docs/sec, Queue: 300, Elapsed: 4605.8s
2025-10-05 17:21:52,279 - INFO - Progress: 10,240,000 indexed, 0 failed, Rate: 2223.3 docs/sec, Queue: 300, Elapsed: 4605.8s
2025-10-05 17:21:52,318 - INFO - Progress: 10,250,000 indexed, 0 failed, Rate: 2225.4 docs/sec, Queue: 300, Elapsed: 4605.9s
2025-10-05 17:21:52,353 - INFO - Progress: 10,260,000 indexed, 0 failed, Rate: 2227.6 docs/sec, Queue: 300, Elapsed: 4605.9s
2025-10-05 17:21:52,389 - INFO - Progress: 10,270,000 indexed, 0 failed, Rate: 2229.7 docs/sec, Queue: 300, Elapsed: 4605.9s
2025-10-05 17:21:52,420 - INFO - Progress: 10,280,000 indexed, 0 failed, Rate: 2231.9 docs/sec, Queue: 300, Elapsed: 4606.0s
2025-10-05 17:21:52,453 - INFO - Progress: 10,290,000 indexed, 0 failed, Rate: 2234.0 docs/sec, Queue: 300, Elapsed: 4606.0s
2025-10-05 17:21:52,486 - INFO - Progress: 10,300,000 indexed, 0 failed, Rate: 2236.2 docs/sec, Queue: 300, Elapsed: 4606.0s
2025-10-05 17:21:52,506 - INFO - === METRICS ES CONSUMER AT 10300000 DOCS ===
2025-10-05 17:21:52,512 - INFO - Process Memory:
2025-10-05 17:21:52,517 - INFO -   RSS: 5.23 GB
2025-10-05 17:21:52,522 - INFO -   VMS: 7.93 GB
2025-10-05 17:21:52,543 - INFO -   % of System: 0.6%
2025-10-05 17:21:52,548 - INFO - System Memory:
2025-10-05 17:21:52,554 - INFO -   Total Used: 16.5%
2025-10-05 17:21:52,559 - INFO -   Available: 713.14 GB
2025-10-05 17:21:52,563 - INFO -   Cached: 36.96 GB
2025-10-05 17:21:53,550 - INFO - Overall progress: Parsed 10,910,000, Indexed 0, Queue: 299
2025-10-05 17:21:53,565 - INFO - CPU:
2025-10-05 17:21:53,565 - INFO -   Process usage: 42.9%
2025-10-05 17:21:53,565 - INFO -   Threads: 14
2025-10-05 17:21:53,565 - INFO -   Allocated cores: 288 (IDs: [0, 1, 2, 3, 4]...)
2025-10-05 17:21:53,565 - INFO - Process I/O:
2025-10-05 17:21:53,565 - INFO -   Read: 0.03 GB
2025-10-05 17:21:53,565 - INFO -   Write: 0.03 GB
2025-10-05 17:21:53,565 - INFO - ==================================================
2025-10-05 17:22:03,551 - INFO - Overall progress: Parsed 10,911,000, Indexed 0, Queue: 300
2025-10-05 17:22:26,915 - INFO - POST http://localhost:9200/_bulk [status:200 request:64.607s]
2025-10-05 17:22:33,552 - INFO - Overall progress: Parsed 10,921,000, Indexed 0, Queue: 300
2025-10-05 17:22:42,373 - INFO - POST http://localhost:9200/_bulk [status:200 request:78.243s]
2025-10-05 17:22:43,553 - INFO - Overall progress: Parsed 10,928,000, Indexed 0, Queue: 297
2025-10-05 17:22:43,678 - INFO - POST http://localhost:9200/_bulk [status:200 request:84.700s]
2025-10-05 17:22:46,899 - INFO - POST http://localhost:9200/_bulk [status:200 request:79.012s]
2025-10-05 17:22:48,541 - INFO - Worker 0: Parsed 10,950,000 docs, Queue: 299
2025-10-05 17:22:53,554 - INFO - Overall progress: Parsed 10,951,000, Indexed 0, Queue: 300
2025-10-05 17:23:01,314 - INFO - POST http://localhost:9200/_bulk [status:200 request:69.009s]
2025-10-05 17:23:03,555 - INFO - Overall progress: Parsed 10,961,000, Indexed 0, Queue: 300
2025-10-05 17:23:24,054 - INFO - POST http://localhost:9200/_bulk [status:200 request:179.395s]
2025-10-05 17:23:33,556 - INFO - Overall progress: Parsed 10,971,000, Indexed 0, Queue: 300
2025-10-05 17:23:39,104 - INFO - POST http://localhost:9200/_bulk [status:200 request:56.413s]
2025-10-05 17:23:39,282 - INFO - POST http://localhost:9200/_bulk [status:200 request:55.238s]
2025-10-05 17:23:39,947 - INFO - POST http://localhost:9200/_bulk [status:200 request:264.932s]
2025-10-05 17:23:40,458 - INFO - Progress: 10,310,000 indexed, 0 failed, Rate: 2187.1 docs/sec, Queue: 300, Elapsed: 4714.0s
2025-10-05 17:23:40,559 - INFO - Progress: 10,320,000 indexed, 0 failed, Rate: 2189.2 docs/sec, Queue: 300, Elapsed: 4714.1s
2025-10-05 17:23:40,604 - INFO - Progress: 10,330,000 indexed, 0 failed, Rate: 2191.3 docs/sec, Queue: 300, Elapsed: 4714.2s
2025-10-05 17:23:40,643 - INFO - Progress: 10,340,000 indexed, 0 failed, Rate: 2193.4 docs/sec, Queue: 300, Elapsed: 4714.2s
2025-10-05 17:23:40,664 - INFO - Progress: 10,350,000 indexed, 0 failed, Rate: 2195.5 docs/sec, Queue: 300, Elapsed: 4714.2s
2025-10-05 17:23:40,687 - INFO - Progress: 10,360,000 indexed, 0 failed, Rate: 2197.6 docs/sec, Queue: 300, Elapsed: 4714.2s
2025-10-05 17:23:40,723 - INFO - Progress: 10,370,000 indexed, 0 failed, Rate: 2199.7 docs/sec, Queue: 300, Elapsed: 4714.3s
2025-10-05 17:23:40,756 - INFO - Progress: 10,380,000 indexed, 0 failed, Rate: 2201.8 docs/sec, Queue: 300, Elapsed: 4714.3s
2025-10-05 17:23:43,557 - INFO - Overall progress: Parsed 10,996,000, Indexed 0, Queue: 295
2025-10-05 17:23:43,972 - INFO - Worker 0: Parsed 11,000,000 docs, Queue: 299
2025-10-05 17:23:50,062 - INFO - POST http://localhost:9200/_bulk [status:200 request:62.434s]
2025-10-05 17:23:53,558 - INFO - Overall progress: Parsed 11,011,000, Indexed 0, Queue: 300
2025-10-05 17:24:13,961 - INFO - POST http://localhost:9200/_bulk [status:200 request:72.311s]
2025-10-05 17:24:23,559 - INFO - Overall progress: Parsed 11,021,000, Indexed 0, Queue: 300
2025-10-05 17:24:34,908 - INFO - POST http://localhost:9200/_bulk [status:200 request:54.642s]
2025-10-05 17:24:43,561 - INFO - Overall progress: Parsed 11,031,000, Indexed 0, Queue: 300
2025-10-05 17:24:54,299 - INFO - POST http://localhost:9200/_bulk [status:200 request:231.302s]
2025-10-05 17:24:54,570 - INFO - Progress: 10,390,000 indexed, 0 failed, Rate: 2170.0 docs/sec, Queue: 300, Elapsed: 4788.1s
2025-10-05 17:24:54,607 - INFO - Progress: 10,400,000 indexed, 0 failed, Rate: 2172.0 docs/sec, Queue: 300, Elapsed: 4788.2s
2025-10-05 17:24:54,644 - INFO - === METRICS ES CONSUMER AT 10400000 DOCS ===
2025-10-05 17:24:54,649 - INFO - Process Memory:
2025-10-05 17:24:54,654 - INFO -   RSS: 5.16 GB
2025-10-05 17:24:54,659 - INFO -   VMS: 7.85 GB
2025-10-05 17:24:54,670 - INFO -   % of System: 0.6%
2025-10-05 17:24:54,673 - INFO - System Memory:
2025-10-05 17:24:54,673 - INFO -   Total Used: 16.6%
2025-10-05 17:24:54,673 - INFO -   Available: 712.64 GB
2025-10-05 17:24:54,673 - INFO -   Cached: 37.66 GB
2025-10-05 17:24:55,675 - INFO - CPU:
2025-10-05 17:24:55,675 - INFO -   Process usage: 46.9%
2025-10-05 17:24:55,675 - INFO -   Threads: 14
2025-10-05 17:24:55,676 - INFO -   Allocated cores: 288 (IDs: [0, 1, 2, 3, 4]...)
2025-10-05 17:24:55,676 - INFO - Process I/O:
2025-10-05 17:24:55,676 - INFO -   Read: 0.03 GB
2025-10-05 17:24:55,676 - INFO -   Write: 0.03 GB
2025-10-05 17:24:55,676 - INFO - ==================================================
2025-10-05 17:24:56,103 - INFO - Progress: 10,410,000 indexed, 0 failed, Rate: 2173.4 docs/sec, Queue: 300, Elapsed: 4789.7s
2025-10-05 17:24:56,134 - INFO - Progress: 10,420,000 indexed, 0 failed, Rate: 2175.5 docs/sec, Queue: 300, Elapsed: 4789.7s
2025-10-05 17:24:56,164 - INFO - Progress: 10,430,000 indexed, 0 failed, Rate: 2177.6 docs/sec, Queue: 300, Elapsed: 4789.7s
2025-10-05 17:24:56,194 - INFO - Progress: 10,440,000 indexed, 0 failed, Rate: 2179.7 docs/sec, Queue: 300, Elapsed: 4789.7s
2025-10-05 17:24:59,951 - INFO - POST http://localhost:9200/_bulk [status:200 request:79.316s]
2025-10-05 17:25:01,260 - INFO - Worker 0: Parsed 11,050,000 docs, Queue: 299
2025-10-05 17:25:03,562 - INFO - Overall progress: Parsed 11,051,000, Indexed 0, Queue: 300
2025-10-05 17:25:05,551 - INFO - POST http://localhost:9200/_bulk [status:200 request:85.171s]
2025-10-05 17:25:13,563 - INFO - Overall progress: Parsed 11,061,000, Indexed 0, Queue: 300
2025-10-05 17:25:15,385 - INFO - POST http://localhost:9200/_bulk [status:200 request:84.982s]
2025-10-05 17:25:23,563 - INFO - Overall progress: Parsed 11,071,000, Indexed 0, Queue: 300
2025-10-05 17:25:27,064 - INFO - POST http://localhost:9200/_bulk [status:200 request:72.399s]
2025-10-05 17:25:33,564 - INFO - Overall progress: Parsed 11,081,000, Indexed 0, Queue: 300
2025-10-05 17:25:42,817 - INFO - POST http://localhost:9200/_bulk [status:200 request:48.163s]
2025-10-05 17:25:43,575 - INFO - Overall progress: Parsed 11,085,000, Indexed 0, Queue: 295
2025-10-05 17:25:53,581 - INFO - Overall progress: Parsed 11,091,000, Indexed 0, Queue: 300
2025-10-05 17:26:21,659 - INFO - POST http://localhost:9200/_bulk [status:200 request:81.368s]
2025-10-05 17:26:22,871 - INFO - POST http://localhost:9200/_bulk [status:200 request:76.972s]
2025-10-05 17:26:22,918 - INFO - Worker 0: Parsed 11,100,000 docs, Queue: 299
2025-10-05 17:26:24,301 - INFO - Overall progress: Parsed 11,103,000, Indexed 0, Queue: 300
2025-10-05 17:26:29,182 - INFO - POST http://localhost:9200/_bulk [status:200 request:73.467s]
2025-10-05 17:26:34,307 - INFO - Overall progress: Parsed 11,121,000, Indexed 0, Queue: 300
2025-10-05 17:26:35,414 - INFO - POST http://localhost:9200/_bulk [status:200 request:67.651s]
2025-10-05 17:26:42,790 - INFO - POST http://localhost:9200/_bulk [status:200 request:59.648s]
2025-10-05 17:26:44,308 - INFO - Overall progress: Parsed 11,141,000, Indexed 0, Queue: 300
2025-10-05 17:27:01,573 - INFO - POST http://localhost:9200/_bulk [status:200 request:146.338s]
2025-10-05 17:27:03,336 - INFO - Worker 0: Parsed 11,150,000 docs, Queue: 299
2025-10-05 17:27:04,309 - INFO - Overall progress: Parsed 11,151,000, Indexed 0, Queue: 300
2025-10-05 17:27:07,592 - INFO - POST http://localhost:9200/_bulk [status:200 request:223.211s]
2025-10-05 17:27:08,876 - INFO - POST http://localhost:9200/_bulk [status:200 request:281.641s]
2025-10-05 17:27:09,096 - INFO - Progress: 10,450,000 indexed, 0 failed, Rate: 2122.8 docs/sec, Queue: 300, Elapsed: 4922.7s
2025-10-05 17:27:09,190 - INFO - Progress: 10,460,000 indexed, 0 failed, Rate: 2124.8 docs/sec, Queue: 300, Elapsed: 4922.7s
2025-10-05 17:27:09,233 - INFO - Progress: 10,470,000 indexed, 0 failed, Rate: 2126.8 docs/sec, Queue: 300, Elapsed: 4922.8s
2025-10-05 17:27:09,294 - INFO - Progress: 10,480,000 indexed, 0 failed, Rate: 2128.8 docs/sec, Queue: 300, Elapsed: 4922.8s
2025-10-05 17:27:09,339 - INFO - Progress: 10,490,000 indexed, 0 failed, Rate: 2130.9 docs/sec, Queue: 300, Elapsed: 4922.9s
2025-10-05 17:27:09,379 - INFO - Progress: 10,500,000 indexed, 0 failed, Rate: 2132.9 docs/sec, Queue: 300, Elapsed: 4922.9s
2025-10-05 17:27:09,408 - INFO - === METRICS ES CONSUMER AT 10500000 DOCS ===
2025-10-05 17:27:09,414 - INFO - Process Memory:
2025-10-05 17:27:09,419 - INFO -   RSS: 5.14 GB
2025-10-05 17:27:09,424 - INFO -   VMS: 7.83 GB
2025-10-05 17:27:09,445 - INFO -   % of System: 0.6%
2025-10-05 17:27:09,450 - INFO - System Memory:
2025-10-05 17:27:09,455 - INFO -   Total Used: 16.6%
2025-10-05 17:27:09,461 - INFO -   Available: 712.28 GB
2025-10-05 17:27:09,461 - INFO -   Cached: 38.06 GB
2025-10-05 17:27:10,471 - INFO - CPU:
2025-10-05 17:27:10,472 - INFO -   Process usage: 43.6%
2025-10-05 17:27:10,472 - INFO -   Threads: 14
2025-10-05 17:27:10,472 - INFO -   Allocated cores: 288 (IDs: [0, 1, 2, 3, 4]...)
2025-10-05 17:27:10,472 - INFO - Process I/O:
2025-10-05 17:27:10,472 - INFO -   Read: 0.03 GB
2025-10-05 17:27:10,472 - INFO -   Write: 0.03 GB
2025-10-05 17:27:10,472 - INFO - ==================================================
2025-10-05 17:27:10,893 - INFO - Progress: 10,510,000 indexed, 0 failed, Rate: 2134.2 docs/sec, Queue: 300, Elapsed: 4924.4s
2025-10-05 17:27:10,926 - INFO - Progress: 10,520,000 indexed, 0 failed, Rate: 2136.3 docs/sec, Queue: 300, Elapsed: 4924.5s
2025-10-05 17:27:10,956 - INFO - Progress: 10,530,000 indexed, 0 failed, Rate: 2138.3 docs/sec, Queue: 300, Elapsed: 4924.5s
2025-10-05 17:27:10,985 - INFO - Progress: 10,540,000 indexed, 0 failed, Rate: 2140.3 docs/sec, Queue: 300, Elapsed: 4924.5s
2025-10-05 17:27:11,017 - INFO - Progress: 10,550,000 indexed, 0 failed, Rate: 2142.3 docs/sec, Queue: 300, Elapsed: 4924.6s
2025-10-05 17:27:11,042 - INFO - Progress: 10,560,000 indexed, 0 failed, Rate: 2144.3 docs/sec, Queue: 300, Elapsed: 4924.6s
2025-10-05 17:27:11,061 - INFO - Progress: 10,570,000 indexed, 0 failed, Rate: 2146.4 docs/sec, Queue: 300, Elapsed: 4924.6s
2025-10-05 17:27:11,084 - INFO - Progress: 10,580,000 indexed, 0 failed, Rate: 2148.4 docs/sec, Queue: 300, Elapsed: 4924.6s
2025-10-05 17:27:11,105 - INFO - Progress: 10,590,000 indexed, 0 failed, Rate: 2150.4 docs/sec, Queue: 300, Elapsed: 4924.7s
2025-10-05 17:27:11,127 - INFO - Progress: 10,600,000 indexed, 0 failed, Rate: 2152.4 docs/sec, Queue: 300, Elapsed: 4924.7s
2025-10-05 17:27:11,128 - INFO - === METRICS ES CONSUMER AT 10600000 DOCS ===
2025-10-05 17:27:11,128 - INFO - Process Memory:
2025-10-05 17:27:11,128 - INFO -   RSS: 5.13 GB
2025-10-05 17:27:11,128 - INFO -   VMS: 7.83 GB
2025-10-05 17:27:11,129 - INFO -   % of System: 0.6%
2025-10-05 17:27:11,129 - INFO - System Memory:
2025-10-05 17:27:11,129 - INFO -   Total Used: 16.6%
2025-10-05 17:27:11,129 - INFO -   Available: 712.27 GB
2025-10-05 17:27:11,129 - INFO -   Cached: 38.06 GB
2025-10-05 17:27:12,130 - INFO - CPU:
2025-10-05 17:27:12,130 - INFO -   Process usage: 0.0%
2025-10-05 17:27:12,130 - INFO -   Threads: 14
2025-10-05 17:27:12,131 - INFO -   Allocated cores: 288 (IDs: [0, 1, 2, 3, 4]...)
2025-10-05 17:27:12,131 - INFO - Process I/O:
2025-10-05 17:27:12,131 - INFO -   Read: 0.03 GB
2025-10-05 17:27:12,131 - INFO -   Write: 0.03 GB
2025-10-05 17:27:12,131 - INFO - ==================================================
2025-10-05 17:27:12,418 - INFO - Progress: 10,610,000 indexed, 0 failed, Rate: 2153.9 docs/sec, Queue: 300, Elapsed: 4926.0s
2025-10-05 17:27:12,433 - INFO - Progress: 10,620,000 indexed, 0 failed, Rate: 2155.9 docs/sec, Queue: 300, Elapsed: 4926.0s
2025-10-05 17:27:14,310 - INFO - Overall progress: Parsed 11,171,000, Indexed 0, Queue: 300
2025-10-05 17:27:45,344 - INFO - POST http://localhost:9200/_bulk [status:200 request:82.108s]
2025-10-05 17:27:50,992 - INFO - POST http://localhost:9200/_bulk [status:200 request:81.465s]
2025-10-05 17:27:54,311 - INFO - Overall progress: Parsed 11,191,000, Indexed 0, Queue: 300
2025-10-05 17:27:56,938 - INFO - POST http://localhost:9200/_bulk [status:200 request:73.827s]
2025-10-05 17:27:58,513 - INFO - Worker 0: Parsed 11,200,000 docs, Queue: 299
2025-10-05 17:28:04,312 - INFO - Overall progress: Parsed 11,201,000, Indexed 0, Queue: 300
2025-10-05 17:28:21,759 - INFO - POST http://localhost:9200/_bulk [status:200 request:79.418s]
2025-10-05 17:28:24,313 - INFO - Overall progress: Parsed 11,211,000, Indexed 0, Queue: 300
2025-10-05 17:28:26,002 - INFO - POST http://localhost:9200/_bulk [status:200 request:76.733s]
2025-10-05 17:28:34,314 - INFO - Overall progress: Parsed 11,221,000, Indexed 0, Queue: 300
2025-10-05 17:28:38,270 - INFO - POST http://localhost:9200/_bulk [status:200 request:52.612s]
2025-10-05 17:28:44,315 - INFO - Overall progress: Parsed 11,231,000, Indexed 0, Queue: 300
2025-10-05 17:29:08,276 - INFO - POST http://localhost:9200/_bulk [status:200 request:76.967s]
2025-10-05 17:29:14,316 - INFO - Overall progress: Parsed 11,241,000, Indexed 0, Queue: 300
2025-10-05 17:29:16,941 - INFO - POST http://localhost:9200/_bulk [status:200 request:129.013s]
2025-10-05 17:29:17,564 - INFO - POST http://localhost:9200/_bulk [status:200 request:79.994s]
2025-10-05 17:29:18,621 - INFO - Worker 0: Parsed 11,250,000 docs, Queue: 298
2025-10-05 17:29:24,317 - INFO - Overall progress: Parsed 11,261,000, Indexed 0, Queue: 300
2025-10-05 17:29:26,763 - INFO - POST http://localhost:9200/_bulk [status:200 request:64.699s]
2025-10-05 17:29:34,318 - INFO - Overall progress: Parsed 11,271,000, Indexed 0, Queue: 300
2025-10-05 17:29:42,931 - INFO - POST http://localhost:9200/_bulk [status:200 request:64.032s]
2025-10-05 17:29:44,318 - INFO - Overall progress: Parsed 11,280,000, Indexed 0, Queue: 299
2025-10-05 17:29:54,319 - INFO - Overall progress: Parsed 11,281,000, Indexed 0, Queue: 300
2025-10-05 17:30:09,385 - INFO - POST http://localhost:9200/_bulk [status:200 request:51.030s]
2025-10-05 17:30:10,269 - INFO - POST http://localhost:9200/_bulk [status:200 request:214.535s]
2025-10-05 17:30:11,456 - INFO - POST http://localhost:9200/_bulk [status:200 request:62.843s]
2025-10-05 17:30:12,593 - INFO - Worker 0: Parsed 11,300,000 docs, Queue: 291
2025-10-05 17:30:14,320 - INFO - Overall progress: Parsed 11,311,000, Indexed 0, Queue: 300
2025-10-05 17:30:15,091 - INFO - POST http://localhost:9200/_bulk [status:200 request:233.100s]
2025-10-05 17:30:15,352 - INFO - Progress: 10,630,000 indexed, 0 failed, Rate: 2080.7 docs/sec, Queue: 300, Elapsed: 5108.9s
2025-10-05 17:30:15,374 - INFO - Progress: 10,640,000 indexed, 0 failed, Rate: 2082.6 docs/sec, Queue: 300, Elapsed: 5108.9s
2025-10-05 17:30:15,405 - INFO - Progress: 10,650,000 indexed, 0 failed, Rate: 2084.6 docs/sec, Queue: 300, Elapsed: 5109.0s
2025-10-05 17:30:15,463 - INFO - Progress: 10,660,000 indexed, 0 failed, Rate: 2086.5 docs/sec, Queue: 300, Elapsed: 5109.0s
2025-10-05 17:30:15,498 - INFO - Progress: 10,670,000 indexed, 0 failed, Rate: 2088.5 docs/sec, Queue: 300, Elapsed: 5109.1s
2025-10-05 17:30:15,536 - INFO - Progress: 10,680,000 indexed, 0 failed, Rate: 2090.4 docs/sec, Queue: 300, Elapsed: 5109.1s
2025-10-05 17:30:15,573 - INFO - Progress: 10,690,000 indexed, 0 failed, Rate: 2092.3 docs/sec, Queue: 300, Elapsed: 5109.1s
2025-10-05 17:30:15,606 - INFO - Progress: 10,700,000 indexed, 0 failed, Rate: 2094.3 docs/sec, Queue: 300, Elapsed: 5109.2s
2025-10-05 17:30:15,638 - INFO - === METRICS ES CONSUMER AT 10700000 DOCS ===
2025-10-05 17:30:15,643 - INFO - Process Memory:
2025-10-05 17:30:15,649 - INFO -   RSS: 5.15 GB
2025-10-05 17:30:15,654 - INFO -   VMS: 7.85 GB
2025-10-05 17:30:15,675 - INFO -   % of System: 0.6%
2025-10-05 17:30:15,680 - INFO - System Memory:
2025-10-05 17:30:15,685 - INFO -   Total Used: 16.6%
2025-10-05 17:30:15,690 - INFO -   Available: 712.43 GB
2025-10-05 17:30:15,695 - INFO -   Cached: 38.05 GB
2025-10-05 17:30:16,697 - INFO - CPU:
2025-10-05 17:30:16,697 - INFO -   Process usage: 49.9%
2025-10-05 17:30:16,697 - INFO -   Threads: 14
2025-10-05 17:30:16,697 - INFO -   Allocated cores: 288 (IDs: [0, 1, 2, 3, 4]...)
2025-10-05 17:30:16,698 - INFO - Process I/O:
2025-10-05 17:30:16,698 - INFO -   Read: 0.03 GB
2025-10-05 17:30:16,698 - INFO -   Write: 0.04 GB
2025-10-05 17:30:16,698 - INFO - ==================================================
2025-10-05 17:30:17,092 - INFO - Progress: 10,710,000 indexed, 0 failed, Rate: 2095.6 docs/sec, Queue: 300, Elapsed: 5110.6s
2025-10-05 17:30:17,116 - INFO - Progress: 10,720,000 indexed, 0 failed, Rate: 2097.6 docs/sec, Queue: 300, Elapsed: 5110.7s
2025-10-05 17:30:17,139 - INFO - Progress: 10,730,000 indexed, 0 failed, Rate: 2099.5 docs/sec, Queue: 300, Elapsed: 5110.7s
2025-10-05 17:30:17,165 - INFO - Progress: 10,740,000 indexed, 0 failed, Rate: 2101.5 docs/sec, Queue: 300, Elapsed: 5110.7s
2025-10-05 17:30:24,321 - INFO - Overall progress: Parsed 11,321,000, Indexed 0, Queue: 300
2025-10-05 17:30:39,339 - INFO - POST http://localhost:9200/_bulk [status:200 request:82.069s]
2025-10-05 17:30:39,687 - INFO - POST http://localhost:9200/_bulk [status:200 request:72.601s]
2025-10-05 17:30:44,322 - INFO - Overall progress: Parsed 11,341,000, Indexed 0, Queue: 300
2025-10-05 17:31:32,818 - INFO - POST http://localhost:9200/_bulk [status:200 request:82.116s]
2025-10-05 17:31:34,044 - INFO - Worker 0: Parsed 11,350,000 docs, Queue: 299
2025-10-05 17:31:34,325 - INFO - Overall progress: Parsed 11,351,000, Indexed 0, Queue: 300
2025-10-05 17:31:39,496 - INFO - POST http://localhost:9200/_bulk [status:200 request:89.383s]
2025-10-05 17:31:40,171 - INFO - POST http://localhost:9200/_bulk [status:200 request:88.322s]
2025-10-05 17:31:44,325 - INFO - Overall progress: Parsed 11,371,000, Indexed 0, Queue: 300
2025-10-05 17:31:52,236 - INFO - POST http://localhost:9200/_bulk [status:200 request:96.790s]
2025-10-05 17:31:52,969 - INFO - POST http://localhost:9200/_bulk [status:200 request:72.855s]
2025-10-05 17:31:54,264 - INFO - POST http://localhost:9200/_bulk [status:200 request:74.587s]
2025-10-05 17:31:54,381 - INFO - Overall progress: Parsed 11,382,000, Indexed 0, Queue: 298
2025-10-05 17:31:56,353 - INFO - Worker 0: Parsed 11,400,000 docs, Queue: 299
2025-10-05 17:31:57,197 - INFO - POST http://localhost:9200/_bulk [status:200 request:210.875s]
2025-10-05 17:31:57,474 - INFO - Progress: 10,750,000 indexed, 0 failed, Rate: 2062.9 docs/sec, Queue: 300, Elapsed: 5211.0s
2025-10-05 17:31:57,495 - INFO - Progress: 10,760,000 indexed, 0 failed, Rate: 2064.8 docs/sec, Queue: 300, Elapsed: 5211.0s
2025-10-05 17:31:57,543 - INFO - Progress: 10,770,000 indexed, 0 failed, Rate: 2066.7 docs/sec, Queue: 300, Elapsed: 5211.1s
2025-10-05 17:31:57,574 - INFO - Progress: 10,780,000 indexed, 0 failed, Rate: 2068.6 docs/sec, Queue: 300, Elapsed: 5211.1s
2025-10-05 17:31:57,610 - INFO - Progress: 10,790,000 indexed, 0 failed, Rate: 2070.6 docs/sec, Queue: 300, Elapsed: 5211.2s
2025-10-05 17:31:57,646 - INFO - Progress: 10,800,000 indexed, 0 failed, Rate: 2072.5 docs/sec, Queue: 300, Elapsed: 5211.2s
2025-10-05 17:31:57,686 - INFO - === METRICS ES CONSUMER AT 10800000 DOCS ===
2025-10-05 17:31:57,686 - INFO - Process Memory:
2025-10-05 17:31:57,687 - INFO -   RSS: 5.14 GB
2025-10-05 17:31:57,687 - INFO -   VMS: 7.84 GB
2025-10-05 17:31:57,687 - INFO -   % of System: 0.6%
2025-10-05 17:31:57,687 - INFO - System Memory:
2025-10-05 17:31:57,687 - INFO -   Total Used: 16.7%
2025-10-05 17:31:57,687 - INFO -   Available: 711.95 GB
2025-10-05 17:31:57,697 - INFO -   Cached: 38.80 GB
2025-10-05 17:31:58,714 - INFO - CPU:
2025-10-05 17:31:58,714 - INFO -   Process usage: 50.4%
2025-10-05 17:31:58,715 - INFO -   Threads: 14
2025-10-05 17:31:58,715 - INFO -   Allocated cores: 288 (IDs: [0, 1, 2, 3, 4]...)
2025-10-05 17:31:58,715 - INFO - Process I/O:
2025-10-05 17:31:58,715 - INFO -   Read: 0.03 GB
2025-10-05 17:31:58,715 - INFO -   Write: 0.04 GB
2025-10-05 17:31:58,715 - INFO - ==================================================
2025-10-05 17:32:00,498 - INFO - POST http://localhost:9200/_bulk [status:200 request:137.241s]
2025-10-05 17:32:00,832 - INFO - Progress: 10,810,000 indexed, 0 failed, Rate: 2073.1 docs/sec, Queue: 300, Elapsed: 5214.4s
2025-10-05 17:32:00,956 - INFO - Progress: 10,820,000 indexed, 0 failed, Rate: 2075.0 docs/sec, Queue: 300, Elapsed: 5214.5s
2025-10-05 17:32:00,990 - INFO - Progress: 10,830,000 indexed, 0 failed, Rate: 2076.9 docs/sec, Queue: 300, Elapsed: 5214.5s
2025-10-05 17:32:01,033 - INFO - Progress: 10,840,000 indexed, 0 failed, Rate: 2078.8 docs/sec, Queue: 300, Elapsed: 5214.6s
2025-10-05 17:32:01,074 - INFO - Progress: 10,850,000 indexed, 0 failed, Rate: 2080.7 docs/sec, Queue: 300, Elapsed: 5214.6s
2025-10-05 17:32:01,106 - INFO - Progress: 10,860,000 indexed, 0 failed, Rate: 2082.6 docs/sec, Queue: 300, Elapsed: 5214.7s
2025-10-05 17:32:01,140 - INFO - Progress: 10,870,000 indexed, 0 failed, Rate: 2084.5 docs/sec, Queue: 300, Elapsed: 5214.7s
2025-10-05 17:32:04,387 - INFO - Overall progress: Parsed 11,421,000, Indexed 0, Queue: 300
2025-10-05 17:32:59,599 - INFO - POST http://localhost:9200/_bulk [status:200 request:86.455s]
2025-10-05 17:32:59,799 - INFO - Progress: 10,880,000 indexed, 0 failed, Rate: 2063.2 docs/sec, Queue: 300, Elapsed: 5273.4s
2025-10-05 17:33:04,390 - INFO - Overall progress: Parsed 11,431,000, Indexed 0, Queue: 300
2025-10-05 17:33:13,443 - INFO - POST http://localhost:9200/_bulk [status:200 request:80.866s]
2025-10-05 17:33:14,390 - INFO - Overall progress: Parsed 11,436,000, Indexed 0, Queue: 295
2025-10-05 17:33:15,779 - INFO - POST http://localhost:9200/_bulk [status:200 request:95.191s]
2025-10-05 17:33:17,317 - INFO - Worker 0: Parsed 11,450,000 docs, Queue: 299
2025-10-05 17:33:17,832 - INFO - POST http://localhost:9200/_bulk [status:200 request:76.825s]
2025-10-05 17:33:24,391 - INFO - Overall progress: Parsed 11,461,000, Indexed 0, Queue: 300
2025-10-05 17:33:24,880 - INFO - POST http://localhost:9200/_bulk [status:200 request:87.328s]
2025-10-05 17:33:27,480 - INFO - POST http://localhost:9200/_bulk [status:200 request:93.669s]
2025-10-05 17:33:34,392 - INFO - Overall progress: Parsed 11,481,000, Indexed 0, Queue: 300
2025-10-05 17:34:27,462 - INFO - POST http://localhost:9200/_bulk [status:200 request:59.656s]
2025-10-05 17:34:29,690 - INFO - POST http://localhost:9200/_bulk [status:200 request:71.389s]
2025-10-05 17:34:31,951 - INFO - Worker 0: Parsed 11,500,000 docs, Queue: 299
2025-10-05 17:34:34,395 - INFO - Overall progress: Parsed 11,501,000, Indexed 0, Queue: 300
2025-10-05 17:34:41,560 - INFO - POST http://localhost:9200/_bulk [status:200 request:101.607s]
2025-10-05 17:34:44,396 - INFO - Overall progress: Parsed 11,511,000, Indexed 0, Queue: 300
2025-10-05 17:34:45,152 - INFO - POST http://localhost:9200/_bulk [status:200 request:91.382s]
2025-10-05 17:34:51,626 - INFO - POST http://localhost:9200/_bulk [status:200 request:95.220s]
2025-10-05 17:34:54,396 - INFO - Overall progress: Parsed 11,531,000, Indexed 0, Queue: 300
2025-10-05 17:35:35,971 - INFO - POST http://localhost:9200/_bulk [status:200 request:68.184s]
2025-10-05 17:35:37,137 - INFO - POST http://localhost:9200/_bulk [status:200 request:66.126s]
2025-10-05 17:35:37,616 - INFO - POST http://localhost:9200/_bulk [status:200 request:237.460s]
2025-10-05 17:35:37,974 - INFO - Progress: 10,890,000 indexed, 0 failed, Rate: 2005.0 docs/sec, Queue: 300, Elapsed: 5431.5s
2025-10-05 17:35:38,013 - INFO - Progress: 10,900,000 indexed, 0 failed, Rate: 2006.8 docs/sec, Queue: 300, Elapsed: 5431.6s
2025-10-05 17:35:38,073 - INFO - === METRICS ES CONSUMER AT 10900000 DOCS ===
2025-10-05 17:35:38,078 - INFO - Process Memory:
2025-10-05 17:35:38,083 - INFO -   RSS: 5.12 GB
2025-10-05 17:35:38,089 - INFO -   VMS: 7.82 GB
2025-10-05 17:35:38,093 - INFO -   % of System: 0.6%
2025-10-05 17:35:38,093 - INFO - System Memory:
2025-10-05 17:35:38,093 - INFO -   Total Used: 16.7%
2025-10-05 17:35:38,093 - INFO -   Available: 711.95 GB
2025-10-05 17:35:38,093 - INFO -   Cached: 38.58 GB
2025-10-05 17:35:38,970 - INFO - Worker 0: Parsed 11,550,000 docs, Queue: 293
2025-10-05 17:35:39,095 - INFO - CPU:
2025-10-05 17:35:39,095 - INFO -   Process usage: 92.9%
2025-10-05 17:35:39,095 - INFO -   Threads: 14
2025-10-05 17:35:39,095 - INFO -   Allocated cores: 288 (IDs: [0, 1, 2, 3, 4]...)
2025-10-05 17:35:39,095 - INFO - Process I/O:
2025-10-05 17:35:39,095 - INFO -   Read: 0.03 GB
2025-10-05 17:35:39,095 - INFO -   Write: 0.04 GB
2025-10-05 17:35:39,096 - INFO - ==================================================
2025-10-05 17:35:39,572 - INFO - Progress: 10,910,000 indexed, 0 failed, Rate: 2008.1 docs/sec, Queue: 296, Elapsed: 5433.1s
2025-10-05 17:35:39,604 - INFO - Progress: 10,920,000 indexed, 0 failed, Rate: 2009.9 docs/sec, Queue: 296, Elapsed: 5433.2s
2025-10-05 17:35:43,446 - INFO - POST http://localhost:9200/_bulk [status:200 request:61.581s]
2025-10-05 17:35:44,399 - INFO - Overall progress: Parsed 11,566,000, Indexed 0, Queue: 295
2025-10-05 17:35:53,769 - INFO - POST http://localhost:9200/_bulk [status:200 request:68.283s]
2025-10-05 17:35:54,410 - INFO - Overall progress: Parsed 11,574,000, Indexed 0, Queue: 298
2025-10-05 17:36:04,416 - INFO - Overall progress: Parsed 11,581,000, Indexed 0, Queue: 300
2025-10-05 17:36:10,654 - INFO - POST http://localhost:9200/_bulk [status:200 request:255.936s]
2025-10-05 17:36:10,951 - INFO - Progress: 10,930,000 indexed, 0 failed, Rate: 2000.2 docs/sec, Queue: 300, Elapsed: 5464.5s
2025-10-05 17:36:10,978 - INFO - Progress: 10,940,000 indexed, 0 failed, Rate: 2002.0 docs/sec, Queue: 300, Elapsed: 5464.5s
2025-10-05 17:36:11,008 - INFO - Progress: 10,950,000 indexed, 0 failed, Rate: 2003.8 docs/sec, Queue: 300, Elapsed: 5464.6s
2025-10-05 17:36:11,056 - INFO - Progress: 10,960,000 indexed, 0 failed, Rate: 2005.6 docs/sec, Queue: 300, Elapsed: 5464.6s
2025-10-05 17:36:11,090 - INFO - Progress: 10,970,000 indexed, 0 failed, Rate: 2007.5 docs/sec, Queue: 300, Elapsed: 5464.6s
2025-10-05 17:36:11,121 - INFO - Progress: 10,980,000 indexed, 0 failed, Rate: 2009.3 docs/sec, Queue: 300, Elapsed: 5464.7s
2025-10-05 17:36:11,150 - INFO - Progress: 10,990,000 indexed, 0 failed, Rate: 2011.1 docs/sec, Queue: 300, Elapsed: 5464.7s
2025-10-05 17:36:13,662 - INFO - POST http://localhost:9200/_bulk [status:200 request:81.696s]
2025-10-05 17:36:14,756 - INFO - Overall progress: Parsed 11,592,000, Indexed 0, Queue: 300
2025-10-05 17:36:15,593 - INFO - Worker 0: Parsed 11,600,000 docs, Queue: 299
2025-10-05 17:36:24,762 - INFO - Overall progress: Parsed 11,601,000, Indexed 0, Queue: 300
2025-10-05 17:36:55,870 - INFO - POST http://localhost:9200/_bulk [status:200 request:72.095s]
2025-10-05 17:37:03,170 - INFO - POST http://localhost:9200/_bulk [status:200 request:69.057s]
2025-10-05 17:37:03,518 - INFO - POST http://localhost:9200/_bulk [status:200 request:85.935s]
2025-10-05 17:37:05,437 - INFO - Overall progress: Parsed 11,620,000, Indexed 0, Queue: 300
2025-10-05 17:37:07,228 - INFO - POST http://localhost:9200/_bulk [status:200 request:89.169s]
2025-10-05 17:37:15,443 - INFO - Overall progress: Parsed 11,641,000, Indexed 0, Queue: 300
2025-10-05 17:37:20,194 - INFO - POST http://localhost:9200/_bulk [status:200 request:234.990s]
2025-10-05 17:37:20,469 - INFO - Progress: 11,000,000 indexed, 0 failed, Rate: 1987.7 docs/sec, Queue: 300, Elapsed: 5534.0s
2025-10-05 17:37:20,538 - INFO - === METRICS ES CONSUMER AT 11000000 DOCS ===
2025-10-05 17:37:20,544 - INFO - Process Memory:
2025-10-05 17:37:20,549 - INFO -   RSS: 5.15 GB
2025-10-05 17:37:20,554 - INFO -   VMS: 7.85 GB
2025-10-05 17:37:20,565 - INFO -   % of System: 0.6%
2025-10-05 17:37:20,567 - INFO - System Memory:
2025-10-05 17:37:20,567 - INFO -   Total Used: 16.7%
2025-10-05 17:37:20,567 - INFO -   Available: 711.71 GB
2025-10-05 17:37:20,567 - INFO -   Cached: 39.13 GB
2025-10-05 17:37:21,511 - INFO - Worker 0: Parsed 11,650,000 docs, Queue: 299
2025-10-05 17:37:21,569 - INFO - CPU:
2025-10-05 17:37:21,569 - INFO -   Process usage: 50.9%
2025-10-05 17:37:21,569 - INFO -   Threads: 14
2025-10-05 17:37:21,569 - INFO -   Allocated cores: 288 (IDs: [0, 1, 2, 3, 4]...)
2025-10-05 17:37:21,569 - INFO - Process I/O:
2025-10-05 17:37:21,570 - INFO -   Read: 0.03 GB
2025-10-05 17:37:21,570 - INFO -   Write: 0.04 GB
2025-10-05 17:37:21,570 - INFO - ==================================================
2025-10-05 17:37:22,117 - INFO - Progress: 11,010,000 indexed, 0 failed, Rate: 1988.9 docs/sec, Queue: 300, Elapsed: 5535.7s
2025-10-05 17:37:22,182 - INFO - Progress: 11,020,000 indexed, 0 failed, Rate: 1990.7 docs/sec, Queue: 300, Elapsed: 5535.7s
2025-10-05 17:37:22,232 - INFO - Progress: 11,030,000 indexed, 0 failed, Rate: 1992.5 docs/sec, Queue: 300, Elapsed: 5535.8s
2025-10-05 17:37:22,272 - INFO - Progress: 11,040,000 indexed, 0 failed, Rate: 1994.3 docs/sec, Queue: 300, Elapsed: 5535.8s
2025-10-05 17:37:22,334 - INFO - Progress: 11,050,000 indexed, 0 failed, Rate: 1996.1 docs/sec, Queue: 300, Elapsed: 5535.9s
2025-10-05 17:37:22,390 - INFO - Progress: 11,060,000 indexed, 0 failed, Rate: 1997.9 docs/sec, Queue: 300, Elapsed: 5535.9s
2025-10-05 17:37:25,444 - INFO - Overall progress: Parsed 11,651,000, Indexed 0, Queue: 300
2025-10-05 17:37:26,016 - INFO - POST http://localhost:9200/_bulk [status:200 request:74.979s]
2025-10-05 17:37:35,445 - INFO - Overall progress: Parsed 11,661,000, Indexed 0, Queue: 300
2025-10-05 17:37:48,559 - INFO - POST http://localhost:9200/_bulk [status:200 request:52.370s]
2025-10-05 17:37:55,446 - INFO - Overall progress: Parsed 11,671,000, Indexed 0, Queue: 300
2025-10-05 17:38:05,456 - INFO - POST http://localhost:9200/_bulk [status:200 request:111.458s]
2025-10-05 17:38:13,151 - INFO - POST http://localhost:9200/_bulk [status:200 request:156.861s]
2025-10-05 17:38:13,797 - INFO - Progress: 11,070,000 indexed, 0 failed, Rate: 1981.3 docs/sec, Queue: 300, Elapsed: 5587.4s
2025-10-05 17:38:13,855 - INFO - Progress: 11,080,000 indexed, 0 failed, Rate: 1983.0 docs/sec, Queue: 300, Elapsed: 5587.4s
2025-10-05 17:38:13,928 - INFO - Progress: 11,090,000 indexed, 0 failed, Rate: 1984.8 docs/sec, Queue: 300, Elapsed: 5587.5s
2025-10-05 17:38:13,994 - INFO - Progress: 11,100,000 indexed, 0 failed, Rate: 1986.6 docs/sec, Queue: 300, Elapsed: 5587.5s
2025-10-05 17:38:14,028 - INFO - === METRICS ES CONSUMER AT 11100000 DOCS ===
2025-10-05 17:38:14,033 - INFO - Process Memory:
2025-10-05 17:38:14,038 - INFO -   RSS: 5.17 GB
2025-10-05 17:38:14,044 - INFO -   VMS: 7.87 GB
2025-10-05 17:38:14,064 - INFO -   % of System: 0.6%
2025-10-05 17:38:14,070 - INFO - System Memory:
2025-10-05 17:38:14,074 - INFO -   Total Used: 16.7%
2025-10-05 17:38:14,074 - INFO -   Available: 711.50 GB
2025-10-05 17:38:14,074 - INFO -   Cached: 39.54 GB
2025-10-05 17:38:15,076 - INFO - CPU:
2025-10-05 17:38:15,076 - INFO -   Process usage: 44.9%
2025-10-05 17:38:15,076 - INFO -   Threads: 14
2025-10-05 17:38:15,077 - INFO -   Allocated cores: 288 (IDs: [0, 1, 2, 3, 4]...)
2025-10-05 17:38:15,077 - INFO - Process I/O:
2025-10-05 17:38:15,077 - INFO -   Read: 0.03 GB
2025-10-05 17:38:15,077 - INFO -   Write: 0.04 GB
2025-10-05 17:38:15,077 - INFO - ==================================================
2025-10-05 17:38:15,892 - INFO - Overall progress: Parsed 11,691,000, Indexed 0, Queue: 300
2025-10-05 17:38:15,897 - INFO - Progress: 11,110,000 indexed, 0 failed, Rate: 1987.7 docs/sec, Queue: 300, Elapsed: 5589.5s
2025-10-05 17:38:15,953 - INFO - Progress: 11,120,000 indexed, 0 failed, Rate: 1989.4 docs/sec, Queue: 300, Elapsed: 5589.5s
2025-10-05 17:38:16,001 - INFO - Progress: 11,130,000 indexed, 0 failed, Rate: 1991.2 docs/sec, Queue: 300, Elapsed: 5589.6s
2025-10-05 17:38:16,038 - INFO - Progress: 11,140,000 indexed, 0 failed, Rate: 1993.0 docs/sec, Queue: 300, Elapsed: 5589.6s
2025-10-05 17:38:40,255 - INFO - POST http://localhost:9200/_bulk [status:200 request:73.892s]
2025-10-05 17:38:41,478 - INFO - Worker 0: Parsed 11,700,000 docs, Queue: 299
2025-10-05 17:38:45,898 - INFO - Overall progress: Parsed 11,701,000, Indexed 0, Queue: 300
2025-10-05 17:38:51,815 - INFO - POST http://localhost:9200/_bulk [status:200 request:104.226s]
2025-10-05 17:38:52,564 - INFO - POST http://localhost:9200/_bulk [status:200 request:108.449s]
2025-10-05 17:38:55,899 - INFO - Overall progress: Parsed 11,721,000, Indexed 0, Queue: 300
2025-10-05 17:39:17,390 - INFO - POST http://localhost:9200/_bulk [status:200 request:88.482s]
2025-10-05 17:39:20,225 - INFO - POST http://localhost:9200/_bulk [status:200 request:74.454s]
2025-10-05 17:39:25,900 - INFO - Overall progress: Parsed 11,741,000, Indexed 0, Queue: 300
2025-10-05 17:39:35,829 - INFO - POST http://localhost:9200/_bulk [status:200 request:81.942s]
2025-10-05 17:39:37,413 - INFO - Worker 0: Parsed 11,750,000 docs, Queue: 299
2025-10-05 17:39:46,234 - INFO - Overall progress: Parsed 11,751,000, Indexed 0, Queue: 300
2025-10-05 17:40:08,120 - INFO - POST http://localhost:9200/_bulk [status:200 request:87.541s]
2025-10-05 17:40:12,041 - INFO - POST http://localhost:9200/_bulk [status:200 request:54.315s]
2025-10-05 17:40:14,406 - INFO - POST http://localhost:9200/_bulk [status:200 request:53.860s]
2025-10-05 17:40:16,236 - INFO - Overall progress: Parsed 11,781,000, Indexed 0, Queue: 300
2025-10-05 17:40:21,736 - INFO - POST http://localhost:9200/_bulk [status:200 request:88.653s]
2025-10-05 17:40:26,237 - INFO - Overall progress: Parsed 11,791,000, Indexed 0, Queue: 300
2025-10-05 17:40:52,854 - INFO - POST http://localhost:9200/_bulk [status:200 request:229.350s]
2025-10-05 17:40:53,170 - INFO - Progress: 11,150,000 indexed, 0 failed, Rate: 1940.2 docs/sec, Queue: 300, Elapsed: 5746.7s
2025-10-05 17:40:53,210 - INFO - Progress: 11,160,000 indexed, 0 failed, Rate: 1942.0 docs/sec, Queue: 300, Elapsed: 5746.8s
2025-10-05 17:40:53,282 - INFO - Progress: 11,170,000 indexed, 0 failed, Rate: 1943.7 docs/sec, Queue: 300, Elapsed: 5746.8s
2025-10-05 17:40:54,248 - INFO - Worker 0: Parsed 11,800,000 docs, Queue: 299
2025-10-05 17:40:56,238 - INFO - Overall progress: Parsed 11,801,000, Indexed 0, Queue: 300
2025-10-05 17:41:00,591 - INFO - POST http://localhost:9200/_bulk [status:200 request:84.101s]
2025-10-05 17:41:05,134 - INFO - POST http://localhost:9200/_bulk [status:200 request:224.567s]
2025-10-05 17:41:05,448 - INFO - Progress: 11,180,000 indexed, 0 failed, Rate: 1941.3 docs/sec, Queue: 300, Elapsed: 5759.0s
2025-10-05 17:41:05,515 - INFO - Progress: 11,190,000 indexed, 0 failed, Rate: 1943.0 docs/sec, Queue: 300, Elapsed: 5759.1s
2025-10-05 17:41:05,593 - INFO - Progress: 11,200,000 indexed, 0 failed, Rate: 1944.7 docs/sec, Queue: 300, Elapsed: 5759.1s
2025-10-05 17:41:05,611 - INFO - === METRICS ES CONSUMER AT 11200000 DOCS ===
2025-10-05 17:41:05,611 - INFO - Process Memory:
2025-10-05 17:41:05,623 - INFO -   RSS: 5.13 GB
2025-10-05 17:41:05,629 - INFO -   VMS: 7.82 GB
2025-10-05 17:41:05,649 - INFO -   % of System: 0.6%
2025-10-05 17:41:05,655 - INFO - System Memory:
2025-10-05 17:41:05,660 - INFO -   Total Used: 16.7%
2025-10-05 17:41:05,665 - INFO -   Available: 711.81 GB
2025-10-05 17:41:05,670 - INFO -   Cached: 38.95 GB
2025-10-05 17:41:06,239 - INFO - Overall progress: Parsed 11,816,000, Indexed 0, Queue: 295
2025-10-05 17:41:06,674 - INFO - CPU:
2025-10-05 17:41:06,674 - INFO -   Process usage: 43.9%
2025-10-05 17:41:06,674 - INFO -   Threads: 14
2025-10-05 17:41:06,674 - INFO -   Allocated cores: 288 (IDs: [0, 1, 2, 3, 4]...)
2025-10-05 17:41:06,675 - INFO - Process I/O:
2025-10-05 17:41:06,675 - INFO -   Read: 0.03 GB
2025-10-05 17:41:06,675 - INFO -   Write: 0.04 GB
2025-10-05 17:41:06,675 - INFO - ==================================================
2025-10-05 17:41:07,588 - INFO - Progress: 11,210,000 indexed, 0 failed, Rate: 1945.8 docs/sec, Queue: 300, Elapsed: 5761.1s
2025-10-05 17:41:07,635 - INFO - Progress: 11,220,000 indexed, 0 failed, Rate: 1947.5 docs/sec, Queue: 300, Elapsed: 5761.2s
2025-10-05 17:41:07,680 - INFO - Progress: 11,230,000 indexed, 0 failed, Rate: 1949.2 docs/sec, Queue: 300, Elapsed: 5761.2s
2025-10-05 17:41:08,689 - INFO - POST http://localhost:9200/_bulk [status:200 request:60.240s]
2025-10-05 17:41:16,240 - INFO - Overall progress: Parsed 11,831,000, Indexed 0, Queue: 300
2025-10-05 17:41:17,862 - INFO - POST http://localhost:9200/_bulk [status:200 request:65.483s]
2025-10-05 17:41:26,241 - INFO - Overall progress: Parsed 11,841,000, Indexed 0, Queue: 300
2025-10-05 17:41:35,877 - INFO - POST http://localhost:9200/_bulk [status:200 request:80.769s]
2025-10-05 17:41:36,257 - INFO - Overall progress: Parsed 11,842,000, Indexed 0, Queue: 300
2025-10-05 17:41:37,162 - INFO - Worker 0: Parsed 11,850,000 docs, Queue: 299
2025-10-05 17:41:41,910 - INFO - POST http://localhost:9200/_bulk [status:200 request:79.742s]
2025-10-05 17:41:46,263 - INFO - Overall progress: Parsed 11,861,000, Indexed 0, Queue: 300
2025-10-05 17:42:06,418 - INFO - POST http://localhost:9200/_bulk [status:200 request:73.160s]
2025-10-05 17:42:16,265 - INFO - Overall progress: Parsed 11,871,000, Indexed 0, Queue: 300
2025-10-05 17:42:24,025 - INFO - POST http://localhost:9200/_bulk [status:200 request:78.505s]
2025-10-05 17:42:26,265 - INFO - Overall progress: Parsed 11,881,000, Indexed 0, Queue: 300
2025-10-05 17:42:37,950 - INFO - POST http://localhost:9200/_bulk [status:200 request:79.757s]
2025-10-05 17:42:46,267 - INFO - Overall progress: Parsed 11,891,000, Indexed 0, Queue: 300
2025-10-05 17:42:47,768 - INFO - POST http://localhost:9200/_bulk [status:200 request:71.558s]
2025-10-05 17:42:49,046 - INFO - Worker 0: Parsed 11,900,000 docs, Queue: 299
2025-10-05 17:42:56,268 - INFO - Overall progress: Parsed 11,901,000, Indexed 0, Queue: 300
2025-10-05 17:43:10,206 - INFO - POST http://localhost:9200/_bulk [status:200 request:258.057s]
2025-10-05 17:43:10,501 - INFO - Progress: 11,240,000 indexed, 0 failed, Rate: 1910.2 docs/sec, Queue: 300, Elapsed: 5884.1s
2025-10-05 17:43:10,536 - INFO - Progress: 11,250,000 indexed, 0 failed, Rate: 1911.9 docs/sec, Queue: 300, Elapsed: 5884.1s
2025-10-05 17:43:10,614 - INFO - Progress: 11,260,000 indexed, 0 failed, Rate: 1913.6 docs/sec, Queue: 300, Elapsed: 5884.2s
2025-10-05 17:43:10,760 - INFO - POST http://localhost:9200/_bulk [status:200 request:63.935s]
2025-10-05 17:43:10,764 - INFO - Progress: 11,270,000 indexed, 0 failed, Rate: 1915.3 docs/sec, Queue: 300, Elapsed: 5884.3s
2025-10-05 17:43:10,955 - INFO - Progress: 11,280,000 indexed, 0 failed, Rate: 1916.9 docs/sec, Queue: 300, Elapsed: 5884.5s
2025-10-05 17:43:11,022 - INFO - Progress: 11,290,000 indexed, 0 failed, Rate: 1918.6 docs/sec, Queue: 300, Elapsed: 5884.6s
2025-10-05 17:43:11,096 - INFO - Progress: 11,300,000 indexed, 0 failed, Rate: 1920.3 docs/sec, Queue: 300, Elapsed: 5884.7s
2025-10-05 17:43:11,285 - INFO - === METRICS ES CONSUMER AT 11300000 DOCS ===
2025-10-05 17:43:11,285 - INFO - Process Memory:
2025-10-05 17:43:11,300 - INFO -   RSS: 5.14 GB
2025-10-05 17:43:11,310 - INFO -   VMS: 7.84 GB
2025-10-05 17:43:11,342 - INFO -   % of System: 0.6%
2025-10-05 17:43:11,347 - INFO - System Memory:
2025-10-05 17:43:11,354 - INFO -   Total Used: 16.7%
2025-10-05 17:43:11,359 - INFO -   Available: 711.94 GB
2025-10-05 17:43:11,364 - INFO -   Cached: 38.46 GB
2025-10-05 17:43:13,181 - INFO - CPU:
2025-10-05 17:43:13,186 - INFO -   Process usage: 97.8%
2025-10-05 17:43:13,192 - INFO -   Threads: 14
2025-10-05 17:43:13,197 - INFO -   Allocated cores: 288 (IDs: [0, 1, 2, 3, 4]...)
2025-10-05 17:43:13,204 - INFO - Process I/O:
2025-10-05 17:43:13,205 - INFO -   Read: 0.03 GB
2025-10-05 17:43:13,212 - INFO -   Write: 0.04 GB
2025-10-05 17:43:13,217 - INFO - ==================================================
2025-10-05 17:43:14,078 - INFO - Progress: 11,310,000 indexed, 0 failed, Rate: 1921.0 docs/sec, Queue: 300, Elapsed: 5887.6s
2025-10-05 17:43:14,210 - INFO - POST http://localhost:9200/_bulk [status:200 request:49.813s]
2025-10-05 17:43:14,220 - INFO - Progress: 11,320,000 indexed, 0 failed, Rate: 1922.6 docs/sec, Queue: 300, Elapsed: 5887.8s
2025-10-05 17:43:14,419 - INFO - Progress: 11,330,000 indexed, 0 failed, Rate: 1924.3 docs/sec, Queue: 300, Elapsed: 5888.0s
2025-10-05 17:43:16,269 - INFO - Overall progress: Parsed 11,931,000, Indexed 0, Queue: 300
2025-10-05 17:43:37,522 - INFO - POST http://localhost:9200/_bulk [status:200 request:58.860s]
2025-10-05 17:43:44,460 - INFO - POST http://localhost:9200/_bulk [status:200 request:56.355s]
2025-10-05 17:43:45,659 - INFO - Worker 0: Parsed 11,950,000 docs, Queue: 299
2025-10-05 17:43:46,270 - INFO - Overall progress: Parsed 11,951,000, Indexed 0, Queue: 300
2025-10-05 17:44:14,293 - INFO - POST http://localhost:9200/_bulk [status:200 request:193.371s]
2025-10-05 17:44:14,934 - INFO - Progress: 11,340,000 indexed, 0 failed, Rate: 1906.4 docs/sec, Queue: 300, Elapsed: 5948.5s
2025-10-05 17:44:14,998 - INFO - Progress: 11,350,000 indexed, 0 failed, Rate: 1908.0 docs/sec, Queue: 300, Elapsed: 5948.6s
2025-10-05 17:44:16,272 - INFO - Overall progress: Parsed 11,961,000, Indexed 0, Queue: 300
2025-10-05 17:44:20,683 - INFO - POST http://localhost:9200/_bulk [status:200 request:70.103s]
2025-10-05 17:44:26,273 - INFO - Overall progress: Parsed 11,971,000, Indexed 0, Queue: 300
2025-10-05 17:44:27,035 - INFO - POST http://localhost:9200/_bulk [status:200 request:72.300s]
2025-10-05 17:44:30,122 - INFO - POST http://localhost:9200/_bulk [status:200 request:78.762s]
2025-10-05 17:44:36,273 - INFO - Overall progress: Parsed 11,991,000, Indexed 0, Queue: 300
2025-10-05 17:44:36,475 - INFO - POST http://localhost:9200/_bulk [status:200 request:51.683s]
2025-10-05 17:44:37,717 - INFO - Worker 0: Parsed 12,000,000 docs, Queue: 299
2025-10-05 17:44:46,274 - INFO - Overall progress: Parsed 12,001,000, Indexed 0, Queue: 300
2025-10-05 17:45:19,251 - INFO - POST http://localhost:9200/_bulk [status:200 request:64.236s]
2025-10-05 17:45:24,228 - INFO - POST http://localhost:9200/_bulk [status:200 request:63.200s]
2025-10-05 17:45:25,747 - INFO - POST http://localhost:9200/_bulk [status:200 request:256.700s]
2025-10-05 17:45:26,148 - INFO - Progress: 11,360,000 indexed, 0 failed, Rate: 1887.1 docs/sec, Queue: 300, Elapsed: 6019.7s
2025-10-05 17:45:26,220 - INFO - Progress: 11,370,000 indexed, 0 failed, Rate: 1888.8 docs/sec, Queue: 300, Elapsed: 6019.8s
2025-10-05 17:45:26,280 - INFO - Progress: 11,380,000 indexed, 0 failed, Rate: 1890.4 docs/sec, Queue: 300, Elapsed: 6019.8s
2025-10-05 17:45:26,286 - INFO - Overall progress: Parsed 12,014,000, Indexed 0, Queue: 300
2025-10-05 17:45:27,810 - INFO - POST http://localhost:9200/_bulk [status:200 request:56.976s]
2025-10-05 17:45:36,292 - INFO - Overall progress: Parsed 12,041,000, Indexed 0, Queue: 300
2025-10-05 17:45:37,129 - INFO - POST http://localhost:9200/_bulk [status:200 request:233.935s]
2025-10-05 17:45:37,537 - INFO - Progress: 11,390,000 indexed, 0 failed, Rate: 1888.5 docs/sec, Queue: 300, Elapsed: 6031.1s
2025-10-05 17:45:37,636 - INFO - Progress: 11,400,000 indexed, 0 failed, Rate: 1890.2 docs/sec, Queue: 300, Elapsed: 6031.2s
2025-10-05 17:45:37,662 - INFO - === METRICS ES CONSUMER AT 11400000 DOCS ===
2025-10-05 17:45:37,668 - INFO - Process Memory:
2025-10-05 17:45:37,673 - INFO -   RSS: 5.16 GB
2025-10-05 17:45:37,678 - INFO -   VMS: 7.85 GB
2025-10-05 17:45:37,689 - INFO -   % of System: 0.6%
2025-10-05 17:45:37,694 - INFO - System Memory:
2025-10-05 17:45:37,699 - INFO -   Total Used: 16.8%
2025-10-05 17:45:37,701 - INFO -   Available: 711.03 GB
2025-10-05 17:45:37,701 - INFO -   Cached: 39.83 GB
2025-10-05 17:45:38,573 - INFO - Worker 0: Parsed 12,050,000 docs, Queue: 299
2025-10-05 17:45:38,703 - INFO - CPU:
2025-10-05 17:45:38,703 - INFO -   Process usage: 43.9%
2025-10-05 17:45:38,703 - INFO -   Threads: 14
2025-10-05 17:45:38,704 - INFO -   Allocated cores: 288 (IDs: [0, 1, 2, 3, 4]...)
2025-10-05 17:45:38,704 - INFO - Process I/O:
2025-10-05 17:45:38,704 - INFO -   Read: 0.03 GB
2025-10-05 17:45:38,704 - INFO -   Write: 0.04 GB
2025-10-05 17:45:38,704 - INFO - ==================================================
2025-10-05 17:45:39,750 - INFO - Progress: 11,410,000 indexed, 0 failed, Rate: 1891.2 docs/sec, Queue: 300, Elapsed: 6033.3s
2025-10-05 17:45:39,812 - INFO - Progress: 11,420,000 indexed, 0 failed, Rate: 1892.8 docs/sec, Queue: 300, Elapsed: 6033.4s
2025-10-05 17:45:39,880 - INFO - Progress: 11,430,000 indexed, 0 failed, Rate: 1894.4 docs/sec, Queue: 300, Elapsed: 6033.4s
2025-10-05 17:45:39,941 - INFO - Progress: 11,440,000 indexed, 0 failed, Rate: 1896.1 docs/sec, Queue: 300, Elapsed: 6033.5s
2025-10-05 17:45:39,991 - INFO - Progress: 11,450,000 indexed, 0 failed, Rate: 1897.7 docs/sec, Queue: 300, Elapsed: 6033.5s
2025-10-05 17:45:40,037 - INFO - Progress: 11,460,000 indexed, 0 failed, Rate: 1899.4 docs/sec, Queue: 300, Elapsed: 6033.6s
2025-10-05 17:45:40,482 - INFO - POST http://localhost:9200/_bulk [status:200 request:63.661s]
2025-10-05 17:45:46,293 - INFO - Overall progress: Parsed 12,061,000, Indexed 0, Queue: 300
2025-10-05 17:46:22,113 - INFO - POST http://localhost:9200/_bulk [status:200 request:55.892s]
2025-10-05 17:46:26,295 - INFO - Overall progress: Parsed 12,071,000, Indexed 0, Queue: 300
2025-10-05 17:46:35,650 - INFO - POST http://localhost:9200/_bulk [status:200 request:76.060s]
2025-10-05 17:46:36,306 - INFO - Overall progress: Parsed 12,074,000, Indexed 0, Queue: 297
2025-10-05 17:46:46,312 - INFO - Overall progress: Parsed 12,081,000, Indexed 0, Queue: 300
2025-10-05 17:46:53,995 - INFO - POST http://localhost:9200/_bulk [status:200 request:85.820s]
2025-10-05 17:46:55,064 - INFO - POST http://localhost:9200/_bulk [status:200 request:147.671s]
2025-10-05 17:46:56,313 - INFO - Overall progress: Parsed 12,095,000, Indexed 0, Queue: 294
2025-10-05 17:46:56,802 - INFO - Worker 0: Parsed 12,100,000 docs, Queue: 299
2025-10-05 17:46:58,207 - INFO - POST http://localhost:9200/_bulk [status:200 request:80.584s]
2025-10-05 17:47:02,504 - INFO - POST http://localhost:9200/_bulk [status:200 request:81.629s]
2025-10-05 17:47:06,313 - INFO - Overall progress: Parsed 12,121,000, Indexed 0, Queue: 300
2025-10-05 17:47:31,468 - INFO - POST http://localhost:9200/_bulk [status:200 request:69.007s]
2025-10-05 17:47:36,315 - INFO - Overall progress: Parsed 12,131,000, Indexed 0, Queue: 300
2025-10-05 17:47:36,547 - INFO - POST http://localhost:9200/_bulk [status:200 request:60.544s]
2025-10-05 17:47:39,274 - INFO - POST http://localhost:9200/_bulk [status:200 request:241.408s]
2025-10-05 17:47:39,576 - INFO - Progress: 11,470,000 indexed, 0 failed, Rate: 1864.1 docs/sec, Queue: 300, Elapsed: 6153.1s
2025-10-05 17:47:39,612 - INFO - Progress: 11,480,000 indexed, 0 failed, Rate: 1865.7 docs/sec, Queue: 300, Elapsed: 6153.2s
2025-10-05 17:47:39,685 - INFO - Progress: 11,490,000 indexed, 0 failed, Rate: 1867.3 docs/sec, Queue: 300, Elapsed: 6153.2s
2025-10-05 17:47:39,748 - INFO - Progress: 11,500,000 indexed, 0 failed, Rate: 1868.9 docs/sec, Queue: 300, Elapsed: 6153.3s
2025-10-05 17:47:39,784 - INFO - === METRICS ES CONSUMER AT 11500000 DOCS ===
2025-10-05 17:47:39,790 - INFO - Process Memory:
2025-10-05 17:47:39,795 - INFO -   RSS: 5.19 GB
2025-10-05 17:47:39,800 - INFO -   VMS: 7.88 GB
2025-10-05 17:47:39,821 - INFO -   % of System: 0.6%
2025-10-05 17:47:39,824 - INFO - System Memory:
2025-10-05 17:47:39,824 - INFO -   Total Used: 16.8%
2025-10-05 17:47:39,824 - INFO -   Available: 710.55 GB
2025-10-05 17:47:39,824 - INFO -   Cached: 40.58 GB
2025-10-05 17:47:40,654 - INFO - Worker 0: Parsed 12,150,000 docs, Queue: 299
2025-10-05 17:47:40,826 - INFO - CPU:
2025-10-05 17:47:40,826 - INFO -   Process usage: 42.9%
2025-10-05 17:47:40,826 - INFO -   Threads: 14
2025-10-05 17:47:40,826 - INFO -   Allocated cores: 288 (IDs: [0, 1, 2, 3, 4]...)
2025-10-05 17:47:40,827 - INFO - Process I/O:
2025-10-05 17:47:40,827 - INFO -   Read: 0.03 GB
2025-10-05 17:47:40,827 - INFO -   Write: 0.04 GB
2025-10-05 17:47:40,827 - INFO - ==================================================
2025-10-05 17:47:41,797 - INFO - Progress: 11,510,000 indexed, 0 failed, Rate: 1869.9 docs/sec, Queue: 300, Elapsed: 6155.4s
2025-10-05 17:47:41,852 - INFO - Progress: 11,520,000 indexed, 0 failed, Rate: 1871.5 docs/sec, Queue: 300, Elapsed: 6155.4s
2025-10-05 17:47:41,915 - INFO - Progress: 11,530,000 indexed, 0 failed, Rate: 1873.1 docs/sec, Queue: 300, Elapsed: 6155.5s
2025-10-05 17:47:41,981 - INFO - Progress: 11,540,000 indexed, 0 failed, Rate: 1874.7 docs/sec, Queue: 300, Elapsed: 6155.5s
2025-10-05 17:47:46,316 - INFO - Overall progress: Parsed 12,151,000, Indexed 0, Queue: 300
2025-10-05 17:47:59,093 - INFO - POST http://localhost:9200/_bulk [status:200 request:154.528s]
2025-10-05 17:47:59,399 - INFO - Progress: 11,550,000 indexed, 0 failed, Rate: 1871.1 docs/sec, Queue: 300, Elapsed: 6173.0s
2025-10-05 17:47:59,466 - INFO - Progress: 11,560,000 indexed, 0 failed, Rate: 1872.7 docs/sec, Queue: 300, Elapsed: 6173.0s
2025-10-05 17:47:59,525 - INFO - Progress: 11,570,000 indexed, 0 failed, Rate: 1874.3 docs/sec, Queue: 300, Elapsed: 6173.1s
2025-10-05 17:47:59,590 - INFO - Progress: 11,580,000 indexed, 0 failed, Rate: 1875.9 docs/sec, Queue: 300, Elapsed: 6173.1s
2025-10-05 17:47:59,643 - INFO - Progress: 11,590,000 indexed, 0 failed, Rate: 1877.5 docs/sec, Queue: 300, Elapsed: 6173.2s
2025-10-05 17:47:59,700 - INFO - Progress: 11,600,000 indexed, 0 failed, Rate: 1879.1 docs/sec, Queue: 300, Elapsed: 6173.3s
2025-10-05 17:47:59,737 - INFO - === METRICS ES CONSUMER AT 11600000 DOCS ===
2025-10-05 17:47:59,743 - INFO - Process Memory:
2025-10-05 17:47:59,748 - INFO -   RSS: 5.18 GB
2025-10-05 17:47:59,753 - INFO -   VMS: 7.88 GB
2025-10-05 17:47:59,774 - INFO -   % of System: 0.6%
2025-10-05 17:47:59,779 - INFO - System Memory:
2025-10-05 17:47:59,784 - INFO -   Total Used: 16.8%
2025-10-05 17:47:59,785 - INFO -   Available: 710.91 GB
2025-10-05 17:47:59,785 - INFO -   Cached: 39.76 GB
2025-10-05 17:48:00,787 - INFO - CPU:
2025-10-05 17:48:00,788 - INFO -   Process usage: 42.9%
2025-10-05 17:48:00,788 - INFO -   Threads: 14
2025-10-05 17:48:00,788 - INFO -   Allocated cores: 288 (IDs: [0, 1, 2, 3, 4]...)
2025-10-05 17:48:00,788 - INFO - Process I/O:
2025-10-05 17:48:00,788 - INFO -   Read: 0.03 GB
2025-10-05 17:48:00,788 - INFO -   Write: 0.04 GB
2025-10-05 17:48:00,788 - INFO - ==================================================
2025-10-05 17:48:01,505 - INFO - Progress: 11,610,000 indexed, 0 failed, Rate: 1880.1 docs/sec, Queue: 300, Elapsed: 6175.1s
2025-10-05 17:48:06,317 - INFO - Overall progress: Parsed 12,161,000, Indexed 0, Queue: 300
2025-10-05 17:48:08,778 - INFO - POST http://localhost:9200/_bulk [status:200 request:74.096s]
2025-10-05 17:48:09,031 - INFO - Progress: 11,620,000 indexed, 0 failed, Rate: 1879.5 docs/sec, Queue: 300, Elapsed: 6182.6s
2025-10-05 17:48:16,318 - INFO - Overall progress: Parsed 12,171,000, Indexed 0, Queue: 300
2025-10-05 17:48:33,778 - INFO - POST http://localhost:9200/_bulk [status:200 request:90.913s]
2025-10-05 17:48:36,319 - INFO - Overall progress: Parsed 12,181,000, Indexed 0, Queue: 300
2025-10-05 17:48:43,104 - INFO - POST http://localhost:9200/_bulk [status:200 request:71.301s]
2025-10-05 17:48:46,320 - INFO - Overall progress: Parsed 12,191,000, Indexed 0, Queue: 300
2025-10-05 17:48:47,652 - INFO - POST http://localhost:9200/_bulk [status:200 request:70.761s]
2025-10-05 17:48:48,881 - INFO - Worker 0: Parsed 12,200,000 docs, Queue: 299
2025-10-05 17:48:56,321 - INFO - Overall progress: Parsed 12,201,000, Indexed 0, Queue: 300
2025-10-05 17:49:16,659 - INFO - POST http://localhost:9200/_bulk [status:200 request:96.972s]
2025-10-05 17:49:26,323 - INFO - Overall progress: Parsed 12,211,000, Indexed 0, Queue: 300
2025-10-05 17:49:34,741 - INFO - POST http://localhost:9200/_bulk [status:200 request:85.625s]
2025-10-05 17:49:36,324 - INFO - Overall progress: Parsed 12,220,000, Indexed 0, Queue: 299
2025-10-05 17:49:40,432 - INFO - POST http://localhost:9200/_bulk [status:200 request:66.326s]
2025-10-05 17:49:46,324 - INFO - Overall progress: Parsed 12,231,000, Indexed 0, Queue: 300
2025-10-05 17:49:48,605 - INFO - POST http://localhost:9200/_bulk [status:200 request:64.883s]
2025-10-05 17:49:55,776 - INFO - POST http://localhost:9200/_bulk [status:200 request:67.798s]
2025-10-05 17:49:56,326 - INFO - Overall progress: Parsed 12,243,000, Indexed 0, Queue: 299
2025-10-05 17:49:57,027 - INFO - Worker 0: Parsed 12,250,000 docs, Queue: 299
2025-10-05 17:50:06,334 - INFO - Overall progress: Parsed 12,251,000, Indexed 0, Queue: 300
2025-10-05 17:50:14,179 - INFO - POST http://localhost:9200/_bulk [status:200 request:134.706s]
2025-10-05 17:50:16,335 - INFO - Overall progress: Parsed 12,261,000, Indexed 0, Queue: 300
2025-10-05 17:50:20,402 - INFO - POST http://localhost:9200/_bulk [status:200 request:204.919s]
2025-10-05 17:50:20,715 - INFO - Progress: 11,630,000 indexed, 0 failed, Rate: 1841.9 docs/sec, Queue: 300, Elapsed: 6314.3s
2025-10-05 17:50:26,335 - INFO - Overall progress: Parsed 12,271,000, Indexed 0, Queue: 300
2025-10-05 17:50:37,375 - INFO - POST http://localhost:9200/_bulk [status:200 request:61.987s]
2025-10-05 17:50:46,337 - INFO - Overall progress: Parsed 12,281,000, Indexed 0, Queue: 300
2025-10-05 17:51:00,995 - INFO - POST http://localhost:9200/_bulk [status:200 request:80.229s]
2025-10-05 17:51:06,338 - INFO - Overall progress: Parsed 12,291,000, Indexed 0, Queue: 300
2025-10-05 17:51:06,846 - INFO - POST http://localhost:9200/_bulk [status:200 request:77.935s]
2025-10-05 17:51:08,122 - INFO - Worker 0: Parsed 12,300,000 docs, Queue: 299
2025-10-05 17:51:16,339 - INFO - Overall progress: Parsed 12,301,000, Indexed 0, Queue: 300
2025-10-05 17:51:17,986 - INFO - POST http://localhost:9200/_bulk [status:200 request:81.875s]
2025-10-05 17:51:23,938 - INFO - POST http://localhost:9200/_bulk [status:200 request:265.261s]
2025-10-05 17:51:24,320 - INFO - Progress: 11,640,000 indexed, 0 failed, Rate: 1825.1 docs/sec, Queue: 300, Elapsed: 6377.9s
2025-10-05 17:51:24,361 - INFO - Progress: 11,650,000 indexed, 0 failed, Rate: 1826.6 docs/sec, Queue: 300, Elapsed: 6377.9s
2025-10-05 17:51:24,428 - INFO - Progress: 11,660,000 indexed, 0 failed, Rate: 1828.2 docs/sec, Queue: 300, Elapsed: 6378.0s
2025-10-05 17:51:24,494 - INFO - Progress: 11,670,000 indexed, 0 failed, Rate: 1829.7 docs/sec, Queue: 300, Elapsed: 6378.0s
2025-10-05 17:51:24,554 - INFO - Progress: 11,680,000 indexed, 0 failed, Rate: 1831.3 docs/sec, Queue: 300, Elapsed: 6378.1s
2025-10-05 17:51:24,614 - INFO - Progress: 11,690,000 indexed, 0 failed, Rate: 1832.8 docs/sec, Queue: 300, Elapsed: 6378.2s
2025-10-05 17:51:24,659 - INFO - Progress: 11,700,000 indexed, 0 failed, Rate: 1834.4 docs/sec, Queue: 300, Elapsed: 6378.2s
2025-10-05 17:51:24,680 - INFO - === METRICS ES CONSUMER AT 11700000 DOCS ===
2025-10-05 17:51:24,686 - INFO - Process Memory:
2025-10-05 17:51:24,691 - INFO -   RSS: 5.15 GB
2025-10-05 17:51:24,696 - INFO -   VMS: 7.85 GB
2025-10-05 17:51:24,718 - INFO -   % of System: 0.6%
2025-10-05 17:51:24,723 - INFO - System Memory:
2025-10-05 17:51:24,728 - INFO -   Total Used: 16.8%
2025-10-05 17:51:24,733 - INFO -   Available: 710.64 GB
2025-10-05 17:51:24,733 - INFO -   Cached: 39.78 GB
2025-10-05 17:51:25,735 - INFO - CPU:
2025-10-05 17:51:25,735 - INFO -   Process usage: 41.9%
2025-10-05 17:51:25,736 - INFO -   Threads: 14
2025-10-05 17:51:25,736 - INFO -   Allocated cores: 288 (IDs: [0, 1, 2, 3, 4]...)
2025-10-05 17:51:25,736 - INFO - Process I/O:
2025-10-05 17:51:25,736 - INFO -   Read: 0.03 GB
2025-10-05 17:51:25,736 - INFO -   Write: 0.04 GB
2025-10-05 17:51:25,736 - INFO - ==================================================
2025-10-05 17:51:26,621 - INFO - Overall progress: Parsed 12,321,000, Indexed 0, Queue: 300
2025-10-05 17:51:26,626 - INFO - Progress: 11,710,000 indexed, 0 failed, Rate: 1835.4 docs/sec, Queue: 300, Elapsed: 6380.2s
2025-10-05 17:51:26,672 - INFO - Progress: 11,720,000 indexed, 0 failed, Rate: 1836.9 docs/sec, Queue: 300, Elapsed: 6380.2s
2025-10-05 17:51:26,715 - INFO - Progress: 11,730,000 indexed, 0 failed, Rate: 1838.5 docs/sec, Queue: 300, Elapsed: 6380.3s
2025-10-05 17:51:36,126 - INFO - POST http://localhost:9200/_bulk [status:200 request:81.619s]
2025-10-05 17:51:36,636 - INFO - Overall progress: Parsed 12,322,000, Indexed 0, Queue: 298
2025-10-05 17:51:41,618 - INFO - POST http://localhost:9200/_bulk [status:200 request:80.829s]
2025-10-05 17:51:46,642 - INFO - Overall progress: Parsed 12,341,000, Indexed 0, Queue: 300
2025-10-05 17:52:18,916 - INFO - POST http://localhost:9200/_bulk [status:200 request:77.588s]
2025-10-05 17:52:20,143 - INFO - Worker 0: Parsed 12,350,000 docs, Queue: 299
2025-10-05 17:52:26,644 - INFO - Overall progress: Parsed 12,351,000, Indexed 0, Queue: 300
2025-10-05 17:52:26,767 - INFO - POST http://localhost:9200/_bulk [status:200 request:79.587s]
2025-10-05 17:52:36,645 - INFO - Overall progress: Parsed 12,361,000, Indexed 0, Queue: 300
2025-10-05 17:52:37,992 - INFO - POST http://localhost:9200/_bulk [status:200 request:201.002s]
2025-10-05 17:52:38,277 - INFO - Progress: 11,740,000 indexed, 0 failed, Rate: 1819.6 docs/sec, Queue: 300, Elapsed: 6451.8s
2025-10-05 17:52:38,328 - INFO - Progress: 11,750,000 indexed, 0 failed, Rate: 1821.2 docs/sec, Queue: 300, Elapsed: 6451.9s
2025-10-05 17:52:38,407 - INFO - Progress: 11,760,000 indexed, 0 failed, Rate: 1822.7 docs/sec, Queue: 300, Elapsed: 6452.0s
2025-10-05 17:52:38,461 - INFO - Progress: 11,770,000 indexed, 0 failed, Rate: 1824.2 docs/sec, Queue: 300, Elapsed: 6452.0s
2025-10-05 17:52:38,498 - INFO - Progress: 11,780,000 indexed, 0 failed, Rate: 1825.8 docs/sec, Queue: 300, Elapsed: 6452.1s
2025-10-05 17:52:38,535 - INFO - Progress: 11,790,000 indexed, 0 failed, Rate: 1827.3 docs/sec, Queue: 300, Elapsed: 6452.1s
2025-10-05 17:52:38,584 - INFO - Progress: 11,800,000 indexed, 0 failed, Rate: 1828.9 docs/sec, Queue: 300, Elapsed: 6452.1s
2025-10-05 17:52:38,604 - INFO - === METRICS ES CONSUMER AT 11800000 DOCS ===
2025-10-05 17:52:38,609 - INFO - Process Memory:
2025-10-05 17:52:38,614 - INFO -   RSS: 5.11 GB
2025-10-05 17:52:38,620 - INFO -   VMS: 7.80 GB
2025-10-05 17:52:38,639 - INFO -   % of System: 0.6%
2025-10-05 17:52:38,639 - INFO - System Memory:
2025-10-05 17:52:38,639 - INFO -   Total Used: 16.9%
2025-10-05 17:52:38,640 - INFO -   Available: 710.46 GB
2025-10-05 17:52:38,640 - INFO -   Cached: 40.07 GB
2025-10-05 17:52:39,654 - INFO - CPU:
2025-10-05 17:52:39,654 - INFO -   Process usage: 39.5%
2025-10-05 17:52:39,654 - INFO -   Threads: 14
2025-10-05 17:52:39,654 - INFO -   Allocated cores: 288 (IDs: [0, 1, 2, 3, 4]...)
2025-10-05 17:52:39,655 - INFO - Process I/O:
2025-10-05 17:52:39,655 - INFO -   Read: 0.03 GB
2025-10-05 17:52:39,655 - INFO -   Write: 0.04 GB
2025-10-05 17:52:39,655 - INFO - ==================================================
2025-10-05 17:52:46,725 - INFO - POST http://localhost:9200/_bulk [status:200 request:88.011s]
2025-10-05 17:52:46,725 - INFO - Overall progress: Parsed 12,371,000, Indexed 0, Queue: 300
2025-10-05 17:52:48,583 - INFO - POST http://localhost:9200/_bulk [status:200 request:84.188s]
2025-10-05 17:52:56,807 - INFO - Overall progress: Parsed 12,391,000, Indexed 0, Queue: 300
2025-10-05 17:52:57,955 - INFO - POST http://localhost:9200/_bulk [status:200 request:81.495s]
2025-10-05 17:52:59,147 - INFO - POST http://localhost:9200/_bulk [status:200 request:77.204s]
2025-10-05 17:53:00,303 - INFO - Worker 0: Parsed 12,400,000 docs, Queue: 294
2025-10-05 17:53:06,808 - INFO - Overall progress: Parsed 12,411,000, Indexed 0, Queue: 300
2025-10-05 17:53:23,638 - INFO - POST http://localhost:9200/_bulk [status:200 request:64.391s]
2025-10-05 17:53:26,809 - INFO - Overall progress: Parsed 12,421,000, Indexed 0, Queue: 300
2025-10-05 17:54:06,653 - INFO - POST http://localhost:9200/_bulk [status:200 request:88.298s]
2025-10-05 17:54:11,023 - INFO - POST http://localhost:9200/_bulk [status:200 request:72.747s]
2025-10-05 17:54:12,952 - INFO - POST http://localhost:9200/_bulk [status:200 request:214.874s]
2025-10-05 17:54:13,186 - INFO - Progress: 11,810,000 indexed, 0 failed, Rate: 1804.0 docs/sec, Queue: 300, Elapsed: 6546.7s
2025-10-05 17:54:13,291 - INFO - Progress: 11,820,000 indexed, 0 failed, Rate: 1805.4 docs/sec, Queue: 300, Elapsed: 6546.8s
2025-10-05 17:54:13,353 - INFO - Progress: 11,830,000 indexed, 0 failed, Rate: 1807.0 docs/sec, Queue: 300, Elapsed: 6546.9s
2025-10-05 17:54:13,421 - INFO - Progress: 11,840,000 indexed, 0 failed, Rate: 1808.5 docs/sec, Queue: 300, Elapsed: 6547.0s
2025-10-05 17:54:13,480 - INFO - Progress: 11,850,000 indexed, 0 failed, Rate: 1810.0 docs/sec, Queue: 300, Elapsed: 6547.0s
2025-10-05 17:54:13,533 - INFO - Progress: 11,860,000 indexed, 0 failed, Rate: 1811.5 docs/sec, Queue: 300, Elapsed: 6547.1s
2025-10-05 17:54:13,579 - INFO - Progress: 11,870,000 indexed, 0 failed, Rate: 1813.0 docs/sec, Queue: 300, Elapsed: 6547.1s
2025-10-05 17:54:13,625 - INFO - Progress: 11,880,000 indexed, 0 failed, Rate: 1814.5 docs/sec, Queue: 300, Elapsed: 6547.2s
2025-10-05 17:54:14,536 - INFO - Worker 0: Parsed 12,450,000 docs, Queue: 299
2025-10-05 17:54:16,768 - INFO - POST http://localhost:9200/_bulk [status:200 request:87.749s]
2025-10-05 17:54:17,130 - INFO - Overall progress: Parsed 12,451,000, Indexed 0, Queue: 300
2025-10-05 17:54:20,078 - INFO - POST http://localhost:9200/_bulk [status:200 request:56.109s]
2025-10-05 17:54:20,526 - INFO - POST http://localhost:9200/_bulk [status:200 request:113.094s]
2025-10-05 17:54:20,829 - INFO - Progress: 11,890,000 indexed, 0 failed, Rate: 1814.1 docs/sec, Queue: 300, Elapsed: 6554.4s
2025-10-05 17:54:20,941 - INFO - Progress: 11,900,000 indexed, 0 failed, Rate: 1815.5 docs/sec, Queue: 300, Elapsed: 6554.5s
2025-10-05 17:54:21,025 - INFO - === METRICS ES CONSUMER AT 11900000 DOCS ===
2025-10-05 17:54:21,030 - INFO - Process Memory:
2025-10-05 17:54:21,036 - INFO -   RSS: 5.11 GB
2025-10-05 17:54:21,038 - INFO -   VMS: 7.80 GB
2025-10-05 17:54:21,038 - INFO -   % of System: 0.6%
2025-10-05 17:54:21,038 - INFO - System Memory:
2025-10-05 17:54:21,038 - INFO -   Total Used: 16.9%
2025-10-05 17:54:21,045 - INFO -   Available: 710.28 GB
2025-10-05 17:54:21,050 - INFO -   Cached: 41.00 GB
2025-10-05 17:54:22,067 - INFO - CPU:
2025-10-05 17:54:22,068 - INFO -   Process usage: 88.0%
2025-10-05 17:54:22,068 - INFO -   Threads: 14
2025-10-05 17:54:22,068 - INFO -   Allocated cores: 288 (IDs: [0, 1, 2, 3, 4]...)
2025-10-05 17:54:22,068 - INFO - Process I/O:
2025-10-05 17:54:22,068 - INFO -   Read: 0.03 GB
2025-10-05 17:54:22,068 - INFO -   Write: 0.04 GB
2025-10-05 17:54:22,068 - INFO - ==================================================
2025-10-05 17:54:27,131 - INFO - Overall progress: Parsed 12,481,000, Indexed 0, Queue: 300
2025-10-05 17:54:31,815 - INFO - POST http://localhost:9200/_bulk [status:200 request:92.236s]
2025-10-05 17:54:37,132 - INFO - Overall progress: Parsed 12,491,000, Indexed 0, Queue: 300
2025-10-05 17:55:26,867 - INFO - POST http://localhost:9200/_bulk [status:200 request:75.531s]
2025-10-05 17:55:28,149 - INFO - Worker 0: Parsed 12,500,000 docs, Queue: 299
2025-10-05 17:55:31,286 - INFO - POST http://localhost:9200/_bulk [status:200 request:77.924s]
2025-10-05 17:55:37,148 - INFO - Overall progress: Parsed 12,511,000, Indexed 0, Queue: 300
2025-10-05 17:55:43,411 - INFO - POST http://localhost:9200/_bulk [status:200 request:82.990s]
2025-10-05 17:55:44,664 - INFO - POST http://localhost:9200/_bulk [status:200 request:83.642s]
2025-10-05 17:55:45,743 - INFO - POST http://localhost:9200/_bulk [status:200 request:73.587s]
2025-10-05 17:55:47,158 - INFO - Overall progress: Parsed 12,534,000, Indexed 0, Queue: 300
2025-10-05 17:55:57,164 - INFO - Overall progress: Parsed 12,541,000, Indexed 0, Queue: 300
2025-10-05 17:56:26,352 - INFO - POST http://localhost:9200/_bulk [status:200 request:54.746s]
2025-10-05 17:56:27,167 - INFO - Overall progress: Parsed 12,546,000, Indexed 0, Queue: 295
2025-10-05 17:56:27,591 - INFO - Worker 0: Parsed 12,550,000 docs, Queue: 299
2025-10-05 17:56:37,168 - INFO - Overall progress: Parsed 12,551,000, Indexed 0, Queue: 300
2025-10-05 17:56:37,525 - INFO - POST http://localhost:9200/_bulk [status:200 request:51.447s]
2025-10-05 17:56:38,062 - INFO - POST http://localhost:9200/_bulk [status:200 request:231.001s]
2025-10-05 17:56:38,435 - INFO - Progress: 11,910,000 indexed, 0 failed, Rate: 1779.7 docs/sec, Queue: 300, Elapsed: 6692.0s
2025-10-05 17:56:38,474 - INFO - Progress: 11,920,000 indexed, 0 failed, Rate: 1781.2 docs/sec, Queue: 300, Elapsed: 6692.0s
2025-10-05 17:56:38,538 - INFO - Progress: 11,930,000 indexed, 0 failed, Rate: 1782.7 docs/sec, Queue: 300, Elapsed: 6692.1s
2025-10-05 17:56:38,616 - INFO - Progress: 11,940,000 indexed, 0 failed, Rate: 1784.2 docs/sec, Queue: 300, Elapsed: 6692.2s
2025-10-05 17:56:38,679 - INFO - Progress: 11,950,000 indexed, 0 failed, Rate: 1785.7 docs/sec, Queue: 300, Elapsed: 6692.2s
2025-10-05 17:56:41,055 - INFO - POST http://localhost:9200/_bulk [status:200 request:57.311s]
2025-10-05 17:56:47,169 - INFO - Overall progress: Parsed 12,581,000, Indexed 0, Queue: 300
2025-10-05 17:56:50,612 - INFO - POST http://localhost:9200/_bulk [status:200 request:83.412s]
2025-10-05 17:56:57,170 - INFO - Overall progress: Parsed 12,591,000, Indexed 0, Queue: 300
2025-10-05 17:57:00,274 - INFO - POST http://localhost:9200/_bulk [status:200 request:75.270s]
2025-10-05 17:57:01,548 - INFO - Worker 0: Parsed 12,600,000 docs, Queue: 299
2025-10-05 17:57:07,170 - INFO - Overall progress: Parsed 12,601,000, Indexed 0, Queue: 300
2025-10-05 17:57:26,884 - INFO - POST http://localhost:9200/_bulk [status:200 request:60.219s]
2025-10-05 17:57:34,840 - INFO - POST http://localhost:9200/_bulk [status:200 request:197.640s]
2025-10-05 17:57:37,364 - INFO - Overall progress: Parsed 12,621,000, Indexed 0, Queue: 300
2025-10-05 17:57:37,893 - INFO - POST http://localhost:9200/_bulk [status:200 request:56.144s]
2025-10-05 17:57:41,023 - INFO - POST http://localhost:9200/_bulk [status:200 request:213.703s]
2025-10-05 17:57:41,280 - INFO - Progress: 11,960,000 indexed, 0 failed, Rate: 1770.6 docs/sec, Queue: 300, Elapsed: 6754.8s
2025-10-05 17:57:41,385 - INFO - Progress: 11,970,000 indexed, 0 failed, Rate: 1772.0 docs/sec, Queue: 300, Elapsed: 6754.9s
2025-10-05 17:57:41,462 - INFO - Progress: 11,980,000 indexed, 0 failed, Rate: 1773.5 docs/sec, Queue: 300, Elapsed: 6755.0s
2025-10-05 17:57:41,538 - INFO - Progress: 11,990,000 indexed, 0 failed, Rate: 1775.0 docs/sec, Queue: 300, Elapsed: 6755.1s
2025-10-05 17:57:41,571 - INFO - Progress: 12,000,000 indexed, 0 failed, Rate: 1776.4 docs/sec, Queue: 300, Elapsed: 6755.1s
2025-10-05 17:57:41,593 - INFO - === METRICS ES CONSUMER AT 12000000 DOCS ===
2025-10-05 17:57:41,598 - INFO - Process Memory:
2025-10-05 17:57:41,603 - INFO -   RSS: 5.07 GB
2025-10-05 17:57:41,609 - INFO -   VMS: 7.77 GB
2025-10-05 17:57:41,629 - INFO -   % of System: 0.6%
2025-10-05 17:57:41,635 - INFO - System Memory:
2025-10-05 17:57:41,640 - INFO -   Total Used: 16.9%
2025-10-05 17:57:41,645 - INFO -   Available: 710.14 GB
2025-10-05 17:57:41,649 - INFO -   Cached: 41.10 GB
2025-10-05 17:57:42,933 - INFO - POST http://localhost:9200/_bulk [status:200 request:64.411s]
2025-10-05 17:57:42,938 - INFO - CPU:
2025-10-05 17:57:43,031 - INFO -   Process usage: 99.9%
2025-10-05 17:57:43,036 - INFO -   Threads: 14
2025-10-05 17:57:43,052 - INFO -   Allocated cores: 288 (IDs: [0, 1, 2, 3, 4]...)
2025-10-05 17:57:43,153 - INFO - Process I/O:
2025-10-05 17:57:43,176 - INFO -   Read: 0.03 GB
2025-10-05 17:57:43,243 - INFO -   Write: 0.04 GB
2025-10-05 17:57:43,255 - INFO - ==================================================
2025-10-05 17:57:44,203 - INFO - Progress: 12,010,000 indexed, 0 failed, Rate: 1777.2 docs/sec, Queue: 300, Elapsed: 6757.8s
2025-10-05 17:57:44,277 - INFO - Progress: 12,020,000 indexed, 0 failed, Rate: 1778.7 docs/sec, Queue: 300, Elapsed: 6757.8s
2025-10-05 17:57:44,342 - INFO - Progress: 12,030,000 indexed, 0 failed, Rate: 1780.1 docs/sec, Queue: 300, Elapsed: 6757.9s
2025-10-05 17:57:44,408 - INFO - Progress: 12,040,000 indexed, 0 failed, Rate: 1781.6 docs/sec, Queue: 300, Elapsed: 6758.0s
2025-10-05 17:57:44,444 - INFO - Progress: 12,050,000 indexed, 0 failed, Rate: 1783.1 docs/sec, Queue: 300, Elapsed: 6758.0s
2025-10-05 17:57:44,512 - INFO - Progress: 12,060,000 indexed, 0 failed, Rate: 1784.5 docs/sec, Queue: 300, Elapsed: 6758.1s
2025-10-05 17:57:44,569 - INFO - Progress: 12,070,000 indexed, 0 failed, Rate: 1786.0 docs/sec, Queue: 300, Elapsed: 6758.1s
2025-10-05 17:57:44,613 - INFO - Progress: 12,080,000 indexed, 0 failed, Rate: 1787.5 docs/sec, Queue: 300, Elapsed: 6758.2s
2025-10-05 17:57:46,613 - INFO - Worker 0: Parsed 12,650,000 docs, Queue: 299
2025-10-05 17:57:47,365 - INFO - Overall progress: Parsed 12,651,000, Indexed 0, Queue: 300
2025-10-05 17:58:09,377 - INFO - POST http://localhost:9200/_bulk [status:200 request:91.542s]
2025-10-05 17:58:09,652 - INFO - Progress: 12,090,000 indexed, 0 failed, Rate: 1782.3 docs/sec, Queue: 300, Elapsed: 6783.2s
2025-10-05 17:58:09,706 - INFO - Progress: 12,100,000 indexed, 0 failed, Rate: 1783.8 docs/sec, Queue: 300, Elapsed: 6783.3s
2025-10-05 17:58:09,765 - INFO - === METRICS ES CONSUMER AT 12100000 DOCS ===
2025-10-05 17:58:09,765 - INFO - Process Memory:
2025-10-05 17:58:09,765 - INFO -   RSS: 5.05 GB
2025-10-05 17:58:09,765 - INFO -   VMS: 7.75 GB
2025-10-05 17:58:09,784 - INFO -   % of System: 0.6%
2025-10-05 17:58:09,789 - INFO - System Memory:
2025-10-05 17:58:09,795 - INFO -   Total Used: 16.9%
2025-10-05 17:58:09,800 - INFO -   Available: 710.29 GB
2025-10-05 17:58:09,805 - INFO -   Cached: 41.29 GB
2025-10-05 17:58:10,827 - INFO - CPU:
2025-10-05 17:58:10,828 - INFO -   Process usage: 45.3%
2025-10-05 17:58:10,828 - INFO -   Threads: 14
2025-10-05 17:58:10,828 - INFO -   Allocated cores: 288 (IDs: [0, 1, 2, 3, 4]...)
2025-10-05 17:58:10,828 - INFO - Process I/O:
2025-10-05 17:58:10,828 - INFO -   Read: 0.03 GB
2025-10-05 17:58:10,828 - INFO -   Write: 0.04 GB
2025-10-05 17:58:10,828 - INFO - ==================================================
2025-10-05 17:58:11,612 - INFO - Progress: 12,110,000 indexed, 0 failed, Rate: 1784.8 docs/sec, Queue: 300, Elapsed: 6785.2s
2025-10-05 17:58:17,366 - INFO - Overall progress: Parsed 12,661,000, Indexed 0, Queue: 300
2025-10-05 17:58:34,236 - INFO - POST http://localhost:9200/_bulk [status:200 request:93.635s]
2025-10-05 17:58:37,367 - INFO - Overall progress: Parsed 12,671,000, Indexed 0, Queue: 300
2025-10-05 17:58:55,463 - INFO - POST http://localhost:9200/_bulk [status:200 request:80.198s]
2025-10-05 17:58:57,368 - INFO - Overall progress: Parsed 12,680,000, Indexed 0, Queue: 299
2025-10-05 17:59:02,855 - INFO - POST http://localhost:9200/_bulk [status:200 request:79.541s]
2025-10-05 17:59:06,443 - INFO - POST http://localhost:9200/_bulk [status:200 request:84.997s]
2025-10-05 17:59:07,372 - INFO - Overall progress: Parsed 12,696,000, Indexed 0, Queue: 295
2025-10-05 17:59:07,729 - INFO - Worker 0: Parsed 12,700,000 docs, Queue: 299
2025-10-05 17:59:15,797 - INFO - POST http://localhost:9200/_bulk [status:200 request:66.073s]
2025-10-05 17:59:17,373 - INFO - Overall progress: Parsed 12,711,000, Indexed 0, Queue: 300
2025-10-05 17:59:35,301 - INFO - POST http://localhost:9200/_bulk [status:200 request:60.744s]
2025-10-05 17:59:37,374 - INFO - Overall progress: Parsed 12,721,000, Indexed 0, Queue: 300
2025-10-05 17:59:41,856 - INFO - POST http://localhost:9200/_bulk [status:200 request:123.654s]
2025-10-05 17:59:47,375 - INFO - Overall progress: Parsed 12,731,000, Indexed 0, Queue: 300
2025-10-05 17:59:58,306 - INFO - POST http://localhost:9200/_bulk [status:200 request:150.699s]
2025-10-05 18:00:01,713 - INFO - POST http://localhost:9200/_bulk [status:200 request:58.276s]
2025-10-05 18:00:03,362 - INFO - Worker 0: Parsed 12,750,000 docs, Queue: 299
2025-10-05 18:00:07,376 - INFO - Overall progress: Parsed 12,751,000, Indexed 0, Queue: 300
2025-10-05 18:00:23,512 - INFO - POST http://localhost:9200/_bulk [status:200 request:67.379s]
2025-10-05 18:00:27,377 - INFO - Overall progress: Parsed 12,761,000, Indexed 0, Queue: 300
2025-10-05 18:00:28,941 - INFO - POST http://localhost:9200/_bulk [status:200 request:218.008s]
2025-10-05 18:00:29,239 - INFO - Progress: 12,120,000 indexed, 0 failed, Rate: 1750.7 docs/sec, Queue: 300, Elapsed: 6922.8s
2025-10-05 18:00:29,303 - INFO - Progress: 12,130,000 indexed, 0 failed, Rate: 1752.2 docs/sec, Queue: 300, Elapsed: 6922.9s
2025-10-05 18:00:29,363 - INFO - Progress: 12,140,000 indexed, 0 failed, Rate: 1753.6 docs/sec, Queue: 300, Elapsed: 6922.9s
2025-10-05 18:00:29,409 - INFO - Progress: 12,150,000 indexed, 0 failed, Rate: 1755.0 docs/sec, Queue: 300, Elapsed: 6923.0s
2025-10-05 18:00:29,464 - INFO - Progress: 12,160,000 indexed, 0 failed, Rate: 1756.5 docs/sec, Queue: 300, Elapsed: 6923.0s
2025-10-05 18:00:29,515 - INFO - Progress: 12,170,000 indexed, 0 failed, Rate: 1757.9 docs/sec, Queue: 300, Elapsed: 6923.1s
2025-10-05 18:00:29,567 - INFO - Progress: 12,180,000 indexed, 0 failed, Rate: 1759.3 docs/sec, Queue: 300, Elapsed: 6923.1s
2025-10-05 18:00:29,608 - INFO - Progress: 12,190,000 indexed, 0 failed, Rate: 1760.8 docs/sec, Queue: 300, Elapsed: 6923.2s
2025-10-05 18:00:29,645 - INFO - Progress: 12,200,000 indexed, 0 failed, Rate: 1762.2 docs/sec, Queue: 300, Elapsed: 6923.2s
2025-10-05 18:00:29,702 - INFO - === METRICS ES CONSUMER AT 12200000 DOCS ===
2025-10-05 18:00:29,707 - INFO - Process Memory:
2025-10-05 18:00:29,712 - INFO -   RSS: 5.10 GB
2025-10-05 18:00:29,714 - INFO -   VMS: 7.79 GB
2025-10-05 18:00:29,714 - INFO -   % of System: 0.6%
2025-10-05 18:00:29,714 - INFO - System Memory:
2025-10-05 18:00:29,715 - INFO -   Total Used: 16.9%
2025-10-05 18:00:29,715 - INFO -   Available: 709.69 GB
2025-10-05 18:00:29,715 - INFO -   Cached: 41.68 GB
2025-10-05 18:00:30,716 - INFO - CPU:
2025-10-05 18:00:30,717 - INFO -   Process usage: 42.0%
2025-10-05 18:00:30,717 - INFO -   Threads: 14
2025-10-05 18:00:30,717 - INFO -   Allocated cores: 288 (IDs: [0, 1, 2, 3, 4]...)
2025-10-05 18:00:30,717 - INFO - Process I/O:
2025-10-05 18:00:30,717 - INFO -   Read: 0.03 GB
2025-10-05 18:00:30,717 - INFO -   Write: 0.04 GB
2025-10-05 18:00:30,717 - INFO - ==================================================
2025-10-05 18:00:37,377 - INFO - Overall progress: Parsed 12,771,000, Indexed 0, Queue: 300
2025-10-05 18:00:41,627 - INFO - POST http://localhost:9200/_bulk [status:200 request:42.997s]
2025-10-05 18:00:47,378 - INFO - Overall progress: Parsed 12,781,000, Indexed 0, Queue: 300
2025-10-05 18:00:49,408 - INFO - POST http://localhost:9200/_bulk [status:200 request:73.475s]
2025-10-05 18:00:55,109 - INFO - POST http://localhost:9200/_bulk [status:200 request:72.937s]
2025-10-05 18:00:57,044 - INFO - Worker 0: Parsed 12,800,000 docs, Queue: 299
2025-10-05 18:00:57,379 - INFO - Overall progress: Parsed 12,801,000, Indexed 0, Queue: 300
2025-10-05 18:01:25,419 - INFO - POST http://localhost:9200/_bulk [status:200 request:83.015s]
2025-10-05 18:01:27,380 - INFO - Overall progress: Parsed 12,811,000, Indexed 0, Queue: 300
2025-10-05 18:01:35,150 - INFO - POST http://localhost:9200/_bulk [status:200 request:71.312s]
2025-10-05 18:01:37,381 - INFO - Overall progress: Parsed 12,821,000, Indexed 0, Queue: 300
2025-10-05 18:01:48,539 - INFO - POST http://localhost:9200/_bulk [status:200 request:58.806s]
2025-10-05 18:01:57,382 - INFO - Overall progress: Parsed 12,831,000, Indexed 0, Queue: 300
2025-10-05 18:02:05,441 - INFO - POST http://localhost:9200/_bulk [status:200 request:83.492s]
2025-10-05 18:02:07,383 - INFO - Overall progress: Parsed 12,841,000, Indexed 0, Queue: 300
2025-10-05 18:02:15,468 - INFO - POST http://localhost:9200/_bulk [status:200 request:80.026s]
2025-10-05 18:02:16,716 - INFO - Worker 0: Parsed 12,850,000 docs, Queue: 299
2025-10-05 18:02:17,384 - INFO - Overall progress: Parsed 12,851,000, Indexed 0, Queue: 300
2025-10-05 18:02:17,917 - INFO - POST http://localhost:9200/_bulk [status:200 request:52.180s]
2025-10-05 18:02:22,068 - INFO - POST http://localhost:9200/_bulk [status:200 request:46.580s]
2025-10-05 18:02:27,384 - INFO - Overall progress: Parsed 12,871,000, Indexed 0, Queue: 300
2025-10-05 18:02:49,991 - INFO - POST http://localhost:9200/_bulk [status:200 request:234.098s]
2025-10-05 18:02:50,398 - INFO - Progress: 12,210,000 indexed, 0 failed, Rate: 1728.5 docs/sec, Queue: 300, Elapsed: 7064.0s
2025-10-05 18:02:50,442 - INFO - Progress: 12,220,000 indexed, 0 failed, Rate: 1729.9 docs/sec, Queue: 300, Elapsed: 7064.0s
2025-10-05 18:02:51,869 - INFO - POST http://localhost:9200/_bulk [status:200 request:62.652s]
2025-10-05 18:02:57,386 - INFO - Overall progress: Parsed 12,891,000, Indexed 0, Queue: 300
2025-10-05 18:03:02,190 - INFO - POST http://localhost:9200/_bulk [status:200 request:235.396s]
2025-10-05 18:03:02,893 - INFO - Progress: 12,230,000 indexed, 0 failed, Rate: 1728.3 docs/sec, Queue: 300, Elapsed: 7076.4s
2025-10-05 18:03:02,931 - INFO - Progress: 12,240,000 indexed, 0 failed, Rate: 1729.7 docs/sec, Queue: 300, Elapsed: 7076.5s
2025-10-05 18:03:02,991 - INFO - Progress: 12,250,000 indexed, 0 failed, Rate: 1731.1 docs/sec, Queue: 300, Elapsed: 7076.5s
2025-10-05 18:03:03,058 - INFO - Progress: 12,260,000 indexed, 0 failed, Rate: 1732.5 docs/sec, Queue: 300, Elapsed: 7076.6s
2025-10-05 18:03:03,138 - INFO - Progress: 12,270,000 indexed, 0 failed, Rate: 1733.9 docs/sec, Queue: 300, Elapsed: 7076.7s
2025-10-05 18:03:03,198 - INFO - Progress: 12,280,000 indexed, 0 failed, Rate: 1735.3 docs/sec, Queue: 300, Elapsed: 7076.8s
2025-10-05 18:03:03,251 - INFO - Progress: 12,290,000 indexed, 0 failed, Rate: 1736.7 docs/sec, Queue: 300, Elapsed: 7076.8s
2025-10-05 18:03:04,218 - INFO - Worker 0: Parsed 12,900,000 docs, Queue: 299
2025-10-05 18:03:07,387 - INFO - Overall progress: Parsed 12,901,000, Indexed 0, Queue: 300
2025-10-05 18:03:15,908 - INFO - POST http://localhost:9200/_bulk [status:200 request:70.124s]
2025-10-05 18:03:17,387 - INFO - Overall progress: Parsed 12,911,000, Indexed 0, Queue: 300
2025-10-05 18:03:28,468 - INFO - POST http://localhost:9200/_bulk [status:200 request:70.239s]
2025-10-05 18:03:31,629 - INFO - POST http://localhost:9200/_bulk [status:200 request:75.837s]
2025-10-05 18:03:37,389 - INFO - Overall progress: Parsed 12,931,000, Indexed 0, Queue: 300
2025-10-05 18:03:52,788 - INFO - POST http://localhost:9200/_bulk [status:200 request:90.385s]
2025-10-05 18:03:57,390 - INFO - Overall progress: Parsed 12,941,000, Indexed 0, Queue: 300
2025-10-05 18:04:19,907 - INFO - POST http://localhost:9200/_bulk [status:200 request:87.686s]
2025-10-05 18:04:21,194 - INFO - Worker 0: Parsed 12,950,000 docs, Queue: 299
2025-10-05 18:04:27,392 - INFO - Overall progress: Parsed 12,951,000, Indexed 0, Queue: 300
2025-10-05 18:04:27,661 - INFO - POST http://localhost:9200/_bulk [status:200 request:84.692s]
2025-10-05 18:04:30,296 - INFO - POST http://localhost:9200/_bulk [status:200 request:61.518s]
2025-10-05 18:04:31,218 - INFO - POST http://localhost:9200/_bulk [status:200 request:74.982s]
2025-10-05 18:04:37,392 - INFO - Overall progress: Parsed 12,981,000, Indexed 0, Queue: 300
2025-10-05 18:04:40,213 - INFO - POST http://localhost:9200/_bulk [status:200 request:68.238s]
2025-10-05 18:04:47,393 - INFO - Overall progress: Parsed 12,991,000, Indexed 0, Queue: 300
2025-10-05 18:04:47,614 - INFO - POST http://localhost:9200/_bulk [status:200 request:258.300s]
2025-10-05 18:04:47,918 - INFO - Progress: 12,300,000 indexed, 0 failed, Rate: 1712.7 docs/sec, Queue: 300, Elapsed: 7181.5s
2025-10-05 18:04:48,001 - INFO - === METRICS ES CONSUMER AT 12300000 DOCS ===
2025-10-05 18:04:48,006 - INFO - Process Memory:
2025-10-05 18:04:48,007 - INFO -   RSS: 5.05 GB
2025-10-05 18:04:48,008 - INFO -   VMS: 7.74 GB
2025-10-05 18:04:48,008 - INFO -   % of System: 0.6%
2025-10-05 18:04:48,008 - INFO - System Memory:
2025-10-05 18:04:48,008 - INFO -   Total Used: 17.0%
2025-10-05 18:04:48,008 - INFO -   Available: 709.61 GB
2025-10-05 18:04:48,008 - INFO -   Cached: 41.70 GB
2025-10-05 18:04:49,036 - INFO - CPU:
2025-10-05 18:04:49,036 - INFO -   Process usage: 53.1%
2025-10-05 18:04:49,036 - INFO -   Threads: 14
2025-10-05 18:04:49,037 - INFO -   Allocated cores: 288 (IDs: [0, 1, 2, 3, 4]...)
2025-10-05 18:04:49,037 - INFO - Process I/O:
2025-10-05 18:04:49,037 - INFO -   Read: 0.03 GB
2025-10-05 18:04:49,037 - INFO -   Write: 0.05 GB
2025-10-05 18:04:49,037 - INFO - ==================================================
2025-10-05 18:04:49,457 - INFO - Worker 0: Parsed 13,000,000 docs, Queue: 299
2025-10-05 18:04:50,242 - INFO - Progress: 12,310,000 indexed, 0 failed, Rate: 1713.6 docs/sec, Queue: 300, Elapsed: 7183.8s
2025-10-05 18:04:50,310 - INFO - Progress: 12,320,000 indexed, 0 failed, Rate: 1715.0 docs/sec, Queue: 300, Elapsed: 7183.9s
2025-10-05 18:04:50,373 - INFO - Progress: 12,330,000 indexed, 0 failed, Rate: 1716.3 docs/sec, Queue: 300, Elapsed: 7183.9s
2025-10-05 18:04:50,421 - INFO - Progress: 12,340,000 indexed, 0 failed, Rate: 1717.7 docs/sec, Queue: 300, Elapsed: 7184.0s
2025-10-05 18:04:50,463 - INFO - Progress: 12,350,000 indexed, 0 failed, Rate: 1719.1 docs/sec, Queue: 300, Elapsed: 7184.0s
2025-10-05 18:04:50,501 - INFO - Progress: 12,360,000 indexed, 0 failed, Rate: 1720.5 docs/sec, Queue: 300, Elapsed: 7184.1s
2025-10-05 18:04:50,565 - INFO - Progress: 12,370,000 indexed, 0 failed, Rate: 1721.9 docs/sec, Queue: 300, Elapsed: 7184.1s
2025-10-05 18:04:50,620 - INFO - Progress: 12,380,000 indexed, 0 failed, Rate: 1723.2 docs/sec, Queue: 300, Elapsed: 7184.2s
2025-10-05 18:04:50,670 - INFO - Progress: 12,390,000 indexed, 0 failed, Rate: 1724.6 docs/sec, Queue: 300, Elapsed: 7184.2s
2025-10-05 18:04:50,724 - INFO - Progress: 12,400,000 indexed, 0 failed, Rate: 1726.0 docs/sec, Queue: 300, Elapsed: 7184.3s
2025-10-05 18:04:50,726 - INFO - === METRICS ES CONSUMER AT 12400000 DOCS ===
2025-10-05 18:04:50,726 - INFO - Process Memory:
2025-10-05 18:04:50,726 - INFO -   RSS: 5.05 GB
2025-10-05 18:04:50,726 - INFO -   VMS: 7.74 GB
2025-10-05 18:04:50,726 - INFO -   % of System: 0.6%
2025-10-05 18:04:50,726 - INFO - System Memory:
2025-10-05 18:04:50,726 - INFO -   Total Used: 17.0%
2025-10-05 18:04:50,726 - INFO -   Available: 709.53 GB
2025-10-05 18:04:50,727 - INFO -   Cached: 41.55 GB
2025-10-05 18:04:51,728 - INFO - CPU:
2025-10-05 18:04:51,728 - INFO -   Process usage: 0.0%
2025-10-05 18:04:51,728 - INFO -   Threads: 14
2025-10-05 18:04:51,729 - INFO -   Allocated cores: 288 (IDs: [0, 1, 2, 3, 4]...)
2025-10-05 18:04:51,729 - INFO - Process I/O:
2025-10-05 18:04:51,729 - INFO -   Read: 0.03 GB
2025-10-05 18:04:51,729 - INFO -   Write: 0.05 GB
2025-10-05 18:04:51,729 - INFO - ==================================================
2025-10-05 18:04:57,394 - INFO - Overall progress: Parsed 13,001,000, Indexed 0, Queue: 300
2025-10-05 18:05:30,539 - INFO - POST http://localhost:9200/_bulk [status:200 request:59.438s]
2025-10-05 18:05:30,909 - INFO - POST http://localhost:9200/_bulk [status:200 request:70.665s]
2025-10-05 18:05:37,396 - INFO - Overall progress: Parsed 13,021,000, Indexed 0, Queue: 300
2025-10-05 18:05:41,463 - INFO - POST http://localhost:9200/_bulk [status:200 request:69.823s]
2025-10-05 18:05:47,397 - INFO - Overall progress: Parsed 13,031,000, Indexed 0, Queue: 300
2025-10-05 18:05:53,219 - INFO - POST http://localhost:9200/_bulk [status:200 request:72.704s]
2025-10-05 18:05:56,117 - INFO - POST http://localhost:9200/_bulk [status:200 request:68.128s]
2025-10-05 18:05:57,398 - INFO - Overall progress: Parsed 13,046,000, Indexed 0, Queue: 295
2025-10-05 18:05:57,890 - INFO - Worker 0: Parsed 13,050,000 docs, Queue: 299
2025-10-05 18:06:07,398 - INFO - Overall progress: Parsed 13,051,000, Indexed 0, Queue: 300
2025-10-05 18:06:28,268 - INFO - POST http://localhost:9200/_bulk [status:200 request:56.931s]
2025-10-05 18:06:37,400 - INFO - Overall progress: Parsed 13,061,000, Indexed 0, Queue: 300
2025-10-05 18:06:39,538 - INFO - POST http://localhost:9200/_bulk [status:200 request:45.986s]
2025-10-05 18:06:45,044 - INFO - POST http://localhost:9200/_bulk [status:200 request:74.164s]
2025-10-05 18:06:47,401 - INFO - Overall progress: Parsed 13,081,000, Indexed 0, Queue: 300
2025-10-05 18:06:50,656 - INFO - POST http://localhost:9200/_bulk [status:200 request:142.676s]
2025-10-05 18:06:52,067 - INFO - POST http://localhost:9200/_bulk [status:200 request:70.283s]
2025-10-05 18:06:54,598 - INFO - Worker 0: Parsed 13,100,000 docs, Queue: 299
2025-10-05 18:06:57,401 - INFO - Overall progress: Parsed 13,101,000, Indexed 0, Queue: 300
2025-10-05 18:06:59,178 - INFO - POST http://localhost:9200/_bulk [status:200 request:248.692s]
2025-10-05 18:06:59,591 - INFO - Progress: 12,410,000 indexed, 0 failed, Rate: 1696.9 docs/sec, Queue: 300, Elapsed: 7313.1s
2025-10-05 18:06:59,638 - INFO - Progress: 12,420,000 indexed, 0 failed, Rate: 1698.3 docs/sec, Queue: 300, Elapsed: 7313.2s
2025-10-05 18:06:59,749 - INFO - Progress: 12,430,000 indexed, 0 failed, Rate: 1699.6 docs/sec, Queue: 300, Elapsed: 7313.3s
2025-10-05 18:06:59,808 - INFO - Progress: 12,440,000 indexed, 0 failed, Rate: 1701.0 docs/sec, Queue: 300, Elapsed: 7313.4s
2025-10-05 18:06:59,885 - INFO - Progress: 12,450,000 indexed, 0 failed, Rate: 1702.3 docs/sec, Queue: 300, Elapsed: 7313.4s
2025-10-05 18:06:59,941 - INFO - Progress: 12,460,000 indexed, 0 failed, Rate: 1703.7 docs/sec, Queue: 300, Elapsed: 7313.5s
2025-10-05 18:07:07,402 - INFO - Overall progress: Parsed 13,111,000, Indexed 0, Queue: 300
2025-10-05 18:07:15,151 - INFO - POST http://localhost:9200/_bulk [status:200 request:78.709s]
2025-10-05 18:07:17,403 - INFO - Overall progress: Parsed 13,121,000, Indexed 0, Queue: 300
2025-10-05 18:07:23,454 - INFO - POST http://localhost:9200/_bulk [status:200 request:210.336s]
2025-10-05 18:07:23,736 - INFO - Progress: 12,470,000 indexed, 0 failed, Rate: 1699.5 docs/sec, Queue: 300, Elapsed: 7337.3s
2025-10-05 18:07:23,799 - INFO - Progress: 12,480,000 indexed, 0 failed, Rate: 1700.9 docs/sec, Queue: 300, Elapsed: 7337.4s
2025-10-05 18:07:23,906 - INFO - Progress: 12,490,000 indexed, 0 failed, Rate: 1702.2 docs/sec, Queue: 300, Elapsed: 7337.5s
2025-10-05 18:07:23,938 - INFO - Progress: 12,500,000 indexed, 0 failed, Rate: 1703.6 docs/sec, Queue: 300, Elapsed: 7337.5s
2025-10-05 18:07:23,985 - INFO - === METRICS ES CONSUMER AT 12500000 DOCS ===
2025-10-05 18:07:23,985 - INFO - Process Memory:
2025-10-05 18:07:23,997 - INFO -   RSS: 5.06 GB
2025-10-05 18:07:24,002 - INFO -   VMS: 7.75 GB
2025-10-05 18:07:24,023 - INFO -   % of System: 0.6%
2025-10-05 18:07:24,028 - INFO - System Memory:
2025-10-05 18:07:24,033 - INFO -   Total Used: 17.0%
2025-10-05 18:07:24,039 - INFO -   Available: 709.29 GB
2025-10-05 18:07:24,044 - INFO -   Cached: 42.26 GB
2025-10-05 18:07:25,059 - INFO - CPU:
2025-10-05 18:07:25,059 - INFO -   Process usage: 48.6%
2025-10-05 18:07:25,059 - INFO -   Threads: 14
2025-10-05 18:07:25,059 - INFO -   Allocated cores: 288 (IDs: [0, 1, 2, 3, 4]...)
2025-10-05 18:07:25,059 - INFO - Process I/O:
2025-10-05 18:07:25,059 - INFO -   Read: 0.03 GB
2025-10-05 18:07:25,060 - INFO -   Write: 0.05 GB
2025-10-05 18:07:25,060 - INFO - ==================================================
2025-10-05 18:07:26,095 - INFO - Progress: 12,510,000 indexed, 0 failed, Rate: 1704.4 docs/sec, Queue: 300, Elapsed: 7339.6s
2025-10-05 18:07:26,151 - INFO - Progress: 12,520,000 indexed, 0 failed, Rate: 1705.8 docs/sec, Queue: 300, Elapsed: 7339.7s
2025-10-05 18:07:26,209 - INFO - Progress: 12,530,000 indexed, 0 failed, Rate: 1707.1 docs/sec, Queue: 300, Elapsed: 7339.8s
2025-10-05 18:07:26,254 - INFO - Progress: 12,540,000 indexed, 0 failed, Rate: 1708.5 docs/sec, Queue: 300, Elapsed: 7339.8s
2025-10-05 18:07:26,301 - INFO - Progress: 12,550,000 indexed, 0 failed, Rate: 1709.8 docs/sec, Queue: 300, Elapsed: 7339.9s
2025-10-05 18:07:26,351 - INFO - Progress: 12,560,000 indexed, 0 failed, Rate: 1711.2 docs/sec, Queue: 300, Elapsed: 7339.9s
2025-10-05 18:07:26,379 - INFO - Progress: 12,570,000 indexed, 0 failed, Rate: 1712.5 docs/sec, Queue: 300, Elapsed: 7339.9s
2025-10-05 18:07:26,421 - INFO - Progress: 12,580,000 indexed, 0 failed, Rate: 1713.9 docs/sec, Queue: 300, Elapsed: 7340.0s
2025-10-05 18:07:27,404 - INFO - Overall progress: Parsed 13,131,000, Indexed 0, Queue: 300
2025-10-05 18:08:03,517 - INFO - POST http://localhost:9200/_bulk [status:200 request:72.548s]
2025-10-05 18:08:07,406 - INFO - Overall progress: Parsed 13,141,000, Indexed 0, Queue: 300
2025-10-05 18:08:12,376 - INFO - POST http://localhost:9200/_bulk [status:200 request:79.993s]
2025-10-05 18:08:14,140 - INFO - Worker 0: Parsed 13,150,000 docs, Queue: 299
2025-10-05 18:08:16,247 - INFO - POST http://localhost:9200/_bulk [status:200 request:76.580s]
2025-10-05 18:08:16,730 - INFO - POST http://localhost:9200/_bulk [status:200 request:96.462s]
2025-10-05 18:08:18,058 - INFO - Overall progress: Parsed 13,153,000, Indexed 0, Queue: 300
2025-10-05 18:08:25,764 - INFO - POST http://localhost:9200/_bulk [status:200 request:70.298s]
2025-10-05 18:08:28,064 - INFO - Overall progress: Parsed 13,181,000, Indexed 0, Queue: 300
2025-10-05 18:09:11,095 - INFO - POST http://localhost:9200/_bulk [status:200 request:53.926s]
2025-10-05 18:09:11,930 - INFO - POST http://localhost:9200/_bulk [status:200 request:68.096s]
2025-10-05 18:09:14,032 - INFO - POST http://localhost:9200/_bulk [status:200 request:148.642s]
2025-10-05 18:09:14,747 - INFO - Worker 0: Parsed 13,200,000 docs, Queue: 293
2025-10-05 18:09:15,799 - INFO - POST http://localhost:9200/_bulk [status:200 request:49.725s]
2025-10-05 18:09:18,066 - INFO - Overall progress: Parsed 13,216,000, Indexed 0, Queue: 295
2025-10-05 18:09:27,293 - INFO - POST http://localhost:9200/_bulk [status:200 request:70.589s]
2025-10-05 18:09:28,077 - INFO - Overall progress: Parsed 13,223,000, Indexed 0, Queue: 298
2025-10-05 18:09:36,055 - INFO - POST http://localhost:9200/_bulk [status:200 request:83.352s]
2025-10-05 18:09:38,083 - INFO - Overall progress: Parsed 13,240,000, Indexed 0, Queue: 299
2025-10-05 18:09:41,495 - INFO - POST http://localhost:9200/_bulk [status:200 request:192.904s]
2025-10-05 18:09:41,776 - INFO - Progress: 12,590,000 indexed, 0 failed, Rate: 1684.2 docs/sec, Queue: 300, Elapsed: 7475.3s
2025-10-05 18:09:41,809 - INFO - Progress: 12,600,000 indexed, 0 failed, Rate: 1685.5 docs/sec, Queue: 300, Elapsed: 7475.4s
2025-10-05 18:09:41,854 - INFO - === METRICS ES CONSUMER AT 12600000 DOCS ===
2025-10-05 18:09:41,854 - INFO - Process Memory:
2025-10-05 18:09:41,855 - INFO -   RSS: 5.03 GB
2025-10-05 18:09:41,863 - INFO -   VMS: 7.73 GB
2025-10-05 18:09:41,883 - INFO -   % of System: 0.6%
2025-10-05 18:09:41,888 - INFO - System Memory:
2025-10-05 18:09:41,894 - INFO -   Total Used: 17.0%
2025-10-05 18:09:41,899 - INFO -   Available: 709.04 GB
2025-10-05 18:09:41,904 - INFO -   Cached: 43.15 GB
2025-10-05 18:09:42,911 - INFO - CPU:
2025-10-05 18:09:42,911 - INFO -   Process usage: 45.9%
2025-10-05 18:09:42,911 - INFO -   Threads: 14
2025-10-05 18:09:42,911 - INFO -   Allocated cores: 288 (IDs: [0, 1, 2, 3, 4]...)
2025-10-05 18:09:42,911 - INFO - Process I/O:
2025-10-05 18:09:42,912 - INFO -   Read: 0.03 GB
2025-10-05 18:09:42,912 - INFO -   Write: 0.05 GB
2025-10-05 18:09:42,912 - INFO - ==================================================
2025-10-05 18:09:43,294 - INFO - Worker 0: Parsed 13,250,000 docs, Queue: 299
2025-10-05 18:09:44,060 - INFO - Progress: 12,610,000 indexed, 0 failed, Rate: 1686.4 docs/sec, Queue: 300, Elapsed: 7477.6s
2025-10-05 18:09:44,098 - INFO - Progress: 12,620,000 indexed, 0 failed, Rate: 1687.7 docs/sec, Queue: 300, Elapsed: 7477.7s
2025-10-05 18:09:44,151 - INFO - Progress: 12,630,000 indexed, 0 failed, Rate: 1689.0 docs/sec, Queue: 300, Elapsed: 7477.7s
2025-10-05 18:09:44,200 - INFO - Progress: 12,640,000 indexed, 0 failed, Rate: 1690.3 docs/sec, Queue: 300, Elapsed: 7477.8s
2025-10-05 18:09:44,247 - INFO - Progress: 12,650,000 indexed, 0 failed, Rate: 1691.7 docs/sec, Queue: 300, Elapsed: 7477.8s
2025-10-05 18:09:48,084 - INFO - Overall progress: Parsed 13,251,000, Indexed 0, Queue: 300
2025-10-05 18:10:32,179 - INFO - POST http://localhost:9200/_bulk [status:200 request:80.765s]
2025-10-05 18:10:32,763 - INFO - POST http://localhost:9200/_bulk [status:200 request:188.949s]
2025-10-05 18:10:33,135 - INFO - Progress: 12,660,000 indexed, 0 failed, Rate: 1682.0 docs/sec, Queue: 300, Elapsed: 7526.7s
2025-10-05 18:10:33,194 - INFO - Progress: 12,670,000 indexed, 0 failed, Rate: 1683.3 docs/sec, Queue: 300, Elapsed: 7526.7s
2025-10-05 18:10:33,252 - INFO - Progress: 12,680,000 indexed, 0 failed, Rate: 1684.6 docs/sec, Queue: 300, Elapsed: 7526.8s
2025-10-05 18:10:33,307 - INFO - Progress: 12,690,000 indexed, 0 failed, Rate: 1686.0 docs/sec, Queue: 300, Elapsed: 7526.9s
2025-10-05 18:10:33,344 - INFO - Progress: 12,700,000 indexed, 0 failed, Rate: 1687.3 docs/sec, Queue: 300, Elapsed: 7526.9s
2025-10-05 18:10:33,392 - INFO - === METRICS ES CONSUMER AT 12700000 DOCS ===
2025-10-05 18:10:33,398 - INFO - Process Memory:
2025-10-05 18:10:33,403 - INFO -   RSS: 5.06 GB
2025-10-05 18:10:33,408 - INFO -   VMS: 7.76 GB
2025-10-05 18:10:33,410 - INFO -   % of System: 0.6%
2025-10-05 18:10:33,411 - INFO - System Memory:
2025-10-05 18:10:33,411 - INFO -   Total Used: 17.1%
2025-10-05 18:10:33,422 - INFO -   Available: 708.64 GB
2025-10-05 18:10:33,428 - INFO -   Cached: 43.66 GB
2025-10-05 18:10:33,976 - INFO - POST http://localhost:9200/_bulk [status:200 request:79.632s]
2025-10-05 18:10:34,475 - INFO - CPU:
2025-10-05 18:10:34,475 - INFO -   Process usage: 80.3%
2025-10-05 18:10:34,476 - INFO -   Threads: 14
2025-10-05 18:10:34,490 - INFO -   Allocated cores: 288 (IDs: [0, 1, 2, 3, 4]...)
2025-10-05 18:10:34,511 - INFO - Process I/O:
2025-10-05 18:10:34,516 - INFO -   Read: 0.03 GB
2025-10-05 18:10:34,522 - INFO -   Write: 0.05 GB
2025-10-05 18:10:34,527 - INFO - ==================================================
2025-10-05 18:10:35,388 - INFO - Progress: 12,710,000 indexed, 0 failed, Rate: 1688.2 docs/sec, Queue: 300, Elapsed: 7528.9s
2025-10-05 18:10:35,512 - INFO - POST http://localhost:9200/_bulk [status:200 request:82.854s]
2025-10-05 18:10:35,516 - INFO - Progress: 12,720,000 indexed, 0 failed, Rate: 1689.5 docs/sec, Queue: 300, Elapsed: 7529.1s
2025-10-05 18:10:35,909 - INFO - Progress: 12,730,000 indexed, 0 failed, Rate: 1690.7 docs/sec, Queue: 300, Elapsed: 7529.5s
2025-10-05 18:10:35,967 - INFO - Progress: 12,740,000 indexed, 0 failed, Rate: 1692.0 docs/sec, Queue: 300, Elapsed: 7529.5s
2025-10-05 18:10:38,087 - INFO - Overall progress: Parsed 13,276,000, Indexed 0, Queue: 285
2025-10-05 18:10:43,012 - INFO - POST http://localhost:9200/_bulk [status:200 request:66.653s]
2025-10-05 18:10:44,651 - INFO - POST http://localhost:9200/_bulk [status:200 request:62.796s]
2025-10-05 18:10:45,402 - INFO - Worker 0: Parsed 13,300,000 docs, Queue: 299
2025-10-05 18:10:48,088 - INFO - Overall progress: Parsed 13,311,000, Indexed 0, Queue: 300
2025-10-05 18:11:26,517 - INFO - POST http://localhost:9200/_bulk [status:200 request:130.382s]
2025-10-05 18:11:26,809 - INFO - Progress: 12,750,000 indexed, 0 failed, Rate: 1682.0 docs/sec, Queue: 300, Elapsed: 7580.4s
2025-10-05 18:11:28,090 - INFO - Overall progress: Parsed 13,318,000, Indexed 0, Queue: 297
2025-10-05 18:11:30,588 - INFO - POST http://localhost:9200/_bulk [status:200 request:57.382s]
2025-10-05 18:11:38,091 - INFO - Overall progress: Parsed 13,331,000, Indexed 0, Queue: 300
2025-10-05 18:11:49,138 - INFO - POST http://localhost:9200/_bulk [status:200 request:73.158s]
2025-10-05 18:11:56,280 - INFO - POST http://localhost:9200/_bulk [status:200 request:81.936s]
2025-10-05 18:11:58,102 - INFO - Overall progress: Parsed 13,348,000, Indexed 0, Queue: 300
2025-10-05 18:11:58,456 - INFO - Worker 0: Parsed 13,350,000 docs, Queue: 299
2025-10-05 18:12:01,706 - INFO - POST http://localhost:9200/_bulk [status:200 request:89.193s]
2025-10-05 18:12:01,874 - INFO - POST http://localhost:9200/_bulk [status:200 request:76.817s]
2025-10-05 18:12:08,108 - INFO - Overall progress: Parsed 13,371,000, Indexed 0, Queue: 300
2025-10-05 18:12:17,908 - INFO - POST http://localhost:9200/_bulk [status:200 request:46.713s]
2025-10-05 18:12:28,164 - INFO - Overall progress: Parsed 13,381,000, Indexed 0, Queue: 300
2025-10-05 18:12:29,303 - INFO - POST http://localhost:9200/_bulk [status:200 request:62.407s]
2025-10-05 18:12:38,165 - INFO - Overall progress: Parsed 13,391,000, Indexed 0, Queue: 300
2025-10-05 18:12:47,245 - INFO - POST http://localhost:9200/_bulk [status:200 request:199.509s]
2025-10-05 18:12:47,575 - INFO - Progress: 12,760,000 indexed, 0 failed, Rate: 1665.6 docs/sec, Queue: 300, Elapsed: 7661.1s
2025-10-05 18:12:47,673 - INFO - Progress: 12,770,000 indexed, 0 failed, Rate: 1666.8 docs/sec, Queue: 300, Elapsed: 7661.2s
2025-10-05 18:12:47,743 - INFO - Progress: 12,780,000 indexed, 0 failed, Rate: 1668.1 docs/sec, Queue: 300, Elapsed: 7661.3s
2025-10-05 18:12:47,798 - INFO - Progress: 12,790,000 indexed, 0 failed, Rate: 1669.4 docs/sec, Queue: 300, Elapsed: 7661.4s
2025-10-05 18:12:47,858 - INFO - Progress: 12,800,000 indexed, 0 failed, Rate: 1670.7 docs/sec, Queue: 300, Elapsed: 7661.4s
2025-10-05 18:12:47,886 - INFO - === METRICS ES CONSUMER AT 12800000 DOCS ===
2025-10-05 18:12:47,891 - INFO - Process Memory:
2025-10-05 18:12:47,896 - INFO -   RSS: 5.05 GB
2025-10-05 18:12:47,902 - INFO -   VMS: 7.74 GB
2025-10-05 18:12:47,923 - INFO -   % of System: 0.6%
2025-10-05 18:12:47,928 - INFO - System Memory:
2025-10-05 18:12:47,934 - INFO -   Total Used: 17.1%
2025-10-05 18:12:47,936 - INFO -   Available: 708.66 GB
2025-10-05 18:12:47,936 - INFO -   Cached: 42.33 GB
2025-10-05 18:12:48,175 - INFO - Overall progress: Parsed 13,392,000, Indexed 0, Queue: 299
2025-10-05 18:12:48,938 - INFO - CPU:
2025-10-05 18:12:48,938 - INFO -   Process usage: 45.9%
2025-10-05 18:12:48,938 - INFO -   Threads: 14
2025-10-05 18:12:48,939 - INFO -   Allocated cores: 288 (IDs: [0, 1, 2, 3, 4]...)
2025-10-05 18:12:48,939 - INFO - Process I/O:
2025-10-05 18:12:48,939 - INFO -   Read: 0.03 GB
2025-10-05 18:12:48,939 - INFO -   Write: 0.05 GB
2025-10-05 18:12:48,939 - INFO - ==================================================
2025-10-05 18:12:49,311 - INFO - Worker 0: Parsed 13,400,000 docs, Queue: 299
2025-10-05 18:12:49,944 - INFO - Progress: 12,810,000 indexed, 0 failed, Rate: 1671.6 docs/sec, Queue: 300, Elapsed: 7663.5s
2025-10-05 18:12:49,985 - INFO - Progress: 12,820,000 indexed, 0 failed, Rate: 1672.9 docs/sec, Queue: 300, Elapsed: 7663.5s
2025-10-05 18:12:58,181 - INFO - Overall progress: Parsed 13,401,000, Indexed 0, Queue: 300
2025-10-05 18:13:04,697 - INFO - POST http://localhost:9200/_bulk [status:200 request:75.241s]
2025-10-05 18:13:06,103 - INFO - POST http://localhost:9200/_bulk [status:200 request:63.849s]
2025-10-05 18:13:08,182 - INFO - Overall progress: Parsed 13,418,000, Indexed 0, Queue: 297
2025-10-05 18:13:18,183 - INFO - Overall progress: Parsed 13,421,000, Indexed 0, Queue: 300
2025-10-05 18:13:20,713 - INFO - POST http://localhost:9200/_bulk [status:200 request:51.096s]
2025-10-05 18:13:28,184 - INFO - Overall progress: Parsed 13,431,000, Indexed 0, Queue: 300
2025-10-05 18:13:41,201 - INFO - POST http://localhost:9200/_bulk [status:200 request:104.594s]
2025-10-05 18:13:48,185 - INFO - Overall progress: Parsed 13,441,000, Indexed 0, Queue: 300
2025-10-05 18:13:48,325 - INFO - POST http://localhost:9200/_bulk [status:200 request:60.587s]
2025-10-05 18:13:50,239 - INFO - Worker 0: Parsed 13,450,000 docs, Queue: 299
2025-10-05 18:13:57,544 - INFO - POST http://localhost:9200/_bulk [status:200 request:52.535s]
2025-10-05 18:13:58,196 - INFO - Overall progress: Parsed 13,452,000, Indexed 0, Queue: 298
2025-10-05 18:14:02,889 - INFO - POST http://localhost:9200/_bulk [status:200 request:104.642s]
2025-10-05 18:14:07,378 - INFO - POST http://localhost:9200/_bulk [status:200 request:204.052s]
2025-10-05 18:14:07,659 - INFO - Progress: 12,830,000 indexed, 0 failed, Rate: 1657.4 docs/sec, Queue: 300, Elapsed: 7741.2s
2025-10-05 18:14:07,710 - INFO - Progress: 12,840,000 indexed, 0 failed, Rate: 1658.6 docs/sec, Queue: 300, Elapsed: 7741.3s
2025-10-05 18:14:07,795 - INFO - Progress: 12,850,000 indexed, 0 failed, Rate: 1659.9 docs/sec, Queue: 300, Elapsed: 7741.3s
2025-10-05 18:14:07,847 - INFO - Progress: 12,860,000 indexed, 0 failed, Rate: 1661.2 docs/sec, Queue: 300, Elapsed: 7741.4s
2025-10-05 18:14:07,912 - INFO - Progress: 12,870,000 indexed, 0 failed, Rate: 1662.5 docs/sec, Queue: 300, Elapsed: 7741.5s
2025-10-05 18:14:07,970 - INFO - Progress: 12,880,000 indexed, 0 failed, Rate: 1663.8 docs/sec, Queue: 300, Elapsed: 7741.5s
2025-10-05 18:14:08,017 - INFO - Progress: 12,890,000 indexed, 0 failed, Rate: 1665.0 docs/sec, Queue: 300, Elapsed: 7741.6s
2025-10-05 18:14:08,198 - INFO - Overall progress: Parsed 13,472,000, Indexed 0, Queue: 300
2025-10-05 18:14:13,427 - INFO - POST http://localhost:9200/_bulk [status:200 request:52.389s]
2025-10-05 18:14:18,199 - INFO - Overall progress: Parsed 13,491,000, Indexed 0, Queue: 300
2025-10-05 18:14:40,833 - INFO - POST http://localhost:9200/_bulk [status:200 request:59.302s]
2025-10-05 18:14:43,004 - INFO - Worker 0: Parsed 13,500,000 docs, Queue: 299
2025-10-05 18:14:48,200 - INFO - Overall progress: Parsed 13,501,000, Indexed 0, Queue: 300
2025-10-05 18:15:02,613 - INFO - POST http://localhost:9200/_bulk [status:200 request:54.875s]
2025-10-05 18:15:04,944 - INFO - POST http://localhost:9200/_bulk [status:200 request:76.155s]
2025-10-05 18:15:08,202 - INFO - Overall progress: Parsed 13,521,000, Indexed 0, Queue: 300
2025-10-05 18:15:18,656 - INFO - POST http://localhost:9200/_bulk [status:200 request:132.214s]
2025-10-05 18:15:19,209 - INFO - POST http://localhost:9200/_bulk [status:200 request:65.439s]
2025-10-05 18:15:22,218 - INFO - POST http://localhost:9200/_bulk [status:200 request:199.855s]
2025-10-05 18:15:22,458 - INFO - Progress: 12,900,000 indexed, 0 failed, Rate: 1650.5 docs/sec, Queue: 295, Elapsed: 7816.0s
2025-10-05 18:15:22,603 - INFO - === METRICS ES CONSUMER AT 12900000 DOCS ===
2025-10-05 18:15:22,608 - INFO - Process Memory:
2025-10-05 18:15:22,608 - INFO -   RSS: 5.09 GB
2025-10-05 18:15:22,608 - INFO -   VMS: 7.76 GB
2025-10-05 18:15:22,608 - INFO -   % of System: 0.6%
2025-10-05 18:15:22,608 - INFO - System Memory:
2025-10-05 18:15:22,608 - INFO -   Total Used: 17.1%
2025-10-05 18:15:22,608 - INFO -   Available: 708.42 GB
2025-10-05 18:15:22,608 - INFO -   Cached: 43.00 GB
2025-10-05 18:15:23,610 - INFO - CPU:
2025-10-05 18:15:23,611 - INFO -   Process usage: 59.9%
2025-10-05 18:15:23,611 - INFO -   Threads: 14
2025-10-05 18:15:23,611 - INFO -   Allocated cores: 288 (IDs: [0, 1, 2, 3, 4]...)
2025-10-05 18:15:23,611 - INFO - Process I/O:
2025-10-05 18:15:23,611 - INFO -   Read: 0.03 GB
2025-10-05 18:15:23,611 - INFO -   Write: 0.05 GB
2025-10-05 18:15:23,611 - INFO - ==================================================
2025-10-05 18:15:24,727 - INFO - Progress: 12,910,000 indexed, 0 failed, Rate: 1651.3 docs/sec, Queue: 297, Elapsed: 7818.3s
2025-10-05 18:15:24,772 - INFO - Progress: 12,920,000 indexed, 0 failed, Rate: 1652.5 docs/sec, Queue: 297, Elapsed: 7818.3s
2025-10-05 18:15:24,833 - INFO - Progress: 12,930,000 indexed, 0 failed, Rate: 1653.8 docs/sec, Queue: 298, Elapsed: 7818.4s
2025-10-05 18:15:24,883 - INFO - Worker 0: Parsed 13,550,000 docs, Queue: 299
2025-10-05 18:15:24,886 - INFO - Progress: 12,940,000 indexed, 0 failed, Rate: 1655.1 docs/sec, Queue: 299, Elapsed: 7818.4s
2025-10-05 18:15:24,937 - INFO - Progress: 12,950,000 indexed, 0 failed, Rate: 1656.3 docs/sec, Queue: 299, Elapsed: 7818.5s
2025-10-05 18:15:24,982 - INFO - Progress: 12,960,000 indexed, 0 failed, Rate: 1657.6 docs/sec, Queue: 299, Elapsed: 7818.5s
2025-10-05 18:15:25,043 - INFO - Progress: 12,970,000 indexed, 0 failed, Rate: 1658.9 docs/sec, Queue: 299, Elapsed: 7818.6s
2025-10-05 18:15:25,086 - INFO - Progress: 12,980,000 indexed, 0 failed, Rate: 1660.1 docs/sec, Queue: 299, Elapsed: 7818.6s
2025-10-05 18:15:28,203 - INFO - Overall progress: Parsed 13,551,000, Indexed 0, Queue: 300
2025-10-05 18:15:32,481 - INFO - POST http://localhost:9200/_bulk [status:200 request:89.266s]
2025-10-05 18:15:38,204 - INFO - Overall progress: Parsed 13,561,000, Indexed 0, Queue: 300
2025-10-05 18:16:00,523 - INFO - POST http://localhost:9200/_bulk [status:200 request:79.038s]
2025-10-05 18:16:08,205 - INFO - Overall progress: Parsed 13,571,000, Indexed 0, Queue: 300
2025-10-05 18:16:27,086 - INFO - POST http://localhost:9200/_bulk [status:200 request:81.688s]
2025-10-05 18:16:28,217 - INFO - Overall progress: Parsed 13,574,000, Indexed 0, Queue: 297
2025-10-05 18:16:38,223 - INFO - Overall progress: Parsed 13,581,000, Indexed 0, Queue: 300
2025-10-05 18:16:38,646 - INFO - POST http://localhost:9200/_bulk [status:200 request:79.105s]
2025-10-05 18:16:39,903 - INFO - POST http://localhost:9200/_bulk [status:200 request:77.167s]
2025-10-05 18:16:43,648 - INFO - Worker 0: Parsed 13,600,000 docs, Queue: 299
2025-10-05 18:16:48,223 - INFO - Overall progress: Parsed 13,601,000, Indexed 0, Queue: 300
2025-10-05 18:16:52,402 - INFO - POST http://localhost:9200/_bulk [status:200 request:92.544s]
2025-10-05 18:16:53,737 - INFO - POST http://localhost:9200/_bulk [status:200 request:175.863s]
2025-10-05 18:16:54,448 - INFO - Progress: 12,990,000 indexed, 0 failed, Rate: 1642.6 docs/sec, Queue: 299, Elapsed: 7908.0s
2025-10-05 18:16:54,494 - INFO - Progress: 13,000,000 indexed, 0 failed, Rate: 1643.9 docs/sec, Queue: 299, Elapsed: 7908.0s
2025-10-05 18:16:54,543 - INFO - === METRICS ES CONSUMER AT 13000000 DOCS ===
2025-10-05 18:16:54,548 - INFO - Process Memory:
2025-10-05 18:16:54,548 - INFO -   RSS: 5.18 GB
2025-10-05 18:16:54,548 - INFO -   VMS: 7.87 GB
2025-10-05 18:16:54,549 - INFO -   % of System: 0.6%
2025-10-05 18:16:54,549 - INFO - System Memory:
2025-10-05 18:16:54,549 - INFO -   Total Used: 17.1%
2025-10-05 18:16:54,549 - INFO -   Available: 708.29 GB
2025-10-05 18:16:54,549 - INFO -   Cached: 43.26 GB
2025-10-05 18:16:55,572 - INFO - CPU:
2025-10-05 18:16:55,572 - INFO -   Process usage: 50.9%
2025-10-05 18:16:55,572 - INFO -   Threads: 14
2025-10-05 18:16:55,573 - INFO -   Allocated cores: 288 (IDs: [0, 1, 2, 3, 4]...)
2025-10-05 18:16:55,573 - INFO - Process I/O:
2025-10-05 18:16:55,573 - INFO -   Read: 0.03 GB
2025-10-05 18:16:55,573 - INFO -   Write: 0.05 GB
2025-10-05 18:16:55,573 - INFO - ==================================================
2025-10-05 18:16:56,660 - INFO - Progress: 13,010,000 indexed, 0 failed, Rate: 1644.7 docs/sec, Queue: 300, Elapsed: 7910.2s
2025-10-05 18:16:56,714 - INFO - Progress: 13,020,000 indexed, 0 failed, Rate: 1646.0 docs/sec, Queue: 300, Elapsed: 7910.3s
2025-10-05 18:16:56,777 - INFO - Progress: 13,030,000 indexed, 0 failed, Rate: 1647.2 docs/sec, Queue: 300, Elapsed: 7910.3s
2025-10-05 18:16:58,224 - INFO - Overall progress: Parsed 13,621,000, Indexed 0, Queue: 300
2025-10-05 18:17:01,689 - INFO - POST http://localhost:9200/_bulk [status:200 request:88.883s]
2025-10-05 18:17:08,225 - INFO - Overall progress: Parsed 13,631,000, Indexed 0, Queue: 300
2025-10-05 18:17:18,238 - INFO - POST http://localhost:9200/_bulk [status:200 request:77.383s]
2025-10-05 18:17:28,238 - INFO - Overall progress: Parsed 13,641,000, Indexed 0, Queue: 300
2025-10-05 18:17:28,887 - INFO - POST http://localhost:9200/_bulk [status:200 request:145.941s]
2025-10-05 18:17:29,196 - INFO - Progress: 13,040,000 indexed, 0 failed, Rate: 1641.7 docs/sec, Queue: 300, Elapsed: 7942.8s
2025-10-05 18:17:29,263 - INFO - Progress: 13,050,000 indexed, 0 failed, Rate: 1643.0 docs/sec, Queue: 300, Elapsed: 7942.8s
2025-10-05 18:17:29,324 - INFO - Progress: 13,060,000 indexed, 0 failed, Rate: 1644.2 docs/sec, Queue: 300, Elapsed: 7942.9s
2025-10-05 18:17:29,388 - INFO - Progress: 13,070,000 indexed, 0 failed, Rate: 1645.5 docs/sec, Queue: 300, Elapsed: 7942.9s
2025-10-05 18:17:29,446 - INFO - Progress: 13,080,000 indexed, 0 failed, Rate: 1646.7 docs/sec, Queue: 300, Elapsed: 7943.0s
2025-10-05 18:17:29,499 - INFO - Progress: 13,090,000 indexed, 0 failed, Rate: 1648.0 docs/sec, Queue: 300, Elapsed: 7943.1s
2025-10-05 18:17:29,547 - INFO - Progress: 13,100,000 indexed, 0 failed, Rate: 1649.2 docs/sec, Queue: 300, Elapsed: 7943.1s
2025-10-05 18:17:29,606 - INFO - === METRICS ES CONSUMER AT 13100000 DOCS ===
2025-10-05 18:17:29,611 - INFO - Process Memory:
2025-10-05 18:17:29,616 - INFO -   RSS: 5.20 GB
2025-10-05 18:17:29,616 - INFO -   VMS: 7.85 GB
2025-10-05 18:17:29,616 - INFO -   % of System: 0.6%
2025-10-05 18:17:29,616 - INFO - System Memory:
2025-10-05 18:17:29,616 - INFO -   Total Used: 17.1%
2025-10-05 18:17:29,630 - INFO -   Available: 708.24 GB
2025-10-05 18:17:29,635 - INFO -   Cached: 43.48 GB
2025-10-05 18:17:30,658 - INFO - CPU:
2025-10-05 18:17:30,658 - INFO -   Process usage: 47.2%
2025-10-05 18:17:30,658 - INFO -   Threads: 14
2025-10-05 18:17:30,658 - INFO -   Allocated cores: 288 (IDs: [0, 1, 2, 3, 4]...)
2025-10-05 18:17:30,658 - INFO - Process I/O:
2025-10-05 18:17:30,659 - INFO -   Read: 0.03 GB
2025-10-05 18:17:30,659 - INFO -   Write: 0.05 GB
2025-10-05 18:17:30,659 - INFO - ==================================================
2025-10-05 18:17:31,046 - INFO - Worker 0: Parsed 13,650,000 docs, Queue: 299
2025-10-05 18:17:38,239 - INFO - Overall progress: Parsed 13,651,000, Indexed 0, Queue: 300
2025-10-05 18:17:47,259 - INFO - POST http://localhost:9200/_bulk [status:200 request:79.683s]
2025-10-05 18:17:47,667 - INFO - Progress: 13,110,000 indexed, 0 failed, Rate: 1646.7 docs/sec, Queue: 300, Elapsed: 7961.2s
2025-10-05 18:17:48,240 - INFO - Overall progress: Parsed 13,654,000, Indexed 0, Queue: 298
2025-10-05 18:17:58,241 - INFO - Overall progress: Parsed 13,661,000, Indexed 0, Queue: 300
2025-10-05 18:18:09,158 - INFO - POST http://localhost:9200/_bulk [status:200 request:74.634s]
2025-10-05 18:18:18,242 - INFO - Overall progress: Parsed 13,671,000, Indexed 0, Queue: 300
2025-10-05 18:18:26,193 - INFO - POST http://localhost:9200/_bulk [status:200 request:105.757s]
2025-10-05 18:18:28,242 - INFO - Overall progress: Parsed 13,678,000, Indexed 0, Queue: 297
2025-10-05 18:18:28,754 - INFO - POST http://localhost:9200/_bulk [status:200 request:86.738s]
2025-10-05 18:18:36,042 - INFO - POST http://localhost:9200/_bulk [status:200 request:77.492s]
2025-10-05 18:18:38,018 - INFO - Worker 0: Parsed 13,700,000 docs, Queue: 300
2025-10-05 18:18:38,243 - INFO - Overall progress: Parsed 13,700,000, Indexed 0, Queue: 299
2025-10-05 18:18:39,246 - INFO - POST http://localhost:9200/_bulk [status:200 request:51.508s]
2025-10-05 18:18:46,225 - INFO - POST http://localhost:9200/_bulk [status:200 request:76.945s]
2025-10-05 18:18:48,244 - INFO - Overall progress: Parsed 13,720,000, Indexed 0, Queue: 299
2025-10-05 18:18:53,534 - INFO - POST http://localhost:9200/_bulk [status:200 request:120.669s]
2025-10-05 18:18:58,245 - INFO - Overall progress: Parsed 13,731,000, Indexed 0, Queue: 300
2025-10-05 18:19:04,938 - INFO - POST http://localhost:9200/_bulk [status:200 request:144.727s]
2025-10-05 18:19:05,392 - INFO - Progress: 13,120,000 indexed, 0 failed, Rate: 1632.1 docs/sec, Queue: 300, Elapsed: 8038.9s
2025-10-05 18:19:05,440 - INFO - Progress: 13,130,000 indexed, 0 failed, Rate: 1633.3 docs/sec, Queue: 300, Elapsed: 8039.0s
2025-10-05 18:19:05,513 - INFO - Progress: 13,140,000 indexed, 0 failed, Rate: 1634.5 docs/sec, Queue: 300, Elapsed: 8039.1s
2025-10-05 18:19:05,580 - INFO - Progress: 13,150,000 indexed, 0 failed, Rate: 1635.7 docs/sec, Queue: 300, Elapsed: 8039.1s
2025-10-05 18:19:05,648 - INFO - Progress: 13,160,000 indexed, 0 failed, Rate: 1637.0 docs/sec, Queue: 300, Elapsed: 8039.2s
2025-10-05 18:19:05,698 - INFO - Progress: 13,170,000 indexed, 0 failed, Rate: 1638.2 docs/sec, Queue: 300, Elapsed: 8039.3s
2025-10-05 18:19:05,738 - INFO - Progress: 13,180,000 indexed, 0 failed, Rate: 1639.4 docs/sec, Queue: 300, Elapsed: 8039.3s
2025-10-05 18:19:05,772 - INFO - Progress: 13,190,000 indexed, 0 failed, Rate: 1640.7 docs/sec, Queue: 300, Elapsed: 8039.3s
2025-10-05 18:19:08,245 - INFO - Overall progress: Parsed 13,741,000, Indexed 0, Queue: 300
2025-10-05 18:19:19,245 - INFO - POST http://localhost:9200/_bulk [status:200 request:69.756s]
2025-10-05 18:19:19,545 - INFO - Progress: 13,200,000 indexed, 0 failed, Rate: 1639.1 docs/sec, Queue: 300, Elapsed: 8053.1s
2025-10-05 18:19:19,620 - INFO - === METRICS ES CONSUMER AT 13200000 DOCS ===
2025-10-05 18:19:19,631 - INFO - Process Memory:
2025-10-05 18:19:19,636 - INFO -   RSS: 5.40 GB
2025-10-05 18:19:19,641 - INFO -   VMS: 8.04 GB
2025-10-05 18:19:19,648 - INFO -   % of System: 0.6%
2025-10-05 18:19:19,648 - INFO - System Memory:
2025-10-05 18:19:19,648 - INFO -   Total Used: 17.2%
2025-10-05 18:19:19,648 - INFO -   Available: 707.71 GB
2025-10-05 18:19:19,648 - INFO -   Cached: 44.03 GB
2025-10-05 18:19:20,650 - INFO - CPU:
2025-10-05 18:19:20,651 - INFO -   Process usage: 60.9%
2025-10-05 18:19:20,651 - INFO -   Threads: 14
2025-10-05 18:19:20,651 - INFO -   Allocated cores: 288 (IDs: [0, 1, 2, 3, 4]...)
2025-10-05 18:19:20,651 - INFO - Process I/O:
2025-10-05 18:19:20,651 - INFO -   Read: 0.03 GB
2025-10-05 18:19:20,651 - INFO -   Write: 0.05 GB
2025-10-05 18:19:20,651 - INFO - ==================================================
2025-10-05 18:19:21,178 - INFO - Worker 0: Parsed 13,750,000 docs, Queue: 299
2025-10-05 18:19:28,247 - INFO - Overall progress: Parsed 13,751,000, Indexed 0, Queue: 300
2025-10-05 18:19:40,791 - INFO - POST http://localhost:9200/_bulk [status:200 request:71.703s]
2025-10-05 18:19:48,248 - INFO - Overall progress: Parsed 13,761,000, Indexed 0, Queue: 300
2025-10-05 18:19:55,606 - INFO - POST http://localhost:9200/_bulk [status:200 request:75.918s]
2025-10-05 18:19:58,249 - INFO - Overall progress: Parsed 13,771,000, Indexed 0, Queue: 300
2025-10-05 18:20:10,356 - INFO - POST http://localhost:9200/_bulk [status:200 request:64.872s]
2025-10-05 18:20:18,250 - INFO - Overall progress: Parsed 13,781,000, Indexed 0, Queue: 300
2025-10-05 18:20:18,892 - INFO - POST http://localhost:9200/_bulk [status:200 request:92.334s]
2025-10-05 18:20:24,839 - INFO - POST http://localhost:9200/_bulk [status:200 request:90.819s]
2025-10-05 18:20:26,799 - INFO - Worker 0: Parsed 13,800,000 docs, Queue: 299
2025-10-05 18:20:28,251 - INFO - Overall progress: Parsed 13,801,000, Indexed 0, Queue: 300
2025-10-05 18:20:52,053 - INFO - POST http://localhost:9200/_bulk [status:200 request:70.916s]
2025-10-05 18:20:58,252 - INFO - Overall progress: Parsed 13,811,000, Indexed 0, Queue: 300
2025-10-05 18:21:08,056 - INFO - POST http://localhost:9200/_bulk [status:200 request:72.000s]
2025-10-05 18:21:18,423 - INFO - Overall progress: Parsed 13,821,000, Indexed 0, Queue: 300
2025-10-05 18:21:24,491 - INFO - POST http://localhost:9200/_bulk [status:200 request:65.261s]
2025-10-05 18:21:28,424 - INFO - Overall progress: Parsed 13,831,000, Indexed 0, Queue: 300
2025-10-05 18:21:33,352 - INFO - POST http://localhost:9200/_bulk [status:200 request:81.766s]
2025-10-05 18:21:33,556 - INFO - POST http://localhost:9200/_bulk [status:200 request:68.235s]
2025-10-05 18:21:37,667 - INFO - Worker 0: Parsed 13,850,000 docs, Queue: 299
2025-10-05 18:21:38,425 - INFO - Overall progress: Parsed 13,851,000, Indexed 0, Queue: 300
2025-10-05 18:21:47,672 - INFO - POST http://localhost:9200/_bulk [status:200 request:54.957s]
2025-10-05 18:21:48,436 - INFO - Overall progress: Parsed 13,854,000, Indexed 0, Queue: 298
2025-10-05 18:21:58,441 - INFO - Overall progress: Parsed 13,861,000, Indexed 0, Queue: 300
2025-10-05 18:21:59,163 - INFO - POST http://localhost:9200/_bulk [status:200 request:212.359s]
2025-10-05 18:21:59,839 - INFO - Progress: 13,210,000 indexed, 0 failed, Rate: 1608.3 docs/sec, Queue: 300, Elapsed: 8213.4s
2025-10-05 18:21:59,875 - INFO - Progress: 13,220,000 indexed, 0 failed, Rate: 1609.6 docs/sec, Queue: 300, Elapsed: 8213.4s
2025-10-05 18:22:05,637 - INFO - POST http://localhost:9200/_bulk [status:200 request:209.271s]
2025-10-05 18:22:05,975 - INFO - Progress: 13,230,000 indexed, 0 failed, Rate: 1609.6 docs/sec, Queue: 300, Elapsed: 8219.5s
2025-10-05 18:22:06,033 - INFO - Progress: 13,240,000 indexed, 0 failed, Rate: 1610.8 docs/sec, Queue: 300, Elapsed: 8219.6s
2025-10-05 18:22:06,104 - INFO - Progress: 13,250,000 indexed, 0 failed, Rate: 1612.0 docs/sec, Queue: 300, Elapsed: 8219.7s
2025-10-05 18:22:06,163 - INFO - Progress: 13,260,000 indexed, 0 failed, Rate: 1613.2 docs/sec, Queue: 300, Elapsed: 8219.7s
2025-10-05 18:22:06,229 - INFO - Progress: 13,270,000 indexed, 0 failed, Rate: 1614.4 docs/sec, Queue: 300, Elapsed: 8219.8s
2025-10-05 18:22:08,442 - INFO - Overall progress: Parsed 13,881,000, Indexed 0, Queue: 300
2025-10-05 18:22:48,480 - INFO - POST http://localhost:9200/_bulk [status:200 request:74.139s]
2025-10-05 18:22:58,481 - INFO - Overall progress: Parsed 13,891,000, Indexed 0, Queue: 300
2025-10-05 18:22:59,340 - INFO - POST http://localhost:9200/_bulk [status:200 request:85.309s]
2025-10-05 18:23:01,715 - INFO - Worker 0: Parsed 13,900,000 docs, Queue: 299
2025-10-05 18:23:06,365 - INFO - POST http://localhost:9200/_bulk [status:200 request:60.306s]
2025-10-05 18:23:08,482 - INFO - Overall progress: Parsed 13,910,000, Indexed 0, Queue: 299
2025-10-05 18:23:18,483 - INFO - Overall progress: Parsed 13,911,000, Indexed 0, Queue: 300
2025-10-05 18:23:19,205 - INFO - POST http://localhost:9200/_bulk [status:200 request:91.201s]
2025-10-05 18:23:28,465 - INFO - POST http://localhost:9200/_bulk [status:200 request:88.535s]
2025-10-05 18:23:28,556 - INFO - Overall progress: Parsed 13,921,000, Indexed 0, Queue: 300
2025-10-05 18:23:38,562 - INFO - Overall progress: Parsed 13,931,000, Indexed 0, Queue: 300
2025-10-05 18:23:41,913 - INFO - POST http://localhost:9200/_bulk [status:200 request:137.078s]
2025-10-05 18:23:43,578 - INFO - POST http://localhost:9200/_bulk [status:200 request:263.946s]
2025-10-05 18:23:43,827 - INFO - Progress: 13,280,000 indexed, 0 failed, Rate: 1596.7 docs/sec, Queue: 297, Elapsed: 8317.4s
2025-10-05 18:23:43,937 - INFO - Progress: 13,290,000 indexed, 0 failed, Rate: 1597.8 docs/sec, Queue: 297, Elapsed: 8317.5s
2025-10-05 18:23:44,025 - INFO - Progress: 13,300,000 indexed, 0 failed, Rate: 1599.0 docs/sec, Queue: 297, Elapsed: 8317.6s
2025-10-05 18:23:44,085 - INFO - === METRICS ES CONSUMER AT 13300000 DOCS ===
2025-10-05 18:23:44,085 - INFO - Process Memory:
2025-10-05 18:23:44,085 - INFO -   RSS: 5.82 GB
2025-10-05 18:23:44,085 - INFO -   VMS: 8.47 GB
2025-10-05 18:23:44,085 - INFO -   % of System: 0.7%
2025-10-05 18:23:44,085 - INFO - System Memory:
2025-10-05 18:23:44,085 - INFO -   Total Used: 17.4%
2025-10-05 18:23:44,086 - INFO -   Available: 705.95 GB
2025-10-05 18:23:44,086 - INFO -   Cached: 45.16 GB
2025-10-05 18:23:45,112 - INFO - CPU:
2025-10-05 18:23:45,112 - INFO -   Process usage: 61.5%
2025-10-05 18:23:45,112 - INFO -   Threads: 14
2025-10-05 18:23:45,112 - INFO -   Allocated cores: 288 (IDs: [0, 1, 2, 3, 4]...)
2025-10-05 18:23:45,113 - INFO - Process I/O:
2025-10-05 18:23:45,113 - INFO -   Read: 0.03 GB
2025-10-05 18:23:45,113 - INFO -   Write: 0.05 GB
2025-10-05 18:23:45,113 - INFO - ==================================================
2025-10-05 18:23:46,116 - INFO - Worker 0: Parsed 13,950,000 docs, Queue: 299
2025-10-05 18:23:46,212 - INFO - Progress: 13,310,000 indexed, 0 failed, Rate: 1599.8 docs/sec, Queue: 299, Elapsed: 8319.8s
2025-10-05 18:23:46,251 - INFO - Progress: 13,320,000 indexed, 0 failed, Rate: 1601.0 docs/sec, Queue: 299, Elapsed: 8319.8s
2025-10-05 18:23:46,298 - INFO - Progress: 13,330,000 indexed, 0 failed, Rate: 1602.2 docs/sec, Queue: 299, Elapsed: 8319.9s
2025-10-05 18:23:46,343 - INFO - Progress: 13,340,000 indexed, 0 failed, Rate: 1603.4 docs/sec, Queue: 299, Elapsed: 8319.9s
2025-10-05 18:23:48,563 - INFO - Overall progress: Parsed 13,951,000, Indexed 0, Queue: 300
2025-10-05 18:23:57,073 - INFO - POST http://localhost:9200/_bulk [status:200 request:68.077s]
2025-10-05 18:23:58,564 - INFO - Overall progress: Parsed 13,956,000, Indexed 0, Queue: 295
2025-10-05 18:24:07,454 - INFO - POST http://localhost:9200/_bulk [status:200 request:67.608s]
2025-10-05 18:24:08,576 - INFO - Overall progress: Parsed 13,964,000, Indexed 0, Queue: 297
2025-10-05 18:24:12,392 - INFO - POST http://localhost:9200/_bulk [status:200 request:65.677s]
2025-10-05 18:24:18,582 - INFO - Overall progress: Parsed 13,981,000, Indexed 0, Queue: 300
2025-10-05 18:24:54,527 - INFO - POST http://localhost:9200/_bulk [status:200 request:94.960s]
2025-10-05 18:24:58,584 - INFO - Overall progress: Parsed 13,991,000, Indexed 0, Queue: 300
2025-10-05 18:25:12,571 - INFO - POST http://localhost:9200/_bulk [status:200 request:244.050s]
2025-10-05 18:25:12,918 - INFO - Progress: 13,350,000 indexed, 0 failed, Rate: 1588.1 docs/sec, Queue: 300, Elapsed: 8406.5s
2025-10-05 18:25:13,046 - INFO - Progress: 13,360,000 indexed, 0 failed, Rate: 1589.2 docs/sec, Queue: 300, Elapsed: 8406.6s
2025-10-05 18:25:13,091 - INFO - Progress: 13,370,000 indexed, 0 failed, Rate: 1590.4 docs/sec, Queue: 300, Elapsed: 8406.6s
2025-10-05 18:25:13,164 - INFO - Progress: 13,380,000 indexed, 0 failed, Rate: 1591.6 docs/sec, Queue: 300, Elapsed: 8406.7s
2025-10-05 18:25:13,232 - INFO - Progress: 13,390,000 indexed, 0 failed, Rate: 1592.8 docs/sec, Queue: 300, Elapsed: 8406.8s
2025-10-05 18:25:13,293 - INFO - Progress: 13,400,000 indexed, 0 failed, Rate: 1593.9 docs/sec, Queue: 300, Elapsed: 8406.8s
2025-10-05 18:25:13,329 - INFO - === METRICS ES CONSUMER AT 13400000 DOCS ===
2025-10-05 18:25:13,334 - INFO - Process Memory:
2025-10-05 18:25:13,339 - INFO -   RSS: 5.92 GB
2025-10-05 18:25:13,345 - INFO -   VMS: 8.61 GB
2025-10-05 18:25:13,365 - INFO -   % of System: 0.7%
2025-10-05 18:25:13,371 - INFO - System Memory:
2025-10-05 18:25:13,376 - INFO -   Total Used: 17.5%
2025-10-05 18:25:13,379 - INFO -   Available: 705.13 GB
2025-10-05 18:25:13,379 - INFO -   Cached: 46.31 GB
2025-10-05 18:25:14,381 - INFO - CPU:
2025-10-05 18:25:14,381 - INFO -   Process usage: 54.9%
2025-10-05 18:25:14,381 - INFO -   Threads: 14
2025-10-05 18:25:14,381 - INFO -   Allocated cores: 288 (IDs: [0, 1, 2, 3, 4]...)
2025-10-05 18:25:14,382 - INFO - Process I/O:
2025-10-05 18:25:14,382 - INFO -   Read: 0.03 GB
2025-10-05 18:25:14,382 - INFO -   Write: 0.05 GB
2025-10-05 18:25:14,382 - INFO - ==================================================
2025-10-05 18:25:14,856 - INFO - Worker 0: Parsed 14,000,000 docs, Queue: 299
2025-10-05 18:25:15,447 - INFO - Progress: 13,410,000 indexed, 0 failed, Rate: 1594.7 docs/sec, Queue: 300, Elapsed: 8409.0s
2025-10-05 18:25:15,502 - INFO - Progress: 13,420,000 indexed, 0 failed, Rate: 1595.9 docs/sec, Queue: 300, Elapsed: 8409.1s
2025-10-05 18:25:15,546 - INFO - Progress: 13,430,000 indexed, 0 failed, Rate: 1597.1 docs/sec, Queue: 300, Elapsed: 8409.1s
2025-10-05 18:25:15,584 - INFO - Progress: 13,440,000 indexed, 0 failed, Rate: 1598.3 docs/sec, Queue: 300, Elapsed: 8409.1s
2025-10-05 18:25:15,624 - INFO - Progress: 13,450,000 indexed, 0 failed, Rate: 1599.4 docs/sec, Queue: 300, Elapsed: 8409.2s
2025-10-05 18:25:17,942 - INFO - POST http://localhost:9200/_bulk [status:200 request:93.933s]
2025-10-05 18:25:18,595 - INFO - Overall progress: Parsed 14,002,000, Indexed 0, Queue: 299
2025-10-05 18:25:20,017 - INFO - POST http://localhost:9200/_bulk [status:200 request:97.383s]
2025-10-05 18:25:28,595 - INFO - Overall progress: Parsed 14,021,000, Indexed 0, Queue: 300
2025-10-05 18:25:30,548 - INFO - POST http://localhost:9200/_bulk [status:200 request:82.582s]
2025-10-05 18:25:32,713 - INFO - POST http://localhost:9200/_bulk [status:200 request:79.960s]
2025-10-05 18:25:38,596 - INFO - Overall progress: Parsed 14,041,000, Indexed 0, Queue: 300
2025-10-05 18:26:02,891 - INFO - POST http://localhost:9200/_bulk [status:200 request:67.625s]
2025-10-05 18:26:04,839 - INFO - Worker 0: Parsed 14,050,000 docs, Queue: 299
2025-10-05 18:26:08,598 - INFO - Overall progress: Parsed 14,051,000, Indexed 0, Queue: 300
2025-10-05 18:26:44,903 - INFO - POST http://localhost:9200/_bulk [status:200 request:73.843s]
2025-10-05 18:26:48,441 - INFO - POST http://localhost:9200/_bulk [status:200 request:90.119s]
2025-10-05 18:26:48,708 - INFO - Overall progress: Parsed 14,061,000, Indexed 0, Queue: 300
2025-10-05 18:26:51,098 - INFO - POST http://localhost:9200/_bulk [status:200 request:90.709s]
2025-10-05 18:26:58,721 - INFO - Overall progress: Parsed 14,081,000, Indexed 0, Queue: 300
2025-10-05 18:27:02,532 - INFO - POST http://localhost:9200/_bulk [status:200 request:89.343s]
2025-10-05 18:27:07,636 - INFO - POST http://localhost:9200/_bulk [status:200 request:64.384s]
2025-10-05 18:27:08,732 - INFO - Overall progress: Parsed 14,094,000, Indexed 0, Queue: 295
2025-10-05 18:27:09,599 - INFO - Worker 0: Parsed 14,100,000 docs, Queue: 299
2025-10-05 18:27:18,738 - INFO - Overall progress: Parsed 14,101,000, Indexed 0, Queue: 300
2025-10-05 18:27:33,230 - INFO - POST http://localhost:9200/_bulk [status:200 request:244.411s]
2025-10-05 18:27:33,560 - INFO - Progress: 13,460,000 indexed, 0 failed, Rate: 1574.8 docs/sec, Queue: 300, Elapsed: 8547.1s
2025-10-05 18:27:33,601 - INFO - Progress: 13,470,000 indexed, 0 failed, Rate: 1576.0 docs/sec, Queue: 300, Elapsed: 8547.2s
2025-10-05 18:27:33,683 - INFO - Progress: 13,480,000 indexed, 0 failed, Rate: 1577.1 docs/sec, Queue: 300, Elapsed: 8547.2s
2025-10-05 18:27:38,739 - INFO - Overall progress: Parsed 14,111,000, Indexed 0, Queue: 300
2025-10-05 18:27:49,708 - INFO - POST http://localhost:9200/_bulk [status:200 request:232.159s]
2025-10-05 18:27:50,186 - INFO - Progress: 13,490,000 indexed, 0 failed, Rate: 1575.2 docs/sec, Queue: 300, Elapsed: 8563.7s
2025-10-05 18:27:50,257 - INFO - Progress: 13,500,000 indexed, 0 failed, Rate: 1576.4 docs/sec, Queue: 300, Elapsed: 8563.8s
2025-10-05 18:27:50,322 - INFO - === METRICS ES CONSUMER AT 13500000 DOCS ===
2025-10-05 18:27:50,326 - INFO - Process Memory:
2025-10-05 18:27:50,326 - INFO -   RSS: 6.16 GB
2025-10-05 18:27:50,326 - INFO -   VMS: 8.87 GB
2025-10-05 18:27:50,326 - INFO -   % of System: 0.7%
2025-10-05 18:27:50,326 - INFO - System Memory:
2025-10-05 18:27:50,326 - INFO -   Total Used: 17.6%
2025-10-05 18:27:50,327 - INFO -   Available: 704.47 GB
2025-10-05 18:27:50,327 - INFO -   Cached: 37.92 GB
2025-10-05 18:27:51,329 - INFO - CPU:
2025-10-05 18:27:51,329 - INFO -   Process usage: 67.9%
2025-10-05 18:27:51,329 - INFO -   Threads: 14
2025-10-05 18:27:51,330 - INFO -   Allocated cores: 288 (IDs: [0, 1, 2, 3, 4]...)
2025-10-05 18:27:51,330 - INFO - Process I/O:
2025-10-05 18:27:51,330 - INFO -   Read: 0.03 GB
2025-10-05 18:27:51,330 - INFO -   Write: 0.05 GB
2025-10-05 18:27:51,330 - INFO - ==================================================
2025-10-05 18:27:52,399 - INFO - Progress: 13,510,000 indexed, 0 failed, Rate: 1577.2 docs/sec, Queue: 300, Elapsed: 8566.0s
2025-10-05 18:27:52,450 - INFO - Progress: 13,520,000 indexed, 0 failed, Rate: 1578.3 docs/sec, Queue: 300, Elapsed: 8566.0s
2025-10-05 18:27:58,741 - INFO - Overall progress: Parsed 14,121,000, Indexed 0, Queue: 300
2025-10-05 18:28:00,336 - INFO - POST http://localhost:9200/_bulk [status:200 request:71.531s]
2025-10-05 18:28:08,741 - INFO - Overall progress: Parsed 14,131,000, Indexed 0, Queue: 300
2025-10-05 18:28:28,335 - INFO - POST http://localhost:9200/_bulk [status:200 request:80.335s]
2025-10-05 18:28:28,752 - INFO - Overall progress: Parsed 14,132,000, Indexed 0, Queue: 300
2025-10-05 18:28:31,314 - INFO - POST http://localhost:9200/_bulk [status:200 request:88.412s]
2025-10-05 18:28:33,295 - INFO - Worker 0: Parsed 14,150,000 docs, Queue: 299
2025-10-05 18:28:38,758 - INFO - Overall progress: Parsed 14,151,000, Indexed 0, Queue: 300
2025-10-05 18:28:39,778 - INFO - POST http://localhost:9200/_bulk [status:200 request:66.094s]
2025-10-05 18:28:46,527 - INFO - POST http://localhost:9200/_bulk [status:200 request:120.296s]
2025-10-05 18:28:48,759 - INFO - Overall progress: Parsed 14,170,000, Indexed 0, Queue: 299
2025-10-05 18:28:55,570 - INFO - POST http://localhost:9200/_bulk [status:200 request:222.462s]
2025-10-05 18:28:55,996 - INFO - Progress: 13,530,000 indexed, 0 failed, Rate: 1567.9 docs/sec, Queue: 300, Elapsed: 8629.6s
2025-10-05 18:28:56,030 - INFO - Progress: 13,540,000 indexed, 0 failed, Rate: 1569.0 docs/sec, Queue: 300, Elapsed: 8629.6s
2025-10-05 18:28:56,091 - INFO - Progress: 13,550,000 indexed, 0 failed, Rate: 1570.2 docs/sec, Queue: 300, Elapsed: 8629.6s
2025-10-05 18:28:56,154 - INFO - Progress: 13,560,000 indexed, 0 failed, Rate: 1571.3 docs/sec, Queue: 300, Elapsed: 8629.7s
2025-10-05 18:28:56,215 - INFO - Progress: 13,570,000 indexed, 0 failed, Rate: 1572.5 docs/sec, Queue: 300, Elapsed: 8629.8s
2025-10-05 18:28:56,267 - INFO - Progress: 13,580,000 indexed, 0 failed, Rate: 1573.6 docs/sec, Queue: 300, Elapsed: 8629.8s
2025-10-05 18:28:56,317 - INFO - Progress: 13,590,000 indexed, 0 failed, Rate: 1574.8 docs/sec, Queue: 300, Elapsed: 8629.9s
2025-10-05 18:28:56,360 - INFO - Progress: 13,600,000 indexed, 0 failed, Rate: 1575.9 docs/sec, Queue: 300, Elapsed: 8629.9s
2025-10-05 18:28:56,376 - INFO - === METRICS ES CONSUMER AT 13600000 DOCS ===
2025-10-05 18:28:56,381 - INFO - Process Memory:
2025-10-05 18:28:56,387 - INFO -   RSS: 6.27 GB
2025-10-05 18:28:56,392 - INFO -   VMS: 8.93 GB
2025-10-05 18:28:56,418 - INFO -   % of System: 0.7%
2025-10-05 18:28:56,423 - INFO - System Memory:
2025-10-05 18:28:56,428 - INFO -   Total Used: 17.9%
2025-10-05 18:28:56,432 - INFO -   Available: 701.83 GB
2025-10-05 18:28:56,432 - INFO -   Cached: 41.49 GB
2025-10-05 18:28:57,434 - INFO - CPU:
2025-10-05 18:28:57,434 - INFO -   Process usage: 52.9%
2025-10-05 18:28:57,434 - INFO -   Threads: 14
2025-10-05 18:28:57,434 - INFO -   Allocated cores: 288 (IDs: [0, 1, 2, 3, 4]...)
2025-10-05 18:28:57,435 - INFO - Process I/O:
2025-10-05 18:28:57,435 - INFO -   Read: 0.03 GB
2025-10-05 18:28:57,435 - INFO -   Write: 0.05 GB
2025-10-05 18:28:57,435 - INFO - ==================================================
2025-10-05 18:28:58,760 - INFO - Overall progress: Parsed 14,181,000, Indexed 0, Queue: 300
2025-10-05 18:29:07,058 - INFO - POST http://localhost:9200/_bulk [status:200 request:66.353s]
2025-10-05 18:29:08,761 - INFO - Overall progress: Parsed 14,188,000, Indexed 0, Queue: 297
2025-10-05 18:29:13,173 - INFO - POST http://localhost:9200/_bulk [status:200 request:82.899s]
2025-10-05 18:29:15,051 - INFO - Worker 0: Parsed 14,200,000 docs, Queue: 299
2025-10-05 18:29:18,762 - INFO - Overall progress: Parsed 14,201,000, Indexed 0, Queue: 300
2025-10-05 18:30:00,481 - INFO - POST http://localhost:9200/_bulk [status:200 request:88.792s]
2025-10-05 18:30:08,764 - INFO - Overall progress: Parsed 14,211,000, Indexed 0, Queue: 300
2025-10-05 18:30:14,203 - INFO - POST http://localhost:9200/_bulk [status:200 request:93.696s]
2025-10-05 18:30:18,765 - INFO - Overall progress: Parsed 14,221,000, Indexed 0, Queue: 300
2025-10-05 18:30:28,307 - INFO - POST http://localhost:9200/_bulk [status:200 request:80.887s]
2025-10-05 18:30:28,766 - INFO - Overall progress: Parsed 14,222,000, Indexed 0, Queue: 300
2025-10-05 18:30:33,517 - INFO - POST http://localhost:9200/_bulk [status:200 request:79.837s]
2025-10-05 18:30:38,767 - INFO - Overall progress: Parsed 14,241,000, Indexed 0, Queue: 300
2025-10-05 18:30:44,349 - INFO - POST http://localhost:9200/_bulk [status:200 request:108.258s]
2025-10-05 18:30:46,246 - INFO - Worker 0: Parsed 14,250,000 docs, Queue: 299
2025-10-05 18:30:48,768 - INFO - Overall progress: Parsed 14,251,000, Indexed 0, Queue: 300
2025-10-05 18:30:52,710 - INFO - POST http://localhost:9200/_bulk [status:200 request:241.238s]
2025-10-05 18:30:53,037 - INFO - Progress: 13,610,000 indexed, 0 failed, Rate: 1556.0 docs/sec, Queue: 300, Elapsed: 8746.6s
2025-10-05 18:30:53,082 - INFO - Progress: 13,620,000 indexed, 0 failed, Rate: 1557.2 docs/sec, Queue: 300, Elapsed: 8746.6s
2025-10-05 18:30:53,154 - INFO - Progress: 13,630,000 indexed, 0 failed, Rate: 1558.3 docs/sec, Queue: 300, Elapsed: 8746.7s
2025-10-05 18:30:53,249 - INFO - Progress: 13,640,000 indexed, 0 failed, Rate: 1559.4 docs/sec, Queue: 300, Elapsed: 8746.8s
2025-10-05 18:30:53,311 - INFO - Progress: 13,650,000 indexed, 0 failed, Rate: 1560.6 docs/sec, Queue: 300, Elapsed: 8746.9s
2025-10-05 18:30:53,365 - INFO - Progress: 13,660,000 indexed, 0 failed, Rate: 1561.7 docs/sec, Queue: 300, Elapsed: 8746.9s
2025-10-05 18:30:58,768 - INFO - Overall progress: Parsed 14,261,000, Indexed 0, Queue: 300
2025-10-05 18:31:17,118 - INFO - POST http://localhost:9200/_bulk [status:200 request:76.260s]
2025-10-05 18:31:18,769 - INFO - Overall progress: Parsed 14,268,000, Indexed 0, Queue: 297
2025-10-05 18:31:24,892 - INFO - POST http://localhost:9200/_bulk [status:200 request:70.310s]
2025-10-05 18:31:28,770 - INFO - Overall progress: Parsed 14,281,000, Indexed 0, Queue: 300
2025-10-05 18:31:59,035 - INFO - POST http://localhost:9200/_bulk [status:200 request:74.216s]
2025-10-05 18:32:02,063 - INFO - POST http://localhost:9200/_bulk [status:200 request:88.032s]
2025-10-05 18:32:04,040 - INFO - Worker 0: Parsed 14,300,000 docs, Queue: 299
2025-10-05 18:32:08,772 - INFO - Overall progress: Parsed 14,301,000, Indexed 0, Queue: 300
2025-10-05 18:32:21,248 - INFO - POST http://localhost:9200/_bulk [status:200 request:88.110s]
2025-10-05 18:32:28,773 - INFO - Overall progress: Parsed 14,311,000, Indexed 0, Queue: 300
2025-10-05 18:32:36,141 - INFO - POST http://localhost:9200/_bulk [status:200 request:70.549s]
2025-10-05 18:32:38,518 - INFO - POST http://localhost:9200/_bulk [status:200 request:81.022s]
2025-10-05 18:32:38,799 - INFO - Overall progress: Parsed 14,319,000, Indexed 0, Queue: 300
2025-10-05 18:32:48,806 - INFO - Overall progress: Parsed 14,326,000, Indexed 0, Queue: 300
2025-10-05 18:33:01,054 - INFO - POST http://localhost:9200/_bulk [status:200 request:272.337s]
2025-10-05 18:33:01,391 - INFO - Progress: 13,670,000 indexed, 0 failed, Rate: 1540.3 docs/sec, Queue: 300, Elapsed: 8874.9s
2025-10-05 18:33:01,430 - INFO - Progress: 13,680,000 indexed, 0 failed, Rate: 1541.4 docs/sec, Queue: 300, Elapsed: 8875.0s
2025-10-05 18:33:01,537 - INFO - Progress: 13,690,000 indexed, 0 failed, Rate: 1542.5 docs/sec, Queue: 300, Elapsed: 8875.1s
2025-10-05 18:33:08,807 - INFO - Overall progress: Parsed 14,332,000, Indexed 0, Queue: 300
2025-10-05 18:33:12,107 - INFO - POST http://localhost:9200/_bulk [status:200 request:69.524s]
2025-10-05 18:33:13,852 - INFO - POST http://localhost:9200/_bulk [status:200 request:266.777s]
2025-10-05 18:33:14,367 - INFO - Progress: 13,700,000 indexed, 0 failed, Rate: 1541.4 docs/sec, Queue: 300, Elapsed: 8887.9s
2025-10-05 18:33:14,453 - INFO - === METRICS ES CONSUMER AT 13700000 DOCS ===
2025-10-05 18:33:14,458 - INFO - Process Memory:
2025-10-05 18:33:14,461 - INFO -   RSS: 6.90 GB
2025-10-05 18:33:14,461 - INFO -   VMS: 9.56 GB
2025-10-05 18:33:14,461 - INFO -   % of System: 0.8%
2025-10-05 18:33:14,461 - INFO - System Memory:
2025-10-05 18:33:14,461 - INFO -   Total Used: 18.2%
2025-10-05 18:33:14,461 - INFO -   Available: 698.80 GB
2025-10-05 18:33:14,461 - INFO -   Cached: 44.61 GB
2025-10-05 18:33:15,464 - INFO - CPU:
2025-10-05 18:33:15,464 - INFO -   Process usage: 57.9%
2025-10-05 18:33:15,464 - INFO -   Threads: 14
2025-10-05 18:33:15,464 - INFO -   Allocated cores: 288 (IDs: [0, 1, 2, 3, 4]...)
2025-10-05 18:33:15,465 - INFO - Process I/O:
2025-10-05 18:33:15,465 - INFO -   Read: 0.03 GB
2025-10-05 18:33:15,465 - INFO -   Write: 0.05 GB
2025-10-05 18:33:15,465 - INFO - ==================================================
2025-10-05 18:33:16,454 - INFO - Progress: 13,710,000 indexed, 0 failed, Rate: 1542.2 docs/sec, Queue: 300, Elapsed: 8890.0s
2025-10-05 18:33:16,491 - INFO - Progress: 13,720,000 indexed, 0 failed, Rate: 1543.3 docs/sec, Queue: 300, Elapsed: 8890.0s
2025-10-05 18:33:16,548 - INFO - Progress: 13,730,000 indexed, 0 failed, Rate: 1544.4 docs/sec, Queue: 300, Elapsed: 8890.1s
2025-10-05 18:33:16,592 - INFO - Progress: 13,740,000 indexed, 0 failed, Rate: 1545.5 docs/sec, Queue: 300, Elapsed: 8890.1s
2025-10-05 18:33:16,661 - INFO - Progress: 13,750,000 indexed, 0 failed, Rate: 1546.6 docs/sec, Queue: 300, Elapsed: 8890.2s
2025-10-05 18:33:18,808 - INFO - Overall progress: Parsed 14,345,000, Indexed 0, Queue: 300
2025-10-05 18:33:20,570 - INFO - POST http://localhost:9200/_bulk [status:200 request:81.052s]
2025-10-05 18:33:21,784 - INFO - Worker 0: Parsed 14,350,000 docs, Queue: 299
2025-10-05 18:33:28,809 - INFO - Overall progress: Parsed 14,352,000, Indexed 0, Queue: 300
2025-10-05 18:34:15,217 - INFO - POST http://localhost:9200/_bulk [status:200 request:98.706s]
2025-10-05 18:34:15,747 - INFO - POST http://localhost:9200/_bulk [status:200 request:96.839s]
2025-10-05 18:34:18,811 - INFO - Overall progress: Parsed 14,365,000, Indexed 0, Queue: 300
2025-10-05 18:34:30,979 - INFO - POST http://localhost:9200/_bulk [status:200 request:89.494s]
2025-10-05 18:34:34,560 - INFO - POST http://localhost:9200/_bulk [status:200 request:132.546s]
2025-10-05 18:34:38,812 - INFO - Overall progress: Parsed 14,378,000, Indexed 0, Queue: 300
2025-10-05 18:34:39,515 - INFO - POST http://localhost:9200/_bulk [status:200 request:78.431s]
2025-10-05 18:34:48,813 - INFO - Overall progress: Parsed 14,385,000, Indexed 0, Queue: 300
2025-10-05 18:34:51,602 - INFO - POST http://localhost:9200/_bulk [status:200 request:98.968s]
2025-10-05 18:34:56,126 - INFO - POST http://localhost:9200/_bulk [status:200 request:267.443s]
2025-10-05 18:34:56,482 - INFO - Progress: 13,760,000 indexed, 0 failed, Rate: 1530.6 docs/sec, Queue: 300, Elapsed: 8990.0s
2025-10-05 18:34:56,545 - INFO - Progress: 13,770,000 indexed, 0 failed, Rate: 1531.7 docs/sec, Queue: 300, Elapsed: 8990.1s
2025-10-05 18:34:56,617 - INFO - Progress: 13,780,000 indexed, 0 failed, Rate: 1532.8 docs/sec, Queue: 300, Elapsed: 8990.2s
2025-10-05 18:34:56,677 - INFO - Progress: 13,790,000 indexed, 0 failed, Rate: 1533.9 docs/sec, Queue: 300, Elapsed: 8990.2s
2025-10-05 18:34:56,733 - INFO - Progress: 13,800,000 indexed, 0 failed, Rate: 1535.0 docs/sec, Queue: 300, Elapsed: 8990.3s
2025-10-05 18:34:56,735 - INFO - === METRICS ES CONSUMER AT 13800000 DOCS ===
2025-10-05 18:34:56,735 - INFO - Process Memory:
2025-10-05 18:34:56,735 - INFO -   RSS: 7.38 GB
2025-10-05 18:34:56,735 - INFO -   VMS: 10.03 GB
2025-10-05 18:34:56,758 - INFO -   % of System: 0.9%
2025-10-05 18:34:56,763 - INFO - System Memory:
2025-10-05 18:34:56,768 - INFO -   Total Used: 18.3%
2025-10-05 18:34:56,774 - INFO -   Available: 698.38 GB
2025-10-05 18:34:56,779 - INFO -   Cached: 45.25 GB
2025-10-05 18:34:58,259 - INFO - CPU:
2025-10-05 18:34:58,264 - INFO -   Process usage: 88.0%
2025-10-05 18:34:58,270 - INFO -   Threads: 14
2025-10-05 18:34:58,275 - INFO -   Allocated cores: 288 (IDs: [0, 1, 2, 3, 4]...)
2025-10-05 18:34:58,296 - INFO - Process I/O:
2025-10-05 18:34:58,301 - INFO -   Read: 0.03 GB
2025-10-05 18:34:58,306 - INFO -   Write: 0.05 GB
2025-10-05 18:34:58,311 - INFO - ==================================================
2025-10-05 18:34:59,094 - INFO - Overall progress: Parsed 14,396,000, Indexed 0, Queue: 300
2025-10-05 18:34:59,139 - INFO - Progress: 13,810,000 indexed, 0 failed, Rate: 1535.7 docs/sec, Queue: 300, Elapsed: 8992.7s
2025-10-05 18:34:59,181 - INFO - Progress: 13,820,000 indexed, 0 failed, Rate: 1536.8 docs/sec, Queue: 300, Elapsed: 8992.7s
2025-10-05 18:34:59,233 - INFO - Progress: 13,830,000 indexed, 0 failed, Rate: 1537.9 docs/sec, Queue: 300, Elapsed: 8992.8s
2025-10-05 18:34:59,288 - INFO - Progress: 13,840,000 indexed, 0 failed, Rate: 1539.0 docs/sec, Queue: 300, Elapsed: 8992.8s
2025-10-05 18:34:59,337 - INFO - Progress: 13,850,000 indexed, 0 failed, Rate: 1540.1 docs/sec, Queue: 300, Elapsed: 8992.9s
2025-10-05 18:34:59,390 - INFO - Progress: 13,860,000 indexed, 0 failed, Rate: 1541.2 docs/sec, Queue: 300, Elapsed: 8992.9s
2025-10-05 18:34:59,464 - INFO - Progress: 13,870,000 indexed, 0 failed, Rate: 1542.3 docs/sec, Queue: 300, Elapsed: 8993.0s
2025-10-05 18:34:59,521 - INFO - Progress: 13,880,000 indexed, 0 failed, Rate: 1543.4 docs/sec, Queue: 300, Elapsed: 8993.1s
2025-10-05 18:35:09,136 - INFO - Overall progress: Parsed 14,398,000, Indexed 0, Queue: 300
2025-10-05 18:35:57,287 - INFO - POST http://localhost:9200/_bulk [status:200 request:101.684s]
2025-10-05 18:35:57,710 - INFO - POST http://localhost:9200/_bulk [status:200 request:101.500s]
2025-10-05 18:35:58,268 - INFO - Worker 0: Parsed 14,400,000 docs, Queue: 300
2025-10-05 18:35:59,139 - INFO - Overall progress: Parsed 14,403,000, Indexed 0, Queue: 299
2025-10-05 18:36:09,219 - INFO - POST http://localhost:9200/_bulk [status:200 request:93.909s]
2025-10-05 18:36:09,220 - INFO - Overall progress: Parsed 14,411,000, Indexed 0, Queue: 300
2025-10-05 18:36:19,305 - INFO - Overall progress: Parsed 14,417,000, Indexed 0, Queue: 300
2025-10-05 18:36:21,887 - INFO - POST http://localhost:9200/_bulk [status:200 request:89.763s]
2025-10-05 18:36:29,306 - INFO - Overall progress: Parsed 14,424,000, Indexed 0, Queue: 300
2025-10-05 18:36:36,670 - INFO - POST http://localhost:9200/_bulk [status:200 request:100.089s]
2025-10-05 18:36:39,306 - INFO - Overall progress: Parsed 14,430,000, Indexed 0, Queue: 300
2025-10-05 18:36:54,125 - INFO - POST http://localhost:9200/_bulk [status:200 request:55.938s]
2025-10-05 18:36:59,308 - INFO - Overall progress: Parsed 14,437,000, Indexed 0, Queue: 300
2025-10-05 18:37:07,805 - INFO - POST http://localhost:9200/_bulk [status:200 request:13.326s]
2025-10-05 18:37:09,309 - INFO - Overall progress: Parsed 14,442,000, Indexed 0, Queue: 299
2025-10-05 18:37:09,793 - INFO - POST http://localhost:9200/_bulk [status:200 request:72.110s]
2025-10-05 18:37:11,269 - INFO - Worker 0: Parsed 14,450,000 docs, Queue: 300
2025-10-05 18:37:14,564 - INFO - POST http://localhost:9200/_bulk [status:200 request:240.096s]
2025-10-05 18:37:15,077 - INFO - Progress: 13,890,000 indexed, 0 failed, Rate: 1521.6 docs/sec, Queue: 300, Elapsed: 9128.6s
2025-10-05 18:37:15,143 - INFO - Progress: 13,900,000 indexed, 0 failed, Rate: 1522.7 docs/sec, Queue: 300, Elapsed: 9128.7s
2025-10-05 18:37:15,210 - INFO - === METRICS ES CONSUMER AT 13900000 DOCS ===
2025-10-05 18:37:15,210 - INFO - Process Memory:
2025-10-05 18:37:15,211 - INFO -   RSS: 8.77 GB
2025-10-05 18:37:15,211 - INFO -   VMS: 11.41 GB
2025-10-05 18:37:15,211 - INFO -   % of System: 1.0%
2025-10-05 18:37:15,211 - INFO - System Memory:
2025-10-05 18:37:15,211 - INFO -   Total Used: 18.6%
2025-10-05 18:37:15,211 - INFO -   Available: 695.68 GB
2025-10-05 18:37:15,211 - INFO -   Cached: 47.30 GB
2025-10-05 18:37:16,213 - INFO - CPU:
2025-10-05 18:37:16,214 - INFO -   Process usage: 65.9%
2025-10-05 18:37:16,214 - INFO -   Threads: 14
2025-10-05 18:37:16,214 - INFO -   Allocated cores: 288 (IDs: [0, 1, 2, 3, 4]...)
2025-10-05 18:37:16,214 - INFO - Process I/O:
2025-10-05 18:37:16,214 - INFO -   Read: 0.03 GB
2025-10-05 18:37:16,214 - INFO -   Write: 0.06 GB
2025-10-05 18:37:16,214 - INFO - ==================================================
2025-10-05 18:37:17,061 - INFO - Progress: 13,910,000 indexed, 0 failed, Rate: 1523.4 docs/sec, Queue: 300, Elapsed: 9130.6s
2025-10-05 18:37:17,112 - INFO - Progress: 13,920,000 indexed, 0 failed, Rate: 1524.5 docs/sec, Queue: 300, Elapsed: 9130.7s
2025-10-05 18:37:19,309 - INFO - Overall progress: Parsed 14,456,000, Indexed 0, Queue: 300
2025-10-05 18:37:21,072 - INFO - POST http://localhost:9200/_bulk [status:200 request:57.966s]
2025-10-05 18:37:21,690 - INFO - POST http://localhost:9200/_bulk [status:200 request:13.307s]
2025-10-05 18:37:22,400 - INFO - POST http://localhost:9200/_bulk [status:200 request:12.257s]
2025-10-05 18:37:23,234 - INFO - POST http://localhost:9200/_bulk [status:200 request:73.635s]
2025-10-05 18:37:24,531 - INFO - POST http://localhost:9200/_bulk [status:200 request:173.163s]
2025-10-05 18:37:25,224 - INFO - Progress: 13,930,000 indexed, 0 failed, Rate: 1524.3 docs/sec, Queue: 300, Elapsed: 9138.8s
2025-10-05 18:37:25,274 - INFO - Progress: 13,940,000 indexed, 0 failed, Rate: 1525.4 docs/sec, Queue: 300, Elapsed: 9138.8s
2025-10-05 18:37:25,386 - INFO - POST http://localhost:9200/_bulk [status:200 request:165.309s]
2025-10-05 18:37:25,984 - INFO - Progress: 13,950,000 indexed, 0 failed, Rate: 1526.3 docs/sec, Queue: 300, Elapsed: 9139.5s
2025-10-05 18:37:26,042 - INFO - Progress: 13,960,000 indexed, 0 failed, Rate: 1527.4 docs/sec, Queue: 300, Elapsed: 9139.6s
2025-10-05 18:37:26,109 - INFO - Progress: 13,970,000 indexed, 0 failed, Rate: 1528.5 docs/sec, Queue: 300, Elapsed: 9139.7s
2025-10-05 18:37:26,173 - INFO - Progress: 13,980,000 indexed, 0 failed, Rate: 1529.6 docs/sec, Queue: 300, Elapsed: 9139.7s
2025-10-05 18:37:26,221 - INFO - Progress: 13,990,000 indexed, 0 failed, Rate: 1530.7 docs/sec, Queue: 300, Elapsed: 9139.8s
2025-10-05 18:37:26,277 - INFO - Progress: 14,000,000 indexed, 0 failed, Rate: 1531.8 docs/sec, Queue: 300, Elapsed: 9139.8s
2025-10-05 18:37:26,296 - INFO - === METRICS ES CONSUMER AT 14000000 DOCS ===
2025-10-05 18:37:26,296 - INFO - Process Memory:
2025-10-05 18:37:26,297 - INFO -   RSS: 9.83 GB
2025-10-05 18:37:26,297 - INFO -   VMS: 12.48 GB
2025-10-05 18:37:26,298 - INFO -   % of System: 1.2%
2025-10-05 18:37:26,298 - INFO - System Memory:
2025-10-05 18:37:26,298 - INFO -   Total Used: 18.7%
2025-10-05 18:37:26,299 - INFO -   Available: 694.51 GB
2025-10-05 18:37:26,299 - INFO -   Cached: 47.89 GB
2025-10-05 18:37:27,301 - INFO - CPU:
2025-10-05 18:37:27,302 - INFO -   Process usage: 78.9%
2025-10-05 18:37:27,302 - INFO -   Threads: 14
2025-10-05 18:37:27,302 - INFO -   Allocated cores: 288 (IDs: [0, 1, 2, 3, 4]...)
2025-10-05 18:37:27,302 - INFO - Process I/O:
2025-10-05 18:37:27,302 - INFO -   Read: 0.03 GB
2025-10-05 18:37:27,302 - INFO -   Write: 0.06 GB
2025-10-05 18:37:27,302 - INFO - ==================================================
2025-10-05 18:37:27,988 - INFO - Progress: 14,010,000 indexed, 0 failed, Rate: 1532.6 docs/sec, Queue: 300, Elapsed: 9141.5s
2025-10-05 18:37:28,032 - INFO - POST http://localhost:9200/_bulk [status:200 request:12.906s]
2025-10-05 18:37:29,321 - INFO - Overall progress: Parsed 14,482,000, Indexed 0, Queue: 299
2025-10-05 18:37:29,929 - INFO - POST http://localhost:9200/_bulk [status:200 request:52.877s]
2025-10-05 18:37:30,307 - INFO - Progress: 14,020,000 indexed, 0 failed, Rate: 1533.3 docs/sec, Queue: 300, Elapsed: 9143.9s
2025-10-05 18:37:30,354 - INFO - Progress: 14,030,000 indexed, 0 failed, Rate: 1534.4 docs/sec, Queue: 300, Elapsed: 9143.9s
2025-10-05 18:37:30,676 - INFO - Progress: 14,040,000 indexed, 0 failed, Rate: 1535.4 docs/sec, Queue: 300, Elapsed: 9144.2s
2025-10-05 18:37:32,938 - INFO - Worker 0: Parsed 14,500,000 docs, Queue: 285
2025-10-05 18:37:37,321 - INFO - POST http://localhost:9200/_bulk [status:200 request:15.726s]
2025-10-05 18:37:37,607 - INFO - Progress: 14,050,000 indexed, 0 failed, Rate: 1535.3 docs/sec, Queue: 300, Elapsed: 9151.2s
2025-10-05 18:37:37,768 - INFO - POST http://localhost:9200/_bulk [status:200 request:15.701s]
2025-10-05 18:37:37,880 - INFO - POST http://localhost:9200/_bulk [status:200 request:14.196s]
2025-10-05 18:37:39,337 - INFO - Overall progress: Parsed 14,528,000, Indexed 0, Queue: 295
2025-10-05 18:37:39,948 - INFO - POST http://localhost:9200/_bulk [status:200 request:17.220s]
2025-10-05 18:37:40,289 - INFO - Progress: 14,060,000 indexed, 0 failed, Rate: 1536.0 docs/sec, Queue: 292, Elapsed: 9153.8s
2025-10-05 18:37:40,349 - INFO - Progress: 14,070,000 indexed, 0 failed, Rate: 1537.0 docs/sec, Queue: 291, Elapsed: 9153.9s
2025-10-05 18:37:40,401 - INFO - POST http://localhost:9200/_bulk [status:200 request:11.980s]
2025-10-05 18:37:41,160 - INFO - POST http://localhost:9200/_bulk [status:200 request:15.882s]
2025-10-05 18:37:42,120 - INFO - POST http://localhost:9200/_bulk [status:200 request:16.117s]
2025-10-05 18:37:42,458 - INFO - Progress: 14,080,000 indexed, 0 failed, Rate: 1537.8 docs/sec, Queue: 297, Elapsed: 9156.0s
2025-10-05 18:37:42,573 - INFO - Progress: 14,090,000 indexed, 0 failed, Rate: 1538.9 docs/sec, Queue: 297, Elapsed: 9156.1s
2025-10-05 18:37:43,080 - INFO - Worker 0: Parsed 14,550,000 docs, Queue: 295
2025-10-05 18:37:47,690 - INFO - POST http://localhost:9200/_bulk [status:200 request:17.334s]
2025-10-05 18:37:49,340 - INFO - Overall progress: Parsed 14,582,000, Indexed 0, Queue: 277
2025-10-05 18:37:52,130 - INFO - POST http://localhost:9200/_bulk [status:200 request:14.380s]
2025-10-05 18:37:52,176 - INFO - Worker 0: Parsed 14,600,000 docs, Queue: 295
2025-10-05 18:37:52,495 - INFO - Progress: 14,100,000 indexed, 0 failed, Rate: 1538.3 docs/sec, Queue: 295, Elapsed: 9166.0s
2025-10-05 18:37:52,583 - INFO - === METRICS ES CONSUMER AT 14100000 DOCS ===
2025-10-05 18:37:52,586 - INFO - Process Memory:
2025-10-05 18:37:52,586 - INFO -   RSS: 9.82 GB
2025-10-05 18:37:52,587 - INFO -   VMS: 12.47 GB
2025-10-05 18:37:52,615 - INFO -   % of System: 1.1%
2025-10-05 18:37:52,620 - INFO - System Memory:
2025-10-05 18:37:52,625 - INFO -   Total Used: 18.9%
2025-10-05 18:37:52,630 - INFO -   Available: 693.34 GB
2025-10-05 18:37:52,636 - INFO -   Cached: 49.43 GB
2025-10-05 18:37:53,245 - INFO - POST http://localhost:9200/_bulk [status:200 request:14.555s]
2025-10-05 18:37:53,701 - INFO - POST http://localhost:9200/_bulk [status:200 request:15.018s]
2025-10-05 18:37:53,799 - INFO - CPU:
2025-10-05 18:37:53,812 - INFO -   Process usage: 94.6%
2025-10-05 18:37:53,818 - INFO -   Threads: 14
2025-10-05 18:37:53,892 - INFO -   Allocated cores: 288 (IDs: [0, 1, 2, 3, 4]...)
2025-10-05 18:37:54,078 - INFO - POST http://localhost:9200/_bulk [status:200 request:13.742s]
2025-10-05 18:37:54,182 - INFO - Process I/O:
2025-10-05 18:37:54,413 - INFO -   Read: 0.03 GB
2025-10-05 18:37:54,423 - INFO -   Write: 0.06 GB
2025-10-05 18:37:54,493 - INFO - ==================================================
2025-10-05 18:37:55,240 - INFO - Progress: 14,110,000 indexed, 0 failed, Rate: 1538.9 docs/sec, Queue: 300, Elapsed: 9168.8s
2025-10-05 18:37:55,370 - INFO - Progress: 14,120,000 indexed, 0 failed, Rate: 1540.0 docs/sec, Queue: 300, Elapsed: 9168.9s
2025-10-05 18:37:55,618 - INFO - POST http://localhost:9200/_bulk [status:200 request:13.820s]
2025-10-05 18:37:57,259 - INFO - POST http://localhost:9200/_bulk [status:200 request:15.682s]
2025-10-05 18:37:57,665 - INFO - Progress: 14,130,000 indexed, 0 failed, Rate: 1540.7 docs/sec, Queue: 290, Elapsed: 9171.2s
2025-10-05 18:37:59,275 - INFO - POST http://localhost:9200/_bulk [status:200 request:16.645s]
2025-10-05 18:37:59,388 - INFO - Overall progress: Parsed 14,638,000, Indexed 0, Queue: 287
2025-10-05 18:37:59,546 - INFO - Progress: 14,140,000 indexed, 0 failed, Rate: 1541.5 docs/sec, Queue: 289, Elapsed: 9173.1s
2025-10-05 18:38:01,361 - INFO - Worker 0: Parsed 14,650,000 docs, Queue: 275
2025-10-05 18:38:04,162 - INFO - POST http://localhost:9200/_bulk [status:200 request:16.139s]
2025-10-05 18:38:04,477 - INFO - POST http://localhost:9200/_bulk [status:200 request:4.847s]
2025-10-05 18:38:07,268 - INFO - POST http://localhost:9200/_bulk [status:200 request:14.736s]
2025-10-05 18:38:07,509 - INFO - Progress: 14,150,000 indexed, 0 failed, Rate: 1541.2 docs/sec, Queue: 289, Elapsed: 9181.1s
2025-10-05 18:38:09,147 - INFO - POST http://localhost:9200/_bulk [status:200 request:11.394s]
2025-10-05 18:38:10,068 - INFO - Overall progress: Parsed 14,698,000, Indexed 0, Queue: 293
2025-10-05 18:38:10,290 - INFO - Worker 0: Parsed 14,700,000 docs, Queue: 295
2025-10-05 18:38:10,891 - INFO - POST http://localhost:9200/_bulk [status:200 request:6.520s]
2025-10-05 18:38:11,160 - INFO - POST http://localhost:9200/_bulk [status:200 request:5.464s]
2025-10-05 18:38:11,621 - INFO - POST http://localhost:9200/_bulk [status:200 request:17.877s]
2025-10-05 18:38:11,995 - INFO - Progress: 14,160,000 indexed, 0 failed, Rate: 1541.6 docs/sec, Queue: 295, Elapsed: 9185.5s
2025-10-05 18:38:12,114 - INFO - POST http://localhost:9200/_bulk [status:200 request:18.028s]
2025-10-05 18:38:12,695 - INFO - Progress: 14,170,000 indexed, 0 failed, Rate: 1542.5 docs/sec, Queue: 299, Elapsed: 9186.2s
2025-10-05 18:38:12,840 - INFO - POST http://localhost:9200/_bulk [status:200 request:17.463s]
2025-10-05 18:38:13,206 - INFO - POST http://localhost:9200/_bulk [status:200 request:5.609s]
2025-10-05 18:38:13,767 - INFO - POST http://localhost:9200/_bulk [status:200 request:17.756s]
2025-10-05 18:38:14,162 - INFO - Progress: 14,180,000 indexed, 0 failed, Rate: 1543.4 docs/sec, Queue: 300, Elapsed: 9187.7s
2025-10-05 18:38:14,224 - INFO - Progress: 14,190,000 indexed, 0 failed, Rate: 1544.4 docs/sec, Queue: 300, Elapsed: 9187.8s
2025-10-05 18:38:14,266 - INFO - Progress: 14,200,000 indexed, 0 failed, Rate: 1545.5 docs/sec, Queue: 300, Elapsed: 9187.8s
2025-10-05 18:38:14,319 - INFO - === METRICS ES CONSUMER AT 14200000 DOCS ===
2025-10-05 18:38:14,324 - INFO - Process Memory:
2025-10-05 18:38:14,325 - INFO -   RSS: 7.03 GB
2025-10-05 18:38:14,325 - INFO -   VMS: 9.67 GB
2025-10-05 18:38:14,349 - INFO -   % of System: 0.8%
2025-10-05 18:38:14,354 - INFO - System Memory:
2025-10-05 18:38:14,360 - INFO -   Total Used: 18.7%
2025-10-05 18:38:14,365 - INFO -   Available: 695.04 GB
2025-10-05 18:38:14,370 - INFO -   Cached: 52.24 GB
2025-10-05 18:38:15,133 - INFO - POST http://localhost:9200/_bulk [status:200 request:4.809s]
2025-10-05 18:38:16,158 - INFO - CPU:
2025-10-05 18:38:16,168 - INFO -   Process usage: 95.7%
2025-10-05 18:38:16,182 - INFO -   Threads: 14
2025-10-05 18:38:16,357 - INFO -   Allocated cores: 288 (IDs: [0, 1, 2, 3, 4]...)
2025-10-05 18:38:16,499 - INFO - Process I/O:
2025-10-05 18:38:16,504 - INFO -   Read: 0.03 GB
2025-10-05 18:38:16,504 - INFO -   Write: 0.06 GB
2025-10-05 18:38:16,504 - INFO - ==================================================
2025-10-05 18:38:17,231 - INFO - Progress: 14,210,000 indexed, 0 failed, Rate: 1546.1 docs/sec, Queue: 300, Elapsed: 9190.8s
2025-10-05 18:38:17,231 - INFO - POST http://localhost:9200/_bulk [status:200 request:5.847s]
2025-10-05 18:38:17,278 - INFO - Progress: 14,220,000 indexed, 0 failed, Rate: 1547.2 docs/sec, Queue: 300, Elapsed: 9190.8s
2025-10-05 18:38:17,464 - INFO - Progress: 14,230,000 indexed, 0 failed, Rate: 1548.3 docs/sec, Queue: 300, Elapsed: 9191.0s
2025-10-05 18:38:17,524 - INFO - Progress: 14,240,000 indexed, 0 failed, Rate: 1549.3 docs/sec, Queue: 300, Elapsed: 9191.1s
2025-10-05 18:38:17,764 - INFO - POST http://localhost:9200/_bulk [status:200 request:5.018s]
2025-10-05 18:38:17,997 - INFO - Progress: 14,250,000 indexed, 0 failed, Rate: 1550.3 docs/sec, Queue: 300, Elapsed: 9191.6s
2025-10-05 18:38:18,044 - INFO - POST http://localhost:9200/_bulk [status:200 request:6.014s]
2025-10-05 18:38:18,175 - INFO - POST http://localhost:9200/_bulk [status:200 request:6.253s]
2025-10-05 18:38:18,331 - INFO - POST http://localhost:9200/_bulk [status:200 request:5.038s]
2025-10-05 18:38:19,458 - INFO - Progress: 14,260,000 indexed, 0 failed, Rate: 1551.2 docs/sec, Queue: 300, Elapsed: 9193.0s
2025-10-05 18:38:19,515 - INFO - Progress: 14,270,000 indexed, 0 failed, Rate: 1552.3 docs/sec, Queue: 300, Elapsed: 9193.1s
2025-10-05 18:38:19,515 - INFO - POST http://localhost:9200/_bulk [status:200 request:5.515s]
2025-10-05 18:38:19,714 - INFO - Progress: 14,280,000 indexed, 0 failed, Rate: 1553.3 docs/sec, Queue: 300, Elapsed: 9193.3s
2025-10-05 18:38:19,754 - INFO - POST http://localhost:9200/_bulk [status:200 request:5.398s]
2025-10-05 18:38:19,900 - INFO - Progress: 14,290,000 indexed, 0 failed, Rate: 1554.4 docs/sec, Queue: 300, Elapsed: 9193.5s
2025-10-05 18:38:20,186 - INFO - Overall progress: Parsed 14,733,000, Indexed 0, Queue: 300
2025-10-05 18:38:20,430 - INFO - Progress: 14,300,000 indexed, 0 failed, Rate: 1555.4 docs/sec, Queue: 300, Elapsed: 9194.0s
2025-10-05 18:38:20,512 - INFO - === METRICS ES CONSUMER AT 14300000 DOCS ===
2025-10-05 18:38:20,512 - INFO - Process Memory:
2025-10-05 18:38:20,521 - INFO -   RSS: 7.00 GB
2025-10-05 18:38:20,526 - INFO -   VMS: 9.64 GB
2025-10-05 18:38:20,547 - INFO -   % of System: 0.8%
2025-10-05 18:38:20,552 - INFO - System Memory:
2025-10-05 18:38:20,557 - INFO -   Total Used: 18.7%
2025-10-05 18:38:20,563 - INFO -   Available: 694.82 GB
2025-10-05 18:38:20,568 - INFO -   Cached: 52.78 GB
2025-10-05 18:38:21,619 - INFO - CPU:
2025-10-05 18:38:21,624 - INFO -   Process usage: 85.3%
2025-10-05 18:38:21,626 - INFO -   Threads: 14
2025-10-05 18:38:21,627 - INFO -   Allocated cores: 288 (IDs: [0, 1, 2, 3, 4]...)
2025-10-05 18:38:21,634 - INFO - Process I/O:
2025-10-05 18:38:21,639 - INFO -   Read: 0.03 GB
2025-10-05 18:38:21,645 - INFO -   Write: 0.06 GB
2025-10-05 18:38:21,650 - INFO - ==================================================
2025-10-05 18:38:22,132 - INFO - Progress: 14,310,000 indexed, 0 failed, Rate: 1556.2 docs/sec, Queue: 299, Elapsed: 9195.7s
2025-10-05 18:38:22,172 - INFO - POST http://localhost:9200/_bulk [status:200 request:5.695s]
2025-10-05 18:38:22,664 - INFO - Progress: 14,320,000 indexed, 0 failed, Rate: 1557.2 docs/sec, Queue: 300, Elapsed: 9196.2s
2025-10-05 18:38:23,041 - INFO - POST http://localhost:9200/_bulk [status:200 request:5.235s]
2025-10-05 18:38:23,370 - INFO - Progress: 14,330,000 indexed, 0 failed, Rate: 1558.1 docs/sec, Queue: 300, Elapsed: 9196.9s
2025-10-05 18:38:23,603 - INFO - POST http://localhost:9200/_bulk [status:200 request:4.562s]
2025-10-05 18:38:23,834 - INFO - Worker 0: Parsed 14,750,000 docs, Queue: 300
2025-10-05 18:38:24,078 - INFO - POST http://localhost:9200/_bulk [status:200 request:5.086s]
2025-10-05 18:38:24,450 - INFO - Progress: 14,340,000 indexed, 0 failed, Rate: 1559.0 docs/sec, Queue: 300, Elapsed: 9198.0s
2025-10-05 18:38:24,531 - INFO - Progress: 14,350,000 indexed, 0 failed, Rate: 1560.1 docs/sec, Queue: 300, Elapsed: 9198.1s
2025-10-05 18:38:25,058 - INFO - POST http://localhost:9200/_bulk [status:200 request:4.863s]
2025-10-05 18:38:25,302 - INFO - POST http://localhost:9200/_bulk [status:200 request:5.861s]
2025-10-05 18:38:25,878 - INFO - Progress: 14,360,000 indexed, 0 failed, Rate: 1561.0 docs/sec, Queue: 299, Elapsed: 9199.4s
2025-10-05 18:38:25,900 - INFO - POST http://localhost:9200/_bulk [status:200 request:6.374s]
2025-10-05 18:38:26,371 - INFO - POST http://localhost:9200/_bulk [status:200 request:5.916s]
2025-10-05 18:38:26,640 - INFO - Progress: 14,370,000 indexed, 0 failed, Rate: 1561.9 docs/sec, Queue: 300, Elapsed: 9200.2s
2025-10-05 18:38:26,696 - INFO - Progress: 14,380,000 indexed, 0 failed, Rate: 1563.0 docs/sec, Queue: 300, Elapsed: 9200.2s
2025-10-05 18:38:26,979 - INFO - Progress: 14,390,000 indexed, 0 failed, Rate: 1564.0 docs/sec, Queue: 300, Elapsed: 9200.5s
2025-10-05 18:38:27,791 - INFO - POST http://localhost:9200/_bulk [status:200 request:5.064s]
2025-10-05 18:38:28,245 - INFO - Progress: 14,400,000 indexed, 0 failed, Rate: 1564.9 docs/sec, Queue: 299, Elapsed: 9201.8s
2025-10-05 18:38:28,347 - INFO - === METRICS ES CONSUMER AT 14400000 DOCS ===
2025-10-05 18:38:28,348 - INFO - Process Memory:
2025-10-05 18:38:28,356 - INFO -   RSS: 6.70 GB
2025-10-05 18:38:28,361 - INFO -   VMS: 9.34 GB
2025-10-05 18:38:28,382 - INFO -   % of System: 0.8%
2025-10-05 18:38:28,388 - INFO - System Memory:
2025-10-05 18:38:28,393 - INFO -   Total Used: 18.7%
2025-10-05 18:38:28,398 - INFO -   Available: 694.60 GB
2025-10-05 18:38:28,403 - INFO -   Cached: 53.50 GB
2025-10-05 18:38:29,414 - INFO - CPU:
2025-10-05 18:38:29,414 - INFO -   Process usage: 91.6%
2025-10-05 18:38:29,414 - INFO -   Threads: 14
2025-10-05 18:38:29,414 - INFO -   Allocated cores: 288 (IDs: [0, 1, 2, 3, 4]...)
2025-10-05 18:38:29,415 - INFO - Process I/O:
2025-10-05 18:38:29,415 - INFO -   Read: 0.03 GB
2025-10-05 18:38:29,415 - INFO -   Write: 0.06 GB
2025-10-05 18:38:29,415 - INFO - ==================================================
2025-10-05 18:38:29,713 - INFO - POST http://localhost:9200/_bulk [status:200 request:6.281s]
2025-10-05 18:38:30,027 - INFO - Progress: 14,410,000 indexed, 0 failed, Rate: 1565.7 docs/sec, Queue: 293, Elapsed: 9203.6s
2025-10-05 18:38:30,226 - INFO - Overall progress: Parsed 14,778,000, Indexed 0, Queue: 292
2025-10-05 18:38:31,069 - INFO - POST http://localhost:9200/_bulk [status:200 request:6.608s]
2025-10-05 18:38:31,070 - INFO - POST http://localhost:9200/_bulk [status:200 request:6.996s]
2025-10-05 18:38:31,659 - INFO - Progress: 14,420,000 indexed, 0 failed, Rate: 1566.5 docs/sec, Queue: 291, Elapsed: 9205.2s
2025-10-05 18:38:31,717 - INFO - Progress: 14,430,000 indexed, 0 failed, Rate: 1567.6 docs/sec, Queue: 291, Elapsed: 9205.3s
2025-10-05 18:38:32,081 - INFO - POST http://localhost:9200/_bulk [status:200 request:6.393s]
2025-10-05 18:38:32,384 - INFO - Progress: 14,440,000 indexed, 0 failed, Rate: 1568.6 docs/sec, Queue: 292, Elapsed: 9205.9s
2025-10-05 18:38:33,424 - INFO - POST http://localhost:9200/_bulk [status:200 request:7.538s]
2025-10-05 18:38:33,730 - INFO - Progress: 14,450,000 indexed, 0 failed, Rate: 1569.4 docs/sec, Queue: 288, Elapsed: 9207.3s
2025-10-05 18:38:33,892 - INFO - Worker 0: Parsed 14,800,000 docs, Queue: 290
2025-10-05 18:38:34,196 - INFO - POST http://localhost:9200/_bulk [status:200 request:6.628s]
2025-10-05 18:38:34,765 - INFO - Progress: 14,460,000 indexed, 0 failed, Rate: 1570.3 docs/sec, Queue: 291, Elapsed: 9208.3s
2025-10-05 18:38:35,751 - INFO - POST http://localhost:9200/_bulk [status:200 request:5.546s]
2025-10-05 18:38:36,120 - INFO - POST http://localhost:9200/_bulk [status:200 request:7.170s]
2025-10-05 18:38:36,301 - INFO - POST http://localhost:9200/_bulk [status:200 request:4.354s]
2025-10-05 18:38:36,979 - INFO - Progress: 14,470,000 indexed, 0 failed, Rate: 1571.0 docs/sec, Queue: 288, Elapsed: 9210.5s
2025-10-05 18:38:37,108 - INFO - Progress: 14,480,000 indexed, 0 failed, Rate: 1572.1 docs/sec, Queue: 290, Elapsed: 9210.7s
2025-10-05 18:38:37,271 - INFO - Progress: 14,490,000 indexed, 0 failed, Rate: 1573.1 docs/sec, Queue: 290, Elapsed: 9210.8s
2025-10-05 18:38:37,578 - INFO - POST http://localhost:9200/_bulk [status:200 request:4.592s]
2025-10-05 18:38:37,921 - INFO - Progress: 14,500,000 indexed, 0 failed, Rate: 1574.1 docs/sec, Queue: 289, Elapsed: 9211.5s
2025-10-05 18:38:38,036 - INFO - === METRICS ES CONSUMER AT 14500000 DOCS ===
2025-10-05 18:38:38,042 - INFO - Process Memory:
2025-10-05 18:38:38,042 - INFO -   RSS: 6.03 GB
2025-10-05 18:38:38,042 - INFO -   VMS: 8.67 GB
2025-10-05 18:38:38,058 - INFO -   % of System: 0.7%
2025-10-05 18:38:38,064 - INFO - System Memory:
2025-10-05 18:38:38,069 - INFO -   Total Used: 18.7%
2025-10-05 18:38:38,074 - INFO -   Available: 694.87 GB
2025-10-05 18:38:38,079 - INFO -   Cached: 54.05 GB
2025-10-05 18:38:39,125 - INFO - CPU:
2025-10-05 18:38:39,131 - INFO -   Process usage: 81.3%
2025-10-05 18:38:39,136 - INFO -   Threads: 14
2025-10-05 18:38:39,141 - INFO -   Allocated cores: 288 (IDs: [0, 1, 2, 3, 4]...)
2025-10-05 18:38:39,162 - INFO - Process I/O:
2025-10-05 18:38:39,167 - INFO -   Read: 0.03 GB
2025-10-05 18:38:39,168 - INFO -   Write: 0.06 GB
2025-10-05 18:38:39,168 - INFO - ==================================================
2025-10-05 18:38:39,522 - INFO - POST http://localhost:9200/_bulk [status:200 request:4.528s]
2025-10-05 18:38:39,859 - INFO - Progress: 14,510,000 indexed, 0 failed, Rate: 1574.9 docs/sec, Queue: 277, Elapsed: 9213.4s
2025-10-05 18:38:40,368 - INFO - Overall progress: Parsed 14,836,000, Indexed 0, Queue: 276
2025-10-05 18:38:40,448 - INFO - POST http://localhost:9200/_bulk [status:200 request:4.762s]
2025-10-05 18:38:40,780 - INFO - Progress: 14,520,000 indexed, 0 failed, Rate: 1575.8 docs/sec, Queue: 276, Elapsed: 9214.3s
2025-10-05 18:38:42,803 - INFO - Worker 0: Parsed 14,850,000 docs, Queue: 259
2025-10-05 18:38:42,944 - INFO - POST http://localhost:9200/_bulk [status:200 request:4.763s]
2025-10-05 18:38:43,176 - INFO - Progress: 14,530,000 indexed, 0 failed, Rate: 1576.5 docs/sec, Queue: 259, Elapsed: 9216.7s
2025-10-05 18:38:46,192 - INFO - POST http://localhost:9200/_bulk [status:200 request:6.481s]
2025-10-05 18:38:46,341 - INFO - POST http://localhost:9200/_bulk [status:200 request:7.489s]
2025-10-05 18:38:47,179 - INFO - Progress: 14,540,000 indexed, 0 failed, Rate: 1576.9 docs/sec, Queue: 238, Elapsed: 9220.7s
2025-10-05 18:38:47,212 - INFO - Progress: 14,550,000 indexed, 0 failed, Rate: 1578.0 docs/sec, Queue: 238, Elapsed: 9220.8s
2025-10-05 18:38:49,313 - INFO - POST http://localhost:9200/_bulk [status:200 request:7.577s]
2025-10-05 18:38:50,188 - INFO - POST http://localhost:9200/_bulk [status:200 request:9.188s]
2025-10-05 18:38:50,562 - INFO - Overall progress: Parsed 14,894,000, Indexed 0, Queue: 218
2025-10-05 18:38:50,575 - INFO - POST http://localhost:9200/_bulk [status:200 request:6.233s]
2025-10-05 18:38:50,578 - INFO - Progress: 14,560,000 indexed, 0 failed, Rate: 1578.5 docs/sec, Queue: 218, Elapsed: 9224.1s
2025-10-05 18:38:50,712 - INFO - POST http://localhost:9200/_bulk [status:200 request:8.223s]
2025-10-05 18:38:50,748 - INFO - Progress: 14,570,000 indexed, 0 failed, Rate: 1579.5 docs/sec, Queue: 218, Elapsed: 9224.3s
2025-10-05 18:38:51,102 - INFO - POST http://localhost:9200/_bulk [status:200 request:6.079s]
2025-10-05 18:38:51,346 - INFO - Worker 0: Parsed 14,900,000 docs, Queue: 223
2025-10-05 18:38:51,395 - INFO - Progress: 14,580,000 indexed, 0 failed, Rate: 1580.5 docs/sec, Queue: 223, Elapsed: 9224.9s
2025-10-05 18:38:51,803 - INFO - POST http://localhost:9200/_bulk [status:200 request:8.334s]
2025-10-05 18:38:52,186 - INFO - Progress: 14,590,000 indexed, 0 failed, Rate: 1581.4 docs/sec, Queue: 221, Elapsed: 9225.7s
2025-10-05 18:38:52,229 - INFO - Progress: 14,600,000 indexed, 0 failed, Rate: 1582.5 docs/sec, Queue: 221, Elapsed: 9225.8s
2025-10-05 18:38:52,281 - INFO - === METRICS ES CONSUMER AT 14600000 DOCS ===
2025-10-05 18:38:52,287 - INFO - Process Memory:
2025-10-05 18:38:52,292 - INFO -   RSS: 6.56 GB
2025-10-05 18:38:52,297 - INFO -   VMS: 9.20 GB
2025-10-05 18:38:52,325 - INFO -   % of System: 0.8%
2025-10-05 18:38:52,325 - INFO - System Memory:
2025-10-05 18:38:52,325 - INFO -   Total Used: 18.8%
2025-10-05 18:38:52,346 - INFO - POST http://localhost:9200/_bulk [status:200 request:5.416s]
2025-10-05 18:38:52,346 - INFO -   Available: 693.65 GB
2025-10-05 18:38:52,545 - INFO -   Cached: 54.70 GB
2025-10-05 18:38:53,619 - INFO - CPU:
2025-10-05 18:38:53,625 - INFO -   Process usage: 91.4%
2025-10-05 18:38:53,630 - INFO -   Threads: 14
2025-10-05 18:38:53,636 - INFO -   Allocated cores: 288 (IDs: [0, 1, 2, 3, 4]...)
2025-10-05 18:38:53,656 - INFO - Process I/O:
2025-10-05 18:38:53,662 - INFO -   Read: 0.03 GB
2025-10-05 18:38:53,666 - INFO -   Write: 0.06 GB
2025-10-05 18:38:53,666 - INFO - ==================================================
2025-10-05 18:38:53,966 - INFO - Progress: 14,610,000 indexed, 0 failed, Rate: 1583.3 docs/sec, Queue: 216, Elapsed: 9227.5s
2025-10-05 18:38:54,017 - INFO - Progress: 14,620,000 indexed, 0 failed, Rate: 1584.4 docs/sec, Queue: 217, Elapsed: 9227.6s
2025-10-05 18:38:54,054 - INFO - POST http://localhost:9200/_bulk [status:200 request:6.875s]
2025-10-05 18:38:54,363 - INFO - Progress: 14,630,000 indexed, 0 failed, Rate: 1585.4 docs/sec, Queue: 219, Elapsed: 9227.9s
2025-10-05 18:38:54,725 - INFO - POST http://localhost:9200/_bulk [status:200 request:5.151s]
2025-10-05 18:38:55,070 - INFO - Progress: 14,640,000 indexed, 0 failed, Rate: 1586.4 docs/sec, Queue: 216, Elapsed: 9228.6s
2025-10-05 18:38:55,259 - INFO - POST http://localhost:9200/_bulk [status:200 request:4.668s]
2025-10-05 18:38:55,575 - INFO - Progress: 14,650,000 indexed, 0 failed, Rate: 1587.4 docs/sec, Queue: 216, Elapsed: 9229.1s
2025-10-05 18:38:56,329 - INFO - POST http://localhost:9200/_bulk [status:200 request:4.934s]
2025-10-05 18:38:56,560 - INFO - Progress: 14,660,000 indexed, 0 failed, Rate: 1588.3 docs/sec, Queue: 212, Elapsed: 9230.1s
2025-10-05 18:38:57,232 - INFO - POST http://localhost:9200/_bulk [status:200 request:5.836s]
2025-10-05 18:38:57,489 - INFO - Progress: 14,670,000 indexed, 0 failed, Rate: 1589.2 docs/sec, Queue: 209, Elapsed: 9231.0s
2025-10-05 18:38:57,980 - INFO - POST http://localhost:9200/_bulk [status:200 request:5.436s]
2025-10-05 18:38:58,282 - INFO - Progress: 14,680,000 indexed, 0 failed, Rate: 1590.1 docs/sec, Queue: 207, Elapsed: 9231.8s
2025-10-05 18:38:58,908 - INFO - POST http://localhost:9200/_bulk [status:200 request:5.385s]
2025-10-05 18:38:59,197 - INFO - Progress: 14,690,000 indexed, 0 failed, Rate: 1591.1 docs/sec, Queue: 205, Elapsed: 9232.8s
2025-10-05 18:38:59,296 - INFO - Worker 0: Parsed 14,950,000 docs, Queue: 205
2025-10-05 18:38:59,962 - INFO - POST http://localhost:9200/_bulk [status:200 request:5.243s]
2025-10-05 18:39:00,374 - INFO - Progress: 14,700,000 indexed, 0 failed, Rate: 1592.0 docs/sec, Queue: 203, Elapsed: 9233.9s
2025-10-05 18:39:00,416 - INFO - === METRICS ES CONSUMER AT 14700000 DOCS ===
2025-10-05 18:39:00,422 - INFO - Process Memory:
2025-10-05 18:39:00,427 - INFO -   RSS: 6.29 GB
2025-10-05 18:39:00,430 - INFO -   VMS: 8.93 GB
2025-10-05 18:39:00,438 - INFO -   % of System: 0.7%
2025-10-05 18:39:00,443 - INFO - System Memory:
2025-10-05 18:39:00,463 - INFO -   Total Used: 18.8%
2025-10-05 18:39:00,492 - INFO -   Available: 693.60 GB
2025-10-05 18:39:00,497 - INFO -   Cached: 55.36 GB
2025-10-05 18:39:00,606 - INFO - Overall progress: Parsed 14,956,000, Indexed 0, Queue: 199
2025-10-05 18:39:01,076 - INFO - POST http://localhost:9200/_bulk [status:200 request:4.965s]
2025-10-05 18:39:01,561 - INFO - CPU:
2025-10-05 18:39:01,567 - INFO -   Process usage: 94.4%
2025-10-05 18:39:01,572 - INFO -   Threads: 14
2025-10-05 18:39:01,577 - INFO -   Allocated cores: 288 (IDs: [0, 1, 2, 3, 4]...)
2025-10-05 18:39:01,596 - INFO - Process I/O:
2025-10-05 18:39:01,597 - INFO -   Read: 0.03 GB
2025-10-05 18:39:01,597 - INFO -   Write: 0.06 GB
2025-10-05 18:39:01,597 - INFO - ==================================================
2025-10-05 18:39:01,840 - INFO - Progress: 14,710,000 indexed, 0 failed, Rate: 1592.8 docs/sec, Queue: 197, Elapsed: 9235.4s
2025-10-05 18:39:02,250 - INFO - POST http://localhost:9200/_bulk [status:200 request:5.171s]
2025-10-05 18:39:02,515 - INFO - Progress: 14,720,000 indexed, 0 failed, Rate: 1593.8 docs/sec, Queue: 195, Elapsed: 9236.1s
2025-10-05 18:39:02,908 - INFO - POST http://localhost:9200/_bulk [status:200 request:4.721s]
2025-10-05 18:39:03,217 - INFO - Progress: 14,730,000 indexed, 0 failed, Rate: 1594.7 docs/sec, Queue: 194, Elapsed: 9236.8s
2025-10-05 18:39:04,016 - INFO - POST http://localhost:9200/_bulk [status:200 request:4.683s]
2025-10-05 18:39:04,286 - INFO - Progress: 14,740,000 indexed, 0 failed, Rate: 1595.6 docs/sec, Queue: 189, Elapsed: 9237.8s
2025-10-05 18:39:05,332 - INFO - POST http://localhost:9200/_bulk [status:200 request:4.824s]
2025-10-05 18:39:05,668 - INFO - Progress: 14,750,000 indexed, 0 failed, Rate: 1596.5 docs/sec, Queue: 184, Elapsed: 9239.2s
2025-10-05 18:39:06,602 - INFO - POST http://localhost:9200/_bulk [status:200 request:5.060s]
2025-10-05 18:39:06,890 - INFO - Progress: 14,760,000 indexed, 0 failed, Rate: 1597.3 docs/sec, Queue: 173, Elapsed: 9240.4s
2025-10-05 18:39:07,200 - INFO - Worker 0: Parsed 15,000,000 docs, Queue: 169
2025-10-05 18:39:08,731 - INFO - POST http://localhost:9200/_bulk [status:200 request:6.135s]
2025-10-05 18:39:09,034 - INFO - Progress: 14,770,000 indexed, 0 failed, Rate: 1598.0 docs/sec, Queue: 156, Elapsed: 9242.6s
2025-10-05 18:39:09,817 - INFO - POST http://localhost:9200/_bulk [status:200 request:6.278s]
2025-10-05 18:39:10,178 - INFO - Progress: 14,780,000 indexed, 0 failed, Rate: 1598.9 docs/sec, Queue: 148, Elapsed: 9243.7s
2025-10-05 18:39:10,620 - INFO - Overall progress: Parsed 15,021,000, Indexed 0, Queue: 148
2025-10-05 18:39:11,312 - INFO - POST http://localhost:9200/_bulk [status:200 request:6.767s]
2025-10-05 18:39:11,902 - INFO - Progress: 14,790,000 indexed, 0 failed, Rate: 1599.7 docs/sec, Queue: 143, Elapsed: 9245.5s
2025-10-05 18:39:12,717 - INFO - POST http://localhost:9200/_bulk [status:200 request:7.400s]
2025-10-05 18:39:12,980 - INFO - Progress: 14,800,000 indexed, 0 failed, Rate: 1600.6 docs/sec, Queue: 134, Elapsed: 9246.5s
2025-10-05 18:39:13,281 - INFO - === METRICS ES CONSUMER AT 14800000 DOCS ===
2025-10-05 18:39:13,286 - INFO - Process Memory:
2025-10-05 18:39:13,291 - INFO -   RSS: 6.81 GB
2025-10-05 18:39:13,296 - INFO -   VMS: 9.45 GB
2025-10-05 18:39:13,303 - INFO -   % of System: 0.8%
2025-10-05 18:39:13,308 - INFO - System Memory:
2025-10-05 18:39:13,314 - INFO -   Total Used: 18.8%
2025-10-05 18:39:13,319 - INFO -   Available: 694.05 GB
2025-10-05 18:39:13,324 - INFO -   Cached: 55.68 GB
2025-10-05 18:39:13,824 - INFO - POST http://localhost:9200/_bulk [status:200 request:6.252s]
2025-10-05 18:39:14,362 - INFO - CPU:
2025-10-05 18:39:14,369 - INFO -   Process usage: 86.1%
2025-10-05 18:39:14,374 - INFO -   Threads: 14
2025-10-05 18:39:14,379 - INFO -   Allocated cores: 288 (IDs: [0, 1, 2, 3, 4]...)
2025-10-05 18:39:14,407 - INFO - Process I/O:
2025-10-05 18:39:14,412 - INFO -   Read: 0.03 GB
2025-10-05 18:39:14,416 - INFO -   Write: 0.06 GB
2025-10-05 18:39:14,417 - INFO - ==================================================
2025-10-05 18:39:14,660 - INFO - Worker 0: Parsed 15,050,000 docs, Queue: 130
2025-10-05 18:39:14,719 - INFO - POST http://localhost:9200/_bulk [status:200 request:8.538s]
2025-10-05 18:39:15,049 - INFO - Progress: 14,810,000 indexed, 0 failed, Rate: 1601.3 docs/sec, Queue: 130, Elapsed: 9248.6s
2025-10-05 18:39:15,182 - INFO - POST http://localhost:9200/_bulk [status:200 request:8.220s]
2025-10-05 18:39:15,476 - INFO - Progress: 14,820,000 indexed, 0 failed, Rate: 1602.3 docs/sec, Queue: 131, Elapsed: 9249.0s
2025-10-05 18:39:15,515 - INFO - Progress: 14,830,000 indexed, 0 failed, Rate: 1603.4 docs/sec, Queue: 131, Elapsed: 9249.1s
2025-10-05 18:39:16,017 - INFO - POST http://localhost:9200/_bulk [status:200 request:7.707s]
2025-10-05 18:39:16,291 - INFO - Progress: 14,840,000 indexed, 0 failed, Rate: 1604.4 docs/sec, Queue: 132, Elapsed: 9249.8s
2025-10-05 18:39:16,618 - INFO - POST http://localhost:9200/_bulk [status:200 request:7.462s]
2025-10-05 18:39:16,840 - INFO - POST http://localhost:9200/_bulk [status:200 request:6.598s]
2025-10-05 18:39:17,115 - INFO - Progress: 14,850,000 indexed, 0 failed, Rate: 1605.3 docs/sec, Queue: 132, Elapsed: 9250.7s
2025-10-05 18:39:17,372 - INFO - Progress: 14,860,000 indexed, 0 failed, Rate: 1606.3 docs/sec, Queue: 134, Elapsed: 9250.9s
2025-10-05 18:39:18,253 - INFO - POST http://localhost:9200/_bulk [status:200 request:6.271s]
2025-10-05 18:39:18,580 - INFO - Progress: 14,870,000 indexed, 0 failed, Rate: 1607.2 docs/sec, Queue: 131, Elapsed: 9252.1s
2025-10-05 18:39:20,672 - INFO - Overall progress: Parsed 15,092,000, Indexed 0, Queue: 114
2025-10-05 18:39:21,256 - INFO - POST http://localhost:9200/_bulk [status:200 request:7.178s]
2025-10-05 18:39:21,545 - INFO - POST http://localhost:9200/_bulk [status:200 request:6.450s]
2025-10-05 18:39:21,597 - INFO - Worker 0: Parsed 15,100,000 docs, Queue: 109
2025-10-05 18:39:21,994 - INFO - POST http://localhost:9200/_bulk [status:200 request:8.991s]
2025-10-05 18:39:22,397 - INFO - Progress: 14,880,000 indexed, 0 failed, Rate: 1607.6 docs/sec, Queue: 113, Elapsed: 9256.0s
2025-10-05 18:39:22,447 - INFO - Progress: 14,890,000 indexed, 0 failed, Rate: 1608.7 docs/sec, Queue: 114, Elapsed: 9256.0s
2025-10-05 18:39:22,500 - INFO - Progress: 14,900,000 indexed, 0 failed, Rate: 1609.8 docs/sec, Queue: 114, Elapsed: 9256.1s
2025-10-05 18:39:22,532 - INFO - === METRICS ES CONSUMER AT 14900000 DOCS ===
2025-10-05 18:39:22,537 - INFO - Process Memory:
2025-10-05 18:39:22,542 - INFO -   RSS: 6.81 GB
2025-10-05 18:39:22,548 - INFO -   VMS: 9.44 GB
2025-10-05 18:39:22,554 - INFO -   % of System: 0.8%
2025-10-05 18:39:22,554 - INFO - System Memory:
2025-10-05 18:39:22,554 - INFO -   Total Used: 18.8%
2025-10-05 18:39:22,562 - INFO -   Available: 693.46 GB
2025-10-05 18:39:22,568 - INFO -   Cached: 56.71 GB
2025-10-05 18:39:23,521 - INFO - POST http://localhost:9200/_bulk [status:200 request:8.029s]
2025-10-05 18:39:23,663 - INFO - CPU:
2025-10-05 18:39:23,734 - INFO -   Process usage: 93.8%
2025-10-05 18:39:23,754 - INFO -   Threads: 14
2025-10-05 18:39:23,782 - INFO -   Allocated cores: 288 (IDs: [0, 1, 2, 3, 4]...)
2025-10-05 18:39:23,806 - INFO - Process I/O:
2025-10-05 18:39:23,807 - INFO -   Read: 0.03 GB
2025-10-05 18:39:23,814 - INFO -   Write: 0.06 GB
2025-10-05 18:39:23,819 - INFO - ==================================================
2025-10-05 18:39:24,102 - INFO - Progress: 14,910,000 indexed, 0 failed, Rate: 1610.6 docs/sec, Queue: 108, Elapsed: 9257.7s
2025-10-05 18:39:24,819 - INFO - POST http://localhost:9200/_bulk [status:200 request:8.483s]
2025-10-05 18:39:24,953 - INFO - POST http://localhost:9200/_bulk [status:200 request:6.727s]
2025-10-05 18:39:25,489 - INFO - Progress: 14,920,000 indexed, 0 failed, Rate: 1611.4 docs/sec, Queue: 103, Elapsed: 9259.0s
2025-10-05 18:39:25,970 - INFO - POST http://localhost:9200/_bulk [status:200 request:8.784s]
2025-10-05 18:39:26,263 - INFO - Progress: 14,930,000 indexed, 0 failed, Rate: 1612.3 docs/sec, Queue: 107, Elapsed: 9259.8s
2025-10-05 18:39:26,336 - INFO - Progress: 14,940,000 indexed, 0 failed, Rate: 1613.4 docs/sec, Queue: 107, Elapsed: 9259.9s
2025-10-05 18:39:26,399 - INFO - POST http://localhost:9200/_bulk [status:200 request:7.139s]
2025-10-05 18:39:26,964 - INFO - Progress: 14,950,000 indexed, 0 failed, Rate: 1614.4 docs/sec, Queue: 110, Elapsed: 9260.5s
2025-10-05 18:39:28,141 - INFO - Worker 0: Parsed 15,150,000 docs, Queue: 102
2025-10-05 18:39:28,691 - INFO - POST http://localhost:9200/_bulk [status:200 request:7.185s]
2025-10-05 18:39:28,958 - INFO - Progress: 14,960,000 indexed, 0 failed, Rate: 1615.1 docs/sec, Queue: 98, Elapsed: 9262.5s
2025-10-05 18:39:29,056 - INFO - POST http://localhost:9200/_bulk [status:200 request:6.642s]
2025-10-05 18:39:29,376 - INFO - Progress: 14,970,000 indexed, 0 failed, Rate: 1616.1 docs/sec, Queue: 99, Elapsed: 9262.9s
2025-10-05 18:39:29,508 - INFO - POST http://localhost:9200/_bulk [status:200 request:7.018s]
2025-10-05 18:39:29,791 - INFO - Progress: 14,980,000 indexed, 0 failed, Rate: 1617.1 docs/sec, Queue: 100, Elapsed: 9263.3s
2025-10-05 18:39:30,688 - INFO - Overall progress: Parsed 15,168,000, Indexed 0, Queue: 94
2025-10-05 18:39:30,927 - INFO - POST http://localhost:9200/_bulk [status:200 request:7.123s]
2025-10-05 18:39:31,274 - INFO - Progress: 14,990,000 indexed, 0 failed, Rate: 1617.9 docs/sec, Queue: 93, Elapsed: 9264.8s
2025-10-05 18:39:32,483 - INFO - POST http://localhost:9200/_bulk [status:200 request:6.937s]
2025-10-05 18:39:32,809 - INFO - Progress: 15,000,000 indexed, 0 failed, Rate: 1618.8 docs/sec, Queue: 79, Elapsed: 9266.4s
2025-10-05 18:39:32,856 - INFO - === METRICS ES CONSUMER AT 15000000 DOCS ===
2025-10-05 18:39:32,862 - INFO - Process Memory:
2025-10-05 18:39:32,867 - INFO -   RSS: 6.82 GB
2025-10-05 18:39:32,872 - INFO -   VMS: 9.45 GB
2025-10-05 18:39:32,892 - INFO -   % of System: 0.8%
2025-10-05 18:39:32,892 - INFO - System Memory:
2025-10-05 18:39:32,892 - INFO -   Total Used: 18.9%
2025-10-05 18:39:32,892 - INFO -   Available: 693.18 GB
2025-10-05 18:39:32,892 - INFO -   Cached: 57.18 GB
2025-10-05 18:39:33,114 - INFO - POST http://localhost:9200/_bulk [status:200 request:7.258s]
2025-10-05 18:39:33,950 - INFO - CPU:
2025-10-05 18:39:33,956 - INFO - POST http://localhost:9200/_bulk [status:200 request:7.616s]
2025-10-05 18:39:33,956 - INFO -   Process usage: 95.9%
2025-10-05 18:39:34,087 - INFO -   Threads: 14
2025-10-05 18:39:34,093 - INFO -   Allocated cores: 288 (IDs: [0, 1, 2, 3, 4]...)
2025-10-05 18:39:34,171 - INFO - Process I/O:
2025-10-05 18:39:34,194 - INFO -   Read: 0.03 GB
2025-10-05 18:39:34,221 - INFO -   Write: 0.06 GB
2025-10-05 18:39:34,227 - INFO - ==================================================
2025-10-05 18:39:34,539 - INFO - Progress: 15,010,000 indexed, 0 failed, Rate: 1619.5 docs/sec, Queue: 83, Elapsed: 9268.1s
2025-10-05 18:39:34,575 - INFO - Progress: 15,020,000 indexed, 0 failed, Rate: 1620.6 docs/sec, Queue: 83, Elapsed: 9268.1s
2025-10-05 18:39:34,597 - INFO - Worker 0: Parsed 15,200,000 docs, Queue: 83
2025-10-05 18:39:35,189 - INFO - POST http://localhost:9200/_bulk [status:200 request:7.922s]
2025-10-05 18:39:35,562 - INFO - Progress: 15,030,000 indexed, 0 failed, Rate: 1621.5 docs/sec, Queue: 78, Elapsed: 9269.1s
2025-10-05 18:39:36,453 - INFO - POST http://localhost:9200/_bulk [status:200 request:7.482s]
2025-10-05 18:39:36,717 - INFO - Progress: 15,040,000 indexed, 0 failed, Rate: 1622.4 docs/sec, Queue: 78, Elapsed: 9270.3s
2025-10-05 18:39:37,772 - INFO - POST http://localhost:9200/_bulk [status:200 request:8.345s]
2025-10-05 18:39:37,893 - INFO - POST http://localhost:9200/_bulk [status:200 request:7.687s]
2025-10-05 18:39:38,139 - INFO - Progress: 15,050,000 indexed, 0 failed, Rate: 1623.2 docs/sec, Queue: 74, Elapsed: 9271.7s
2025-10-05 18:39:38,388 - INFO - Progress: 15,060,000 indexed, 0 failed, Rate: 1624.3 docs/sec, Queue: 75, Elapsed: 9271.9s
2025-10-05 18:39:39,131 - INFO - POST http://localhost:9200/_bulk [status:200 request:7.840s]
2025-10-05 18:39:39,390 - INFO - Progress: 15,070,000 indexed, 0 failed, Rate: 1625.2 docs/sec, Queue: 73, Elapsed: 9272.9s
2025-10-05 18:39:40,124 - INFO - POST http://localhost:9200/_bulk [status:200 request:7.296s]
2025-10-05 18:39:40,390 - INFO - Progress: 15,080,000 indexed, 0 failed, Rate: 1626.1 docs/sec, Queue: 72, Elapsed: 9273.9s
2025-10-05 18:39:40,694 - INFO - Overall progress: Parsed 15,248,000, Indexed 0, Queue: 69
2025-10-05 18:39:40,897 - INFO - Worker 0: Parsed 15,250,000 docs, Queue: 66
2025-10-05 18:39:41,391 - INFO - POST http://localhost:9200/_bulk [status:200 request:7.885s]
2025-10-05 18:39:41,790 - INFO - Progress: 15,090,000 indexed, 0 failed, Rate: 1626.9 docs/sec, Queue: 68, Elapsed: 9275.3s
2025-10-05 18:39:43,315 - INFO - POST http://localhost:9200/_bulk [status:200 request:9.083s]
2025-10-05 18:39:43,574 - INFO - Progress: 15,100,000 indexed, 0 failed, Rate: 1627.7 docs/sec, Queue: 53, Elapsed: 9277.1s
2025-10-05 18:39:43,620 - INFO - === METRICS ES CONSUMER AT 15100000 DOCS ===
2025-10-05 18:39:43,625 - INFO - Process Memory:
2025-10-05 18:39:43,627 - INFO -   RSS: 6.82 GB
2025-10-05 18:39:43,627 - INFO -   VMS: 9.45 GB
2025-10-05 18:39:43,627 - INFO -   % of System: 0.8%
2025-10-05 18:39:43,628 - INFO - System Memory:
2025-10-05 18:39:43,628 - INFO -   Total Used: 18.9%
2025-10-05 18:39:43,633 - INFO -   Available: 692.95 GB
2025-10-05 18:39:43,639 - INFO -   Cached: 57.61 GB
2025-10-05 18:39:44,689 - INFO - CPU:
2025-10-05 18:39:44,689 - INFO -   Process usage: 95.9%
2025-10-05 18:39:44,689 - INFO -   Threads: 14
2025-10-05 18:39:44,690 - INFO -   Allocated cores: 288 (IDs: [0, 1, 2, 3, 4]...)
2025-10-05 18:39:44,712 - INFO - Process I/O:
2025-10-05 18:39:44,718 - INFO -   Read: 0.03 GB
2025-10-05 18:39:44,723 - INFO -   Write: 0.06 GB
2025-10-05 18:39:44,728 - INFO - ==================================================
2025-10-05 18:39:47,045 - INFO - POST http://localhost:9200/_bulk [status:200 request:11.427s]
2025-10-05 18:39:47,113 - INFO - Worker 0: Parsed 15,300,000 docs, Queue: 28
2025-10-05 18:39:47,384 - INFO - Progress: 15,110,000 indexed, 0 failed, Rate: 1628.1 docs/sec, Queue: 29, Elapsed: 9280.9s
2025-10-05 18:39:47,428 - INFO - POST http://localhost:9200/_bulk [status:200 request:10.654s]
2025-10-05 18:39:47,704 - INFO - Progress: 15,120,000 indexed, 0 failed, Rate: 1629.1 docs/sec, Queue: 32, Elapsed: 9281.3s
2025-10-05 18:39:48,089 - INFO - POST http://localhost:9200/_bulk [status:200 request:9.854s]
2025-10-05 18:39:48,536 - INFO - Progress: 15,130,000 indexed, 0 failed, Rate: 1630.0 docs/sec, Queue: 32, Elapsed: 9282.1s
2025-10-05 18:39:49,910 - INFO - POST http://localhost:9200/_bulk [status:200 request:11.473s]
2025-10-05 18:39:50,692 - INFO - Progress: 15,140,000 indexed, 0 failed, Rate: 1630.7 docs/sec, Queue: 24, Elapsed: 9284.2s
2025-10-05 18:39:50,716 - INFO - Overall progress: Parsed 15,332,000, Indexed 0, Queue: 24
2025-10-05 18:39:51,573 - INFO - POST http://localhost:9200/_bulk [status:200 request:11.122s]
2025-10-05 18:39:51,816 - INFO - POST http://localhost:9200/_bulk [status:200 request:12.365s]
2025-10-05 18:39:52,223 - INFO - Progress: 15,150,000 indexed, 0 failed, Rate: 1631.5 docs/sec, Queue: 19, Elapsed: 9285.8s
2025-10-05 18:39:52,288 - INFO - Progress: 15,160,000 indexed, 0 failed, Rate: 1632.6 docs/sec, Queue: 21, Elapsed: 9285.8s
2025-10-05 18:39:52,522 - INFO - Worker 0: Parsed 15,350,000 docs, Queue: 18
2025-10-05 18:39:53,220 - INFO - POST http://localhost:9200/_bulk [status:200 request:11.413s]
2025-10-05 18:39:53,532 - INFO - Progress: 15,170,000 indexed, 0 failed, Rate: 1633.5 docs/sec, Queue: 10, Elapsed: 9287.1s
2025-10-05 18:39:54,056 - INFO - POST http://localhost:9200/_bulk [status:200 request:10.465s]
2025-10-05 18:39:54,273 - INFO - Progress: 15,180,000 indexed, 0 failed, Rate: 1634.4 docs/sec, Queue: 16, Elapsed: 9287.8s
2025-10-05 18:39:57,000 - INFO - POST http://localhost:9200/_bulk [status:200 request:9.561s]
2025-10-05 18:39:57,275 - INFO - Progress: 15,190,000 indexed, 0 failed, Rate: 1634.9 docs/sec, Queue: 2, Elapsed: 9290.8s
2025-10-05 18:39:57,696 - INFO - Worker 0: Parsed 15,400,000 docs, Queue: 1
2025-10-05 18:39:59,494 - INFO - POST http://localhost:9200/_bulk [status:200 request:10.502s]
2025-10-05 18:39:59,603 - INFO - POST http://localhost:9200/_bulk [status:200 request:11.842s]
2025-10-05 18:39:59,890 - INFO - Progress: 15,200,000 indexed, 0 failed, Rate: 1635.6 docs/sec, Queue: 9, Elapsed: 9293.4s
2025-10-05 18:39:59,900 - INFO - === METRICS ES CONSUMER AT 15200000 DOCS ===
2025-10-05 18:39:59,905 - INFO - Process Memory:
2025-10-05 18:39:59,916 - INFO -   RSS: 6.86 GB
2025-10-05 18:39:59,922 - INFO -   VMS: 9.50 GB
2025-10-05 18:39:59,943 - INFO -   % of System: 0.8%
2025-10-05 18:39:59,948 - INFO - System Memory:
2025-10-05 18:39:59,952 - INFO -   Total Used: 18.8%
2025-10-05 18:39:59,952 - INFO -   Available: 694.22 GB
2025-10-05 18:39:59,952 - INFO -   Cached: 57.23 GB
2025-10-05 18:40:00,718 - INFO - Overall progress: Parsed 15,430,000, Indexed 0, Queue: 0
2025-10-05 18:40:00,954 - INFO - CPU:
2025-10-05 18:40:00,954 - INFO -   Process usage: 81.9%
2025-10-05 18:40:00,954 - INFO -   Threads: 14
2025-10-05 18:40:00,954 - INFO -   Allocated cores: 288 (IDs: [0, 1, 2, 3, 4]...)
2025-10-05 18:40:00,955 - INFO - Process I/O:
2025-10-05 18:40:00,955 - INFO -   Read: 0.03 GB
2025-10-05 18:40:00,955 - INFO -   Write: 0.06 GB
2025-10-05 18:40:00,955 - INFO - ==================================================
2025-10-05 18:40:01,480 - INFO - Progress: 15,210,000 indexed, 0 failed, Rate: 1636.4 docs/sec, Queue: 6, Elapsed: 9295.0s
2025-10-05 18:40:02,204 - INFO - POST http://localhost:9200/_bulk [status:200 request:10.112s]
2025-10-05 18:40:02,485 - INFO - POST http://localhost:9200/_bulk [status:200 request:10.179s]
2025-10-05 18:40:02,675 - INFO - Worker 0: Parsed 15,450,000 docs, Queue: 3
2025-10-05 18:40:04,005 - INFO - POST http://localhost:9200/_bulk [status:200 request:13.301s]
2025-10-05 18:40:04,298 - INFO - Progress: 15,220,000 indexed, 0 failed, Rate: 1636.9 docs/sec, Queue: 8, Elapsed: 9297.9s
2025-10-05 18:40:04,354 - INFO - Progress: 15,230,000 indexed, 0 failed, Rate: 1638.0 docs/sec, Queue: 8, Elapsed: 9297.9s
2025-10-05 18:40:04,384 - INFO - Progress: 15,240,000 indexed, 0 failed, Rate: 1639.1 docs/sec, Queue: 8, Elapsed: 9297.9s
2025-10-05 18:40:04,398 - INFO - POST http://localhost:9200/_bulk [status:200 request:10.825s]
2025-10-05 18:40:04,765 - INFO - Progress: 15,250,000 indexed, 0 failed, Rate: 1640.1 docs/sec, Queue: 11, Elapsed: 9298.3s
2025-10-05 18:40:05,750 - INFO - POST http://localhost:9200/_bulk [status:200 request:11.424s]
2025-10-05 18:40:06,140 - INFO - Progress: 15,260,000 indexed, 0 failed, Rate: 1640.9 docs/sec, Queue: 4, Elapsed: 9299.7s
2025-10-05 18:40:07,852 - INFO - Worker 0: Parsed 15,500,000 docs, Queue: 1
2025-10-05 18:40:07,867 - INFO - POST http://localhost:9200/_bulk [status:200 request:10.541s]
2025-10-05 18:40:08,119 - INFO - Progress: 15,270,000 indexed, 0 failed, Rate: 1641.6 docs/sec, Queue: 2, Elapsed: 9301.7s
2025-10-05 18:40:10,169 - INFO - POST http://localhost:9200/_bulk [status:200 request:10.266s]
2025-10-05 18:40:10,400 - INFO - Progress: 15,280,000 indexed, 0 failed, Rate: 1642.3 docs/sec, Queue: 8, Elapsed: 9304.0s
2025-10-05 18:40:10,559 - INFO - POST http://localhost:9200/_bulk [status:200 request:10.657s]
2025-10-05 18:40:10,813 - INFO - Overall progress: Parsed 15,528,000, Indexed 0, Queue: 10
2025-10-05 18:40:10,817 - INFO - Progress: 15,290,000 indexed, 0 failed, Rate: 1643.3 docs/sec, Queue: 10, Elapsed: 9304.4s
2025-10-05 18:40:12,952 - INFO - Worker 0: Parsed 15,550,000 docs, Queue: 6
2025-10-05 18:40:13,043 - INFO - POST http://localhost:9200/_bulk [status:200 request:10.635s]
2025-10-05 18:40:13,271 - INFO - Progress: 15,300,000 indexed, 0 failed, Rate: 1644.0 docs/sec, Queue: 8, Elapsed: 9306.8s
2025-10-05 18:40:13,336 - INFO - === METRICS ES CONSUMER AT 15300000 DOCS ===
2025-10-05 18:40:13,341 - INFO - Process Memory:
2025-10-05 18:40:13,347 - INFO -   RSS: 6.88 GB
2025-10-05 18:40:13,352 - INFO -   VMS: 9.51 GB
2025-10-05 18:40:13,373 - INFO -   % of System: 0.8%
2025-10-05 18:40:13,378 - INFO - System Memory:
2025-10-05 18:40:13,378 - INFO -   Total Used: 18.7%
2025-10-05 18:40:13,378 - INFO -   Available: 694.54 GB
2025-10-05 18:40:13,378 - INFO -   Cached: 56.13 GB
2025-10-05 18:40:13,772 - INFO - POST http://localhost:9200/_bulk [status:200 request:11.033s]
2025-10-05 18:40:14,385 - INFO - CPU:
2025-10-05 18:40:14,385 - INFO -   Process usage: 101.4%
2025-10-05 18:40:14,394 - INFO -   Threads: 14
2025-10-05 18:40:14,399 - INFO -   Allocated cores: 288 (IDs: [0, 1, 2, 3, 4]...)
2025-10-05 18:40:14,420 - INFO - Process I/O:
2025-10-05 18:40:14,425 - INFO -   Read: 0.03 GB
2025-10-05 18:40:14,430 - INFO -   Write: 0.06 GB
2025-10-05 18:40:14,433 - INFO - ==================================================
2025-10-05 18:40:15,051 - INFO - Progress: 15,310,000 indexed, 0 failed, Rate: 1644.7 docs/sec, Queue: 7, Elapsed: 9308.6s
2025-10-05 18:40:15,283 - INFO - POST http://localhost:9200/_bulk [status:200 request:10.926s]
2025-10-05 18:40:15,561 - INFO - Progress: 15,320,000 indexed, 0 failed, Rate: 1645.7 docs/sec, Queue: 11, Elapsed: 9309.1s
2025-10-05 18:40:15,781 - INFO - POST http://localhost:9200/_bulk [status:200 request:10.999s]
2025-10-05 18:40:16,205 - INFO - Progress: 15,330,000 indexed, 0 failed, Rate: 1646.7 docs/sec, Queue: 13, Elapsed: 9309.8s
2025-10-05 18:40:16,852 - INFO - POST http://localhost:9200/_bulk [status:200 request:10.701s]
2025-10-05 18:40:17,326 - INFO - Progress: 15,340,000 indexed, 0 failed, Rate: 1647.5 docs/sec, Queue: 10, Elapsed: 9310.9s
2025-10-05 18:40:18,061 - INFO - Worker 0: Parsed 15,600,000 docs, Queue: 5
2025-10-05 18:40:19,760 - INFO - POST http://localhost:9200/_bulk [status:200 request:11.596s]
2025-10-05 18:40:20,112 - INFO - Progress: 15,350,000 indexed, 0 failed, Rate: 1648.1 docs/sec, Queue: 25, Elapsed: 9313.7s
2025-10-05 18:40:20,818 - INFO - Overall progress: Parsed 15,626,000, Indexed 0, Queue: 21
2025-10-05 18:40:23,283 - INFO - Worker 0: Parsed 15,650,000 docs, Queue: 45
2025-10-05 18:40:23,688 - INFO - POST http://localhost:9200/_bulk [status:200 request:13.276s]
2025-10-05 18:40:23,819 - INFO - POST http://localhost:9200/_bulk [status:200 request:12.985s]
2025-10-05 18:40:24,248 - INFO - Progress: 15,360,000 indexed, 0 failed, Rate: 1648.5 docs/sec, Queue: 53, Elapsed: 9317.8s
2025-10-05 18:40:24,416 - INFO - Progress: 15,370,000 indexed, 0 failed, Rate: 1649.5 docs/sec, Queue: 54, Elapsed: 9318.0s
2025-10-05 18:40:26,680 - INFO - POST http://localhost:9200/_bulk [status:200 request:13.397s]
2025-10-05 18:40:26,887 - INFO - Progress: 15,380,000 indexed, 0 failed, Rate: 1650.1 docs/sec, Queue: 57, Elapsed: 9320.4s
2025-10-05 18:40:28,315 - INFO - POST http://localhost:9200/_bulk [status:200 request:14.319s]
2025-10-05 18:40:28,608 - INFO - Worker 0: Parsed 15,700,000 docs, Queue: 65
2025-10-05 18:40:28,735 - INFO - Progress: 15,390,000 indexed, 0 failed, Rate: 1650.9 docs/sec, Queue: 65, Elapsed: 9322.3s
2025-10-05 18:40:30,256 - INFO - POST http://localhost:9200/_bulk [status:200 request:14.653s]
2025-10-05 18:40:30,552 - INFO - Progress: 15,400,000 indexed, 0 failed, Rate: 1651.6 docs/sec, Queue: 73, Elapsed: 9324.1s
2025-10-05 18:40:30,637 - INFO - === METRICS ES CONSUMER AT 15400000 DOCS ===
2025-10-05 18:40:30,643 - INFO - Process Memory:
2025-10-05 18:40:30,658 - INFO -   RSS: 6.91 GB
2025-10-05 18:40:30,663 - INFO -   VMS: 9.54 GB
2025-10-05 18:40:30,680 - INFO -   % of System: 0.8%
2025-10-05 18:40:30,680 - INFO - System Memory:
2025-10-05 18:40:30,681 - INFO -   Total Used: 18.8%
2025-10-05 18:40:30,681 - INFO -   Available: 693.79 GB
2025-10-05 18:40:30,681 - INFO -   Cached: 57.12 GB
2025-10-05 18:40:30,828 - INFO - Overall progress: Parsed 15,720,000, Indexed 0, Queue: 71
2025-10-05 18:40:31,683 - INFO - CPU:
2025-10-05 18:40:31,683 - INFO -   Process usage: 41.9%
2025-10-05 18:40:31,683 - INFO -   Threads: 14
2025-10-05 18:40:31,683 - INFO -   Allocated cores: 288 (IDs: [0, 1, 2, 3, 4]...)
2025-10-05 18:40:31,684 - INFO - Process I/O:
2025-10-05 18:40:31,684 - INFO -   Read: 0.03 GB
2025-10-05 18:40:31,684 - INFO -   Write: 0.06 GB
2025-10-05 18:40:31,684 - INFO - ==================================================
2025-10-05 18:40:32,326 - INFO - POST http://localhost:9200/_bulk [status:200 request:16.109s]
2025-10-05 18:40:32,648 - INFO - Progress: 15,410,000 indexed, 0 failed, Rate: 1652.3 docs/sec, Queue: 83, Elapsed: 9326.2s
2025-10-05 18:40:32,746 - INFO - POST http://localhost:9200/_bulk [status:200 request:15.398s]
2025-10-05 18:40:32,995 - INFO - Progress: 15,420,000 indexed, 0 failed, Rate: 1653.3 docs/sec, Queue: 86, Elapsed: 9326.5s
2025-10-05 18:40:33,955 - INFO - Worker 0: Parsed 15,750,000 docs, Queue: 75
2025-10-05 18:40:35,664 - INFO - POST http://localhost:9200/_bulk [status:200 request:15.506s]
2025-10-05 18:40:36,632 - INFO - Progress: 15,430,000 indexed, 0 failed, Rate: 1653.8 docs/sec, Queue: 100, Elapsed: 9330.2s
2025-10-05 18:40:39,114 - INFO - Worker 0: Parsed 15,800,000 docs, Queue: 115
2025-10-05 18:40:40,125 - INFO - POST http://localhost:9200/_bulk [status:200 request:15.849s]
2025-10-05 18:40:40,353 - INFO - Progress: 15,440,000 indexed, 0 failed, Rate: 1654.2 docs/sec, Queue: 126, Elapsed: 9333.9s
2025-10-05 18:40:40,833 - INFO - Overall progress: Parsed 15,815,000, Indexed 0, Queue: 120
2025-10-05 18:40:41,077 - INFO - POST http://localhost:9200/_bulk [status:200 request:16.609s]
2025-10-05 18:40:41,332 - INFO - Progress: 15,450,000 indexed, 0 failed, Rate: 1655.1 docs/sec, Queue: 125, Elapsed: 9334.9s
2025-10-05 18:40:43,218 - INFO - POST http://localhost:9200/_bulk [status:200 request:16.284s]
2025-10-05 18:40:43,477 - INFO - Progress: 15,460,000 indexed, 0 failed, Rate: 1655.8 docs/sec, Queue: 135, Elapsed: 9337.0s
2025-10-05 18:40:44,291 - INFO - POST http://localhost:9200/_bulk [status:200 request:15.543s]
2025-10-05 18:40:44,463 - INFO - Worker 0: Parsed 15,850,000 docs, Queue: 135
2025-10-05 18:40:44,540 - INFO - Progress: 15,470,000 indexed, 0 failed, Rate: 1656.7 docs/sec, Queue: 135, Elapsed: 9338.1s
2025-10-05 18:40:50,420 - INFO - Worker 0: Parsed 15,900,000 docs, Queue: 175
2025-10-05 18:40:50,834 - INFO - Overall progress: Parsed 15,902,000, Indexed 0, Queue: 177
2025-10-05 18:40:57,223 - INFO - Worker 0: Parsed 15,950,000 docs, Queue: 225
2025-10-05 18:41:00,835 - INFO - Overall progress: Parsed 15,975,000, Indexed 0, Queue: 250
2025-10-05 18:41:00,976 - INFO - POST http://localhost:9200/_bulk [status:200 request:30.341s]
2025-10-05 18:41:01,956 - INFO - Progress: 15,480,000 indexed, 0 failed, Rate: 1654.6 docs/sec, Queue: 259, Elapsed: 9355.5s
2025-10-05 18:41:02,070 - INFO - POST http://localhost:9200/_bulk [status:200 request:29.326s]
2025-10-05 18:41:02,480 - INFO - Progress: 15,490,000 indexed, 0 failed, Rate: 1655.6 docs/sec, Queue: 261, Elapsed: 9356.0s
2025-10-05 18:41:04,203 - INFO - Worker 0: Parsed 16,000,000 docs, Queue: 255
2025-10-05 18:41:10,836 - INFO - Overall progress: Parsed 16,045,000, Indexed 0, Queue: 300
2025-10-05 18:41:26,604 - INFO - POST http://localhost:9200/_bulk [status:200 request:43.077s]
2025-10-05 18:41:27,888 - INFO - Worker 0: Parsed 16,050,000 docs, Queue: 296
2025-10-05 18:41:29,030 - INFO - POST http://localhost:9200/_bulk [status:200 request:26.450s]
2025-10-05 18:41:30,039 - INFO - POST http://localhost:9200/_bulk [status:200 request:45.437s]
2025-10-05 18:41:30,847 - INFO - Overall progress: Parsed 16,064,000, Indexed 0, Queue: 291
2025-10-05 18:41:39,900 - INFO - POST http://localhost:9200/_bulk [status:200 request:63.165s]
2025-10-05 18:41:40,853 - INFO - Overall progress: Parsed 16,080,000, Indexed 0, Queue: 295
2025-10-05 18:41:50,854 - INFO - Overall progress: Parsed 16,085,000, Indexed 0, Queue: 300
2025-10-05 18:41:54,924 - INFO - POST http://localhost:9200/_bulk [status:200 request:28.076s]
2025-10-05 18:41:58,736 - INFO - POST http://localhost:9200/_bulk [status:200 request:85.640s]
2025-10-05 18:41:58,992 - INFO - Progress: 15,500,000 indexed, 0 failed, Rate: 1646.7 docs/sec, Queue: 300, Elapsed: 9412.5s
2025-10-05 18:41:59,066 - INFO - === METRICS ES CONSUMER AT 15500000 DOCS ===
2025-10-05 18:41:59,066 - INFO - Process Memory:
2025-10-05 18:41:59,071 - INFO -   RSS: 6.72 GB
2025-10-05 18:41:59,077 - INFO -   VMS: 9.35 GB
2025-10-05 18:41:59,133 - INFO - POST http://localhost:9200/_bulk [status:200 request:29.729s]
2025-10-05 18:41:59,947 - INFO -   % of System: 0.8%
2025-10-05 18:41:59,958 - INFO - System Memory:
2025-10-05 18:41:59,966 - INFO -   Total Used: 18.8%
2025-10-05 18:41:59,971 - INFO -   Available: 693.41 GB
2025-10-05 18:41:59,977 - INFO -   Cached: 56.80 GB
2025-10-05 18:42:00,550 - INFO - Worker 0: Parsed 16,100,000 docs, Queue: 298
2025-10-05 18:42:00,865 - INFO - Overall progress: Parsed 16,100,000, Indexed 0, Queue: 295
2025-10-05 18:42:01,046 - INFO - POST http://localhost:9200/_bulk [status:200 request:30.720s]
2025-10-05 18:42:01,161 - INFO - CPU:
2025-10-05 18:42:01,172 - INFO -   Process usage: 78.1%
2025-10-05 18:42:01,182 - INFO -   Threads: 14
2025-10-05 18:42:01,194 - INFO -   Allocated cores: 288 (IDs: [0, 1, 2, 3, 4]...)
2025-10-05 18:42:01,325 - INFO - Process I/O:
2025-10-05 18:42:01,331 - INFO -   Read: 0.03 GB
2025-10-05 18:42:01,347 - INFO -   Write: 0.06 GB
2025-10-05 18:42:01,350 - INFO - ==================================================
2025-10-05 18:42:02,126 - INFO - Progress: 15,510,000 indexed, 0 failed, Rate: 1647.3 docs/sec, Queue: 300, Elapsed: 9415.7s
2025-10-05 18:42:10,871 - INFO - Overall progress: Parsed 16,125,000, Indexed 0, Queue: 300
2025-10-05 18:42:21,487 - INFO - POST http://localhost:9200/_bulk [status:200 request:41.249s]
2025-10-05 18:42:24,614 - INFO - POST http://localhost:9200/_bulk [status:200 request:104.211s]
2025-10-05 18:42:24,851 - INFO - Progress: 15,520,000 indexed, 0 failed, Rate: 1644.3 docs/sec, Queue: 300, Elapsed: 9438.4s
2025-10-05 18:42:24,918 - INFO - POST http://localhost:9200/_bulk [status:200 request:29.741s]
2025-10-05 18:42:27,234 - INFO - POST http://localhost:9200/_bulk [status:200 request:105.837s]
2025-10-05 18:42:27,474 - INFO - Progress: 15,530,000 indexed, 0 failed, Rate: 1644.9 docs/sec, Queue: 293, Elapsed: 9441.0s
2025-10-05 18:42:27,503 - INFO - Progress: 15,540,000 indexed, 0 failed, Rate: 1646.0 docs/sec, Queue: 293, Elapsed: 9441.1s
2025-10-05 18:42:27,561 - INFO - Progress: 15,550,000 indexed, 0 failed, Rate: 1647.1 docs/sec, Queue: 293, Elapsed: 9441.1s
2025-10-05 18:42:27,738 - INFO - Worker 0: Parsed 16,150,000 docs, Queue: 292
2025-10-05 18:42:30,872 - INFO - Overall progress: Parsed 16,165,000, Indexed 0, Queue: 300
2025-10-05 18:42:39,513 - INFO - POST http://localhost:9200/_bulk [status:200 request:97.461s]
2025-10-05 18:42:39,921 - INFO - Progress: 15,560,000 indexed, 0 failed, Rate: 1646.0 docs/sec, Queue: 300, Elapsed: 9453.5s
2025-10-05 18:42:39,958 - INFO - Progress: 15,570,000 indexed, 0 failed, Rate: 1647.0 docs/sec, Queue: 300, Elapsed: 9453.5s
2025-10-05 18:42:40,023 - INFO - Progress: 15,580,000 indexed, 0 failed, Rate: 1648.1 docs/sec, Queue: 300, Elapsed: 9453.6s
2025-10-05 18:42:40,069 - INFO - Progress: 15,590,000 indexed, 0 failed, Rate: 1649.1 docs/sec, Queue: 300, Elapsed: 9453.6s
2025-10-05 18:42:40,136 - INFO - Progress: 15,600,000 indexed, 0 failed, Rate: 1650.1 docs/sec, Queue: 300, Elapsed: 9453.7s
2025-10-05 18:42:40,155 - INFO - === METRICS ES CONSUMER AT 15600000 DOCS ===
2025-10-05 18:42:40,160 - INFO - Process Memory:
2025-10-05 18:42:40,165 - INFO -   RSS: 6.73 GB
2025-10-05 18:42:40,171 - INFO -   VMS: 9.36 GB
2025-10-05 18:42:40,191 - INFO -   % of System: 0.8%
2025-10-05 18:42:40,195 - INFO - System Memory:
2025-10-05 18:42:40,195 - INFO -   Total Used: 18.9%
2025-10-05 18:42:40,195 - INFO -   Available: 693.01 GB
2025-10-05 18:42:40,195 - INFO -   Cached: 57.56 GB
2025-10-05 18:42:40,873 - INFO - Overall progress: Parsed 16,170,000, Indexed 0, Queue: 295
2025-10-05 18:42:41,197 - INFO - CPU:
2025-10-05 18:42:41,197 - INFO -   Process usage: 42.9%
2025-10-05 18:42:41,197 - INFO -   Threads: 14
2025-10-05 18:42:41,198 - INFO -   Allocated cores: 288 (IDs: [0, 1, 2, 3, 4]...)
2025-10-05 18:42:41,198 - INFO - Process I/O:
2025-10-05 18:42:41,198 - INFO -   Read: 0.03 GB
2025-10-05 18:42:41,198 - INFO -   Write: 0.06 GB
2025-10-05 18:42:41,198 - INFO - ==================================================
2025-10-05 18:42:41,894 - INFO - Progress: 15,610,000 indexed, 0 failed, Rate: 1650.9 docs/sec, Queue: 300, Elapsed: 9455.4s
2025-10-05 18:42:41,921 - INFO - Progress: 15,620,000 indexed, 0 failed, Rate: 1652.0 docs/sec, Queue: 300, Elapsed: 9455.5s
2025-10-05 18:42:49,086 - INFO - POST http://localhost:9200/_bulk [status:200 request:50.038s]
2025-10-05 18:42:49,299 - INFO - Progress: 15,630,000 indexed, 0 failed, Rate: 1651.7 docs/sec, Queue: 300, Elapsed: 9462.9s
2025-10-05 18:42:50,874 - INFO - Overall progress: Parsed 16,185,000, Indexed 0, Queue: 300
2025-10-05 18:42:55,411 - INFO - POST http://localhost:9200/_bulk [status:200 request:54.029s]
2025-10-05 18:42:56,676 - INFO - POST http://localhost:9200/_bulk [status:200 request:56.387s]
2025-10-05 18:42:57,031 - INFO - Progress: 15,640,000 indexed, 0 failed, Rate: 1651.4 docs/sec, Queue: 300, Elapsed: 9470.6s
2025-10-05 18:42:57,122 - INFO - Progress: 15,650,000 indexed, 0 failed, Rate: 1652.5 docs/sec, Queue: 300, Elapsed: 9470.7s
2025-10-05 18:42:58,253 - INFO - Worker 0: Parsed 16,200,000 docs, Queue: 298
2025-10-05 18:43:00,875 - INFO - Overall progress: Parsed 16,205,000, Indexed 0, Queue: 300
2025-10-05 18:43:08,814 - INFO - POST http://localhost:9200/_bulk [status:200 request:43.567s]
2025-10-05 18:43:10,875 - INFO - Overall progress: Parsed 16,215,000, Indexed 0, Queue: 300
2025-10-05 18:43:13,002 - INFO - POST http://localhost:9200/_bulk [status:200 request:51.140s]
2025-10-05 18:43:13,385 - INFO - Progress: 15,660,000 indexed, 0 failed, Rate: 1650.7 docs/sec, Queue: 300, Elapsed: 9486.9s
2025-10-05 18:43:20,876 - INFO - Overall progress: Parsed 16,225,000, Indexed 0, Queue: 300
2025-10-05 18:43:24,723 - INFO - POST http://localhost:9200/_bulk [status:200 request:35.327s]
2025-10-05 18:43:30,877 - INFO - Overall progress: Parsed 16,235,000, Indexed 0, Queue: 300
2025-10-05 18:43:35,303 - INFO - POST http://localhost:9200/_bulk [status:200 request:39.615s]
2025-10-05 18:43:35,580 - INFO - POST http://localhost:9200/_bulk [status:200 request:68.050s]
2025-10-05 18:43:38,110 - INFO - Worker 0: Parsed 16,250,000 docs, Queue: 295
2025-10-05 18:43:40,878 - INFO - Overall progress: Parsed 16,255,000, Indexed 0, Queue: 300
2025-10-05 18:43:42,731 - INFO - POST http://localhost:9200/_bulk [status:200 request:77.824s]
2025-10-05 18:43:42,944 - INFO - Progress: 15,670,000 indexed, 0 failed, Rate: 1646.6 docs/sec, Queue: 300, Elapsed: 9516.5s
2025-10-05 18:43:43,032 - INFO - Progress: 15,680,000 indexed, 0 failed, Rate: 1647.6 docs/sec, Queue: 300, Elapsed: 9516.6s
2025-10-05 18:43:43,089 - INFO - Progress: 15,690,000 indexed, 0 failed, Rate: 1648.7 docs/sec, Queue: 300, Elapsed: 9516.6s
2025-10-05 18:43:47,300 - INFO - POST http://localhost:9200/_bulk [status:200 request:38.213s]
2025-10-05 18:43:50,879 - INFO - Overall progress: Parsed 16,275,000, Indexed 0, Queue: 300
2025-10-05 18:44:10,190 - INFO - POST http://localhost:9200/_bulk [status:200 request:34.615s]
2025-10-05 18:44:10,873 - INFO - POST http://localhost:9200/_bulk [status:200 request:34.975s]
2025-10-05 18:44:10,978 - INFO - Overall progress: Parsed 16,276,000, Indexed 0, Queue: 300
2025-10-05 18:44:15,856 - INFO - POST http://localhost:9200/_bulk [status:200 request:32.773s]
2025-10-05 18:44:16,673 - INFO - Worker 0: Parsed 16,300,000 docs, Queue: 298
2025-10-05 18:44:20,571 - INFO - POST http://localhost:9200/_bulk [status:200 request:32.995s]
2025-10-05 18:44:20,994 - INFO - Overall progress: Parsed 16,306,000, Indexed 0, Queue: 298
2025-10-05 18:44:27,261 - INFO - POST http://localhost:9200/_bulk [status:200 request:90.103s]
2025-10-05 18:44:30,999 - INFO - Overall progress: Parsed 16,325,000, Indexed 0, Queue: 300
2025-10-05 18:44:42,214 - INFO - POST http://localhost:9200/_bulk [status:200 request:122.241s]
2025-10-05 18:44:42,621 - INFO - Progress: 15,700,000 indexed, 0 failed, Rate: 1639.5 docs/sec, Queue: 300, Elapsed: 9576.2s
2025-10-05 18:44:42,670 - INFO - === METRICS ES CONSUMER AT 15700000 DOCS ===
2025-10-05 18:44:42,675 - INFO - Process Memory:
2025-10-05 18:44:42,681 - INFO -   RSS: 6.75 GB
2025-10-05 18:44:42,686 - INFO -   VMS: 9.38 GB
2025-10-05 18:44:42,707 - INFO -   % of System: 0.8%
2025-10-05 18:44:42,709 - INFO - System Memory:
2025-10-05 18:44:42,709 - INFO -   Total Used: 18.7%
2025-10-05 18:44:42,709 - INFO -   Available: 694.84 GB
2025-10-05 18:44:42,709 - INFO -   Cached: 54.28 GB
2025-10-05 18:44:43,927 - INFO - CPU:
2025-10-05 18:44:43,933 - INFO -   Process usage: 98.4%
2025-10-05 18:44:43,938 - INFO -   Threads: 14
2025-10-05 18:44:43,943 - INFO -   Allocated cores: 288 (IDs: [0, 1, 2, 3, 4]...)
2025-10-05 18:44:43,944 - INFO - Process I/O:
2025-10-05 18:44:43,944 - INFO -   Read: 0.03 GB
2025-10-05 18:44:43,952 - INFO -   Write: 0.06 GB
2025-10-05 18:44:43,957 - INFO - ==================================================
2025-10-05 18:44:44,730 - INFO - Progress: 15,710,000 indexed, 0 failed, Rate: 1640.2 docs/sec, Queue: 300, Elapsed: 9578.3s
2025-10-05 18:44:44,808 - INFO - Progress: 15,720,000 indexed, 0 failed, Rate: 1641.2 docs/sec, Queue: 300, Elapsed: 9578.4s
2025-10-05 18:44:44,875 - INFO - Progress: 15,730,000 indexed, 0 failed, Rate: 1642.2 docs/sec, Queue: 300, Elapsed: 9578.4s
2025-10-05 18:44:44,896 - INFO - Progress: 15,740,000 indexed, 0 failed, Rate: 1643.3 docs/sec, Queue: 300, Elapsed: 9578.5s
2025-10-05 18:44:51,001 - INFO - Overall progress: Parsed 16,335,000, Indexed 0, Queue: 300
2025-10-05 18:44:51,357 - INFO - POST http://localhost:9200/_bulk [status:200 request:40.173s]
2025-10-05 18:44:55,288 - INFO - POST http://localhost:9200/_bulk [status:200 request:44.554s]
2025-10-05 18:44:56,176 - INFO - Worker 0: Parsed 16,350,000 docs, Queue: 295
2025-10-05 18:45:01,001 - INFO - Overall progress: Parsed 16,355,000, Indexed 0, Queue: 300
2025-10-05 18:45:01,938 - INFO - POST http://localhost:9200/_bulk [status:200 request:41.086s]
2025-10-05 18:45:02,494 - INFO - POST http://localhost:9200/_bulk [status:200 request:46.361s]
2025-10-05 18:45:07,098 - INFO - POST http://localhost:9200/_bulk [status:200 request:39.433s]
2025-10-05 18:45:11,002 - INFO - Overall progress: Parsed 16,385,000, Indexed 0, Queue: 300
2025-10-05 18:45:14,119 - INFO - POST http://localhost:9200/_bulk [status:200 request:109.119s]
2025-10-05 18:45:19,823 - INFO - POST http://localhost:9200/_bulk [status:200 request:126.381s]
2025-10-05 18:45:21,075 - INFO - Progress: 15,750,000 indexed, 0 failed, Rate: 1638.1 docs/sec, Queue: 300, Elapsed: 9614.6s
2025-10-05 18:45:21,076 - INFO - Overall progress: Parsed 16,395,000, Indexed 0, Queue: 300
2025-10-05 18:45:21,144 - INFO - Progress: 15,760,000 indexed, 0 failed, Rate: 1639.2 docs/sec, Queue: 300, Elapsed: 9614.7s
2025-10-05 18:45:21,203 - INFO - Progress: 15,770,000 indexed, 0 failed, Rate: 1640.2 docs/sec, Queue: 300, Elapsed: 9614.8s
2025-10-05 18:45:21,270 - INFO - Progress: 15,780,000 indexed, 0 failed, Rate: 1641.2 docs/sec, Queue: 300, Elapsed: 9614.8s
2025-10-05 18:45:21,348 - INFO - Progress: 15,790,000 indexed, 0 failed, Rate: 1642.2 docs/sec, Queue: 300, Elapsed: 9614.9s
2025-10-05 18:45:21,400 - INFO - Progress: 15,800,000 indexed, 0 failed, Rate: 1643.3 docs/sec, Queue: 300, Elapsed: 9615.0s
2025-10-05 18:45:21,438 - INFO - === METRICS ES CONSUMER AT 15800000 DOCS ===
2025-10-05 18:45:21,444 - INFO - Process Memory:
2025-10-05 18:45:21,449 - INFO -   RSS: 6.76 GB
2025-10-05 18:45:21,453 - INFO -   VMS: 9.39 GB
2025-10-05 18:45:21,453 - INFO -   % of System: 0.8%
2025-10-05 18:45:21,459 - INFO - System Memory:
2025-10-05 18:45:21,464 - INFO -   Total Used: 18.6%
2025-10-05 18:45:21,469 - INFO -   Available: 695.14 GB
2025-10-05 18:45:21,474 - INFO -   Cached: 53.15 GB
2025-10-05 18:45:21,768 - INFO - Worker 0: Parsed 16,400,000 docs, Queue: 296
2025-10-05 18:45:22,373 - INFO - POST http://localhost:9200/_bulk [status:200 request:39.693s]
2025-10-05 18:45:22,545 - INFO - CPU:
2025-10-05 18:45:22,550 - INFO -   Process usage: 47.4%
2025-10-05 18:45:22,555 - INFO -   Threads: 14
2025-10-05 18:45:22,561 - INFO -   Allocated cores: 288 (IDs: [0, 1, 2, 3, 4]...)
2025-10-05 18:45:22,766 - INFO - Process I/O:
2025-10-05 18:45:22,772 - INFO -   Read: 0.03 GB
2025-10-05 18:45:22,788 - INFO -   Write: 0.06 GB
2025-10-05 18:45:22,793 - INFO - ==================================================
2025-10-05 18:45:23,604 - INFO - Progress: 15,810,000 indexed, 0 failed, Rate: 1643.9 docs/sec, Queue: 300, Elapsed: 9617.2s
2025-10-05 18:45:23,680 - INFO - Progress: 15,820,000 indexed, 0 failed, Rate: 1645.0 docs/sec, Queue: 300, Elapsed: 9617.2s
2025-10-05 18:45:23,757 - INFO - Progress: 15,830,000 indexed, 0 failed, Rate: 1646.0 docs/sec, Queue: 300, Elapsed: 9617.3s
2025-10-05 18:45:23,813 - INFO - Progress: 15,840,000 indexed, 0 failed, Rate: 1647.0 docs/sec, Queue: 300, Elapsed: 9617.4s
2025-10-05 18:45:23,865 - INFO - Progress: 15,850,000 indexed, 0 failed, Rate: 1648.1 docs/sec, Queue: 300, Elapsed: 9617.4s
2025-10-05 18:45:23,883 - INFO - Progress: 15,860,000 indexed, 0 failed, Rate: 1649.1 docs/sec, Queue: 300, Elapsed: 9617.4s
2025-10-05 18:45:31,172 - INFO - Overall progress: Parsed 16,415,000, Indexed 0, Queue: 300
2025-10-05 18:45:47,968 - INFO - POST http://localhost:9200/_bulk [status:200 request:56.326s]
2025-10-05 18:45:48,198 - INFO - Progress: 15,870,000 indexed, 0 failed, Rate: 1646.0 docs/sec, Queue: 300, Elapsed: 9641.8s
2025-10-05 18:45:51,174 - INFO - Overall progress: Parsed 16,425,000, Indexed 0, Queue: 300
2025-10-05 18:45:52,606 - INFO - POST http://localhost:9200/_bulk [status:200 request:57.015s]
2025-10-05 18:45:52,877 - INFO - Progress: 15,880,000 indexed, 0 failed, Rate: 1646.2 docs/sec, Queue: 300, Elapsed: 9646.4s
2025-10-05 18:45:55,168 - INFO - POST http://localhost:9200/_bulk [status:200 request:32.350s]
2025-10-05 18:45:58,510 - INFO - POST http://localhost:9200/_bulk [status:200 request:56.269s]
2025-10-05 18:45:58,769 - INFO - Progress: 15,890,000 indexed, 0 failed, Rate: 1646.2 docs/sec, Queue: 300, Elapsed: 9652.3s
2025-10-05 18:45:59,392 - INFO - Worker 0: Parsed 16,450,000 docs, Queue: 295
2025-10-05 18:46:01,174 - INFO - Overall progress: Parsed 16,455,000, Indexed 0, Queue: 300
2025-10-05 18:46:07,346 - INFO - POST http://localhost:9200/_bulk [status:200 request:46.143s]
2025-10-05 18:46:11,175 - INFO - Overall progress: Parsed 16,465,000, Indexed 0, Queue: 300
2025-10-05 18:46:19,209 - INFO - POST http://localhost:9200/_bulk [status:200 request:11.464s]
2025-10-05 18:46:20,096 - INFO - POST http://localhost:9200/_bulk [status:200 request:21.289s]
2025-10-05 18:46:21,186 - INFO - Overall progress: Parsed 16,470,000, Indexed 0, Queue: 292
2025-10-05 18:46:25,805 - INFO - POST http://localhost:9200/_bulk [status:200 request:37.505s]
2025-10-05 18:46:31,192 - INFO - Overall progress: Parsed 16,495,000, Indexed 0, Queue: 300
2025-10-05 18:46:31,913 - INFO - POST http://localhost:9200/_bulk [status:200 request:38.983s]
2025-10-05 18:46:32,731 - INFO - Worker 0: Parsed 16,500,000 docs, Queue: 295
2025-10-05 18:46:33,965 - INFO - POST http://localhost:9200/_bulk [status:200 request:38.371s]
2025-10-05 18:46:34,141 - INFO - POST http://localhost:9200/_bulk [status:200 request:13.580s]
2025-10-05 18:46:34,480 - INFO - POST http://localhost:9200/_bulk [status:200 request:13.981s]
2025-10-05 18:46:36,423 - INFO - POST http://localhost:9200/_bulk [status:200 request:10.383s]
2025-10-05 18:46:41,193 - INFO - Overall progress: Parsed 16,545,000, Indexed 0, Queue: 300
2025-10-05 18:46:42,053 - INFO - POST http://localhost:9200/_bulk [status:200 request:9.901s]
2025-10-05 18:46:42,827 - INFO - Worker 0: Parsed 16,550,000 docs, Queue: 300
2025-10-05 18:46:46,108 - INFO - POST http://localhost:9200/_bulk [status:200 request:11.614s]
2025-10-05 18:46:46,306 - INFO - POST http://localhost:9200/_bulk [status:200 request:98.835s]
2025-10-05 18:46:46,979 - INFO - POST http://localhost:9200/_bulk [status:200 request:10.975s]
2025-10-05 18:46:47,319 - INFO - POST http://localhost:9200/_bulk [status:200 request:10.602s]
2025-10-05 18:46:50,160 - INFO - POST http://localhost:9200/_bulk [status:200 request:106.995s]
2025-10-05 18:46:50,399 - INFO - Progress: 15,900,000 indexed, 0 failed, Rate: 1638.5 docs/sec, Queue: 296, Elapsed: 9704.0s
2025-10-05 18:46:50,469 - INFO - === METRICS ES CONSUMER AT 15900000 DOCS ===
2025-10-05 18:46:50,474 - INFO - Process Memory:
2025-10-05 18:46:50,480 - INFO -   RSS: 6.73 GB
2025-10-05 18:46:50,485 - INFO -   VMS: 9.35 GB
2025-10-05 18:46:50,506 - INFO -   % of System: 0.8%
2025-10-05 18:46:50,506 - INFO - System Memory:
2025-10-05 18:46:50,506 - INFO -   Total Used: 18.7%
2025-10-05 18:46:50,506 - INFO -   Available: 694.61 GB
2025-10-05 18:46:50,507 - INFO -   Cached: 54.07 GB
2025-10-05 18:46:51,209 - INFO - Overall progress: Parsed 16,582,000, Indexed 0, Queue: 286
2025-10-05 18:46:51,547 - INFO - CPU:
2025-10-05 18:46:51,547 - INFO -   Process usage: 92.8%
2025-10-05 18:46:51,547 - INFO -   Threads: 14
2025-10-05 18:46:51,553 - INFO -   Allocated cores: 288 (IDs: [0, 1, 2, 3, 4]...)
2025-10-05 18:46:51,556 - INFO - Process I/O:
2025-10-05 18:46:51,556 - INFO -   Read: 0.03 GB
2025-10-05 18:46:51,556 - INFO -   Write: 0.06 GB
2025-10-05 18:46:51,556 - INFO - ==================================================
2025-10-05 18:46:52,729 - INFO - Progress: 15,910,000 indexed, 0 failed, Rate: 1639.1 docs/sec, Queue: 288, Elapsed: 9706.3s
2025-10-05 18:46:53,438 - INFO - POST http://localhost:9200/_bulk [status:200 request:11.159s]
2025-10-05 18:46:53,503 - INFO - Worker 0: Parsed 16,600,000 docs, Queue: 295
2025-10-05 18:46:54,359 - INFO - POST http://localhost:9200/_bulk [status:200 request:99.968s]
2025-10-05 18:46:54,580 - INFO - Progress: 15,920,000 indexed, 0 failed, Rate: 1639.9 docs/sec, Queue: 291, Elapsed: 9708.1s
2025-10-05 18:46:54,612 - INFO - Progress: 15,930,000 indexed, 0 failed, Rate: 1640.9 docs/sec, Queue: 291, Elapsed: 9708.2s
2025-10-05 18:46:54,707 - INFO - Progress: 15,940,000 indexed, 0 failed, Rate: 1641.9 docs/sec, Queue: 293, Elapsed: 9708.3s
2025-10-05 18:46:54,769 - INFO - Progress: 15,950,000 indexed, 0 failed, Rate: 1642.9 docs/sec, Queue: 293, Elapsed: 9708.3s
2025-10-05 18:46:54,829 - INFO - Progress: 15,960,000 indexed, 0 failed, Rate: 1643.9 docs/sec, Queue: 292, Elapsed: 9708.4s
2025-10-05 18:46:54,885 - INFO - Progress: 15,970,000 indexed, 0 failed, Rate: 1645.0 docs/sec, Queue: 292, Elapsed: 9708.4s
2025-10-05 18:46:54,939 - INFO - Progress: 15,980,000 indexed, 0 failed, Rate: 1646.0 docs/sec, Queue: 293, Elapsed: 9708.5s
2025-10-05 18:46:55,001 - INFO - Progress: 15,990,000 indexed, 0 failed, Rate: 1647.0 docs/sec, Queue: 294, Elapsed: 9708.6s
2025-10-05 18:46:55,063 - INFO - Progress: 16,000,000 indexed, 0 failed, Rate: 1648.0 docs/sec, Queue: 293, Elapsed: 9708.6s
2025-10-05 18:46:55,115 - INFO - === METRICS ES CONSUMER AT 16000000 DOCS ===
2025-10-05 18:46:55,121 - INFO - Process Memory:
2025-10-05 18:46:55,126 - INFO -   RSS: 6.70 GB
2025-10-05 18:46:55,131 - INFO -   VMS: 9.33 GB
2025-10-05 18:46:55,148 - INFO -   % of System: 0.8%
2025-10-05 18:46:55,148 - INFO - System Memory:
2025-10-05 18:46:55,149 - INFO -   Total Used: 18.7%
2025-10-05 18:46:55,149 - INFO -   Available: 694.56 GB
2025-10-05 18:46:55,155 - INFO -   Cached: 54.53 GB
2025-10-05 18:46:56,177 - INFO - CPU:
2025-10-05 18:46:56,177 - INFO -   Process usage: 22.6%
2025-10-05 18:46:56,178 - INFO -   Threads: 14
2025-10-05 18:46:56,178 - INFO -   Allocated cores: 288 (IDs: [0, 1, 2, 3, 4]...)
2025-10-05 18:46:56,178 - INFO - Process I/O:
2025-10-05 18:46:56,178 - INFO -   Read: 0.03 GB
2025-10-05 18:46:56,178 - INFO -   Write: 0.06 GB
2025-10-05 18:46:56,178 - INFO - ==================================================
2025-10-05 18:46:57,166 - INFO - Progress: 16,010,000 indexed, 0 failed, Rate: 1648.7 docs/sec, Queue: 300, Elapsed: 9710.7s
2025-10-05 18:46:57,238 - INFO - POST http://localhost:9200/_bulk [status:200 request:22.397s]
2025-10-05 18:46:57,243 - INFO - Progress: 16,020,000 indexed, 0 failed, Rate: 1649.7 docs/sec, Queue: 300, Elapsed: 9710.8s
2025-10-05 18:46:57,427 - INFO - Progress: 16,030,000 indexed, 0 failed, Rate: 1650.7 docs/sec, Queue: 300, Elapsed: 9711.0s
2025-10-05 18:46:57,470 - INFO - Progress: 16,040,000 indexed, 0 failed, Rate: 1651.7 docs/sec, Queue: 300, Elapsed: 9711.0s
2025-10-05 18:46:57,659 - INFO - Progress: 16,050,000 indexed, 0 failed, Rate: 1652.7 docs/sec, Queue: 300, Elapsed: 9711.2s
2025-10-05 18:46:57,724 - INFO - Progress: 16,060,000 indexed, 0 failed, Rate: 1653.7 docs/sec, Queue: 300, Elapsed: 9711.3s
2025-10-05 18:46:57,782 - INFO - Progress: 16,070,000 indexed, 0 failed, Rate: 1654.8 docs/sec, Queue: 300, Elapsed: 9711.3s
2025-10-05 18:46:57,852 - INFO - Progress: 16,080,000 indexed, 0 failed, Rate: 1655.8 docs/sec, Queue: 300, Elapsed: 9711.4s
2025-10-05 18:46:59,966 - INFO - POST http://localhost:9200/_bulk [status:200 request:12.635s]
2025-10-05 18:47:00,628 - INFO - POST http://localhost:9200/_bulk [status:200 request:13.658s]
2025-10-05 18:47:00,962 - INFO - Progress: 16,090,000 indexed, 0 failed, Rate: 1656.3 docs/sec, Queue: 296, Elapsed: 9714.5s
2025-10-05 18:47:01,041 - INFO - Progress: 16,100,000 indexed, 0 failed, Rate: 1657.3 docs/sec, Queue: 297, Elapsed: 9714.6s
2025-10-05 18:47:01,102 - INFO - POST http://localhost:9200/_bulk [status:200 request:13.299s]
2025-10-05 18:47:01,223 - INFO - Overall progress: Parsed 16,642,000, Indexed 0, Queue: 297
2025-10-05 18:47:01,223 - INFO - === METRICS ES CONSUMER AT 16100000 DOCS ===
2025-10-05 18:47:01,265 - INFO - Process Memory:
2025-10-05 18:47:01,276 - INFO -   RSS: 6.70 GB
2025-10-05 18:47:01,371 - INFO -   VMS: 9.33 GB
2025-10-05 18:47:01,424 - INFO -   % of System: 0.8%
2025-10-05 18:47:01,428 - INFO - System Memory:
2025-10-05 18:47:01,429 - INFO -   Total Used: 18.7%
2025-10-05 18:47:01,429 - INFO -   Available: 694.47 GB
2025-10-05 18:47:01,429 - INFO -   Cached: 54.65 GB
2025-10-05 18:47:02,500 - INFO - CPU:
2025-10-05 18:47:02,502 - INFO - Worker 0: Parsed 16,650,000 docs, Queue: 298
2025-10-05 18:47:02,503 - INFO -   Process usage: 92.0%
2025-10-05 18:47:02,503 - INFO -   Threads: 14
2025-10-05 18:47:02,503 - INFO -   Allocated cores: 288 (IDs: [0, 1, 2, 3, 4]...)
2025-10-05 18:47:02,525 - INFO - Process I/O:
2025-10-05 18:47:02,530 - INFO -   Read: 0.03 GB
2025-10-05 18:47:02,535 - INFO -   Write: 0.06 GB
2025-10-05 18:47:02,541 - INFO - ==================================================
2025-10-05 18:47:03,283 - INFO - Progress: 16,110,000 indexed, 0 failed, Rate: 1657.9 docs/sec, Queue: 300, Elapsed: 9716.8s
2025-10-05 18:47:05,923 - INFO - POST http://localhost:9200/_bulk [status:200 request:12.275s]
2025-10-05 18:47:07,530 - INFO - POST http://localhost:9200/_bulk [status:200 request:17.069s]
2025-10-05 18:47:08,946 - INFO - POST http://localhost:9200/_bulk [status:200 request:14.338s]
2025-10-05 18:47:11,234 - INFO - Overall progress: Parsed 16,695,000, Indexed 0, Queue: 300
2025-10-05 18:47:11,300 - INFO - POST http://localhost:9200/_bulk [status:200 request:11.055s]
2025-10-05 18:47:12,200 - INFO - Worker 0: Parsed 16,700,000 docs, Queue: 295
2025-10-05 18:47:12,606 - INFO - POST http://localhost:9200/_bulk [status:200 request:14.935s]
2025-10-05 18:47:13,668 - INFO - POST http://localhost:9200/_bulk [status:200 request:25.858s]
2025-10-05 18:47:13,995 - INFO - Progress: 16,120,000 indexed, 0 failed, Rate: 1657.1 docs/sec, Queue: 297, Elapsed: 9727.5s
2025-10-05 18:47:14,037 - INFO - Progress: 16,130,000 indexed, 0 failed, Rate: 1658.2 docs/sec, Queue: 298, Elapsed: 9727.6s
2025-10-05 18:47:14,089 - INFO - Progress: 16,140,000 indexed, 0 failed, Rate: 1659.2 docs/sec, Queue: 297, Elapsed: 9727.6s
2025-10-05 18:47:14,140 - INFO - Progress: 16,150,000 indexed, 0 failed, Rate: 1660.2 docs/sec, Queue: 297, Elapsed: 9727.7s
2025-10-05 18:47:14,189 - INFO - Progress: 16,160,000 indexed, 0 failed, Rate: 1661.2 docs/sec, Queue: 297, Elapsed: 9727.7s
2025-10-05 18:47:14,230 - INFO - Progress: 16,170,000 indexed, 0 failed, Rate: 1662.2 docs/sec, Queue: 297, Elapsed: 9727.8s
2025-10-05 18:47:14,852 - INFO - POST http://localhost:9200/_bulk [status:200 request:13.410s]
2025-10-05 18:47:15,540 - INFO - POST http://localhost:9200/_bulk [status:200 request:14.485s]
2025-10-05 18:47:16,692 - INFO - Progress: 16,180,000 indexed, 0 failed, Rate: 1662.9 docs/sec, Queue: 296, Elapsed: 9730.2s
2025-10-05 18:47:16,755 - INFO - Progress: 16,190,000 indexed, 0 failed, Rate: 1663.9 docs/sec, Queue: 297, Elapsed: 9730.3s
2025-10-05 18:47:20,190 - INFO - POST http://localhost:9200/_bulk [status:200 request:14.028s]
2025-10-05 18:47:20,433 - INFO - Progress: 16,200,000 indexed, 0 failed, Rate: 1664.3 docs/sec, Queue: 300, Elapsed: 9734.0s
2025-10-05 18:47:20,482 - INFO - === METRICS ES CONSUMER AT 16200000 DOCS ===
2025-10-05 18:47:20,488 - INFO - Process Memory:
2025-10-05 18:47:20,493 - INFO -   RSS: 6.73 GB
2025-10-05 18:47:20,498 - INFO -   VMS: 9.36 GB
2025-10-05 18:47:20,511 - INFO -   % of System: 0.8%
2025-10-05 18:47:20,511 - INFO - System Memory:
2025-10-05 18:47:20,511 - INFO -   Total Used: 18.7%
2025-10-05 18:47:20,511 - INFO -   Available: 694.61 GB
2025-10-05 18:47:20,511 - INFO -   Cached: 54.43 GB
2025-10-05 18:47:21,052 - INFO - Worker 0: Parsed 16,750,000 docs, Queue: 295
2025-10-05 18:47:21,234 - INFO - Overall progress: Parsed 16,750,000, Indexed 0, Queue: 295
2025-10-05 18:47:21,534 - INFO - CPU:
2025-10-05 18:47:21,535 - INFO -   Process usage: 32.5%
2025-10-05 18:47:21,535 - INFO -   Threads: 14
2025-10-05 18:47:21,535 - INFO -   Allocated cores: 288 (IDs: [0, 1, 2, 3, 4]...)
2025-10-05 18:47:21,535 - INFO - Process I/O:
2025-10-05 18:47:21,535 - INFO -   Read: 0.03 GB
2025-10-05 18:47:21,535 - INFO -   Write: 0.06 GB
2025-10-05 18:47:21,535 - INFO - ==================================================
2025-10-05 18:47:23,018 - INFO - POST http://localhost:9200/_bulk [status:200 request:15.250s]
2025-10-05 18:47:23,279 - INFO - Progress: 16,210,000 indexed, 0 failed, Rate: 1664.8 docs/sec, Queue: 300, Elapsed: 9736.8s
2025-10-05 18:47:24,735 - INFO - POST http://localhost:9200/_bulk [status:200 request:13.149s]
2025-10-05 18:47:26,580 - INFO - POST http://localhost:9200/_bulk [status:200 request:13.422s]
2025-10-05 18:47:27,285 - INFO - POST http://localhost:9200/_bulk [status:200 request:12.118s]
2025-10-05 18:47:30,300 - INFO - POST http://localhost:9200/_bulk [status:200 request:21.069s]
2025-10-05 18:47:30,553 - INFO - Progress: 16,220,000 indexed, 0 failed, Rate: 1664.6 docs/sec, Queue: 300, Elapsed: 9744.1s
2025-10-05 18:47:30,602 - INFO - Progress: 16,230,000 indexed, 0 failed, Rate: 1665.6 docs/sec, Queue: 300, Elapsed: 9744.2s
2025-10-05 18:47:30,656 - INFO - Progress: 16,240,000 indexed, 0 failed, Rate: 1666.6 docs/sec, Queue: 300, Elapsed: 9744.2s
2025-10-05 18:47:31,241 - INFO - Worker 0: Parsed 16,800,000 docs, Queue: 296
2025-10-05 18:47:31,879 - INFO - Overall progress: Parsed 16,803,000, Indexed 0, Queue: 299
2025-10-05 18:47:32,842 - INFO - POST http://localhost:9200/_bulk [status:200 request:9.534s]
2025-10-05 18:47:34,706 - INFO - POST http://localhost:9200/_bulk [status:200 request:9.684s]
2025-10-05 18:47:37,293 - INFO - POST http://localhost:9200/_bulk [status:200 request:23.274s]
2025-10-05 18:47:37,786 - INFO - Progress: 16,250,000 indexed, 0 failed, Rate: 1666.4 docs/sec, Queue: 300, Elapsed: 9751.3s
2025-10-05 18:47:37,875 - INFO - Progress: 16,260,000 indexed, 0 failed, Rate: 1667.4 docs/sec, Queue: 300, Elapsed: 9751.4s
2025-10-05 18:47:37,903 - INFO - POST http://localhost:9200/_bulk [status:200 request:21.097s]
2025-10-05 18:47:38,270 - INFO - Progress: 16,270,000 indexed, 0 failed, Rate: 1668.4 docs/sec, Queue: 300, Elapsed: 9751.8s
2025-10-05 18:47:38,750 - INFO - POST http://localhost:9200/_bulk [status:200 request:18.287s]
2025-10-05 18:47:39,055 - INFO - Progress: 16,280,000 indexed, 0 failed, Rate: 1669.3 docs/sec, Queue: 296, Elapsed: 9752.6s
2025-10-05 18:47:39,151 - INFO - Progress: 16,290,000 indexed, 0 failed, Rate: 1670.3 docs/sec, Queue: 297, Elapsed: 9752.7s
2025-10-05 18:47:39,207 - INFO - Progress: 16,300,000 indexed, 0 failed, Rate: 1671.3 docs/sec, Queue: 297, Elapsed: 9752.8s
2025-10-05 18:47:39,252 - INFO - === METRICS ES CONSUMER AT 16300000 DOCS ===
2025-10-05 18:47:39,258 - INFO - Process Memory:
2025-10-05 18:47:39,263 - INFO -   RSS: 6.69 GB
2025-10-05 18:47:39,268 - INFO -   VMS: 9.31 GB
2025-10-05 18:47:39,289 - INFO -   % of System: 0.8%
2025-10-05 18:47:39,291 - INFO - System Memory:
2025-10-05 18:47:39,291 - INFO -   Total Used: 18.8%
2025-10-05 18:47:39,291 - INFO -   Available: 693.45 GB
2025-10-05 18:47:39,291 - INFO -   Cached: 56.39 GB
2025-10-05 18:47:39,825 - INFO - POST http://localhost:9200/_bulk [status:200 request:12.128s]
2025-10-05 18:47:40,916 - INFO - CPU:
2025-10-05 18:47:40,922 - INFO -   Process usage: 97.6%
2025-10-05 18:47:40,927 - INFO -   Threads: 14
2025-10-05 18:47:40,932 - INFO -   Allocated cores: 288 (IDs: [0, 1, 2, 3, 4]...)
2025-10-05 18:47:40,937 - INFO - Process I/O:
2025-10-05 18:47:40,937 - INFO -   Read: 0.03 GB
2025-10-05 18:47:40,937 - INFO -   Write: 0.06 GB
2025-10-05 18:47:40,944 - INFO - ==================================================
2025-10-05 18:47:41,331 - INFO - Worker 0: Parsed 16,850,000 docs, Queue: 298
2025-10-05 18:47:41,697 - INFO - POST http://localhost:9200/_bulk [status:200 request:11.113s]
2025-10-05 18:47:41,989 - INFO - Overall progress: Parsed 16,853,000, Indexed 0, Queue: 300
2025-10-05 18:47:44,471 - INFO - POST http://localhost:9200/_bulk [status:200 request:11.403s]
2025-10-05 18:47:47,954 - INFO - POST http://localhost:9200/_bulk [status:200 request:12.964s]
2025-10-05 18:47:49,348 - INFO - POST http://localhost:9200/_bulk [status:200 request:22.318s]
2025-10-05 18:47:49,597 - INFO - Progress: 16,310,000 indexed, 0 failed, Rate: 1670.6 docs/sec, Queue: 300, Elapsed: 9763.2s
2025-10-05 18:47:49,635 - INFO - Progress: 16,320,000 indexed, 0 failed, Rate: 1671.6 docs/sec, Queue: 300, Elapsed: 9763.2s
2025-10-05 18:47:49,706 - INFO - Progress: 16,330,000 indexed, 0 failed, Rate: 1672.6 docs/sec, Queue: 300, Elapsed: 9763.3s
2025-10-05 18:47:49,755 - INFO - Progress: 16,340,000 indexed, 0 failed, Rate: 1673.6 docs/sec, Queue: 300, Elapsed: 9763.3s
2025-10-05 18:47:49,793 - INFO - Progress: 16,350,000 indexed, 0 failed, Rate: 1674.6 docs/sec, Queue: 300, Elapsed: 9763.3s
2025-10-05 18:47:50,322 - INFO - Worker 0: Parsed 16,900,000 docs, Queue: 295
2025-10-05 18:47:51,483 - INFO - POST http://localhost:9200/_bulk [status:200 request:12.325s]
2025-10-05 18:47:51,954 - INFO - POST http://localhost:9200/_bulk [status:200 request:14.044s]
2025-10-05 18:47:52,085 - INFO - Overall progress: Parsed 16,905,000, Indexed 0, Queue: 300
2025-10-05 18:47:52,253 - INFO - Progress: 16,360,000 indexed, 0 failed, Rate: 1675.2 docs/sec, Queue: 300, Elapsed: 9765.8s
2025-10-05 18:47:53,552 - INFO - POST http://localhost:9200/_bulk [status:200 request:15.215s]
2025-10-05 18:47:53,865 - INFO - Progress: 16,370,000 indexed, 0 failed, Rate: 1676.0 docs/sec, Queue: 291, Elapsed: 9767.4s
2025-10-05 18:47:53,936 - INFO - Progress: 16,380,000 indexed, 0 failed, Rate: 1677.0 docs/sec, Queue: 292, Elapsed: 9767.5s
2025-10-05 18:47:55,187 - INFO - POST http://localhost:9200/_bulk [status:200 request:13.172s]
2025-10-05 18:47:56,364 - INFO - POST http://localhost:9200/_bulk [status:200 request:11.664s]
2025-10-05 18:47:58,374 - INFO - Worker 0: Parsed 16,950,000 docs, Queue: 295
2025-10-05 18:48:00,517 - INFO - POST http://localhost:9200/_bulk [status:200 request:12.269s]
2025-10-05 18:48:02,101 - INFO - Overall progress: Parsed 16,959,000, Indexed 0, Queue: 294
2025-10-05 18:48:03,322 - INFO - POST http://localhost:9200/_bulk [status:200 request:23.125s]
2025-10-05 18:48:03,608 - INFO - Progress: 16,390,000 indexed, 0 failed, Rate: 1676.4 docs/sec, Queue: 300, Elapsed: 9777.2s
2025-10-05 18:48:03,662 - INFO - Progress: 16,400,000 indexed, 0 failed, Rate: 1677.4 docs/sec, Queue: 300, Elapsed: 9777.2s
2025-10-05 18:48:03,709 - INFO - === METRICS ES CONSUMER AT 16400000 DOCS ===
2025-10-05 18:48:03,714 - INFO - Process Memory:
2025-10-05 18:48:03,720 - INFO -   RSS: 6.71 GB
2025-10-05 18:48:03,725 - INFO -   VMS: 9.34 GB
2025-10-05 18:48:03,740 - INFO -   % of System: 0.8%
2025-10-05 18:48:03,746 - INFO - System Memory:
2025-10-05 18:48:03,746 - INFO -   Total Used: 18.8%
2025-10-05 18:48:03,746 - INFO -   Available: 693.48 GB
2025-10-05 18:48:03,746 - INFO -   Cached: 56.45 GB
2025-10-05 18:48:04,748 - INFO - CPU:
2025-10-05 18:48:04,748 - INFO -   Process usage: 34.0%
2025-10-05 18:48:04,749 - INFO -   Threads: 14
2025-10-05 18:48:04,749 - INFO -   Allocated cores: 288 (IDs: [0, 1, 2, 3, 4]...)
2025-10-05 18:48:04,749 - INFO - Process I/O:
2025-10-05 18:48:04,749 - INFO -   Read: 0.03 GB
2025-10-05 18:48:04,749 - INFO -   Write: 0.06 GB
2025-10-05 18:48:04,749 - INFO - ==================================================
2025-10-05 18:48:05,505 - INFO - Progress: 16,410,000 indexed, 0 failed, Rate: 1678.1 docs/sec, Queue: 300, Elapsed: 9779.1s
2025-10-05 18:48:05,540 - INFO - Progress: 16,420,000 indexed, 0 failed, Rate: 1679.1 docs/sec, Queue: 300, Elapsed: 9779.1s
2025-10-05 18:48:06,587 - INFO - POST http://localhost:9200/_bulk [status:200 request:12.634s]
2025-10-05 18:48:07,647 - INFO - POST http://localhost:9200/_bulk [status:200 request:11.984s]
2025-10-05 18:48:09,378 - INFO - POST http://localhost:9200/_bulk [status:200 request:19.756s]
2025-10-05 18:48:09,632 - INFO - Progress: 16,430,000 indexed, 0 failed, Rate: 1679.4 docs/sec, Queue: 299, Elapsed: 9783.2s
2025-10-05 18:48:10,448 - INFO - POST http://localhost:9200/_bulk [status:200 request:13.838s]
2025-10-05 18:48:10,990 - INFO - Worker 0: Parsed 17,000,000 docs, Queue: 298
2025-10-05 18:48:12,102 - INFO - Overall progress: Parsed 17,006,000, Indexed 0, Queue: 291
2025-10-05 18:48:13,843 - INFO - POST http://localhost:9200/_bulk [status:200 request:21.734s]
2025-10-05 18:48:14,056 - INFO - Progress: 16,440,000 indexed, 0 failed, Rate: 1679.7 docs/sec, Queue: 300, Elapsed: 9787.6s
2025-10-05 18:48:15,049 - INFO - POST http://localhost:9200/_bulk [status:200 request:22.741s]
2025-10-05 18:48:15,608 - INFO - Progress: 16,450,000 indexed, 0 failed, Rate: 1680.4 docs/sec, Queue: 300, Elapsed: 9789.2s
2025-10-05 18:48:15,655 - INFO - Progress: 16,460,000 indexed, 0 failed, Rate: 1681.4 docs/sec, Queue: 300, Elapsed: 9789.2s
2025-10-05 18:48:15,730 - INFO - Progress: 16,470,000 indexed, 0 failed, Rate: 1682.5 docs/sec, Queue: 300, Elapsed: 9789.3s
2025-10-05 18:48:15,779 - INFO - Progress: 16,480,000 indexed, 0 failed, Rate: 1683.5 docs/sec, Queue: 300, Elapsed: 9789.3s
2025-10-05 18:48:16,154 - INFO - POST http://localhost:9200/_bulk [status:200 request:12.467s]
2025-10-05 18:48:19,898 - INFO - POST http://localhost:9200/_bulk [status:200 request:11.995s]
2025-10-05 18:48:20,192 - INFO - POST http://localhost:9200/_bulk [status:200 request:13.259s]
2025-10-05 18:48:21,535 - INFO - POST http://localhost:9200/_bulk [status:200 request:19.997s]
2025-10-05 18:48:21,611 - INFO - Worker 0: Parsed 17,050,000 docs, Queue: 299
2025-10-05 18:48:21,855 - INFO - Progress: 16,490,000 indexed, 0 failed, Rate: 1683.4 docs/sec, Queue: 299, Elapsed: 9795.4s
2025-10-05 18:48:21,950 - INFO - Progress: 16,500,000 indexed, 0 failed, Rate: 1684.4 docs/sec, Queue: 298, Elapsed: 9795.5s
2025-10-05 18:48:22,004 - INFO - === METRICS ES CONSUMER AT 16500000 DOCS ===
2025-10-05 18:48:22,009 - INFO - Process Memory:
2025-10-05 18:48:22,015 - INFO -   RSS: 6.69 GB
2025-10-05 18:48:22,020 - INFO -   VMS: 9.32 GB
2025-10-05 18:48:22,041 - INFO -   % of System: 0.8%
2025-10-05 18:48:22,041 - INFO - System Memory:
2025-10-05 18:48:22,041 - INFO -   Total Used: 18.9%
2025-10-05 18:48:22,041 - INFO -   Available: 693.32 GB
2025-10-05 18:48:22,041 - INFO -   Cached: 57.11 GB
2025-10-05 18:48:22,113 - INFO - Overall progress: Parsed 17,052,000, Indexed 0, Queue: 297
2025-10-05 18:48:22,926 - INFO - POST http://localhost:9200/_bulk [status:200 request:13.265s]
2025-10-05 18:48:23,118 - INFO - CPU:
2025-10-05 18:48:23,190 - INFO -   Process usage: 93.2%
2025-10-05 18:48:23,209 - INFO -   Threads: 14
2025-10-05 18:48:23,215 - INFO -   Allocated cores: 288 (IDs: [0, 1, 2, 3, 4]...)
2025-10-05 18:48:23,259 - INFO - Process I/O:
2025-10-05 18:48:23,259 - INFO -   Read: 0.03 GB
2025-10-05 18:48:23,268 - INFO -   Write: 0.06 GB
2025-10-05 18:48:23,273 - INFO - ==================================================
2025-10-05 18:48:24,098 - INFO - Progress: 16,510,000 indexed, 0 failed, Rate: 1685.1 docs/sec, Queue: 292, Elapsed: 9797.7s
2025-10-05 18:48:24,164 - INFO - Progress: 16,520,000 indexed, 0 failed, Rate: 1686.1 docs/sec, Queue: 292, Elapsed: 9797.7s
2025-10-05 18:48:24,233 - INFO - POST http://localhost:9200/_bulk [status:200 request:13.416s]
2025-10-05 18:48:24,237 - INFO - Progress: 16,530,000 indexed, 0 failed, Rate: 1687.1 docs/sec, Queue: 292, Elapsed: 9797.8s
2025-10-05 18:48:24,526 - INFO - POST http://localhost:9200/_bulk [status:200 request:10.363s]
2025-10-05 18:48:24,721 - INFO - Progress: 16,540,000 indexed, 0 failed, Rate: 1688.1 docs/sec, Queue: 295, Elapsed: 9798.3s
2025-10-05 18:48:24,950 - INFO - Progress: 16,550,000 indexed, 0 failed, Rate: 1689.0 docs/sec, Queue: 296, Elapsed: 9798.5s
2025-10-05 18:48:28,763 - INFO - POST http://localhost:9200/_bulk [status:200 request:12.213s]
2025-10-05 18:48:28,957 - INFO - Worker 0: Parsed 17,100,000 docs, Queue: 295
2025-10-05 18:48:32,119 - INFO - Overall progress: Parsed 17,115,000, Indexed 0, Queue: 300
2025-10-05 18:48:32,885 - INFO - POST http://localhost:9200/_bulk [status:200 request:12.751s]
2025-10-05 18:48:35,749 - INFO - POST http://localhost:9200/_bulk [status:200 request:13.797s]
2025-10-05 18:48:36,744 - INFO - POST http://localhost:9200/_bulk [status:200 request:21.106s]
2025-10-05 18:48:37,087 - INFO - Progress: 16,560,000 indexed, 0 failed, Rate: 1688.0 docs/sec, Queue: 300, Elapsed: 9810.6s
2025-10-05 18:48:37,140 - INFO - Progress: 16,570,000 indexed, 0 failed, Rate: 1689.0 docs/sec, Queue: 300, Elapsed: 9810.7s
2025-10-05 18:48:37,204 - INFO - Progress: 16,580,000 indexed, 0 failed, Rate: 1690.0 docs/sec, Queue: 300, Elapsed: 9810.8s
2025-10-05 18:48:37,652 - INFO - POST http://localhost:9200/_bulk [status:200 request:12.644s]
2025-10-05 18:48:39,509 - INFO - POST http://localhost:9200/_bulk [status:200 request:18.170s]
2025-10-05 18:48:40,512 - INFO - Worker 0: Parsed 17,150,000 docs, Queue: 295
2025-10-05 18:48:40,588 - INFO - Progress: 16,590,000 indexed, 0 failed, Rate: 1690.4 docs/sec, Queue: 295, Elapsed: 9814.1s
2025-10-05 18:48:40,659 - INFO - Progress: 16,600,000 indexed, 0 failed, Rate: 1691.4 docs/sec, Queue: 295, Elapsed: 9814.2s
2025-10-05 18:48:40,702 - INFO - POST http://localhost:9200/_bulk [status:200 request:10.957s]
2025-10-05 18:48:40,896 - INFO - === METRICS ES CONSUMER AT 16600000 DOCS ===
2025-10-05 18:48:40,912 - INFO - Process Memory:
2025-10-05 18:48:40,926 - INFO -   RSS: 6.68 GB
2025-10-05 18:48:41,046 - INFO -   VMS: 9.31 GB
2025-10-05 18:48:41,102 - INFO - POST http://localhost:9200/_bulk [status:200 request:17.833s]
2025-10-05 18:48:41,103 - INFO -   % of System: 0.8%
2025-10-05 18:48:41,224 - INFO - System Memory:
2025-10-05 18:48:41,240 - INFO -   Total Used: 18.9%
2025-10-05 18:48:41,251 - INFO -   Available: 693.24 GB
2025-10-05 18:48:41,256 - INFO -   Cached: 57.26 GB
2025-10-05 18:48:42,130 - INFO - Overall progress: Parsed 17,160,000, Indexed 0, Queue: 290
2025-10-05 18:48:42,382 - INFO - CPU:
2025-10-05 18:48:42,389 - INFO -   Process usage: 87.9%
2025-10-05 18:48:42,394 - INFO -   Threads: 14
2025-10-05 18:48:42,400 - INFO -   Allocated cores: 288 (IDs: [0, 1, 2, 3, 4]...)
2025-10-05 18:48:42,420 - INFO - Process I/O:
2025-10-05 18:48:42,426 - INFO -   Read: 0.03 GB
2025-10-05 18:48:42,430 - INFO -   Write: 0.06 GB
2025-10-05 18:48:42,430 - INFO - ==================================================
2025-10-05 18:48:43,228 - INFO - Progress: 16,610,000 indexed, 0 failed, Rate: 1692.0 docs/sec, Queue: 290, Elapsed: 9816.8s
2025-10-05 18:48:43,698 - INFO - POST http://localhost:9200/_bulk [status:200 request:18.952s]
2025-10-05 18:48:43,939 - INFO - Progress: 16,620,000 indexed, 0 failed, Rate: 1692.9 docs/sec, Queue: 287, Elapsed: 9817.5s
2025-10-05 18:48:44,015 - INFO - Progress: 16,630,000 indexed, 0 failed, Rate: 1693.9 docs/sec, Queue: 287, Elapsed: 9817.6s
2025-10-05 18:48:44,071 - INFO - Progress: 16,640,000 indexed, 0 failed, Rate: 1694.9 docs/sec, Queue: 288, Elapsed: 9817.6s
2025-10-05 18:48:45,740 - INFO - POST http://localhost:9200/_bulk [status:200 request:12.606s]
2025-10-05 18:48:46,017 - INFO - Progress: 16,650,000 indexed, 0 failed, Rate: 1695.6 docs/sec, Queue: 291, Elapsed: 9819.6s
2025-10-05 18:48:47,943 - INFO - Worker 0: Parsed 17,200,000 docs, Queue: 295
2025-10-05 18:48:49,223 - INFO - POST http://localhost:9200/_bulk [status:200 request:11.235s]
2025-10-05 18:48:49,932 - INFO - POST http://localhost:9200/_bulk [status:200 request:12.821s]
2025-10-05 18:48:52,136 - INFO - Overall progress: Parsed 17,220,000, Indexed 0, Queue: 295
2025-10-05 18:48:54,477 - INFO - POST http://localhost:9200/_bulk [status:200 request:13.794s]
2025-10-05 18:48:54,756 - INFO - POST http://localhost:9200/_bulk [status:200 request:13.310s]
2025-10-05 18:48:55,212 - INFO - POST http://localhost:9200/_bulk [status:200 request:13.689s]
2025-10-05 18:48:56,710 - INFO - POST http://localhost:9200/_bulk [status:200 request:12.678s]
2025-10-05 18:48:56,849 - INFO - POST http://localhost:9200/_bulk [status:200 request:20.855s]
2025-10-05 18:48:57,595 - INFO - Progress: 16,660,000 indexed, 0 failed, Rate: 1694.6 docs/sec, Queue: 291, Elapsed: 9831.1s
2025-10-05 18:48:57,647 - INFO - Progress: 16,670,000 indexed, 0 failed, Rate: 1695.6 docs/sec, Queue: 291, Elapsed: 9831.2s
2025-10-05 18:48:57,710 - INFO - Progress: 16,680,000 indexed, 0 failed, Rate: 1696.6 docs/sec, Queue: 291, Elapsed: 9831.3s
2025-10-05 18:48:57,766 - INFO - Progress: 16,690,000 indexed, 0 failed, Rate: 1697.6 docs/sec, Queue: 291, Elapsed: 9831.3s
2025-10-05 18:48:57,797 - INFO - Progress: 16,700,000 indexed, 0 failed, Rate: 1698.6 docs/sec, Queue: 291, Elapsed: 9831.4s
2025-10-05 18:48:57,848 - INFO - === METRICS ES CONSUMER AT 16700000 DOCS ===
2025-10-05 18:48:57,848 - INFO - Process Memory:
2025-10-05 18:48:57,848 - INFO -   RSS: 6.70 GB
2025-10-05 18:48:57,848 - INFO -   VMS: 9.32 GB
2025-10-05 18:48:57,848 - INFO -   % of System: 0.8%
2025-10-05 18:48:57,849 - INFO - System Memory:
2025-10-05 18:48:57,856 - INFO -   Total Used: 18.9%
2025-10-05 18:48:57,861 - INFO -   Available: 692.75 GB
2025-10-05 18:48:57,866 - INFO -   Cached: 58.34 GB
2025-10-05 18:48:58,910 - INFO - CPU:
2025-10-05 18:48:58,911 - INFO -   Process usage: 80.7%
2025-10-05 18:48:58,911 - INFO -   Threads: 14
2025-10-05 18:48:58,917 - INFO -   Allocated cores: 288 (IDs: [0, 1, 2, 3, 4]...)
2025-10-05 18:48:58,938 - INFO - Process I/O:
2025-10-05 18:48:58,943 - INFO -   Read: 0.03 GB
2025-10-05 18:48:58,949 - INFO -   Write: 0.06 GB
2025-10-05 18:48:58,951 - INFO - ==================================================
2025-10-05 18:48:59,446 - INFO - Worker 0: Parsed 17,250,000 docs, Queue: 281
2025-10-05 18:48:59,713 - INFO - Progress: 16,710,000 indexed, 0 failed, Rate: 1699.3 docs/sec, Queue: 281, Elapsed: 9833.3s
2025-10-05 18:48:59,771 - INFO - Progress: 16,720,000 indexed, 0 failed, Rate: 1700.3 docs/sec, Queue: 280, Elapsed: 9833.3s
2025-10-05 18:49:02,093 - INFO - POST http://localhost:9200/_bulk [status:200 request:12.334s]
2025-10-05 18:49:02,190 - INFO - Overall progress: Parsed 17,267,000, Indexed 0, Queue: 292
2025-10-05 18:49:08,095 - INFO - POST http://localhost:9200/_bulk [status:200 request:12.382s]
2025-10-05 18:49:08,461 - INFO - POST http://localhost:9200/_bulk [status:200 request:22.410s]
2025-10-05 18:49:08,628 - INFO - POST http://localhost:9200/_bulk [status:200 request:13.086s]
2025-10-05 18:49:09,177 - INFO - Progress: 16,730,000 indexed, 0 failed, Rate: 1699.7 docs/sec, Queue: 300, Elapsed: 9842.7s
2025-10-05 18:49:09,269 - INFO - Progress: 16,740,000 indexed, 0 failed, Rate: 1700.7 docs/sec, Queue: 300, Elapsed: 9842.8s
2025-10-05 18:49:09,280 - INFO - POST http://localhost:9200/_bulk [status:200 request:11.705s]
2025-10-05 18:49:10,903 - INFO - POST http://localhost:9200/_bulk [status:200 request:20.655s]
2025-10-05 18:49:11,231 - INFO - Progress: 16,750,000 indexed, 0 failed, Rate: 1701.4 docs/sec, Queue: 287, Elapsed: 9844.8s
2025-10-05 18:49:11,727 - INFO - Worker 0: Parsed 17,300,000 docs, Queue: 288
2025-10-05 18:49:12,141 - INFO - POST http://localhost:9200/_bulk [status:200 request:14.729s]
2025-10-05 18:49:12,251 - INFO - Overall progress: Parsed 17,302,000, Indexed 0, Queue: 290
2025-10-05 18:49:14,302 - INFO - POST http://localhost:9200/_bulk [status:200 request:11.973s]
2025-10-05 18:49:17,217 - INFO - POST http://localhost:9200/_bulk [status:200 request:22.409s]
2025-10-05 18:49:17,500 - INFO - Progress: 16,760,000 indexed, 0 failed, Rate: 1701.3 docs/sec, Queue: 281, Elapsed: 9851.1s
2025-10-05 18:49:17,585 - INFO - Progress: 16,770,000 indexed, 0 failed, Rate: 1702.3 docs/sec, Queue: 282, Elapsed: 9851.1s
2025-10-05 18:49:17,651 - INFO - Progress: 16,780,000 indexed, 0 failed, Rate: 1703.3 docs/sec, Queue: 283, Elapsed: 9851.2s
2025-10-05 18:49:17,702 - INFO - Progress: 16,790,000 indexed, 0 failed, Rate: 1704.4 docs/sec, Queue: 283, Elapsed: 9851.3s
2025-10-05 18:49:17,747 - INFO - Progress: 16,800,000 indexed, 0 failed, Rate: 1705.4 docs/sec, Queue: 283, Elapsed: 9851.3s
2025-10-05 18:49:17,801 - INFO - === METRICS ES CONSUMER AT 16800000 DOCS ===
2025-10-05 18:49:17,801 - INFO - Process Memory:
2025-10-05 18:49:17,801 - INFO -   RSS: 6.67 GB
2025-10-05 18:49:17,801 - INFO -   VMS: 9.30 GB
2025-10-05 18:49:17,815 - INFO -   % of System: 0.8%
2025-10-05 18:49:17,820 - INFO - System Memory:
2025-10-05 18:49:17,825 - INFO -   Total Used: 18.9%
2025-10-05 18:49:17,830 - INFO -   Available: 692.65 GB
2025-10-05 18:49:17,835 - INFO -   Cached: 58.65 GB
2025-10-05 18:49:18,857 - INFO - CPU:
2025-10-05 18:49:18,857 - INFO -   Process usage: 39.4%
2025-10-05 18:49:18,858 - INFO -   Threads: 14
2025-10-05 18:49:18,858 - INFO -   Allocated cores: 288 (IDs: [0, 1, 2, 3, 4]...)
2025-10-05 18:49:18,858 - INFO - Process I/O:
2025-10-05 18:49:18,858 - INFO -   Read: 0.03 GB
2025-10-05 18:49:18,858 - INFO -   Write: 0.06 GB
2025-10-05 18:49:18,858 - INFO - ==================================================
2025-10-05 18:49:19,466 - INFO - Worker 0: Parsed 17,350,000 docs, Queue: 285
2025-10-05 18:49:19,678 - INFO - Progress: 16,810,000 indexed, 0 failed, Rate: 1706.0 docs/sec, Queue: 285, Elapsed: 9853.2s
2025-10-05 18:49:20,059 - INFO - POST http://localhost:9200/_bulk [status:200 request:11.610s]
2025-10-05 18:49:20,354 - INFO - Progress: 16,820,000 indexed, 0 failed, Rate: 1706.9 docs/sec, Queue: 289, Elapsed: 9853.9s
2025-10-05 18:49:22,269 - INFO - POST http://localhost:9200/_bulk [status:200 request:12.665s]
2025-10-05 18:49:22,269 - INFO - Overall progress: Parsed 17,366,000, Indexed 0, Queue: 291
2025-10-05 18:49:23,072 - INFO - POST http://localhost:9200/_bulk [status:200 request:13.862s]
2025-10-05 18:49:23,683 - INFO - Progress: 16,830,000 indexed, 0 failed, Rate: 1707.4 docs/sec, Queue: 293, Elapsed: 9857.2s
2025-10-05 18:49:23,768 - INFO - Progress: 16,840,000 indexed, 0 failed, Rate: 1708.4 docs/sec, Queue: 293, Elapsed: 9857.3s
2025-10-05 18:49:26,475 - INFO - POST http://localhost:9200/_bulk [status:200 request:14.016s]
2025-10-05 18:49:27,153 - INFO - POST http://localhost:9200/_bulk [status:200 request:12.635s]
2025-10-05 18:49:27,395 - INFO - Worker 0: Parsed 17,400,000 docs, Queue: 299
2025-10-05 18:49:28,531 - INFO - POST http://localhost:9200/_bulk [status:200 request:18.798s]
2025-10-05 18:49:29,081 - INFO - Progress: 16,850,000 indexed, 0 failed, Rate: 1708.5 docs/sec, Queue: 294, Elapsed: 9862.6s
2025-10-05 18:49:32,224 - INFO - POST http://localhost:9200/_bulk [status:200 request:11.816s]
2025-10-05 18:49:32,373 - INFO - Overall progress: Parsed 17,425,000, Indexed 0, Queue: 300
2025-10-05 18:49:33,507 - INFO - POST http://localhost:9200/_bulk [status:200 request:22.252s]
2025-10-05 18:49:33,773 - INFO - Progress: 16,860,000 indexed, 0 failed, Rate: 1708.7 docs/sec, Queue: 297, Elapsed: 9867.3s
2025-10-05 18:49:33,819 - INFO - Progress: 16,870,000 indexed, 0 failed, Rate: 1709.7 docs/sec, Queue: 297, Elapsed: 9867.4s
2025-10-05 18:49:33,897 - INFO - Progress: 16,880,000 indexed, 0 failed, Rate: 1710.7 docs/sec, Queue: 298, Elapsed: 9867.5s
2025-10-05 18:49:35,072 - INFO - POST http://localhost:9200/_bulk [status:200 request:12.544s]
2025-10-05 18:49:36,720 - INFO - Worker 0: Parsed 17,450,000 docs, Queue: 295
2025-10-05 18:49:37,781 - INFO - POST http://localhost:9200/_bulk [status:200 request:20.225s]
2025-10-05 18:49:38,132 - INFO - Progress: 16,890,000 indexed, 0 failed, Rate: 1711.0 docs/sec, Queue: 300, Elapsed: 9871.7s
2025-10-05 18:49:38,210 - INFO - Progress: 16,900,000 indexed, 0 failed, Rate: 1712.0 docs/sec, Queue: 300, Elapsed: 9871.8s
2025-10-05 18:49:38,254 - INFO - === METRICS ES CONSUMER AT 16900000 DOCS ===
2025-10-05 18:49:38,259 - INFO - Process Memory:
2025-10-05 18:49:38,264 - INFO -   RSS: 6.68 GB
2025-10-05 18:49:38,270 - INFO -   VMS: 9.31 GB
2025-10-05 18:49:38,290 - INFO -   % of System: 0.8%
2025-10-05 18:49:38,296 - INFO - System Memory:
2025-10-05 18:49:38,301 - INFO -   Total Used: 19.0%
2025-10-05 18:49:38,303 - INFO -   Available: 692.16 GB
2025-10-05 18:49:38,303 - INFO -   Cached: 59.32 GB
2025-10-05 18:49:39,305 - INFO - CPU:
2025-10-05 18:49:39,306 - INFO -   Process usage: 45.9%
2025-10-05 18:49:39,306 - INFO -   Threads: 14
2025-10-05 18:49:39,306 - INFO -   Allocated cores: 288 (IDs: [0, 1, 2, 3, 4]...)
2025-10-05 18:49:39,306 - INFO - Process I/O:
2025-10-05 18:49:39,306 - INFO -   Read: 0.03 GB
2025-10-05 18:49:39,306 - INFO -   Write: 0.06 GB
2025-10-05 18:49:39,306 - INFO - ==================================================
2025-10-05 18:49:40,114 - INFO - Progress: 16,910,000 indexed, 0 failed, Rate: 1712.6 docs/sec, Queue: 300, Elapsed: 9873.7s
2025-10-05 18:49:40,136 - INFO - POST http://localhost:9200/_bulk [status:200 request:12.664s]
2025-10-05 18:49:40,163 - INFO - POST http://localhost:9200/_bulk [status:200 request:13.423s]
2025-10-05 18:49:42,304 - INFO - POST http://localhost:9200/_bulk [status:200 request:13.197s]
2025-10-05 18:49:42,417 - INFO - Overall progress: Parsed 17,476,000, Indexed 0, Queue: 291
2025-10-05 18:49:42,885 - INFO - POST http://localhost:9200/_bulk [status:200 request:19.083s]
2025-10-05 18:49:43,190 - INFO - Progress: 16,920,000 indexed, 0 failed, Rate: 1713.1 docs/sec, Queue: 296, Elapsed: 9876.7s
2025-10-05 18:49:43,286 - INFO - Progress: 16,930,000 indexed, 0 failed, Rate: 1714.1 docs/sec, Queue: 297, Elapsed: 9876.8s
2025-10-05 18:49:43,340 - INFO - Progress: 16,940,000 indexed, 0 failed, Rate: 1715.1 docs/sec, Queue: 297, Elapsed: 9876.9s
2025-10-05 18:49:43,392 - INFO - Progress: 16,950,000 indexed, 0 failed, Rate: 1716.1 docs/sec, Queue: 297, Elapsed: 9876.9s
2025-10-05 18:49:46,017 - INFO - Worker 0: Parsed 17,500,000 docs, Queue: 295
2025-10-05 18:49:46,168 - INFO - POST http://localhost:9200/_bulk [status:200 request:13.585s]
2025-10-05 18:49:46,475 - INFO - Progress: 16,960,000 indexed, 0 failed, Rate: 1716.6 docs/sec, Queue: 297, Elapsed: 9880.0s
2025-10-05 18:49:47,993 - INFO - POST http://localhost:9200/_bulk [status:200 request:14.196s]
2025-10-05 18:49:48,544 - INFO - Progress: 16,970,000 indexed, 0 failed, Rate: 1717.2 docs/sec, Queue: 299, Elapsed: 9882.1s
2025-10-05 18:49:49,179 - INFO - POST http://localhost:9200/_bulk [status:200 request:13.784s]
2025-10-05 18:49:49,483 - INFO - Progress: 16,980,000 indexed, 0 failed, Rate: 1718.1 docs/sec, Queue: 296, Elapsed: 9883.0s
2025-10-05 18:49:52,423 - INFO - Overall progress: Parsed 17,535,000, Indexed 0, Queue: 300
2025-10-05 18:49:52,536 - INFO - POST http://localhost:9200/_bulk [status:200 request:14.313s]
2025-10-05 18:49:53,657 - INFO - Progress: 16,990,000 indexed, 0 failed, Rate: 1718.4 docs/sec, Queue: 300, Elapsed: 9887.2s
2025-10-05 18:49:56,469 - INFO - POST http://localhost:9200/_bulk [status:200 request:15.745s]
2025-10-05 18:49:56,604 - INFO - POST http://localhost:9200/_bulk [status:200 request:13.686s]
2025-10-05 18:49:57,796 - INFO - Worker 0: Parsed 17,550,000 docs, Queue: 295
2025-10-05 18:49:59,023 - INFO - POST http://localhost:9200/_bulk [status:200 request:12.496s]
2025-10-05 18:50:02,424 - INFO - Overall progress: Parsed 17,575,000, Indexed 0, Queue: 300
2025-10-05 18:50:23,003 - INFO - POST http://localhost:9200/_bulk [status:200 request:42.278s]
2025-10-05 18:50:23,290 - INFO - Progress: 17,000,000 indexed, 0 failed, Rate: 1714.3 docs/sec, Queue: 300, Elapsed: 9916.8s
2025-10-05 18:50:23,361 - INFO - === METRICS ES CONSUMER AT 17000000 DOCS ===
2025-10-05 18:50:23,366 - INFO - Process Memory:
2025-10-05 18:50:23,371 - INFO -   RSS: 7.28 GB
2025-10-05 18:50:23,377 - INFO -   VMS: 9.90 GB
2025-10-05 18:50:23,397 - INFO -   % of System: 0.9%
2025-10-05 18:50:23,402 - INFO - System Memory:
2025-10-05 18:50:23,402 - INFO -   Total Used: 19.1%
2025-10-05 18:50:23,402 - INFO -   Available: 691.09 GB
2025-10-05 18:50:23,402 - INFO -   Cached: 60.17 GB
2025-10-05 18:50:24,404 - INFO - CPU:
2025-10-05 18:50:24,404 - INFO -   Process usage: 46.9%
2025-10-05 18:50:24,404 - INFO -   Threads: 14
2025-10-05 18:50:24,404 - INFO -   Allocated cores: 288 (IDs: [0, 1, 2, 3, 4]...)
2025-10-05 18:50:24,404 - INFO - Process I/O:
2025-10-05 18:50:24,404 - INFO -   Read: 0.03 GB
2025-10-05 18:50:24,404 - INFO -   Write: 0.06 GB
2025-10-05 18:50:24,404 - INFO - ==================================================
2025-10-05 18:50:25,165 - INFO - Progress: 17,010,000 indexed, 0 failed, Rate: 1714.9 docs/sec, Queue: 300, Elapsed: 9918.7s
2025-10-05 18:50:25,214 - INFO - Progress: 17,020,000 indexed, 0 failed, Rate: 1715.9 docs/sec, Queue: 300, Elapsed: 9918.8s
2025-10-05 18:50:31,899 - INFO - POST http://localhost:9200/_bulk [status:200 request:48.598s]
2025-10-05 18:50:32,214 - INFO - Progress: 17,030,000 indexed, 0 failed, Rate: 1715.7 docs/sec, Queue: 300, Elapsed: 9925.8s
2025-10-05 18:50:32,267 - INFO - Progress: 17,040,000 indexed, 0 failed, Rate: 1716.7 docs/sec, Queue: 300, Elapsed: 9925.8s
2025-10-05 18:50:32,425 - INFO - Overall progress: Parsed 17,586,000, Indexed 0, Queue: 300
2025-10-05 18:50:42,426 - INFO - Overall progress: Parsed 17,595,000, Indexed 0, Queue: 300
2025-10-05 18:50:59,255 - INFO - POST http://localhost:9200/_bulk [status:200 request:69.624s]
2025-10-05 18:51:00,202 - INFO - Worker 0: Parsed 17,600,000 docs, Queue: 295
2025-10-05 18:51:02,427 - INFO - Overall progress: Parsed 17,605,000, Indexed 0, Queue: 300
2025-10-05 18:51:15,123 - INFO - POST http://localhost:9200/_bulk [status:200 request:81.300s]
2025-10-05 18:51:18,412 - INFO - POST http://localhost:9200/_bulk [status:200 request:81.343s]
2025-10-05 18:51:22,429 - INFO - Overall progress: Parsed 17,625,000, Indexed 0, Queue: 300
2025-10-05 18:51:23,278 - INFO - POST http://localhost:9200/_bulk [status:200 request:83.124s]
2025-10-05 18:51:32,430 - INFO - Overall progress: Parsed 17,635,000, Indexed 0, Queue: 300
2025-10-05 18:51:41,724 - INFO - POST http://localhost:9200/_bulk [status:200 request:78.345s]
2025-10-05 18:51:42,431 - INFO - Overall progress: Parsed 17,636,000, Indexed 0, Queue: 300
2025-10-05 18:51:52,432 - INFO - Overall progress: Parsed 17,645,000, Indexed 0, Queue: 300
2025-10-05 18:51:57,590 - INFO - POST http://localhost:9200/_bulk [status:200 request:128.948s]
2025-10-05 18:51:57,867 - INFO - Progress: 17,050,000 indexed, 0 failed, Rate: 1703.1 docs/sec, Queue: 300, Elapsed: 10011.4s
2025-10-05 18:51:57,899 - INFO - Progress: 17,060,000 indexed, 0 failed, Rate: 1704.0 docs/sec, Queue: 300, Elapsed: 10011.5s
2025-10-05 18:51:57,972 - INFO - Progress: 17,070,000 indexed, 0 failed, Rate: 1705.0 docs/sec, Queue: 300, Elapsed: 10011.5s
2025-10-05 18:51:58,035 - INFO - Progress: 17,080,000 indexed, 0 failed, Rate: 1706.0 docs/sec, Queue: 300, Elapsed: 10011.6s
2025-10-05 18:51:58,664 - INFO - Worker 0: Parsed 17,650,000 docs, Queue: 296
2025-10-05 18:52:02,432 - INFO - Overall progress: Parsed 17,655,000, Indexed 0, Queue: 300
2025-10-05 18:52:04,394 - INFO - POST http://localhost:9200/_bulk [status:200 request:64.773s]
2025-10-05 18:52:12,433 - INFO - Overall progress: Parsed 17,665,000, Indexed 0, Queue: 300
2025-10-05 18:52:20,687 - INFO - POST http://localhost:9200/_bulk [status:200 request:65.107s]
2025-10-05 18:52:22,444 - INFO - Overall progress: Parsed 17,668,000, Indexed 0, Queue: 296
2025-10-05 18:52:27,170 - INFO - POST http://localhost:9200/_bulk [status:200 request:68.381s]
2025-10-05 18:52:32,450 - INFO - Overall progress: Parsed 17,685,000, Indexed 0, Queue: 300
2025-10-05 18:52:35,838 - INFO - POST http://localhost:9200/_bulk [status:200 request:72.154s]
2025-10-05 18:52:42,451 - INFO - Overall progress: Parsed 17,695,000, Indexed 0, Queue: 300
2025-10-05 18:53:08,066 - INFO - POST http://localhost:9200/_bulk [status:200 request:70.112s]
2025-10-05 18:53:09,310 - INFO - Worker 0: Parsed 17,700,000 docs, Queue: 296
2025-10-05 18:53:12,453 - INFO - Overall progress: Parsed 17,705,000, Indexed 0, Queue: 300
2025-10-05 18:53:15,917 - INFO - POST http://localhost:9200/_bulk [status:200 request:71.157s]
2025-10-05 18:53:22,453 - INFO - Overall progress: Parsed 17,715,000, Indexed 0, Queue: 300
2025-10-05 18:53:30,287 - INFO - POST http://localhost:9200/_bulk [status:200 request:62.764s]
2025-10-05 18:53:32,454 - INFO - Overall progress: Parsed 17,725,000, Indexed 0, Queue: 300
2025-10-05 18:53:32,868 - INFO - POST http://localhost:9200/_bulk [status:200 request:56.619s]
2025-10-05 18:53:42,455 - INFO - Overall progress: Parsed 17,735,000, Indexed 0, Queue: 300
2025-10-05 18:53:43,244 - INFO - POST http://localhost:9200/_bulk [status:200 request:81.335s]
2025-10-05 18:53:52,456 - INFO - Overall progress: Parsed 17,745,000, Indexed 0, Queue: 300
2025-10-05 18:54:00,889 - INFO - POST http://localhost:9200/_bulk [status:200 request:52.169s]
2025-10-05 18:54:01,810 - INFO - Worker 0: Parsed 17,750,000 docs, Queue: 297
2025-10-05 18:54:02,457 - INFO - Overall progress: Parsed 17,753,000, Indexed 0, Queue: 298
2025-10-05 18:54:12,457 - INFO - Overall progress: Parsed 17,755,000, Indexed 0, Queue: 300
2025-10-05 18:54:15,377 - INFO - POST http://localhost:9200/_bulk [status:200 request:258.231s]
2025-10-05 18:54:16,073 - INFO - Progress: 17,090,000 indexed, 0 failed, Rate: 1683.8 docs/sec, Queue: 300, Elapsed: 10149.6s
2025-10-05 18:54:16,107 - INFO - Progress: 17,100,000 indexed, 0 failed, Rate: 1684.8 docs/sec, Queue: 300, Elapsed: 10149.7s
2025-10-05 18:54:16,170 - INFO - === METRICS ES CONSUMER AT 17100000 DOCS ===
2025-10-05 18:54:16,176 - INFO - Process Memory:
2025-10-05 18:54:16,181 - INFO -   RSS: 7.42 GB
2025-10-05 18:54:16,186 - INFO -   VMS: 10.04 GB
2025-10-05 18:54:16,207 - INFO -   % of System: 0.9%
2025-10-05 18:54:16,212 - INFO - System Memory:
2025-10-05 18:54:16,217 - INFO -   Total Used: 19.2%
2025-10-05 18:54:16,222 - INFO -   Available: 690.53 GB
2025-10-05 18:54:16,223 - INFO -   Cached: 60.33 GB
2025-10-05 18:54:17,225 - INFO - CPU:
2025-10-05 18:54:17,225 - INFO -   Process usage: 48.9%
2025-10-05 18:54:17,225 - INFO -   Threads: 14
2025-10-05 18:54:17,225 - INFO -   Allocated cores: 288 (IDs: [0, 1, 2, 3, 4]...)
2025-10-05 18:54:17,225 - INFO - Process I/O:
2025-10-05 18:54:17,225 - INFO -   Read: 0.03 GB
2025-10-05 18:54:17,225 - INFO -   Write: 0.06 GB
2025-10-05 18:54:17,225 - INFO - ==================================================
2025-10-05 18:54:18,141 - INFO - Progress: 17,110,000 indexed, 0 failed, Rate: 1685.4 docs/sec, Queue: 300, Elapsed: 10151.7s
2025-10-05 18:54:22,458 - INFO - Overall progress: Parsed 17,765,000, Indexed 0, Queue: 300
2025-10-05 18:54:26,065 - INFO - POST http://localhost:9200/_bulk [status:200 request:55.452s]
2025-10-05 18:54:32,459 - INFO - Overall progress: Parsed 17,775,000, Indexed 0, Queue: 300
2025-10-05 18:54:46,223 - INFO - POST http://localhost:9200/_bulk [status:200 request:72.076s]
2025-10-05 18:54:49,906 - INFO - POST http://localhost:9200/_bulk [status:200 request:257.610s]
2025-10-05 18:54:50,205 - INFO - Progress: 17,120,000 indexed, 0 failed, Rate: 1681.1 docs/sec, Queue: 300, Elapsed: 10183.8s
2025-10-05 18:54:50,239 - INFO - Progress: 17,130,000 indexed, 0 failed, Rate: 1682.1 docs/sec, Queue: 300, Elapsed: 10183.8s
2025-10-05 18:54:50,316 - INFO - Progress: 17,140,000 indexed, 0 failed, Rate: 1683.1 docs/sec, Queue: 300, Elapsed: 10183.9s
2025-10-05 18:54:50,382 - INFO - Progress: 17,150,000 indexed, 0 failed, Rate: 1684.0 docs/sec, Queue: 300, Elapsed: 10183.9s
2025-10-05 18:54:50,439 - INFO - Progress: 17,160,000 indexed, 0 failed, Rate: 1685.0 docs/sec, Queue: 300, Elapsed: 10184.0s
2025-10-05 18:54:52,460 - INFO - Overall progress: Parsed 17,795,000, Indexed 0, Queue: 300
2025-10-05 18:54:57,754 - INFO - POST http://localhost:9200/_bulk [status:200 request:74.110s]
2025-10-05 18:54:59,508 - INFO - Worker 0: Parsed 17,800,000 docs, Queue: 298
2025-10-05 18:55:02,461 - INFO - Overall progress: Parsed 17,805,000, Indexed 0, Queue: 300
2025-10-05 18:55:06,596 - INFO - POST http://localhost:9200/_bulk [status:200 request:65.364s]
2025-10-05 18:55:12,462 - INFO - Overall progress: Parsed 17,815,000, Indexed 0, Queue: 300
2025-10-05 18:55:26,604 - INFO - POST http://localhost:9200/_bulk [status:200 request:70.419s]
2025-10-05 18:55:32,463 - INFO - Overall progress: Parsed 17,825,000, Indexed 0, Queue: 300
2025-10-05 18:55:34,089 - INFO - POST http://localhost:9200/_bulk [status:200 request:231.736s]
2025-10-05 18:55:34,367 - INFO - POST http://localhost:9200/_bulk [status:200 request:67.927s]
2025-10-05 18:55:34,627 - INFO - Progress: 17,170,000 indexed, 0 failed, Rate: 1678.7 docs/sec, Queue: 300, Elapsed: 10228.2s
2025-10-05 18:55:34,668 - INFO - Progress: 17,180,000 indexed, 0 failed, Rate: 1679.7 docs/sec, Queue: 300, Elapsed: 10228.2s
2025-10-05 18:55:35,114 - INFO - Progress: 17,190,000 indexed, 0 failed, Rate: 1680.6 docs/sec, Queue: 300, Elapsed: 10228.7s
2025-10-05 18:55:35,173 - INFO - Progress: 17,200,000 indexed, 0 failed, Rate: 1681.5 docs/sec, Queue: 300, Elapsed: 10228.7s
2025-10-05 18:55:35,386 - INFO - === METRICS ES CONSUMER AT 17200000 DOCS ===
2025-10-05 18:55:35,387 - INFO - Process Memory:
2025-10-05 18:55:35,387 - INFO -   RSS: 7.44 GB
2025-10-05 18:55:35,387 - INFO -   VMS: 10.07 GB
2025-10-05 18:55:35,433 - INFO -   % of System: 0.9%
2025-10-05 18:55:35,438 - INFO - System Memory:
2025-10-05 18:55:35,443 - INFO -   Total Used: 19.2%
2025-10-05 18:55:35,449 - INFO -   Available: 690.61 GB
2025-10-05 18:55:35,454 - INFO -   Cached: 60.78 GB
2025-10-05 18:55:36,497 - INFO - CPU:
2025-10-05 18:55:36,498 - INFO -   Process usage: 74.8%
2025-10-05 18:55:36,498 - INFO -   Threads: 14
2025-10-05 18:55:36,498 - INFO -   Allocated cores: 288 (IDs: [0, 1, 2, 3, 4]...)
2025-10-05 18:55:36,504 - INFO - Process I/O:
2025-10-05 18:55:36,510 - INFO -   Read: 0.03 GB
2025-10-05 18:55:36,515 - INFO -   Write: 0.06 GB
2025-10-05 18:55:36,520 - INFO - ==================================================
2025-10-05 18:55:37,548 - INFO - Progress: 17,210,000 indexed, 0 failed, Rate: 1682.1 docs/sec, Queue: 300, Elapsed: 10231.1s
2025-10-05 18:55:37,595 - INFO - Progress: 17,220,000 indexed, 0 failed, Rate: 1683.1 docs/sec, Queue: 300, Elapsed: 10231.1s
2025-10-05 18:55:37,635 - INFO - Progress: 17,230,000 indexed, 0 failed, Rate: 1684.1 docs/sec, Queue: 300, Elapsed: 10231.2s
2025-10-05 18:55:42,464 - INFO - Overall progress: Parsed 17,845,000, Indexed 0, Queue: 300
2025-10-05 18:56:00,195 - INFO - POST http://localhost:9200/_bulk [status:200 request:73.540s]
2025-10-05 18:56:01,225 - INFO - Worker 0: Parsed 17,850,000 docs, Queue: 297
2025-10-05 18:56:02,465 - INFO - Overall progress: Parsed 17,855,000, Indexed 0, Queue: 300
2025-10-05 18:56:06,189 - INFO - POST http://localhost:9200/_bulk [status:200 request:68.010s]
2025-10-05 18:56:12,466 - INFO - Overall progress: Parsed 17,865,000, Indexed 0, Queue: 300
2025-10-05 18:56:26,891 - INFO - POST http://localhost:9200/_bulk [status:200 request:79.928s]
2025-10-05 18:56:32,467 - INFO - Overall progress: Parsed 17,875,000, Indexed 0, Queue: 300
2025-10-05 18:56:47,232 - INFO - POST http://localhost:9200/_bulk [status:200 request:71.784s]
2025-10-05 18:56:52,469 - INFO - Overall progress: Parsed 17,885,000, Indexed 0, Queue: 300
2025-10-05 18:56:57,069 - INFO - POST http://localhost:9200/_bulk [status:200 request:82.344s]
2025-10-05 18:57:02,470 - INFO - Overall progress: Parsed 17,895,000, Indexed 0, Queue: 300
2025-10-05 18:57:05,002 - INFO - POST http://localhost:9200/_bulk [status:200 request:228.735s]
2025-10-05 18:57:05,314 - INFO - Progress: 17,240,000 indexed, 0 failed, Rate: 1670.7 docs/sec, Queue: 300, Elapsed: 10318.9s
2025-10-05 18:57:05,365 - INFO - Progress: 17,250,000 indexed, 0 failed, Rate: 1671.7 docs/sec, Queue: 300, Elapsed: 10318.9s
2025-10-05 18:57:05,428 - INFO - Progress: 17,260,000 indexed, 0 failed, Rate: 1672.6 docs/sec, Queue: 300, Elapsed: 10319.0s
2025-10-05 18:57:05,492 - INFO - Progress: 17,270,000 indexed, 0 failed, Rate: 1673.6 docs/sec, Queue: 300, Elapsed: 10319.0s
2025-10-05 18:57:05,561 - INFO - Progress: 17,280,000 indexed, 0 failed, Rate: 1674.6 docs/sec, Queue: 300, Elapsed: 10319.1s
2025-10-05 18:57:05,631 - INFO - Progress: 17,290,000 indexed, 0 failed, Rate: 1675.5 docs/sec, Queue: 300, Elapsed: 10319.2s
2025-10-05 18:57:05,680 - INFO - Progress: 17,300,000 indexed, 0 failed, Rate: 1676.5 docs/sec, Queue: 300, Elapsed: 10319.2s
2025-10-05 18:57:05,734 - INFO - === METRICS ES CONSUMER AT 17300000 DOCS ===
2025-10-05 18:57:05,739 - INFO - Process Memory:
2025-10-05 18:57:05,739 - INFO -   RSS: 7.49 GB
2025-10-05 18:57:05,739 - INFO -   VMS: 10.12 GB
2025-10-05 18:57:05,760 - INFO -   % of System: 0.9%
2025-10-05 18:57:05,766 - INFO - System Memory:
2025-10-05 18:57:05,771 - INFO -   Total Used: 18.9%
2025-10-05 18:57:05,776 - INFO -   Available: 692.58 GB
2025-10-05 18:57:05,781 - INFO -   Cached: 55.89 GB
2025-10-05 18:57:06,328 - INFO - Worker 0: Parsed 17,900,000 docs, Queue: 295
2025-10-05 18:57:06,793 - INFO - CPU:
2025-10-05 18:57:06,793 - INFO -   Process usage: 34.8%
2025-10-05 18:57:06,793 - INFO -   Threads: 14
2025-10-05 18:57:06,793 - INFO -   Allocated cores: 288 (IDs: [0, 1, 2, 3, 4]...)
2025-10-05 18:57:06,794 - INFO - Process I/O:
2025-10-05 18:57:06,794 - INFO -   Read: 0.03 GB
2025-10-05 18:57:06,794 - INFO -   Write: 0.07 GB
2025-10-05 18:57:06,794 - INFO - ==================================================
2025-10-05 18:57:07,625 - INFO - Progress: 17,310,000 indexed, 0 failed, Rate: 1677.1 docs/sec, Queue: 300, Elapsed: 10321.2s
2025-10-05 18:57:08,959 - INFO - POST http://localhost:9200/_bulk [status:200 request:62.295s]
2025-10-05 18:57:12,470 - INFO - Overall progress: Parsed 17,915,000, Indexed 0, Queue: 300
2025-10-05 18:57:25,316 - INFO - POST http://localhost:9200/_bulk [status:200 request:58.054s]
2025-10-05 18:57:32,472 - INFO - Overall progress: Parsed 17,925,000, Indexed 0, Queue: 300
2025-10-05 18:57:54,079 - INFO - POST http://localhost:9200/_bulk [status:200 request:66.107s]
2025-10-05 18:58:02,473 - INFO - Overall progress: Parsed 17,935,000, Indexed 0, Queue: 300
2025-10-05 18:58:07,502 - INFO - POST http://localhost:9200/_bulk [status:200 request:197.212s]
2025-10-05 18:58:07,833 - INFO - Progress: 17,320,000 indexed, 0 failed, Rate: 1668.4 docs/sec, Queue: 300, Elapsed: 10381.4s
2025-10-05 18:58:07,889 - INFO - Progress: 17,330,000 indexed, 0 failed, Rate: 1669.3 docs/sec, Queue: 300, Elapsed: 10381.4s
2025-10-05 18:58:07,959 - INFO - Progress: 17,340,000 indexed, 0 failed, Rate: 1670.3 docs/sec, Queue: 300, Elapsed: 10381.5s
2025-10-05 18:58:09,832 - INFO - POST http://localhost:9200/_bulk [status:200 request:44.139s]
2025-10-05 18:58:10,787 - INFO - Worker 0: Parsed 17,950,000 docs, Queue: 295
2025-10-05 18:58:12,474 - INFO - Overall progress: Parsed 17,955,000, Indexed 0, Queue: 300
2025-10-05 18:58:27,151 - INFO - POST http://localhost:9200/_bulk [status:200 request:81.749s]
2025-10-05 18:58:28,158 - INFO - POST http://localhost:9200/_bulk [status:200 request:78.731s]
2025-10-05 18:58:32,476 - INFO - Overall progress: Parsed 17,975,000, Indexed 0, Queue: 300
2025-10-05 18:59:04,401 - INFO - POST http://localhost:9200/_bulk [status:200 request:69.934s]
2025-10-05 18:59:12,477 - INFO - Overall progress: Parsed 17,985,000, Indexed 0, Queue: 300
2025-10-05 18:59:19,030 - INFO - POST http://localhost:9200/_bulk [status:200 request:71.101s]
2025-10-05 18:59:21,172 - INFO - POST http://localhost:9200/_bulk [status:200 request:70.960s]
2025-10-05 18:59:21,930 - INFO - POST http://localhost:9200/_bulk [status:200 request:54.417s]
2025-10-05 18:59:22,488 - INFO - Overall progress: Parsed 17,996,000, Indexed 0, Queue: 297
2025-10-05 18:59:22,927 - INFO - Worker 0: Parsed 18,000,000 docs, Queue: 292
2025-10-05 18:59:32,494 - INFO - Overall progress: Parsed 18,015,000, Indexed 0, Queue: 300
2025-10-05 18:59:35,461 - INFO - POST http://localhost:9200/_bulk [status:200 request:65.947s]
2025-10-05 18:59:42,495 - INFO - Overall progress: Parsed 18,025,000, Indexed 0, Queue: 300
2025-10-05 18:59:43,540 - INFO - POST http://localhost:9200/_bulk [status:200 request:256.560s]
2025-10-05 18:59:43,848 - INFO - Progress: 17,350,000 indexed, 0 failed, Rate: 1655.9 docs/sec, Queue: 300, Elapsed: 10477.4s
2025-10-05 18:59:43,876 - INFO - Progress: 17,360,000 indexed, 0 failed, Rate: 1656.9 docs/sec, Queue: 300, Elapsed: 10477.4s
2025-10-05 18:59:43,933 - INFO - Progress: 17,370,000 indexed, 0 failed, Rate: 1657.8 docs/sec, Queue: 300, Elapsed: 10477.5s
2025-10-05 18:59:52,496 - INFO - Overall progress: Parsed 18,035,000, Indexed 0, Queue: 300
2025-10-05 19:00:26,198 - INFO - POST http://localhost:9200/_bulk [status:200 request:66.814s]
2025-10-05 19:00:32,498 - INFO - Overall progress: Parsed 18,045,000, Indexed 0, Queue: 300
2025-10-05 19:00:37,694 - INFO - POST http://localhost:9200/_bulk [status:200 request:277.054s]
2025-10-05 19:00:38,042 - INFO - Progress: 17,380,000 indexed, 0 failed, Rate: 1650.3 docs/sec, Queue: 300, Elapsed: 10531.6s
2025-10-05 19:00:38,123 - INFO - Progress: 17,390,000 indexed, 0 failed, Rate: 1651.2 docs/sec, Queue: 300, Elapsed: 10531.7s
2025-10-05 19:00:38,223 - INFO - Progress: 17,400,000 indexed, 0 failed, Rate: 1652.1 docs/sec, Queue: 300, Elapsed: 10531.8s
2025-10-05 19:00:38,334 - INFO - POST http://localhost:9200/_bulk [status:200 request:75.966s]
2025-10-05 19:00:38,511 - INFO - === METRICS ES CONSUMER AT 17400000 DOCS ===
2025-10-05 19:00:38,522 - INFO - Process Memory:
2025-10-05 19:00:38,532 - INFO -   RSS: 7.56 GB
2025-10-05 19:00:38,545 - INFO -   VMS: 10.19 GB
2025-10-05 19:00:38,679 - INFO -   % of System: 0.9%
2025-10-05 19:00:38,679 - INFO - System Memory:
2025-10-05 19:00:38,679 - INFO -   Total Used: 18.9%
2025-10-05 19:00:38,679 - INFO -   Available: 692.83 GB
2025-10-05 19:00:38,679 - INFO -   Cached: 55.95 GB
2025-10-05 19:00:39,079 - INFO - Worker 0: Parsed 18,050,000 docs, Queue: 296
2025-10-05 19:00:39,681 - INFO - CPU:
2025-10-05 19:00:39,682 - INFO -   Process usage: 76.9%
2025-10-05 19:00:39,682 - INFO -   Threads: 14
2025-10-05 19:00:39,682 - INFO -   Allocated cores: 288 (IDs: [0, 1, 2, 3, 4]...)
2025-10-05 19:00:39,682 - INFO - Process I/O:
2025-10-05 19:00:39,682 - INFO -   Read: 0.03 GB
2025-10-05 19:00:39,682 - INFO -   Write: 0.07 GB
2025-10-05 19:00:39,682 - INFO - ==================================================
2025-10-05 19:00:40,851 - INFO - Progress: 17,410,000 indexed, 0 failed, Rate: 1652.7 docs/sec, Queue: 297, Elapsed: 10534.4s
2025-10-05 19:00:40,852 - INFO - POST http://localhost:9200/_bulk [status:200 request:96.061s]
2025-10-05 19:00:42,499 - INFO - Overall progress: Parsed 18,071,000, Indexed 0, Queue: 296
2025-10-05 19:00:46,561 - INFO - POST http://localhost:9200/_bulk [status:200 request:229.134s]
2025-10-05 19:00:46,888 - INFO - Progress: 17,420,000 indexed, 0 failed, Rate: 1652.7 docs/sec, Queue: 300, Elapsed: 10540.4s
2025-10-05 19:00:46,936 - INFO - Progress: 17,430,000 indexed, 0 failed, Rate: 1653.6 docs/sec, Queue: 300, Elapsed: 10540.5s
2025-10-05 19:00:46,995 - INFO - Progress: 17,440,000 indexed, 0 failed, Rate: 1654.6 docs/sec, Queue: 300, Elapsed: 10540.5s
2025-10-05 19:00:47,075 - INFO - Progress: 17,450,000 indexed, 0 failed, Rate: 1655.5 docs/sec, Queue: 300, Elapsed: 10540.6s
2025-10-05 19:00:47,134 - INFO - Progress: 17,460,000 indexed, 0 failed, Rate: 1656.4 docs/sec, Queue: 300, Elapsed: 10540.7s
2025-10-05 19:00:47,200 - INFO - Progress: 17,470,000 indexed, 0 failed, Rate: 1657.4 docs/sec, Queue: 300, Elapsed: 10540.8s
2025-10-05 19:00:47,236 - INFO - Progress: 17,480,000 indexed, 0 failed, Rate: 1658.3 docs/sec, Queue: 300, Elapsed: 10540.8s
2025-10-05 19:00:47,275 - INFO - Progress: 17,490,000 indexed, 0 failed, Rate: 1659.3 docs/sec, Queue: 300, Elapsed: 10540.8s
2025-10-05 19:00:47,335 - INFO - Progress: 17,500,000 indexed, 0 failed, Rate: 1660.2 docs/sec, Queue: 300, Elapsed: 10540.9s
2025-10-05 19:00:47,383 - INFO - === METRICS ES CONSUMER AT 17500000 DOCS ===
2025-10-05 19:00:47,388 - INFO - Process Memory:
2025-10-05 19:00:47,393 - INFO -   RSS: 7.25 GB
2025-10-05 19:00:47,398 - INFO -   VMS: 9.88 GB
2025-10-05 19:00:47,417 - INFO -   % of System: 0.8%
2025-10-05 19:00:47,417 - INFO - System Memory:
2025-10-05 19:00:47,417 - INFO -   Total Used: 18.9%
2025-10-05 19:00:47,417 - INFO -   Available: 692.85 GB
2025-10-05 19:00:47,423 - INFO -   Cached: 56.03 GB
2025-10-05 19:00:48,445 - INFO - CPU:
2025-10-05 19:00:48,446 - INFO -   Process usage: 28.5%
2025-10-05 19:00:48,446 - INFO -   Threads: 14
2025-10-05 19:00:48,446 - INFO -   Allocated cores: 288 (IDs: [0, 1, 2, 3, 4]...)
2025-10-05 19:00:48,446 - INFO - Process I/O:
2025-10-05 19:00:48,446 - INFO -   Read: 0.03 GB
2025-10-05 19:00:48,446 - INFO -   Write: 0.07 GB
2025-10-05 19:00:48,446 - INFO - ==================================================
2025-10-05 19:00:49,292 - INFO - Progress: 17,510,000 indexed, 0 failed, Rate: 1660.8 docs/sec, Queue: 300, Elapsed: 10542.8s
2025-10-05 19:00:49,362 - INFO - Progress: 17,520,000 indexed, 0 failed, Rate: 1661.8 docs/sec, Queue: 300, Elapsed: 10542.9s
2025-10-05 19:00:49,558 - INFO - POST http://localhost:9200/_bulk [status:200 request:11.425s]
2025-10-05 19:00:51,088 - INFO - POST http://localhost:9200/_bulk [status:200 request:89.074s]
2025-10-05 19:00:51,377 - INFO - Progress: 17,530,000 indexed, 0 failed, Rate: 1662.4 docs/sec, Queue: 299, Elapsed: 10544.9s
2025-10-05 19:00:51,424 - INFO - Progress: 17,540,000 indexed, 0 failed, Rate: 1663.4 docs/sec, Queue: 300, Elapsed: 10545.0s
2025-10-05 19:00:52,062 - INFO - POST http://localhost:9200/_bulk [status:200 request:13.363s]
2025-10-05 19:00:52,140 - INFO - Worker 0: Parsed 18,100,000 docs, Queue: 295
2025-10-05 19:00:53,221 - INFO - Overall progress: Parsed 18,106,000, Indexed 0, Queue: 299
2025-10-05 19:00:57,972 - INFO - POST http://localhost:9200/_bulk [status:200 request:11.023s]
2025-10-05 19:00:59,041 - INFO - POST http://localhost:9200/_bulk [status:200 request:7.645s]
2025-10-05 19:01:01,442 - INFO - POST http://localhost:9200/_bulk [status:200 request:20.160s]
2025-10-05 19:01:02,479 - INFO - POST http://localhost:9200/_bulk [status:200 request:10.116s]
2025-10-05 19:01:03,237 - INFO - Overall progress: Parsed 18,142,000, Indexed 0, Queue: 292
2025-10-05 19:01:04,245 - INFO - Worker 0: Parsed 18,150,000 docs, Queue: 295
2025-10-05 19:01:05,168 - INFO - POST http://localhost:9200/_bulk [status:200 request:89.295s]
2025-10-05 19:01:05,365 - INFO - POST http://localhost:9200/_bulk [status:200 request:81.407s]
2025-10-05 19:01:06,298 - INFO - Progress: 17,550,000 indexed, 0 failed, Rate: 1662.0 docs/sec, Queue: 300, Elapsed: 10559.9s
2025-10-05 19:01:06,298 - INFO - POST http://localhost:9200/_bulk [status:200 request:8.072s]
2025-10-05 19:01:06,471 - INFO - Progress: 17,560,000 indexed, 0 failed, Rate: 1662.9 docs/sec, Queue: 300, Elapsed: 10560.0s
2025-10-05 19:01:08,525 - INFO - POST http://localhost:9200/_bulk [status:200 request:9.216s]
2025-10-05 19:01:10,396 - INFO - POST http://localhost:9200/_bulk [status:200 request:20.484s]
2025-10-05 19:01:11,590 - INFO - POST http://localhost:9200/_bulk [status:200 request:8.791s]
2025-10-05 19:01:13,075 - INFO - POST http://localhost:9200/_bulk [status:200 request:46.155s]
2025-10-05 19:01:13,384 - INFO - Overall progress: Parsed 18,198,000, Indexed 0, Queue: 288
2025-10-05 19:01:13,391 - INFO - Progress: 17,570,000 indexed, 0 failed, Rate: 1662.7 docs/sec, Queue: 288, Elapsed: 10566.9s
2025-10-05 19:01:13,432 - INFO - Progress: 17,580,000 indexed, 0 failed, Rate: 1663.7 docs/sec, Queue: 288, Elapsed: 10567.0s
2025-10-05 19:01:13,489 - INFO - Progress: 17,590,000 indexed, 0 failed, Rate: 1664.6 docs/sec, Queue: 288, Elapsed: 10567.0s
2025-10-05 19:01:13,554 - INFO - Worker 0: Parsed 18,200,000 docs, Queue: 289
2025-10-05 19:01:13,559 - INFO - Progress: 17,600,000 indexed, 0 failed, Rate: 1665.5 docs/sec, Queue: 289, Elapsed: 10567.1s
2025-10-05 19:01:13,614 - INFO - === METRICS ES CONSUMER AT 17600000 DOCS ===
2025-10-05 19:01:13,619 - INFO - Process Memory:
2025-10-05 19:01:13,625 - INFO -   RSS: 7.01 GB
2025-10-05 19:01:13,630 - INFO -   VMS: 9.64 GB
2025-10-05 19:01:13,650 - INFO -   % of System: 0.8%
2025-10-05 19:01:13,656 - INFO - System Memory:
2025-10-05 19:01:13,659 - INFO -   Total Used: 18.9%
2025-10-05 19:01:13,659 - INFO -   Available: 693.11 GB
2025-10-05 19:01:13,659 - INFO -   Cached: 56.01 GB
2025-10-05 19:01:14,509 - INFO - POST http://localhost:9200/_bulk [status:200 request:8.281s]
2025-10-05 19:01:14,807 - INFO - CPU:
2025-10-05 19:01:14,812 - INFO -   Process usage: 77.4%
2025-10-05 19:01:14,818 - INFO -   Threads: 14
2025-10-05 19:01:14,818 - INFO -   Allocated cores: 288 (IDs: [0, 1, 2, 3, 4]...)
2025-10-05 19:01:14,819 - INFO - Process I/O:
2025-10-05 19:01:14,819 - INFO -   Read: 0.03 GB
2025-10-05 19:01:14,827 - INFO -   Write: 0.07 GB
2025-10-05 19:01:14,832 - INFO - ==================================================
2025-10-05 19:01:15,873 - INFO - Progress: 17,610,000 indexed, 0 failed, Rate: 1666.1 docs/sec, Queue: 288, Elapsed: 10569.4s
2025-10-05 19:01:15,949 - INFO - Progress: 17,620,000 indexed, 0 failed, Rate: 1667.1 docs/sec, Queue: 288, Elapsed: 10569.5s
2025-10-05 19:01:15,949 - INFO - POST http://localhost:9200/_bulk [status:200 request:9.708s]
2025-10-05 19:01:16,107 - INFO - Progress: 17,630,000 indexed, 0 failed, Rate: 1668.0 docs/sec, Queue: 289, Elapsed: 10569.7s
2025-10-05 19:01:16,158 - INFO - Progress: 17,640,000 indexed, 0 failed, Rate: 1668.9 docs/sec, Queue: 290, Elapsed: 10569.7s
2025-10-05 19:01:16,229 - INFO - Progress: 17,650,000 indexed, 0 failed, Rate: 1669.9 docs/sec, Queue: 290, Elapsed: 10569.8s
2025-10-05 19:01:16,314 - INFO - Progress: 17,660,000 indexed, 0 failed, Rate: 1670.8 docs/sec, Queue: 290, Elapsed: 10569.9s
2025-10-05 19:01:16,314 - INFO - POST http://localhost:9200/_bulk [status:200 request:9.612s]
2025-10-05 19:01:16,641 - INFO - POST http://localhost:9200/_bulk [status:200 request:14.491s]
2025-10-05 19:01:16,885 - INFO - POST http://localhost:9200/_bulk [status:200 request:8.050s]
2025-10-05 19:01:17,380 - INFO - Progress: 17,670,000 indexed, 0 failed, Rate: 1671.6 docs/sec, Queue: 297, Elapsed: 10570.9s
2025-10-05 19:01:17,513 - INFO - Progress: 17,680,000 indexed, 0 failed, Rate: 1672.5 docs/sec, Queue: 298, Elapsed: 10571.1s
2025-10-05 19:01:17,605 - INFO - Progress: 17,690,000 indexed, 0 failed, Rate: 1673.4 docs/sec, Queue: 298, Elapsed: 10571.2s
2025-10-05 19:01:17,651 - INFO - Progress: 17,700,000 indexed, 0 failed, Rate: 1674.4 docs/sec, Queue: 298, Elapsed: 10571.2s
2025-10-05 19:01:17,685 - INFO - === METRICS ES CONSUMER AT 17700000 DOCS ===
2025-10-05 19:01:17,691 - INFO - Process Memory:
2025-10-05 19:01:17,696 - INFO -   RSS: 6.97 GB
2025-10-05 19:01:17,701 - INFO -   VMS: 9.60 GB
2025-10-05 19:01:17,722 - INFO -   % of System: 0.8%
2025-10-05 19:01:17,722 - INFO - System Memory:
2025-10-05 19:01:17,722 - INFO -   Total Used: 18.9%
2025-10-05 19:01:17,722 - INFO -   Available: 693.01 GB
2025-10-05 19:01:17,722 - INFO -   Cached: 56.52 GB
2025-10-05 19:01:19,442 - INFO - POST http://localhost:9200/_bulk [status:200 request:7.308s]
2025-10-05 19:01:19,442 - INFO - CPU:
2025-10-05 19:01:19,545 - INFO -   Process usage: 93.0%
2025-10-05 19:01:19,555 - INFO -   Threads: 14
2025-10-05 19:01:19,565 - INFO -   Allocated cores: 288 (IDs: [0, 1, 2, 3, 4]...)
2025-10-05 19:01:19,672 - INFO - Process I/O:
2025-10-05 19:01:19,693 - INFO -   Read: 0.03 GB
2025-10-05 19:01:19,733 - INFO -   Write: 0.07 GB
2025-10-05 19:01:19,739 - INFO - ==================================================
2025-10-05 19:01:20,476 - INFO - Progress: 17,710,000 indexed, 0 failed, Rate: 1674.9 docs/sec, Queue: 297, Elapsed: 10574.0s
2025-10-05 19:01:20,531 - INFO - Progress: 17,720,000 indexed, 0 failed, Rate: 1675.8 docs/sec, Queue: 297, Elapsed: 10574.1s
2025-10-05 19:01:21,360 - INFO - Worker 0: Parsed 18,250,000 docs, Queue: 288
2025-10-05 19:01:21,945 - INFO - POST http://localhost:9200/_bulk [status:200 request:7.155s]
2025-10-05 19:01:23,046 - INFO - POST http://localhost:9200/_bulk [status:200 request:11.117s]
2025-10-05 19:01:23,965 - INFO - Overall progress: Parsed 18,264,000, Indexed 0, Queue: 280
2025-10-05 19:01:24,018 - INFO - POST http://localhost:9200/_bulk [status:200 request:7.277s]
2025-10-05 19:01:24,153 - INFO - POST http://localhost:9200/_bulk [status:200 request:10.641s]
2025-10-05 19:01:24,548 - INFO - Progress: 17,730,000 indexed, 0 failed, Rate: 1676.1 docs/sec, Queue: 283, Elapsed: 10578.1s
2025-10-05 19:01:24,602 - INFO - Progress: 17,740,000 indexed, 0 failed, Rate: 1677.0 docs/sec, Queue: 284, Elapsed: 10578.2s
2025-10-05 19:01:25,019 - INFO - Progress: 17,750,000 indexed, 0 failed, Rate: 1677.9 docs/sec, Queue: 286, Elapsed: 10578.6s
2025-10-05 19:01:25,099 - INFO - Progress: 17,760,000 indexed, 0 failed, Rate: 1678.9 docs/sec, Queue: 286, Elapsed: 10578.7s
2025-10-05 19:01:25,165 - INFO - POST http://localhost:9200/_bulk [status:200 request:7.608s]
2025-10-05 19:01:25,169 - INFO - Progress: 17,770,000 indexed, 0 failed, Rate: 1679.8 docs/sec, Queue: 287, Elapsed: 10578.7s
2025-10-05 19:01:26,953 - INFO - POST http://localhost:9200/_bulk [status:200 request:7.169s]
2025-10-05 19:01:26,954 - INFO - POST http://localhost:9200/_bulk [status:200 request:9.434s]
2025-10-05 19:01:27,402 - INFO - POST http://localhost:9200/_bulk [status:200 request:10.073s]
2025-10-05 19:01:27,874 - INFO - Progress: 17,780,000 indexed, 0 failed, Rate: 1680.3 docs/sec, Queue: 292, Elapsed: 10581.4s
2025-10-05 19:01:27,941 - INFO - Progress: 17,790,000 indexed, 0 failed, Rate: 1681.2 docs/sec, Queue: 293, Elapsed: 10581.5s
2025-10-05 19:01:27,993 - INFO - Progress: 17,800,000 indexed, 0 failed, Rate: 1682.2 docs/sec, Queue: 294, Elapsed: 10581.5s
2025-10-05 19:01:28,033 - INFO - === METRICS ES CONSUMER AT 17800000 DOCS ===
2025-10-05 19:01:28,039 - INFO - Process Memory:
2025-10-05 19:01:28,044 - INFO -   RSS: 6.91 GB
2025-10-05 19:01:28,049 - INFO -   VMS: 9.54 GB
2025-10-05 19:01:28,062 - INFO -   % of System: 0.8%
2025-10-05 19:01:28,062 - INFO - System Memory:
2025-10-05 19:01:28,062 - INFO -   Total Used: 18.9%
2025-10-05 19:01:28,062 - INFO -   Available: 692.99 GB
2025-10-05 19:01:28,062 - INFO -   Cached: 56.86 GB
2025-10-05 19:01:29,259 - INFO - Worker 0: Parsed 18,300,000 docs, Queue: 290
2025-10-05 19:01:29,341 - INFO - POST http://localhost:9200/_bulk [status:200 request:7.089s]
2025-10-05 19:01:29,342 - INFO - CPU:
2025-10-05 19:01:29,450 - INFO -   Process usage: 91.8%
2025-10-05 19:01:29,461 - INFO -   Threads: 14
2025-10-05 19:01:29,471 - INFO -   Allocated cores: 288 (IDs: [0, 1, 2, 3, 4]...)
2025-10-05 19:01:29,513 - INFO - Process I/O:
2025-10-05 19:01:29,523 - INFO -   Read: 0.03 GB
2025-10-05 19:01:29,536 - INFO -   Write: 0.07 GB
2025-10-05 19:01:29,636 - INFO - ==================================================
2025-10-05 19:01:30,312 - INFO - Progress: 17,810,000 indexed, 0 failed, Rate: 1682.7 docs/sec, Queue: 294, Elapsed: 10583.9s
2025-10-05 19:01:30,369 - INFO - Progress: 17,820,000 indexed, 0 failed, Rate: 1683.7 docs/sec, Queue: 295, Elapsed: 10583.9s
2025-10-05 19:01:32,415 - INFO - POST http://localhost:9200/_bulk [status:200 request:7.843s]
2025-10-05 19:01:32,562 - INFO - POST http://localhost:9200/_bulk [status:200 request:7.018s]
2025-10-05 19:01:33,216 - INFO - Progress: 17,830,000 indexed, 0 failed, Rate: 1684.2 docs/sec, Queue: 275, Elapsed: 10586.8s
2025-10-05 19:01:33,805 - INFO - POST http://localhost:9200/_bulk [status:200 request:8.687s]
2025-10-05 19:01:34,080 - INFO - Overall progress: Parsed 18,328,000, Indexed 0, Queue: 272
2025-10-05 19:01:34,898 - INFO - POST http://localhost:9200/_bulk [status:200 request:7.225s]
2025-10-05 19:01:35,297 - INFO - POST http://localhost:9200/_bulk [status:200 request:7.821s]
2025-10-05 19:01:35,461 - INFO - POST http://localhost:9200/_bulk [status:200 request:10.600s]
2025-10-05 19:01:36,213 - INFO - Progress: 17,840,000 indexed, 0 failed, Rate: 1684.6 docs/sec, Queue: 270, Elapsed: 10589.8s
2025-10-05 19:01:36,278 - INFO - Progress: 17,850,000 indexed, 0 failed, Rate: 1685.6 docs/sec, Queue: 271, Elapsed: 10589.8s
2025-10-05 19:01:36,332 - INFO - Progress: 17,860,000 indexed, 0 failed, Rate: 1686.5 docs/sec, Queue: 272, Elapsed: 10589.9s
2025-10-05 19:01:36,392 - INFO - Progress: 17,870,000 indexed, 0 failed, Rate: 1687.4 docs/sec, Queue: 272, Elapsed: 10589.9s
2025-10-05 19:01:36,433 - INFO - Progress: 17,880,000 indexed, 0 failed, Rate: 1688.4 docs/sec, Queue: 272, Elapsed: 10590.0s
2025-10-05 19:01:37,226 - INFO - Worker 0: Parsed 18,350,000 docs, Queue: 264
2025-10-05 19:01:39,200 - INFO - POST http://localhost:9200/_bulk [status:200 request:11.302s]
2025-10-05 19:01:39,511 - INFO - Progress: 17,890,000 indexed, 0 failed, Rate: 1688.8 docs/sec, Queue: 253, Elapsed: 10593.1s
2025-10-05 19:01:39,658 - INFO - POST http://localhost:9200/_bulk [status:200 request:6.409s]
2025-10-05 19:01:40,756 - INFO - POST http://localhost:9200/_bulk [status:200 request:7.312s]
2025-10-05 19:01:41,112 - INFO - POST http://localhost:9200/_bulk [status:200 request:10.824s]
2025-10-05 19:01:41,435 - INFO - Progress: 17,900,000 indexed, 0 failed, Rate: 1689.5 docs/sec, Queue: 259, Elapsed: 10595.0s
2025-10-05 19:01:41,514 - INFO - === METRICS ES CONSUMER AT 17900000 DOCS ===
2025-10-05 19:01:41,520 - INFO - Process Memory:
2025-10-05 19:01:41,525 - INFO -   RSS: 6.92 GB
2025-10-05 19:01:41,530 - INFO -   VMS: 9.55 GB
2025-10-05 19:01:41,531 - INFO -   % of System: 0.8%
2025-10-05 19:01:41,531 - INFO - System Memory:
2025-10-05 19:01:41,531 - INFO -   Total Used: 18.9%
2025-10-05 19:01:41,531 - INFO -   Available: 692.74 GB
2025-10-05 19:01:41,538 - INFO -   Cached: 57.15 GB
2025-10-05 19:01:42,573 - INFO - POST http://localhost:9200/_bulk [status:200 request:6.655s]
2025-10-05 19:01:42,957 - INFO - CPU:
2025-10-05 19:01:42,963 - INFO -   Process usage: 85.5%
2025-10-05 19:01:42,974 - INFO -   Threads: 14
2025-10-05 19:01:42,984 - INFO -   Allocated cores: 288 (IDs: [0, 1, 2, 3, 4]...)
2025-10-05 19:01:43,084 - INFO - Process I/O:
2025-10-05 19:01:43,105 - INFO -   Read: 0.03 GB
2025-10-05 19:01:43,137 - INFO -   Write: 0.07 GB
2025-10-05 19:01:43,148 - INFO - ==================================================
2025-10-05 19:01:43,838 - INFO - Progress: 17,910,000 indexed, 0 failed, Rate: 1690.0 docs/sec, Queue: 257, Elapsed: 10597.4s
2025-10-05 19:01:43,901 - INFO - POST http://localhost:9200/_bulk [status:200 request:9.725s]
2025-10-05 19:01:43,904 - INFO - Progress: 17,920,000 indexed, 0 failed, Rate: 1691.0 docs/sec, Queue: 258, Elapsed: 10597.5s
2025-10-05 19:01:44,132 - INFO - Overall progress: Parsed 18,395,000, Indexed 0, Queue: 258
2025-10-05 19:01:44,346 - INFO - Progress: 17,930,000 indexed, 0 failed, Rate: 1691.8 docs/sec, Queue: 259, Elapsed: 10597.9s
2025-10-05 19:01:44,412 - INFO - Progress: 17,940,000 indexed, 0 failed, Rate: 1692.8 docs/sec, Queue: 260, Elapsed: 10598.0s
2025-10-05 19:01:44,786 - INFO - Worker 0: Parsed 18,400,000 docs, Queue: 256
2025-10-05 19:01:45,526 - INFO - POST http://localhost:9200/_bulk [status:200 request:9.601s]
2025-10-05 19:01:45,828 - INFO - Progress: 17,950,000 indexed, 0 failed, Rate: 1693.5 docs/sec, Queue: 250, Elapsed: 10599.4s
2025-10-05 19:01:46,013 - INFO - POST http://localhost:9200/_bulk [status:200 request:9.781s]
2025-10-05 19:01:47,007 - INFO - Progress: 17,960,000 indexed, 0 failed, Rate: 1694.2 docs/sec, Queue: 255, Elapsed: 10600.6s
2025-10-05 19:01:48,484 - INFO - POST http://localhost:9200/_bulk [status:200 request:8.949s]
2025-10-05 19:01:48,785 - INFO - Progress: 17,970,000 indexed, 0 failed, Rate: 1694.9 docs/sec, Queue: 240, Elapsed: 10602.3s
2025-10-05 19:01:49,649 - INFO - POST http://localhost:9200/_bulk [status:200 request:8.955s]
2025-10-05 19:01:49,852 - INFO - POST http://localhost:9200/_bulk [status:200 request:8.757s]
2025-10-05 19:01:50,182 - INFO - Progress: 17,980,000 indexed, 0 failed, Rate: 1695.6 docs/sec, Queue: 243, Elapsed: 10603.7s
2025-10-05 19:01:50,182 - INFO - POST http://localhost:9200/_bulk [status:200 request:8.692s]
2025-10-05 19:01:50,403 - INFO - Progress: 17,990,000 indexed, 0 failed, Rate: 1696.5 docs/sec, Queue: 244, Elapsed: 10604.0s
2025-10-05 19:01:50,827 - INFO - Progress: 18,000,000 indexed, 0 failed, Rate: 1697.4 docs/sec, Queue: 248, Elapsed: 10604.4s
2025-10-05 19:01:50,903 - INFO - === METRICS ES CONSUMER AT 18000000 DOCS ===
2025-10-05 19:01:50,908 - INFO - Process Memory:
2025-10-05 19:01:50,913 - INFO -   RSS: 6.85 GB
2025-10-05 19:01:50,919 - INFO -   VMS: 9.47 GB
2025-10-05 19:01:50,939 - INFO -   % of System: 0.8%
2025-10-05 19:01:50,945 - INFO - System Memory:
2025-10-05 19:01:50,950 - INFO -   Total Used: 19.0%
2025-10-05 19:01:50,953 - INFO -   Available: 692.45 GB
2025-10-05 19:01:50,953 - INFO -   Cached: 57.52 GB
2025-10-05 19:01:51,991 - INFO - CPU:
2025-10-05 19:01:51,996 - INFO -   Process usage: 97.4%
2025-10-05 19:01:51,998 - INFO -   Threads: 14
2025-10-05 19:01:51,998 - INFO -   Allocated cores: 288 (IDs: [0, 1, 2, 3, 4]...)
2025-10-05 19:01:51,999 - INFO - Process I/O:
2025-10-05 19:01:52,006 - INFO -   Read: 0.03 GB
2025-10-05 19:01:52,012 - INFO -   Write: 0.07 GB
2025-10-05 19:01:52,017 - INFO - ==================================================
2025-10-05 19:01:52,592 - INFO - Worker 0: Parsed 18,450,000 docs, Queue: 249
2025-10-05 19:01:54,160 - INFO - Overall progress: Parsed 18,458,000, Indexed 0, Queue: 232
2025-10-05 19:01:54,200 - INFO - POST http://localhost:9200/_bulk [status:200 request:9.831s]
2025-10-05 19:01:55,454 - INFO - POST http://localhost:9200/_bulk [status:200 request:8.425s]
2025-10-05 19:01:55,658 - INFO - POST http://localhost:9200/_bulk [status:200 request:12.492s]
2025-10-05 19:01:56,180 - INFO - Progress: 18,010,000 indexed, 0 failed, Rate: 1697.5 docs/sec, Queue: 237, Elapsed: 10609.7s
2025-10-05 19:01:56,228 - INFO - Progress: 18,020,000 indexed, 0 failed, Rate: 1698.4 docs/sec, Queue: 238, Elapsed: 10609.8s
2025-10-05 19:01:56,394 - INFO - POST http://localhost:9200/_bulk [status:200 request:10.509s]
2025-10-05 19:01:56,723 - INFO - Progress: 18,030,000 indexed, 0 failed, Rate: 1699.3 docs/sec, Queue: 238, Elapsed: 10610.3s
2025-10-05 19:01:56,796 - INFO - POST http://localhost:9200/_bulk [status:200 request:7.939s]
2025-10-05 19:01:56,799 - INFO - Progress: 18,040,000 indexed, 0 failed, Rate: 1700.2 docs/sec, Queue: 238, Elapsed: 10610.4s
2025-10-05 19:01:57,557 - INFO - POST http://localhost:9200/_bulk [status:200 request:6.933s]
2025-10-05 19:01:57,872 - INFO - Progress: 18,050,000 indexed, 0 failed, Rate: 1701.0 docs/sec, Queue: 245, Elapsed: 10611.4s
2025-10-05 19:01:58,113 - INFO - POST http://localhost:9200/_bulk [status:200 request:7.869s]
2025-10-05 19:01:58,512 - INFO - Progress: 18,060,000 indexed, 0 failed, Rate: 1701.8 docs/sec, Queue: 248, Elapsed: 10612.1s
2025-10-05 19:01:58,626 - INFO - Progress: 18,070,000 indexed, 0 failed, Rate: 1702.8 docs/sec, Queue: 249, Elapsed: 10612.2s
2025-10-05 19:01:58,693 - INFO - POST http://localhost:9200/_bulk [status:200 request:7.843s]
2025-10-05 19:01:59,205 - INFO - Progress: 18,080,000 indexed, 0 failed, Rate: 1703.6 docs/sec, Queue: 252, Elapsed: 10612.8s
2025-10-05 19:02:00,270 - INFO - Worker 0: Parsed 18,500,000 docs, Queue: 243
2025-10-05 19:02:01,194 - INFO - POST http://localhost:9200/_bulk [status:200 request:6.700s]
2025-10-05 19:02:01,553 - INFO - Progress: 18,090,000 indexed, 0 failed, Rate: 1704.2 docs/sec, Queue: 236, Elapsed: 10615.1s
2025-10-05 19:02:02,871 - INFO - POST http://localhost:9200/_bulk [status:200 request:6.919s]
2025-10-05 19:02:03,221 - INFO - Progress: 18,100,000 indexed, 0 failed, Rate: 1704.8 docs/sec, Queue: 233, Elapsed: 10616.8s
2025-10-05 19:02:03,273 - INFO - === METRICS ES CONSUMER AT 18100000 DOCS ===
2025-10-05 19:02:03,278 - INFO - Process Memory:
2025-10-05 19:02:03,289 - INFO -   RSS: 6.87 GB
2025-10-05 19:02:03,294 - INFO -   VMS: 9.49 GB
2025-10-05 19:02:03,312 - INFO -   % of System: 0.8%
2025-10-05 19:02:03,313 - INFO - System Memory:
2025-10-05 19:02:03,313 - INFO -   Total Used: 18.9%
2025-10-05 19:02:03,313 - INFO -   Available: 692.86 GB
2025-10-05 19:02:03,313 - INFO -   Cached: 56.89 GB
2025-10-05 19:02:03,913 - INFO - POST http://localhost:9200/_bulk [status:200 request:7.708s]
2025-10-05 19:02:04,232 - INFO - Overall progress: Parsed 18,523,000, Indexed 0, Queue: 228
2025-10-05 19:02:04,275 - INFO - POST http://localhost:9200/_bulk [status:200 request:7.530s]
2025-10-05 19:02:04,552 - INFO - CPU:
2025-10-05 19:02:04,563 - INFO -   Process usage: 100.0%
2025-10-05 19:02:04,576 - INFO -   Threads: 14
2025-10-05 19:02:04,710 - INFO -   Allocated cores: 288 (IDs: [0, 1, 2, 3, 4]...)
2025-10-05 19:02:04,753 - INFO - Process I/O:
2025-10-05 19:02:04,753 - INFO -   Read: 0.03 GB
2025-10-05 19:02:04,753 - INFO -   Write: 0.07 GB
2025-10-05 19:02:04,753 - INFO - ==================================================
2025-10-05 19:02:05,314 - INFO - Progress: 18,110,000 indexed, 0 failed, Rate: 1705.5 docs/sec, Queue: 234, Elapsed: 10618.9s
2025-10-05 19:02:05,368 - INFO - Progress: 18,120,000 indexed, 0 failed, Rate: 1706.4 docs/sec, Queue: 234, Elapsed: 10618.9s
2025-10-05 19:02:06,483 - INFO - POST http://localhost:9200/_bulk [status:200 request:8.626s]
2025-10-05 19:02:06,817 - INFO - Progress: 18,130,000 indexed, 0 failed, Rate: 1707.1 docs/sec, Queue: 224, Elapsed: 10620.4s
2025-10-05 19:02:06,881 - INFO - POST http://localhost:9200/_bulk [status:200 request:8.230s]
2025-10-05 19:02:07,751 - INFO - POST http://localhost:9200/_bulk [status:200 request:8.403s]
2025-10-05 19:02:07,951 - INFO - POST http://localhost:9200/_bulk [status:200 request:9.826s]
2025-10-05 19:02:08,018 - INFO - Worker 0: Parsed 18,550,000 docs, Queue: 231
2025-10-05 19:02:08,467 - INFO - Progress: 18,140,000 indexed, 0 failed, Rate: 1707.8 docs/sec, Queue: 233, Elapsed: 10622.0s
2025-10-05 19:02:08,561 - INFO - Progress: 18,150,000 indexed, 0 failed, Rate: 1708.7 docs/sec, Queue: 233, Elapsed: 10622.1s
2025-10-05 19:02:08,610 - INFO - Progress: 18,160,000 indexed, 0 failed, Rate: 1709.6 docs/sec, Queue: 233, Elapsed: 10622.2s
2025-10-05 19:02:10,190 - INFO - POST http://localhost:9200/_bulk [status:200 request:8.618s]
2025-10-05 19:02:10,506 - INFO - Progress: 18,170,000 indexed, 0 failed, Rate: 1710.3 docs/sec, Queue: 227, Elapsed: 10624.1s
2025-10-05 19:02:11,031 - INFO - POST http://localhost:9200/_bulk [status:200 request:6.494s]
2025-10-05 19:02:11,365 - INFO - POST http://localhost:9200/_bulk [status:200 request:8.086s]
2025-10-05 19:02:12,229 - INFO - Progress: 18,180,000 indexed, 0 failed, Rate: 1710.9 docs/sec, Queue: 228, Elapsed: 10625.8s
2025-10-05 19:02:12,326 - INFO - Progress: 18,190,000 indexed, 0 failed, Rate: 1711.9 docs/sec, Queue: 228, Elapsed: 10625.9s
2025-10-05 19:02:13,623 - INFO - POST http://localhost:9200/_bulk [status:200 request:8.861s]
2025-10-05 19:02:13,917 - INFO - Progress: 18,200,000 indexed, 0 failed, Rate: 1712.5 docs/sec, Queue: 217, Elapsed: 10627.5s
2025-10-05 19:02:14,462 - INFO - === METRICS ES CONSUMER AT 18200000 DOCS ===
2025-10-05 19:02:14,467 - INFO - Overall progress: Parsed 18,590,000, Indexed 0, Queue: 220
2025-10-05 19:02:14,467 - INFO - Process Memory:
2025-10-05 19:02:14,498 - INFO -   RSS: 6.79 GB
2025-10-05 19:02:14,504 - INFO -   VMS: 9.42 GB
2025-10-05 19:02:14,507 - INFO -   % of System: 0.8%
2025-10-05 19:02:14,507 - INFO - System Memory:
2025-10-05 19:02:14,508 - INFO -   Total Used: 18.9%
2025-10-05 19:02:14,516 - INFO -   Available: 692.78 GB
2025-10-05 19:02:14,521 - INFO -   Cached: 57.41 GB
2025-10-05 19:02:14,726 - INFO - POST http://localhost:9200/_bulk [status:200 request:7.887s]
2025-10-05 19:02:15,560 - INFO - CPU:
2025-10-05 19:02:15,561 - INFO -   Process usage: 91.0%
2025-10-05 19:02:15,567 - INFO -   Threads: 14
2025-10-05 19:02:15,573 - INFO -   Allocated cores: 288 (IDs: [0, 1, 2, 3, 4]...)
2025-10-05 19:02:15,617 - INFO - Process I/O:
2025-10-05 19:02:15,622 - INFO - POST http://localhost:9200/_bulk [status:200 request:7.641s]
2025-10-05 19:02:15,622 - INFO -   Read: 0.03 GB
2025-10-05 19:02:15,751 - INFO -   Write: 0.07 GB
2025-10-05 19:02:15,756 - INFO - ==================================================
2025-10-05 19:02:15,957 - INFO - Worker 0: Parsed 18,600,000 docs, Queue: 215
2025-10-05 19:02:16,340 - INFO - Progress: 18,210,000 indexed, 0 failed, Rate: 1713.1 docs/sec, Queue: 216, Elapsed: 10629.9s
2025-10-05 19:02:16,524 - INFO - Progress: 18,220,000 indexed, 0 failed, Rate: 1714.0 docs/sec, Queue: 217, Elapsed: 10630.1s
2025-10-05 19:02:16,753 - INFO - POST http://localhost:9200/_bulk [status:200 request:8.469s]
2025-10-05 19:02:17,042 - INFO - Progress: 18,230,000 indexed, 0 failed, Rate: 1714.9 docs/sec, Queue: 217, Elapsed: 10630.6s
2025-10-05 19:02:17,248 - INFO - POST http://localhost:9200/_bulk [status:200 request:8.618s]
2025-10-05 19:02:17,569 - INFO - Progress: 18,240,000 indexed, 0 failed, Rate: 1715.7 docs/sec, Queue: 218, Elapsed: 10631.1s
2025-10-05 19:02:18,581 - INFO - POST http://localhost:9200/_bulk [status:200 request:8.058s]
2025-10-05 19:02:19,078 - INFO - Progress: 18,250,000 indexed, 0 failed, Rate: 1716.4 docs/sec, Queue: 219, Elapsed: 10632.6s
2025-10-05 19:02:19,447 - INFO - POST http://localhost:9200/_bulk [status:200 request:7.115s]
2025-10-05 19:02:19,837 - INFO - POST http://localhost:9200/_bulk [status:200 request:8.486s]
2025-10-05 19:02:20,378 - INFO - Progress: 18,260,000 indexed, 0 failed, Rate: 1717.1 docs/sec, Queue: 220, Elapsed: 10633.9s
2025-10-05 19:02:20,437 - INFO - Progress: 18,270,000 indexed, 0 failed, Rate: 1718.1 docs/sec, Queue: 220, Elapsed: 10634.0s
2025-10-05 19:02:22,678 - INFO - POST http://localhost:9200/_bulk [status:200 request:7.618s]
2025-10-05 19:02:22,679 - INFO - POST http://localhost:9200/_bulk [status:200 request:8.706s]
2025-10-05 19:02:23,185 - INFO - Progress: 18,280,000 indexed, 0 failed, Rate: 1718.6 docs/sec, Queue: 208, Elapsed: 10636.7s
2025-10-05 19:02:23,247 - INFO - Progress: 18,290,000 indexed, 0 failed, Rate: 1719.5 docs/sec, Queue: 208, Elapsed: 10636.8s
2025-10-05 19:02:23,726 - INFO - Worker 0: Parsed 18,650,000 docs, Queue: 203
2025-10-05 19:02:24,499 - INFO - Overall progress: Parsed 18,654,000, Indexed 0, Queue: 203
2025-10-05 19:02:24,797 - INFO - POST http://localhost:9200/_bulk [status:200 request:8.220s]
2025-10-05 19:02:25,027 - INFO - POST http://localhost:9200/_bulk [status:200 request:7.910s]
2025-10-05 19:02:25,344 - INFO - Progress: 18,300,000 indexed, 0 failed, Rate: 1720.1 docs/sec, Queue: 202, Elapsed: 10638.9s
2025-10-05 19:02:25,486 - INFO - === METRICS ES CONSUMER AT 18300000 DOCS ===
2025-10-05 19:02:25,511 - INFO - Process Memory:
2025-10-05 19:02:25,539 - INFO -   RSS: 6.55 GB
2025-10-05 19:02:25,544 - INFO -   VMS: 9.17 GB
2025-10-05 19:02:25,581 - INFO -   % of System: 0.8%
2025-10-05 19:02:25,586 - INFO - System Memory:
2025-10-05 19:02:25,591 - INFO -   Total Used: 18.9%
2025-10-05 19:02:25,596 - INFO -   Available: 692.82 GB
2025-10-05 19:02:25,598 - INFO -   Cached: 58.13 GB
2025-10-05 19:02:26,485 - INFO - POST http://localhost:9200/_bulk [status:200 request:8.842s]
2025-10-05 19:02:26,656 - INFO - CPU:
2025-10-05 19:02:26,662 - INFO -   Process usage: 93.9%
2025-10-05 19:02:26,672 - INFO -   Threads: 14
2025-10-05 19:02:26,686 - INFO -   Allocated cores: 288 (IDs: [0, 1, 2, 3, 4]...)
2025-10-05 19:02:26,851 - INFO - Process I/O:
2025-10-05 19:02:26,851 - INFO -   Read: 0.03 GB
2025-10-05 19:02:26,851 - INFO -   Write: 0.07 GB
2025-10-05 19:02:26,866 - INFO - ==================================================
2025-10-05 19:02:27,371 - INFO - Progress: 18,310,000 indexed, 0 failed, Rate: 1720.7 docs/sec, Queue: 205, Elapsed: 10640.9s
2025-10-05 19:02:27,418 - INFO - Progress: 18,320,000 indexed, 0 failed, Rate: 1721.6 docs/sec, Queue: 206, Elapsed: 10641.0s
2025-10-05 19:02:28,355 - INFO - POST http://localhost:9200/_bulk [status:200 request:8.499s]
2025-10-05 19:02:28,739 - INFO - POST http://localhost:9200/_bulk [status:200 request:9.599s]
2025-10-05 19:02:29,090 - INFO - Progress: 18,330,000 indexed, 0 failed, Rate: 1722.3 docs/sec, Queue: 202, Elapsed: 10642.6s
2025-10-05 19:02:29,135 - INFO - Progress: 18,340,000 indexed, 0 failed, Rate: 1723.2 docs/sec, Queue: 202, Elapsed: 10642.7s
2025-10-05 19:02:31,578 - INFO - POST http://localhost:9200/_bulk [status:200 request:11.182s]
2025-10-05 19:02:31,681 - INFO - Worker 0: Parsed 18,700,000 docs, Queue: 187
2025-10-05 19:02:32,009 - INFO - Progress: 18,350,000 indexed, 0 failed, Rate: 1723.7 docs/sec, Queue: 187, Elapsed: 10645.6s
2025-10-05 19:02:33,697 - INFO - POST http://localhost:9200/_bulk [status:200 request:10.433s]
2025-10-05 19:02:33,932 - INFO - Progress: 18,360,000 indexed, 0 failed, Rate: 1724.4 docs/sec, Queue: 173, Elapsed: 10647.5s
2025-10-05 19:02:34,006 - INFO - POST http://localhost:9200/_bulk [status:200 request:10.745s]
2025-10-05 19:02:34,462 - INFO - Progress: 18,370,000 indexed, 0 failed, Rate: 1725.2 docs/sec, Queue: 176, Elapsed: 10648.0s
2025-10-05 19:02:34,515 - INFO - Overall progress: Parsed 18,716,000, Indexed 0, Queue: 176
2025-10-05 19:02:35,024 - INFO - POST http://localhost:9200/_bulk [status:200 request:9.463s]
2025-10-05 19:02:35,372 - INFO - POST http://localhost:9200/_bulk [status:200 request:9.975s]
2025-10-05 19:02:36,288 - INFO - Progress: 18,380,000 indexed, 0 failed, Rate: 1725.8 docs/sec, Queue: 180, Elapsed: 10649.8s
2025-10-05 19:02:36,335 - INFO - Progress: 18,390,000 indexed, 0 failed, Rate: 1726.8 docs/sec, Queue: 181, Elapsed: 10649.9s
2025-10-05 19:02:39,208 - INFO - Worker 0: Parsed 18,750,000 docs, Queue: 160
2025-10-05 19:02:39,465 - INFO - POST http://localhost:9200/_bulk [status:200 request:12.610s]
2025-10-05 19:02:39,771 - INFO - Progress: 18,400,000 indexed, 0 failed, Rate: 1727.2 docs/sec, Queue: 163, Elapsed: 10653.3s
2025-10-05 19:02:39,841 - INFO - === METRICS ES CONSUMER AT 18400000 DOCS ===
2025-10-05 19:02:39,846 - INFO - Process Memory:
2025-10-05 19:02:39,852 - INFO -   RSS: 6.66 GB
2025-10-05 19:02:39,857 - INFO -   VMS: 9.29 GB
2025-10-05 19:02:39,859 - INFO -   % of System: 0.8%
2025-10-05 19:02:39,859 - INFO - System Memory:
2025-10-05 19:02:39,859 - INFO -   Total Used: 19.0%
2025-10-05 19:02:39,859 - INFO -   Available: 692.14 GB
2025-10-05 19:02:39,859 - INFO -   Cached: 58.79 GB
2025-10-05 19:02:40,892 - INFO - CPU:
2025-10-05 19:02:40,897 - INFO -   Process usage: 94.4%
2025-10-05 19:02:40,902 - INFO -   Threads: 14
2025-10-05 19:02:40,904 - INFO -   Allocated cores: 288 (IDs: [0, 1, 2, 3, 4]...)
2025-10-05 19:02:40,904 - INFO - Process I/O:
2025-10-05 19:02:40,905 - INFO -   Read: 0.03 GB
2025-10-05 19:02:40,905 - INFO -   Write: 0.07 GB
2025-10-05 19:02:40,905 - INFO - ==================================================
2025-10-05 19:02:41,944 - INFO - POST http://localhost:9200/_bulk [status:200 request:13.203s]
2025-10-05 19:02:42,241 - INFO - Progress: 18,410,000 indexed, 0 failed, Rate: 1727.7 docs/sec, Queue: 153, Elapsed: 10655.8s
2025-10-05 19:02:42,760 - INFO - POST http://localhost:9200/_bulk [status:200 request:13.650s]
2025-10-05 19:02:43,070 - INFO - Progress: 18,420,000 indexed, 0 failed, Rate: 1728.5 docs/sec, Queue: 151, Elapsed: 10656.6s
2025-10-05 19:02:44,531 - INFO - Overall progress: Parsed 18,789,000, Indexed 0, Queue: 148
2025-10-05 19:02:45,991 - INFO - Worker 0: Parsed 18,800,000 docs, Queue: 134
2025-10-05 19:02:47,614 - INFO - POST http://localhost:9200/_bulk [status:200 request:15.563s]
2025-10-05 19:02:48,065 - INFO - Progress: 18,430,000 indexed, 0 failed, Rate: 1728.6 docs/sec, Queue: 141, Elapsed: 10661.6s
2025-10-05 19:02:49,675 - INFO - POST http://localhost:9200/_bulk [status:200 request:15.199s]
2025-10-05 19:02:50,022 - INFO - POST http://localhost:9200/_bulk [status:200 request:16.044s]
2025-10-05 19:02:50,136 - INFO - POST http://localhost:9200/_bulk [status:200 request:13.695s]
2025-10-05 19:02:50,722 - INFO - Progress: 18,440,000 indexed, 0 failed, Rate: 1729.1 docs/sec, Queue: 155, Elapsed: 10664.3s
2025-10-05 19:02:51,025 - INFO - Progress: 18,450,000 indexed, 0 failed, Rate: 1730.0 docs/sec, Queue: 157, Elapsed: 10664.6s
2025-10-05 19:02:51,079 - INFO - POST http://localhost:9200/_bulk [status:200 request:15.734s]
2025-10-05 19:02:51,599 - INFO - Progress: 18,460,000 indexed, 0 failed, Rate: 1730.9 docs/sec, Queue: 161, Elapsed: 10665.2s
2025-10-05 19:02:51,650 - INFO - Progress: 18,470,000 indexed, 0 failed, Rate: 1731.8 docs/sec, Queue: 162, Elapsed: 10665.2s
2025-10-05 19:02:51,883 - INFO - Worker 0: Parsed 18,850,000 docs, Queue: 161
2025-10-05 19:02:54,537 - INFO - Overall progress: Parsed 18,867,000, Indexed 0, Queue: 142
2025-10-05 19:02:58,282 - INFO - Worker 0: Parsed 18,900,000 docs, Queue: 175
2025-10-05 19:03:01,293 - INFO - POST http://localhost:9200/_bulk [status:200 request:21.474s]
2025-10-05 19:03:01,794 - INFO - Progress: 18,480,000 indexed, 0 failed, Rate: 1731.1 docs/sec, Queue: 203, Elapsed: 10675.3s
2025-10-05 19:03:03,793 - INFO - POST http://localhost:9200/_bulk [status:200 request:21.456s]
2025-10-05 19:03:04,170 - INFO - Progress: 18,490,000 indexed, 0 failed, Rate: 1731.6 docs/sec, Queue: 211, Elapsed: 10677.7s
2025-10-05 19:03:04,548 - INFO - Overall progress: Parsed 18,948,000, Indexed 0, Queue: 205
2025-10-05 19:03:04,638 - INFO - Worker 0: Parsed 18,950,000 docs, Queue: 205
2025-10-05 19:03:05,999 - INFO - POST http://localhost:9200/_bulk [status:200 request:22.829s]
2025-10-05 19:03:06,302 - INFO - Progress: 18,500,000 indexed, 0 failed, Rate: 1732.2 docs/sec, Queue: 217, Elapsed: 10679.9s
2025-10-05 19:03:06,908 - INFO - === METRICS ES CONSUMER AT 18500000 DOCS ===
2025-10-05 19:03:06,914 - INFO - Process Memory:
2025-10-05 19:03:06,919 - INFO -   RSS: 7.18 GB
2025-10-05 19:03:06,924 - INFO -   VMS: 9.80 GB
2025-10-05 19:03:06,945 - INFO -   % of System: 0.8%
2025-10-05 19:03:06,950 - INFO - System Memory:
2025-10-05 19:03:06,950 - INFO -   Total Used: 19.1%
2025-10-05 19:03:06,950 - INFO -   Available: 691.46 GB
2025-10-05 19:03:06,950 - INFO -   Cached: 59.39 GB
2025-10-05 19:03:07,974 - INFO - CPU:
2025-10-05 19:03:07,974 - INFO -   Process usage: 35.4%
2025-10-05 19:03:07,974 - INFO -   Threads: 14
2025-10-05 19:03:07,974 - INFO -   Allocated cores: 288 (IDs: [0, 1, 2, 3, 4]...)
2025-10-05 19:03:07,975 - INFO - Process I/O:
2025-10-05 19:03:07,975 - INFO -   Read: 0.03 GB
2025-10-05 19:03:07,975 - INFO -   Write: 0.07 GB
2025-10-05 19:03:07,975 - INFO - ==================================================
2025-10-05 19:03:11,249 - INFO - Worker 0: Parsed 19,000,000 docs, Queue: 245
2025-10-05 19:03:11,266 - INFO - POST http://localhost:9200/_bulk [status:200 request:23.108s]
2025-10-05 19:03:11,561 - INFO - Progress: 18,510,000 indexed, 0 failed, Rate: 1732.3 docs/sec, Queue: 245, Elapsed: 10685.1s
2025-10-05 19:03:14,554 - INFO - Overall progress: Parsed 19,022,000, Indexed 0, Queue: 257
2025-10-05 19:03:17,923 - INFO - POST http://localhost:9200/_bulk [status:200 request:27.903s]
2025-10-05 19:03:18,239 - INFO - Progress: 18,520,000 indexed, 0 failed, Rate: 1732.2 docs/sec, Queue: 283, Elapsed: 10691.8s
2025-10-05 19:03:18,318 - INFO - Worker 0: Parsed 19,050,000 docs, Queue: 284
2025-10-05 19:03:19,314 - INFO - POST http://localhost:9200/_bulk [status:200 request:28.246s]
2025-10-05 19:03:20,097 - INFO - POST http://localhost:9200/_bulk [status:200 request:29.022s]
2025-10-05 19:03:20,657 - INFO - Progress: 18,530,000 indexed, 0 failed, Rate: 1732.7 docs/sec, Queue: 289, Elapsed: 10694.2s
2025-10-05 19:03:20,694 - INFO - Progress: 18,540,000 indexed, 0 failed, Rate: 1733.6 docs/sec, Queue: 289, Elapsed: 10694.2s
2025-10-05 19:03:24,555 - INFO - Overall progress: Parsed 19,090,000, Indexed 0, Queue: 295
2025-10-05 19:03:33,207 - INFO - POST http://localhost:9200/_bulk [status:200 request:28.984s]
2025-10-05 19:03:34,231 - INFO - Worker 0: Parsed 19,100,000 docs, Queue: 298
2025-10-05 19:03:34,612 - INFO - Overall progress: Parsed 19,100,000, Indexed 0, Queue: 299
2025-10-05 19:03:34,612 - INFO - POST http://localhost:9200/_bulk [status:200 request:22.996s]
2025-10-05 19:03:43,043 - INFO - POST http://localhost:9200/_bulk [status:200 request:24.748s]
2025-10-05 19:03:43,673 - INFO - POST http://localhost:9200/_bulk [status:200 request:23.214s]
2025-10-05 19:03:44,519 - INFO - POST http://localhost:9200/_bulk [status:200 request:52.863s]
2025-10-05 19:03:44,752 - INFO - Overall progress: Parsed 19,121,000, Indexed 0, Queue: 300
2025-10-05 19:03:45,212 - INFO - Progress: 18,550,000 indexed, 0 failed, Rate: 1730.6 docs/sec, Queue: 300, Elapsed: 10718.8s
2025-10-05 19:03:53,200 - INFO - POST http://localhost:9200/_bulk [status:200 request:51.359s]
2025-10-05 19:03:53,513 - INFO - Progress: 18,560,000 indexed, 0 failed, Rate: 1730.2 docs/sec, Queue: 300, Elapsed: 10727.1s
2025-10-05 19:03:53,568 - INFO - Progress: 18,570,000 indexed, 0 failed, Rate: 1731.1 docs/sec, Queue: 300, Elapsed: 10727.1s
2025-10-05 19:03:54,260 - INFO - Worker 0: Parsed 19,150,000 docs, Queue: 295
2025-10-05 19:03:54,753 - INFO - Overall progress: Parsed 19,152,000, Indexed 0, Queue: 297
2025-10-05 19:03:58,019 - INFO - POST http://localhost:9200/_bulk [status:200 request:24.421s]
2025-10-05 19:03:59,206 - INFO - POST http://localhost:9200/_bulk [status:200 request:52.850s]
2025-10-05 19:03:59,554 - INFO - Progress: 18,580,000 indexed, 0 failed, Rate: 1731.1 docs/sec, Queue: 300, Elapsed: 10733.1s
2025-10-05 19:03:59,674 - INFO - Progress: 18,590,000 indexed, 0 failed, Rate: 1732.0 docs/sec, Queue: 300, Elapsed: 10733.2s
2025-10-05 19:03:59,711 - INFO - Progress: 18,600,000 indexed, 0 failed, Rate: 1732.9 docs/sec, Queue: 300, Elapsed: 10733.3s
2025-10-05 19:03:59,754 - INFO - === METRICS ES CONSUMER AT 18600000 DOCS ===
2025-10-05 19:03:59,759 - INFO - Process Memory:
2025-10-05 19:03:59,764 - INFO -   RSS: 7.55 GB
2025-10-05 19:03:59,769 - INFO -   VMS: 10.18 GB
2025-10-05 19:03:59,790 - INFO -   % of System: 0.9%
2025-10-05 19:03:59,795 - INFO - System Memory:
2025-10-05 19:03:59,796 - INFO -   Total Used: 19.2%
2025-10-05 19:03:59,796 - INFO -   Available: 690.48 GB
2025-10-05 19:03:59,796 - INFO -   Cached: 60.57 GB
2025-10-05 19:04:00,814 - INFO - CPU:
2025-10-05 19:04:00,814 - INFO -   Process usage: 68.8%
2025-10-05 19:04:00,814 - INFO -   Threads: 14
2025-10-05 19:04:00,815 - INFO -   Allocated cores: 288 (IDs: [0, 1, 2, 3, 4]...)
2025-10-05 19:04:00,815 - INFO - Process I/O:
2025-10-05 19:04:00,815 - INFO -   Read: 0.03 GB
2025-10-05 19:04:00,815 - INFO -   Write: 0.07 GB
2025-10-05 19:04:00,815 - INFO - ==================================================
2025-10-05 19:04:01,444 - INFO - Progress: 18,610,000 indexed, 0 failed, Rate: 1733.6 docs/sec, Queue: 293, Elapsed: 10735.0s
2025-10-05 19:04:02,163 - INFO - POST http://localhost:9200/_bulk [status:200 request:27.151s]
2025-10-05 19:04:04,754 - INFO - Overall progress: Parsed 19,185,000, Indexed 0, Queue: 300
2025-10-05 19:04:12,256 - INFO - POST http://localhost:9200/_bulk [status:200 request:51.548s]
2025-10-05 19:04:12,580 - INFO - Progress: 18,620,000 indexed, 0 failed, Rate: 1732.7 docs/sec, Queue: 300, Elapsed: 10746.1s
2025-10-05 19:04:12,617 - INFO - Progress: 18,630,000 indexed, 0 failed, Rate: 1733.6 docs/sec, Queue: 300, Elapsed: 10746.2s
2025-10-05 19:04:12,680 - INFO - Progress: 18,640,000 indexed, 0 failed, Rate: 1734.6 docs/sec, Queue: 300, Elapsed: 10746.2s
2025-10-05 19:04:14,755 - INFO - Overall progress: Parsed 19,195,000, Indexed 0, Queue: 300
2025-10-05 19:04:15,260 - INFO - POST http://localhost:9200/_bulk [status:200 request:31.897s]
2025-10-05 19:04:15,514 - INFO - Progress: 18,650,000 indexed, 0 failed, Rate: 1735.0 docs/sec, Queue: 300, Elapsed: 10749.1s
2025-10-05 19:04:16,497 - INFO - Worker 0: Parsed 19,200,000 docs, Queue: 297
2025-10-05 19:04:18,930 - INFO - POST http://localhost:9200/_bulk [status:200 request:34.017s]
2025-10-05 19:04:19,184 - INFO - Progress: 18,660,000 indexed, 0 failed, Rate: 1735.4 docs/sec, Queue: 300, Elapsed: 10752.7s
2025-10-05 19:04:19,399 - INFO - POST http://localhost:9200/_bulk [status:200 request:34.127s]
2025-10-05 19:04:19,761 - INFO - Progress: 18,670,000 indexed, 0 failed, Rate: 1736.2 docs/sec, Queue: 300, Elapsed: 10753.3s
2025-10-05 19:04:22,335 - INFO - POST http://localhost:9200/_bulk [status:200 request:6.805s]
2025-10-05 19:04:24,756 - INFO - Overall progress: Parsed 19,235,000, Indexed 0, Queue: 300
2025-10-05 19:04:28,660 - INFO - POST http://localhost:9200/_bulk [status:200 request:6.075s]
2025-10-05 19:04:30,386 - INFO - POST http://localhost:9200/_bulk [status:200 request:11.152s]
2025-10-05 19:04:32,075 - INFO - Worker 0: Parsed 19,250,000 docs, Queue: 295
2025-10-05 19:04:32,444 - INFO - POST http://localhost:9200/_bulk [status:200 request:12.632s]
2025-10-05 19:04:33,572 - INFO - POST http://localhost:9200/_bulk [status:200 request:34.405s]
2025-10-05 19:04:34,756 - INFO - Overall progress: Parsed 19,266,000, Indexed 0, Queue: 291
2025-10-05 19:04:34,911 - INFO - POST http://localhost:9200/_bulk [status:200 request:6.008s]
2025-10-05 19:04:35,387 - INFO - POST http://localhost:9200/_bulk [status:200 request:32.851s]
2025-10-05 19:04:35,691 - INFO - POST http://localhost:9200/_bulk [status:200 request:35.960s]
2025-10-05 19:04:37,564 - INFO - POST http://localhost:9200/_bulk [status:200 request:4.777s]
2025-10-05 19:04:38,519 - INFO - POST http://localhost:9200/_bulk [status:200 request:7.124s]
2025-10-05 19:04:39,151 - INFO - POST http://localhost:9200/_bulk [status:200 request:5.216s]
2025-10-05 19:04:39,824 - INFO - Worker 0: Parsed 19,300,000 docs, Queue: 293
2025-10-05 19:04:40,374 - INFO - POST http://localhost:9200/_bulk [status:200 request:4.667s]
2025-10-05 19:04:41,038 - INFO - POST http://localhost:9200/_bulk [status:200 request:47.457s]
2025-10-05 19:04:41,648 - INFO - POST http://localhost:9200/_bulk [status:200 request:5.373s]
2025-10-05 19:04:41,648 - INFO - POST http://localhost:9200/_bulk [status:200 request:5.465s]
2025-10-05 19:04:42,017 - INFO - Progress: 18,680,000 indexed, 0 failed, Rate: 1733.6 docs/sec, Queue: 293, Elapsed: 10775.6s
2025-10-05 19:04:42,099 - INFO - Progress: 18,690,000 indexed, 0 failed, Rate: 1734.5 docs/sec, Queue: 293, Elapsed: 10775.7s
2025-10-05 19:04:42,163 - INFO - Progress: 18,700,000 indexed, 0 failed, Rate: 1735.4 docs/sec, Queue: 294, Elapsed: 10775.7s
2025-10-05 19:04:42,526 - INFO - === METRICS ES CONSUMER AT 18700000 DOCS ===
2025-10-05 19:04:42,532 - INFO - Process Memory:
2025-10-05 19:04:42,537 - INFO -   RSS: 6.83 GB
2025-10-05 19:04:42,542 - INFO -   VMS: 9.45 GB
2025-10-05 19:04:42,552 - INFO -   % of System: 0.8%
2025-10-05 19:04:42,560 - INFO - System Memory:
2025-10-05 19:04:42,565 - INFO -   Total Used: 19.1%
2025-10-05 19:04:42,570 - INFO -   Available: 691.25 GB
2025-10-05 19:04:42,575 - INFO -   Cached: 60.87 GB
2025-10-05 19:04:43,645 - INFO - CPU:
2025-10-05 19:04:43,651 - INFO -   Process usage: 84.7%
2025-10-05 19:04:43,652 - INFO -   Threads: 14
2025-10-05 19:04:43,652 - INFO -   Allocated cores: 288 (IDs: [0, 1, 2, 3, 4]...)
2025-10-05 19:04:43,668 - INFO - Process I/O:
2025-10-05 19:04:43,673 - INFO -   Read: 0.03 GB
2025-10-05 19:04:43,678 - INFO -   Write: 0.07 GB
2025-10-05 19:04:43,683 - INFO - ==================================================
2025-10-05 19:04:44,638 - INFO - Progress: 18,710,000 indexed, 0 failed, Rate: 1735.9 docs/sec, Queue: 291, Elapsed: 10778.2s
2025-10-05 19:04:44,665 - INFO - POST http://localhost:9200/_bulk [status:200 request:5.524s]
2025-10-05 19:04:44,835 - INFO - POST http://localhost:9200/_bulk [status:200 request:5.762s]
2025-10-05 19:04:45,018 - INFO - Overall progress: Parsed 19,331,000, Indexed 0, Queue: 292
2025-10-05 19:04:45,023 - INFO - POST http://localhost:9200/_bulk [status:200 request:5.250s]
2025-10-05 19:04:45,893 - INFO - POST http://localhost:9200/_bulk [status:200 request:5.158s]
2025-10-05 19:04:47,128 - INFO - POST http://localhost:9200/_bulk [status:200 request:4.669s]
2025-10-05 19:04:47,650 - INFO - Worker 0: Parsed 19,350,000 docs, Queue: 295
2025-10-05 19:04:47,684 - INFO - POST http://localhost:9200/_bulk [status:200 request:5.792s]
2025-10-05 19:04:47,967 - INFO - POST http://localhost:9200/_bulk [status:200 request:5.474s]
2025-10-05 19:04:48,169 - INFO - POST http://localhost:9200/_bulk [status:200 request:35.522s]
2025-10-05 19:04:48,856 - INFO - Progress: 18,720,000 indexed, 0 failed, Rate: 1736.2 docs/sec, Queue: 300, Elapsed: 10782.4s
2025-10-05 19:04:48,893 - INFO - Progress: 18,730,000 indexed, 0 failed, Rate: 1737.1 docs/sec, Queue: 299, Elapsed: 10782.4s
2025-10-05 19:04:48,947 - INFO - Progress: 18,740,000 indexed, 0 failed, Rate: 1738.0 docs/sec, Queue: 300, Elapsed: 10782.5s
2025-10-05 19:04:48,980 - INFO - Progress: 18,750,000 indexed, 0 failed, Rate: 1738.9 docs/sec, Queue: 300, Elapsed: 10782.5s
2025-10-05 19:04:49,013 - INFO - Progress: 18,760,000 indexed, 0 failed, Rate: 1739.8 docs/sec, Queue: 300, Elapsed: 10782.6s
2025-10-05 19:04:49,041 - INFO - Progress: 18,770,000 indexed, 0 failed, Rate: 1740.8 docs/sec, Queue: 300, Elapsed: 10782.6s
2025-10-05 19:04:49,066 - INFO - Progress: 18,780,000 indexed, 0 failed, Rate: 1741.7 docs/sec, Queue: 300, Elapsed: 10782.6s
2025-10-05 19:04:49,109 - INFO - Progress: 18,790,000 indexed, 0 failed, Rate: 1742.6 docs/sec, Queue: 300, Elapsed: 10782.7s
2025-10-05 19:04:49,142 - INFO - Progress: 18,800,000 indexed, 0 failed, Rate: 1743.5 docs/sec, Queue: 300, Elapsed: 10782.7s
2025-10-05 19:04:49,187 - INFO - === METRICS ES CONSUMER AT 18800000 DOCS ===
2025-10-05 19:04:49,192 - INFO - Process Memory:
2025-10-05 19:04:49,197 - INFO -   RSS: 6.78 GB
2025-10-05 19:04:49,202 - INFO -   VMS: 9.40 GB
2025-10-05 19:04:49,223 - INFO -   % of System: 0.8%
2025-10-05 19:04:49,224 - INFO - System Memory:
2025-10-05 19:04:49,224 - INFO -   Total Used: 19.1%
2025-10-05 19:04:49,224 - INFO -   Available: 691.18 GB
2025-10-05 19:04:49,224 - INFO -   Cached: 61.15 GB
2025-10-05 19:04:50,226 - INFO - CPU:
2025-10-05 19:04:50,226 - INFO -   Process usage: 80.9%
2025-10-05 19:04:50,226 - INFO -   Threads: 14
2025-10-05 19:04:50,226 - INFO -   Allocated cores: 288 (IDs: [0, 1, 2, 3, 4]...)
2025-10-05 19:04:50,226 - INFO - Process I/O:
2025-10-05 19:04:50,226 - INFO -   Read: 0.03 GB
2025-10-05 19:04:50,227 - INFO -   Write: 0.07 GB
2025-10-05 19:04:50,227 - INFO - ==================================================
2025-10-05 19:04:51,088 - INFO - Progress: 18,810,000 indexed, 0 failed, Rate: 1744.1 docs/sec, Queue: 293, Elapsed: 10784.6s
2025-10-05 19:04:51,144 - INFO - Progress: 18,820,000 indexed, 0 failed, Rate: 1745.1 docs/sec, Queue: 292, Elapsed: 10784.7s
2025-10-05 19:04:51,220 - INFO - Progress: 18,830,000 indexed, 0 failed, Rate: 1746.0 docs/sec, Queue: 292, Elapsed: 10784.8s
2025-10-05 19:04:51,309 - INFO - Progress: 18,840,000 indexed, 0 failed, Rate: 1746.9 docs/sec, Queue: 294, Elapsed: 10784.9s
2025-10-05 19:04:51,309 - INFO - POST http://localhost:9200/_bulk [status:200 request:5.601s]
2025-10-05 19:04:51,372 - INFO - Progress: 18,850,000 indexed, 0 failed, Rate: 1747.8 docs/sec, Queue: 294, Elapsed: 10784.9s
2025-10-05 19:04:51,575 - INFO - Progress: 18,860,000 indexed, 0 failed, Rate: 1748.7 docs/sec, Queue: 294, Elapsed: 10785.1s
2025-10-05 19:04:51,662 - INFO - Progress: 18,870,000 indexed, 0 failed, Rate: 1749.6 docs/sec, Queue: 295, Elapsed: 10785.2s
2025-10-05 19:04:51,738 - INFO - Progress: 18,880,000 indexed, 0 failed, Rate: 1750.5 docs/sec, Queue: 295, Elapsed: 10785.3s
2025-10-05 19:04:51,861 - INFO - Progress: 18,890,000 indexed, 0 failed, Rate: 1751.4 docs/sec, Queue: 296, Elapsed: 10785.4s
2025-10-05 19:04:51,969 - INFO - Progress: 18,900,000 indexed, 0 failed, Rate: 1752.3 docs/sec, Queue: 297, Elapsed: 10785.5s
2025-10-05 19:04:52,018 - INFO - === METRICS ES CONSUMER AT 18900000 DOCS ===
2025-10-05 19:04:52,024 - INFO - Process Memory:
2025-10-05 19:04:52,029 - INFO -   RSS: 6.78 GB
2025-10-05 19:04:52,031 - INFO -   VMS: 9.40 GB
2025-10-05 19:04:52,031 - INFO -   % of System: 0.8%
2025-10-05 19:04:52,039 - INFO - System Memory:
2025-10-05 19:04:52,044 - INFO -   Total Used: 19.1%
2025-10-05 19:04:52,050 - INFO -   Available: 691.10 GB
2025-10-05 19:04:52,055 - INFO -   Cached: 61.24 GB
2025-10-05 19:04:53,095 - INFO - CPU:
2025-10-05 19:04:53,096 - INFO -   Process usage: 86.7%
2025-10-05 19:04:53,101 - INFO -   Threads: 14
2025-10-05 19:04:53,106 - INFO -   Allocated cores: 288 (IDs: [0, 1, 2, 3, 4]...)
2025-10-05 19:04:53,127 - INFO - Process I/O:
2025-10-05 19:04:53,132 - INFO -   Read: 0.03 GB
2025-10-05 19:04:53,139 - INFO -   Write: 0.07 GB
2025-10-05 19:04:53,144 - INFO - ==================================================
2025-10-05 19:04:53,714 - INFO - POST http://localhost:9200/_bulk [status:200 request:4.814s]
2025-10-05 19:04:54,043 - INFO - POST http://localhost:9200/_bulk [status:200 request:7.949s]
2025-10-05 19:04:54,282 - INFO - POST http://localhost:9200/_bulk [status:200 request:8.647s]
2025-10-05 19:04:54,839 - INFO - Progress: 18,910,000 indexed, 0 failed, Rate: 1752.8 docs/sec, Queue: 289, Elapsed: 10788.4s
2025-10-05 19:04:54,949 - INFO - Progress: 18,920,000 indexed, 0 failed, Rate: 1753.7 docs/sec, Queue: 291, Elapsed: 10788.5s
2025-10-05 19:04:55,022 - INFO - Progress: 18,930,000 indexed, 0 failed, Rate: 1754.6 docs/sec, Queue: 291, Elapsed: 10788.6s
2025-10-05 19:04:55,067 - INFO - POST http://localhost:9200/_bulk [status:200 request:8.714s]
2025-10-05 19:04:55,072 - INFO - Overall progress: Parsed 19,396,000, Indexed 0, Queue: 291
2025-10-05 19:04:55,520 - INFO - Worker 0: Parsed 19,400,000 docs, Queue: 294
2025-10-05 19:04:55,552 - INFO - Progress: 18,940,000 indexed, 0 failed, Rate: 1755.5 docs/sec, Queue: 294, Elapsed: 10789.1s
2025-10-05 19:04:55,773 - INFO - POST http://localhost:9200/_bulk [status:200 request:3.785s]
2025-10-05 19:04:56,175 - INFO - POST http://localhost:9200/_bulk [status:200 request:7.529s]
2025-10-05 19:04:56,510 - INFO - POST http://localhost:9200/_bulk [status:200 request:8.528s]
2025-10-05 19:04:56,842 - INFO - Progress: 18,950,000 indexed, 0 failed, Rate: 1756.2 docs/sec, Queue: 296, Elapsed: 10790.4s
2025-10-05 19:04:57,149 - INFO - Progress: 18,960,000 indexed, 0 failed, Rate: 1757.1 docs/sec, Queue: 299, Elapsed: 10790.7s
2025-10-05 19:04:57,716 - INFO - POST http://localhost:9200/_bulk [status:200 request:8.995s]
2025-10-05 19:04:58,125 - INFO - Progress: 18,970,000 indexed, 0 failed, Rate: 1757.8 docs/sec, Queue: 294, Elapsed: 10791.7s
2025-10-05 19:04:58,160 - INFO - Progress: 18,980,000 indexed, 0 failed, Rate: 1758.8 docs/sec, Queue: 294, Elapsed: 10791.7s
2025-10-05 19:04:58,209 - INFO - Progress: 18,990,000 indexed, 0 failed, Rate: 1759.7 docs/sec, Queue: 294, Elapsed: 10791.8s
2025-10-05 19:05:00,620 - INFO - POST http://localhost:9200/_bulk [status:200 request:6.638s]
2025-10-05 19:05:01,444 - INFO - Progress: 19,000,000 indexed, 0 failed, Rate: 1760.1 docs/sec, Queue: 276, Elapsed: 10795.0s
2025-10-05 19:05:01,507 - INFO - === METRICS ES CONSUMER AT 19000000 DOCS ===
2025-10-05 19:05:01,513 - INFO - Process Memory:
2025-10-05 19:05:01,518 - INFO -   RSS: 6.75 GB
2025-10-05 19:05:01,523 - INFO -   VMS: 9.37 GB
2025-10-05 19:05:01,544 - INFO -   % of System: 0.8%
2025-10-05 19:05:01,549 - INFO - System Memory:
2025-10-05 19:05:01,549 - INFO -   Total Used: 19.2%
2025-10-05 19:05:01,549 - INFO -   Available: 690.67 GB
2025-10-05 19:05:01,549 - INFO -   Cached: 61.70 GB
2025-10-05 19:05:02,568 - INFO - CPU:
2025-10-05 19:05:02,568 - INFO -   Process usage: 93.3%
2025-10-05 19:05:02,568 - INFO -   Threads: 14
2025-10-05 19:05:02,569 - INFO -   Allocated cores: 288 (IDs: [0, 1, 2, 3, 4]...)
2025-10-05 19:05:02,569 - INFO - Process I/O:
2025-10-05 19:05:02,569 - INFO -   Read: 0.03 GB
2025-10-05 19:05:02,569 - INFO -   Write: 0.07 GB
2025-10-05 19:05:02,569 - INFO - ==================================================
2025-10-05 19:05:03,084 - INFO - POST http://localhost:9200/_bulk [status:200 request:6.189s]
2025-10-05 19:05:03,319 - INFO - Worker 0: Parsed 19,450,000 docs, Queue: 266
2025-10-05 19:05:03,428 - INFO - POST http://localhost:9200/_bulk [status:200 request:8.439s]
2025-10-05 19:05:04,099 - INFO - POST http://localhost:9200/_bulk [status:200 request:9.455s]
2025-10-05 19:05:04,789 - INFO - POST http://localhost:9200/_bulk [status:200 request:6.622s]
2025-10-05 19:05:04,815 - INFO - POST http://localhost:9200/_bulk [status:200 request:9.243s]
2025-10-05 19:05:05,304 - INFO - Progress: 19,010,000 indexed, 0 failed, Rate: 1760.4 docs/sec, Queue: 273, Elapsed: 10798.9s
2025-10-05 19:05:05,310 - INFO - POST http://localhost:9200/_bulk [status:200 request:8.820s]
2025-10-05 19:05:05,374 - INFO - POST http://localhost:9200/_bulk [status:200 request:8.601s]
2025-10-05 19:05:05,376 - INFO - Progress: 19,020,000 indexed, 0 failed, Rate: 1761.3 docs/sec, Queue: 274, Elapsed: 10798.9s
2025-10-05 19:05:05,426 - INFO - Overall progress: Parsed 19,464,000, Indexed 0, Queue: 274
2025-10-05 19:05:06,032 - INFO - Progress: 19,030,000 indexed, 0 failed, Rate: 1762.1 docs/sec, Queue: 277, Elapsed: 10799.6s
2025-10-05 19:05:06,648 - INFO - Progress: 19,040,000 indexed, 0 failed, Rate: 1762.9 docs/sec, Queue: 282, Elapsed: 10800.2s
2025-10-05 19:05:06,758 - INFO - POST http://localhost:9200/_bulk [status:200 request:5.310s]
2025-10-05 19:05:06,762 - INFO - Progress: 19,050,000 indexed, 0 failed, Rate: 1763.8 docs/sec, Queue: 283, Elapsed: 10800.3s
2025-10-05 19:05:07,002 - INFO - Progress: 19,060,000 indexed, 0 failed, Rate: 1764.7 docs/sec, Queue: 284, Elapsed: 10800.6s
2025-10-05 19:05:07,052 - INFO - Progress: 19,070,000 indexed, 0 failed, Rate: 1765.6 docs/sec, Queue: 284, Elapsed: 10800.6s
2025-10-05 19:05:07,201 - INFO - Progress: 19,080,000 indexed, 0 failed, Rate: 1766.5 docs/sec, Queue: 285, Elapsed: 10800.8s
2025-10-05 19:05:08,756 - INFO - POST http://localhost:9200/_bulk [status:200 request:5.354s]
2025-10-05 19:05:09,076 - INFO - Progress: 19,090,000 indexed, 0 failed, Rate: 1767.2 docs/sec, Queue: 279, Elapsed: 10802.6s
2025-10-05 19:05:09,656 - INFO - POST http://localhost:9200/_bulk [status:200 request:5.752s]
2025-10-05 19:05:10,484 - INFO - Progress: 19,100,000 indexed, 0 failed, Rate: 1767.9 docs/sec, Queue: 276, Elapsed: 10804.0s
2025-10-05 19:05:10,517 - INFO - Worker 0: Parsed 19,500,000 docs, Queue: 277
2025-10-05 19:05:10,590 - INFO - === METRICS ES CONSUMER AT 19100000 DOCS ===
2025-10-05 19:05:10,596 - INFO - Process Memory:
2025-10-05 19:05:10,601 - INFO -   RSS: 6.71 GB
2025-10-05 19:05:10,607 - INFO -   VMS: 9.33 GB
2025-10-05 19:05:10,621 - INFO -   % of System: 0.8%
2025-10-05 19:05:10,621 - INFO - System Memory:
2025-10-05 19:05:10,621 - INFO -   Total Used: 19.2%
2025-10-05 19:05:10,629 - INFO -   Available: 690.40 GB
2025-10-05 19:05:10,634 - INFO -   Cached: 61.52 GB
2025-10-05 19:05:11,058 - INFO - POST http://localhost:9200/_bulk [status:200 request:5.751s]
2025-10-05 19:05:11,521 - INFO - POST http://localhost:9200/_bulk [status:200 request:5.518s]
2025-10-05 19:05:11,832 - INFO - CPU:
2025-10-05 19:05:11,833 - INFO - POST http://localhost:9200/_bulk [status:200 request:5.776s]
2025-10-05 19:05:11,853 - INFO -   Process usage: 91.6%
2025-10-05 19:05:12,132 - INFO -   Threads: 14
2025-10-05 19:05:12,133 - INFO -   Allocated cores: 288 (IDs: [0, 1, 2, 3, 4]...)
2025-10-05 19:05:12,182 - INFO - Process I/O:
2025-10-05 19:05:12,260 - INFO -   Read: 0.03 GB
2025-10-05 19:05:12,284 - INFO -   Write: 0.07 GB
2025-10-05 19:05:12,310 - INFO - ==================================================
2025-10-05 19:05:12,713 - INFO - Progress: 19,110,000 indexed, 0 failed, Rate: 1768.4 docs/sec, Queue: 281, Elapsed: 10806.3s
2025-10-05 19:05:12,748 - INFO - Progress: 19,120,000 indexed, 0 failed, Rate: 1769.3 docs/sec, Queue: 281, Elapsed: 10806.3s
2025-10-05 19:05:12,787 - INFO - Progress: 19,130,000 indexed, 0 failed, Rate: 1770.3 docs/sec, Queue: 281, Elapsed: 10806.3s
2025-10-05 19:05:12,809 - INFO - POST http://localhost:9200/_bulk [status:200 request:6.071s]
2025-10-05 19:05:12,937 - INFO - POST http://localhost:9200/_bulk [status:200 request:5.567s]
2025-10-05 19:05:13,123 - INFO - POST http://localhost:9200/_bulk [status:200 request:6.420s]
2025-10-05 19:05:13,813 - INFO - Progress: 19,140,000 indexed, 0 failed, Rate: 1771.0 docs/sec, Queue: 288, Elapsed: 10807.4s
2025-10-05 19:05:13,877 - INFO - Progress: 19,150,000 indexed, 0 failed, Rate: 1771.9 docs/sec, Queue: 288, Elapsed: 10807.4s
2025-10-05 19:05:13,918 - INFO - Progress: 19,160,000 indexed, 0 failed, Rate: 1772.8 docs/sec, Queue: 288, Elapsed: 10807.5s
2025-10-05 19:05:14,822 - INFO - POST http://localhost:9200/_bulk [status:200 request:5.730s]
2025-10-05 19:05:15,104 - INFO - Progress: 19,170,000 indexed, 0 failed, Rate: 1773.6 docs/sec, Queue: 281, Elapsed: 10808.7s
2025-10-05 19:05:15,803 - INFO - POST http://localhost:9200/_bulk [status:200 request:5.246s]
2025-10-05 19:05:16,150 - INFO - Progress: 19,180,000 indexed, 0 failed, Rate: 1774.3 docs/sec, Queue: 278, Elapsed: 10809.7s
2025-10-05 19:05:16,294 - INFO - Overall progress: Parsed 19,538,000, Indexed 0, Queue: 276
2025-10-05 19:05:16,995 - INFO - POST http://localhost:9200/_bulk [status:200 request:5.547s]
2025-10-05 19:05:17,182 - INFO - POST http://localhost:9200/_bulk [status:200 request:5.042s]
2025-10-05 19:05:17,584 - INFO - Progress: 19,190,000 indexed, 0 failed, Rate: 1775.0 docs/sec, Queue: 276, Elapsed: 10811.1s
2025-10-05 19:05:17,915 - INFO - Progress: 19,200,000 indexed, 0 failed, Rate: 1775.9 docs/sec, Queue: 278, Elapsed: 10811.5s
2025-10-05 19:05:17,922 - INFO - Worker 0: Parsed 19,550,000 docs, Queue: 278
2025-10-05 19:05:17,990 - INFO - === METRICS ES CONSUMER AT 19200000 DOCS ===
2025-10-05 19:05:17,996 - INFO - Process Memory:
2025-10-05 19:05:18,001 - INFO -   RSS: 6.42 GB
2025-10-05 19:05:18,006 - INFO -   VMS: 9.04 GB
2025-10-05 19:05:18,022 - INFO -   % of System: 0.8%
2025-10-05 19:05:18,027 - INFO - System Memory:
2025-10-05 19:05:18,033 - INFO -   Total Used: 19.2%
2025-10-05 19:05:18,038 - INFO -   Available: 690.38 GB
2025-10-05 19:05:18,043 - INFO -   Cached: 61.99 GB
2025-10-05 19:05:18,303 - INFO - POST http://localhost:9200/_bulk [status:200 request:5.969s]
2025-10-05 19:05:18,732 - INFO - POST http://localhost:9200/_bulk [status:200 request:5.111s]
2025-10-05 19:05:19,112 - INFO - CPU:
2025-10-05 19:05:19,126 - INFO -   Process usage: 100.8%
2025-10-05 19:05:19,137 - INFO -   Threads: 14
2025-10-05 19:05:19,152 - INFO -   Allocated cores: 288 (IDs: [0, 1, 2, 3, 4]...)
2025-10-05 19:05:19,321 - INFO - POST http://localhost:9200/_bulk [status:200 request:5.290s]
2025-10-05 19:05:19,321 - INFO - Process I/O:
2025-10-05 19:05:19,471 - INFO -   Read: 0.03 GB
2025-10-05 19:05:19,482 - INFO -   Write: 0.07 GB
2025-10-05 19:05:19,490 - INFO - ==================================================
2025-10-05 19:05:19,785 - INFO - Progress: 19,210,000 indexed, 0 failed, Rate: 1776.5 docs/sec, Queue: 279, Elapsed: 10813.3s
2025-10-05 19:05:19,818 - INFO - POST http://localhost:9200/_bulk [status:200 request:5.183s]
2025-10-05 19:05:20,068 - INFO - Progress: 19,220,000 indexed, 0 failed, Rate: 1777.4 docs/sec, Queue: 281, Elapsed: 10813.6s
2025-10-05 19:05:20,176 - INFO - Progress: 19,230,000 indexed, 0 failed, Rate: 1778.3 docs/sec, Queue: 282, Elapsed: 10813.7s
2025-10-05 19:05:20,411 - INFO - Progress: 19,240,000 indexed, 0 failed, Rate: 1779.2 docs/sec, Queue: 284, Elapsed: 10814.0s
2025-10-05 19:05:20,543 - INFO - POST http://localhost:9200/_bulk [status:200 request:4.902s]
2025-10-05 19:05:20,917 - INFO - Progress: 19,250,000 indexed, 0 failed, Rate: 1780.0 docs/sec, Queue: 285, Elapsed: 10814.5s
2025-10-05 19:05:21,166 - INFO - POST http://localhost:9200/_bulk [status:200 request:4.444s]
2025-10-05 19:05:21,624 - INFO - Progress: 19,260,000 indexed, 0 failed, Rate: 1780.8 docs/sec, Queue: 285, Elapsed: 10815.2s
2025-10-05 19:05:22,430 - INFO - POST http://localhost:9200/_bulk [status:200 request:4.234s]
2025-10-05 19:05:22,801 - INFO - Progress: 19,270,000 indexed, 0 failed, Rate: 1781.6 docs/sec, Queue: 281, Elapsed: 10816.4s
2025-10-05 19:05:25,407 - INFO - POST http://localhost:9200/_bulk [status:200 request:4.358s]
2025-10-05 19:05:25,411 - INFO - Worker 0: Parsed 19,600,000 docs, Queue: 257
2025-10-05 19:05:25,731 - INFO - Progress: 19,280,000 indexed, 0 failed, Rate: 1782.0 docs/sec, Queue: 256, Elapsed: 10819.3s
2025-10-05 19:05:26,343 - INFO - Overall progress: Parsed 19,604,000, Indexed 0, Queue: 253
2025-10-05 19:05:28,404 - INFO - POST http://localhost:9200/_bulk [status:200 request:6.263s]
2025-10-05 19:05:28,657 - INFO - Progress: 19,290,000 indexed, 0 failed, Rate: 1782.4 docs/sec, Queue: 236, Elapsed: 10822.2s
2025-10-05 19:05:30,636 - INFO - POST http://localhost:9200/_bulk [status:200 request:7.416s]
2025-10-05 19:05:30,932 - INFO - Progress: 19,300,000 indexed, 0 failed, Rate: 1783.0 docs/sec, Queue: 215, Elapsed: 10824.5s
2025-10-05 19:05:30,992 - INFO - POST http://localhost:9200/_bulk [status:200 request:7.261s]
2025-10-05 19:05:31,278 - INFO - === METRICS ES CONSUMER AT 19300000 DOCS ===
2025-10-05 19:05:31,284 - INFO - Process Memory:
2025-10-05 19:05:31,284 - INFO -   RSS: 6.53 GB
2025-10-05 19:05:31,285 - INFO -   VMS: 9.13 GB
2025-10-05 19:05:31,297 - INFO -   % of System: 0.8%
2025-10-05 19:05:31,303 - INFO - System Memory:
2025-10-05 19:05:31,308 - INFO -   Total Used: 19.2%
2025-10-05 19:05:31,313 - INFO -   Available: 690.77 GB
2025-10-05 19:05:31,318 - INFO -   Cached: 61.45 GB
2025-10-05 19:05:31,762 - INFO - POST http://localhost:9200/_bulk [status:200 request:7.349s]
2025-10-05 19:05:32,358 - INFO - CPU:
2025-10-05 19:05:32,365 - INFO -   Process usage: 96.4%
2025-10-05 19:05:32,383 - INFO -   Threads: 14
2025-10-05 19:05:32,403 - INFO -   Allocated cores: 288 (IDs: [0, 1, 2, 3, 4]...)
2025-10-05 19:05:32,403 - INFO - POST http://localhost:9200/_bulk [status:200 request:5.146s]
2025-10-05 19:05:32,540 - INFO - Process I/O:
2025-10-05 19:05:32,567 - INFO - POST http://localhost:9200/_bulk [status:200 request:7.664s]
2025-10-05 19:05:32,578 - INFO -   Read: 0.03 GB
2025-10-05 19:05:32,899 - INFO -   Write: 0.07 GB
2025-10-05 19:05:32,920 - INFO - ==================================================
2025-10-05 19:05:32,946 - INFO - Worker 0: Parsed 19,650,000 docs, Queue: 216
2025-10-05 19:05:33,330 - INFO - Progress: 19,310,000 indexed, 0 failed, Rate: 1783.5 docs/sec, Queue: 218, Elapsed: 10826.9s
2025-10-05 19:05:33,401 - INFO - Progress: 19,320,000 indexed, 0 failed, Rate: 1784.4 docs/sec, Queue: 218, Elapsed: 10827.0s
2025-10-05 19:05:33,438 - INFO - Progress: 19,330,000 indexed, 0 failed, Rate: 1785.4 docs/sec, Queue: 218, Elapsed: 10827.0s
2025-10-05 19:05:33,679 - INFO - POST http://localhost:9200/_bulk [status:200 request:7.019s]
2025-10-05 19:05:34,074 - INFO - POST http://localhost:9200/_bulk [status:200 request:8.190s]
2025-10-05 19:05:34,455 - INFO - Progress: 19,340,000 indexed, 0 failed, Rate: 1786.1 docs/sec, Queue: 219, Elapsed: 10828.0s
2025-10-05 19:05:34,509 - INFO - Progress: 19,350,000 indexed, 0 failed, Rate: 1787.0 docs/sec, Queue: 219, Elapsed: 10828.1s
2025-10-05 19:05:34,543 - INFO - Progress: 19,360,000 indexed, 0 failed, Rate: 1787.9 docs/sec, Queue: 219, Elapsed: 10828.1s
2025-10-05 19:05:34,832 - INFO - POST http://localhost:9200/_bulk [status:200 request:6.139s]
2025-10-05 19:05:35,156 - INFO - Progress: 19,370,000 indexed, 0 failed, Rate: 1788.8 docs/sec, Queue: 218, Elapsed: 10828.7s
2025-10-05 19:05:36,359 - INFO - Overall progress: Parsed 19,672,000, Indexed 0, Queue: 207
2025-10-05 19:05:37,018 - INFO - POST http://localhost:9200/_bulk [status:200 request:6.023s]
2025-10-05 19:05:37,428 - INFO - POST http://localhost:9200/_bulk [status:200 request:6.157s]
2025-10-05 19:05:37,687 - INFO - Progress: 19,380,000 indexed, 0 failed, Rate: 1789.3 docs/sec, Queue: 202, Elapsed: 10831.2s
2025-10-05 19:05:37,840 - INFO - Progress: 19,390,000 indexed, 0 failed, Rate: 1790.2 docs/sec, Queue: 203, Elapsed: 10831.4s
2025-10-05 19:05:37,882 - INFO - POST http://localhost:9200/_bulk [status:200 request:5.830s]
2025-10-05 19:05:38,220 - INFO - Progress: 19,400,000 indexed, 0 failed, Rate: 1791.0 docs/sec, Queue: 205, Elapsed: 10831.8s
2025-10-05 19:05:38,258 - INFO - === METRICS ES CONSUMER AT 19400000 DOCS ===
2025-10-05 19:05:38,263 - INFO - Process Memory:
2025-10-05 19:05:38,268 - INFO -   RSS: 6.49 GB
2025-10-05 19:05:38,274 - INFO -   VMS: 9.09 GB
2025-10-05 19:05:38,294 - INFO -   % of System: 0.8%
2025-10-05 19:05:38,300 - INFO - System Memory:
2025-10-05 19:05:38,303 - INFO -   Total Used: 19.2%
2025-10-05 19:05:38,303 - INFO -   Available: 690.69 GB
2025-10-05 19:05:38,303 - INFO -   Cached: 61.90 GB
2025-10-05 19:05:38,743 - INFO - POST http://localhost:9200/_bulk [status:200 request:5.841s]
2025-10-05 19:05:39,456 - INFO - POST http://localhost:9200/_bulk [status:200 request:6.049s]
2025-10-05 19:05:39,566 - INFO - CPU:
2025-10-05 19:05:39,579 - INFO -   Process usage: 102.4%
2025-10-05 19:05:39,594 - INFO -   Threads: 14
2025-10-05 19:05:39,673 - INFO -   Allocated cores: 288 (IDs: [0, 1, 2, 3, 4]...)
2025-10-05 19:05:39,689 - INFO - Process I/O:
2025-10-05 19:05:39,694 - INFO -   Read: 0.03 GB
2025-10-05 19:05:39,700 - INFO -   Write: 0.07 GB
2025-10-05 19:05:39,705 - INFO - ==================================================
2025-10-05 19:05:39,959 - INFO - Worker 0: Parsed 19,700,000 docs, Queue: 203
2025-10-05 19:05:39,968 - INFO - Progress: 19,410,000 indexed, 0 failed, Rate: 1791.7 docs/sec, Queue: 203, Elapsed: 10833.5s
2025-10-05 19:05:40,022 - INFO - POST http://localhost:9200/_bulk [status:200 request:5.945s]
2025-10-05 19:05:40,025 - INFO - Progress: 19,420,000 indexed, 0 failed, Rate: 1792.6 docs/sec, Queue: 202, Elapsed: 10833.6s
2025-10-05 19:05:40,351 - INFO - Progress: 19,430,000 indexed, 0 failed, Rate: 1793.4 docs/sec, Queue: 203, Elapsed: 10833.9s
2025-10-05 19:05:40,934 - INFO - POST http://localhost:9200/_bulk [status:200 request:6.108s]
2025-10-05 19:05:41,514 - INFO - Progress: 19,440,000 indexed, 0 failed, Rate: 1794.2 docs/sec, Queue: 199, Elapsed: 10835.1s
2025-10-05 19:05:41,952 - INFO - POST http://localhost:9200/_bulk [status:200 request:6.272s]
2025-10-05 19:05:42,304 - INFO - Progress: 19,450,000 indexed, 0 failed, Rate: 1795.0 docs/sec, Queue: 196, Elapsed: 10835.9s
2025-10-05 19:05:43,172 - INFO - POST http://localhost:9200/_bulk [status:200 request:5.466s]
2025-10-05 19:05:43,529 - INFO - POST http://localhost:9200/_bulk [status:200 request:5.646s]
2025-10-05 19:05:43,869 - INFO - Progress: 19,460,000 indexed, 0 failed, Rate: 1795.6 docs/sec, Queue: 191, Elapsed: 10837.4s
2025-10-05 19:05:43,905 - INFO - Progress: 19,470,000 indexed, 0 failed, Rate: 1796.5 docs/sec, Queue: 191, Elapsed: 10837.5s
2025-10-05 19:05:44,658 - INFO - POST http://localhost:9200/_bulk [status:200 request:6.158s]
2025-10-05 19:05:44,907 - INFO - Progress: 19,480,000 indexed, 0 failed, Rate: 1797.3 docs/sec, Queue: 188, Elapsed: 10838.5s
2025-10-05 19:05:45,248 - INFO - POST http://localhost:9200/_bulk [status:200 request:6.052s]
2025-10-05 19:05:45,544 - INFO - Progress: 19,490,000 indexed, 0 failed, Rate: 1798.1 docs/sec, Queue: 189, Elapsed: 10839.1s
2025-10-05 19:05:46,365 - INFO - Overall progress: Parsed 19,746,000, Indexed 0, Queue: 183
2025-10-05 19:05:46,833 - INFO - Worker 0: Parsed 19,750,000 docs, Queue: 179
2025-10-05 19:05:46,968 - INFO - POST http://localhost:9200/_bulk [status:200 request:6.247s]
2025-10-05 19:05:47,292 - INFO - Progress: 19,500,000 indexed, 0 failed, Rate: 1798.8 docs/sec, Queue: 179, Elapsed: 10840.8s
2025-10-05 19:05:47,328 - INFO - === METRICS ES CONSUMER AT 19500000 DOCS ===
2025-10-05 19:05:47,329 - INFO - Process Memory:
2025-10-05 19:05:47,339 - INFO -   RSS: 6.36 GB
2025-10-05 19:05:47,344 - INFO -   VMS: 8.96 GB
2025-10-05 19:05:47,360 - INFO -   % of System: 0.7%
2025-10-05 19:05:47,365 - INFO - System Memory:
2025-10-05 19:05:47,371 - INFO -   Total Used: 19.2%
2025-10-05 19:05:47,376 - INFO -   Available: 690.71 GB
2025-10-05 19:05:47,381 - INFO -   Cached: 62.13 GB
2025-10-05 19:05:47,613 - INFO - POST http://localhost:9200/_bulk [status:200 request:5.829s]
2025-10-05 19:05:48,424 - INFO - CPU:
2025-10-05 19:05:48,428 - INFO -   Process usage: 95.4%
2025-10-05 19:05:48,428 - INFO -   Threads: 14
2025-10-05 19:05:48,428 - INFO -   Allocated cores: 288 (IDs: [0, 1, 2, 3, 4]...)
2025-10-05 19:05:48,447 - INFO - Process I/O:
2025-10-05 19:05:48,453 - INFO -   Read: 0.03 GB
2025-10-05 19:05:48,458 - INFO -   Write: 0.07 GB
2025-10-05 19:05:48,463 - INFO - ==================================================
2025-10-05 19:05:48,686 - INFO - Progress: 19,510,000 indexed, 0 failed, Rate: 1799.4 docs/sec, Queue: 178, Elapsed: 10842.2s
2025-10-05 19:05:49,127 - INFO - POST http://localhost:9200/_bulk [status:200 request:6.510s]
2025-10-05 19:05:49,483 - INFO - Progress: 19,520,000 indexed, 0 failed, Rate: 1800.2 docs/sec, Queue: 176, Elapsed: 10843.0s
2025-10-05 19:05:49,900 - INFO - POST http://localhost:9200/_bulk [status:200 request:6.755s]
2025-10-05 19:05:50,234 - INFO - Progress: 19,530,000 indexed, 0 failed, Rate: 1801.0 docs/sec, Queue: 176, Elapsed: 10843.8s
2025-10-05 19:05:51,141 - INFO - POST http://localhost:9200/_bulk [status:200 request:6.545s]
2025-10-05 19:05:51,388 - INFO - Progress: 19,540,000 indexed, 0 failed, Rate: 1801.8 docs/sec, Queue: 172, Elapsed: 10844.9s
2025-10-05 19:05:52,256 - INFO - POST http://localhost:9200/_bulk [status:200 request:6.464s]
2025-10-05 19:05:52,594 - INFO - Progress: 19,550,000 indexed, 0 failed, Rate: 1802.5 docs/sec, Queue: 170, Elapsed: 10846.1s
2025-10-05 19:05:53,062 - INFO - POST http://localhost:9200/_bulk [status:200 request:6.555s]
2025-10-05 19:05:53,397 - INFO - Progress: 19,560,000 indexed, 0 failed, Rate: 1803.3 docs/sec, Queue: 168, Elapsed: 10847.0s
2025-10-05 19:05:53,663 - INFO - Worker 0: Parsed 19,800,000 docs, Queue: 165
2025-10-05 19:05:54,557 - INFO - POST http://localhost:9200/_bulk [status:200 request:7.073s]
2025-10-05 19:05:54,797 - INFO - Progress: 19,570,000 indexed, 0 failed, Rate: 1804.0 docs/sec, Queue: 161, Elapsed: 10848.4s
2025-10-05 19:05:56,375 - INFO - Overall progress: Parsed 19,818,000, Indexed 0, Queue: 146
2025-10-05 19:05:56,395 - INFO - POST http://localhost:9200/_bulk [status:200 request:7.613s]
2025-10-05 19:05:56,721 - INFO - Progress: 19,580,000 indexed, 0 failed, Rate: 1804.6 docs/sec, Queue: 150, Elapsed: 10850.3s
2025-10-05 19:05:58,006 - INFO - POST http://localhost:9200/_bulk [status:200 request:8.226s]
2025-10-05 19:05:58,560 - INFO - Progress: 19,590,000 indexed, 0 failed, Rate: 1805.2 docs/sec, Queue: 136, Elapsed: 10852.1s
2025-10-05 19:05:59,155 - INFO - POST http://localhost:9200/_bulk [status:200 request:8.481s]
2025-10-05 19:05:59,864 - INFO - Progress: 19,600,000 indexed, 0 failed, Rate: 1805.9 docs/sec, Queue: 133, Elapsed: 10853.4s
2025-10-05 19:05:59,956 - INFO - === METRICS ES CONSUMER AT 19600000 DOCS ===
2025-10-05 19:05:59,961 - INFO - Process Memory:
2025-10-05 19:05:59,966 - INFO -   RSS: 6.62 GB
2025-10-05 19:05:59,972 - INFO -   VMS: 9.22 GB
2025-10-05 19:05:59,994 - INFO -   % of System: 0.8%
2025-10-05 19:06:00,000 - INFO - System Memory:
2025-10-05 19:06:00,005 - INFO -   Total Used: 19.2%
2025-10-05 19:06:00,009 - INFO -   Available: 690.46 GB
2025-10-05 19:06:00,010 - INFO -   Cached: 62.35 GB
2025-10-05 19:06:00,212 - INFO - Worker 0: Parsed 19,850,000 docs, Queue: 132
2025-10-05 19:06:00,436 - INFO - POST http://localhost:9200/_bulk [status:200 request:8.719s]
2025-10-05 19:06:01,041 - INFO - CPU:
2025-10-05 19:06:01,047 - INFO -   Process usage: 93.8%
2025-10-05 19:06:01,052 - INFO -   Threads: 14
2025-10-05 19:06:01,058 - INFO -   Allocated cores: 288 (IDs: [0, 1, 2, 3, 4]...)
2025-10-05 19:06:01,067 - INFO - Process I/O:
2025-10-05 19:06:01,072 - INFO -   Read: 0.03 GB
2025-10-05 19:06:01,077 - INFO -   Write: 0.07 GB
2025-10-05 19:06:01,083 - INFO - ==================================================
2025-10-05 19:06:01,398 - INFO - Progress: 19,610,000 indexed, 0 failed, Rate: 1806.5 docs/sec, Queue: 128, Elapsed: 10855.0s
2025-10-05 19:06:03,439 - INFO - POST http://localhost:9200/_bulk [status:200 request:10.640s]
2025-10-05 19:06:03,699 - INFO - Progress: 19,620,000 indexed, 0 failed, Rate: 1807.1 docs/sec, Queue: 108, Elapsed: 10857.3s
2025-10-05 19:06:05,754 - INFO - POST http://localhost:9200/_bulk [status:200 request:12.060s]
2025-10-05 19:06:06,102 - INFO - POST http://localhost:9200/_bulk [status:200 request:7.482s]
2025-10-05 19:06:06,404 - INFO - Progress: 19,630,000 indexed, 0 failed, Rate: 1807.6 docs/sec, Queue: 95, Elapsed: 10860.0s
2025-10-05 19:06:06,406 - INFO - Overall progress: Parsed 19,898,000, Indexed 0, Queue: 95
2025-10-05 19:06:06,496 - INFO - Worker 0: Parsed 19,900,000 docs, Queue: 97
2025-10-05 19:06:07,700 - INFO - POST http://localhost:9200/_bulk [status:200 request:7.783s]
2025-10-05 19:06:08,315 - INFO - POST http://localhost:9200/_bulk [status:200 request:13.774s]
2025-10-05 19:06:08,722 - INFO - Progress: 19,640,000 indexed, 0 failed, Rate: 1808.1 docs/sec, Queue: 93, Elapsed: 10862.3s
2025-10-05 19:06:08,795 - INFO - POST http://localhost:9200/_bulk [status:200 request:12.012s]
2025-10-05 19:06:09,815 - INFO - POST http://localhost:9200/_bulk [status:200 request:9.097s]
2025-10-05 19:06:10,493 - INFO - POST http://localhost:9200/_bulk [status:200 request:15.137s]
2025-10-05 19:06:10,752 - INFO - Progress: 19,650,000 indexed, 0 failed, Rate: 1808.7 docs/sec, Queue: 91, Elapsed: 10864.3s
2025-10-05 19:06:10,821 - INFO - Progress: 19,660,000 indexed, 0 failed, Rate: 1809.6 docs/sec, Queue: 92, Elapsed: 10864.4s
2025-10-05 19:06:10,883 - INFO - Progress: 19,670,000 indexed, 0 failed, Rate: 1810.5 docs/sec, Queue: 92, Elapsed: 10864.4s
2025-10-05 19:06:10,931 - INFO - POST http://localhost:9200/_bulk [status:200 request:4.304s]
2025-10-05 19:06:10,936 - INFO - Progress: 19,680,000 indexed, 0 failed, Rate: 1811.4 docs/sec, Queue: 93, Elapsed: 10864.5s
2025-10-05 19:06:11,090 - INFO - Progress: 19,690,000 indexed, 0 failed, Rate: 1812.3 docs/sec, Queue: 93, Elapsed: 10864.6s
2025-10-05 19:06:12,053 - INFO - POST http://localhost:9200/_bulk [status:200 request:8.305s]
2025-10-05 19:06:12,448 - INFO - Progress: 19,700,000 indexed, 0 failed, Rate: 1813.0 docs/sec, Queue: 88, Elapsed: 10866.0s
2025-10-05 19:06:12,455 - INFO - Worker 0: Parsed 19,950,000 docs, Queue: 89
2025-10-05 19:06:12,502 - INFO - === METRICS ES CONSUMER AT 19700000 DOCS ===
2025-10-05 19:06:12,508 - INFO - Process Memory:
2025-10-05 19:06:12,513 - INFO -   RSS: 6.91 GB
2025-10-05 19:06:12,518 - INFO -   VMS: 9.51 GB
2025-10-05 19:06:12,533 - INFO -   % of System: 0.8%
2025-10-05 19:06:12,539 - INFO - System Memory:
2025-10-05 19:06:12,544 - INFO -   Total Used: 19.1%
2025-10-05 19:06:12,550 - INFO -   Available: 690.96 GB
2025-10-05 19:06:12,555 - INFO -   Cached: 60.97 GB
2025-10-05 19:06:13,372 - INFO - POST http://localhost:9200/_bulk [status:200 request:4.600s]
2025-10-05 19:06:13,582 - INFO - POST http://localhost:9200/_bulk [status:200 request:5.512s]
2025-10-05 19:06:14,177 - INFO - POST http://localhost:9200/_bulk [status:200 request:5.094s]
2025-10-05 19:06:14,187 - INFO - CPU:
2025-10-05 19:06:14,287 - INFO -   Process usage: 101.9%
2025-10-05 19:06:14,307 - INFO -   Threads: 14
2025-10-05 19:06:14,313 - INFO -   Allocated cores: 288 (IDs: [0, 1, 2, 3, 4]...)
2025-10-05 19:06:14,540 - INFO - Process I/O:
2025-10-05 19:06:14,577 - INFO -   Read: 0.03 GB
2025-10-05 19:06:14,578 - INFO -   Write: 0.07 GB
2025-10-05 19:06:14,582 - INFO - ==================================================
2025-10-05 19:06:15,200 - INFO - POST http://localhost:9200/_bulk [status:200 request:8.775s]
2025-10-05 19:06:15,576 - INFO - Progress: 19,710,000 indexed, 0 failed, Rate: 1813.4 docs/sec, Queue: 88, Elapsed: 10869.1s
2025-10-05 19:06:15,676 - INFO - POST http://localhost:9200/_bulk [status:200 request:5.630s]
2025-10-05 19:06:15,679 - INFO - Progress: 19,720,000 indexed, 0 failed, Rate: 1814.3 docs/sec, Queue: 89, Elapsed: 10869.2s
2025-10-05 19:06:15,829 - INFO - Progress: 19,730,000 indexed, 0 failed, Rate: 1815.2 docs/sec, Queue: 91, Elapsed: 10869.4s
2025-10-05 19:06:15,878 - INFO - Progress: 19,740,000 indexed, 0 failed, Rate: 1816.1 docs/sec, Queue: 90, Elapsed: 10869.4s
2025-10-05 19:06:15,925 - INFO - Progress: 19,750,000 indexed, 0 failed, Rate: 1817.0 docs/sec, Queue: 90, Elapsed: 10869.5s
2025-10-05 19:06:16,042 - INFO - Progress: 19,760,000 indexed, 0 failed, Rate: 1817.9 docs/sec, Queue: 92, Elapsed: 10869.6s
2025-10-05 19:06:16,101 - INFO - POST http://localhost:9200/_bulk [status:200 request:5.270s]
2025-10-05 19:06:16,526 - INFO - Overall progress: Parsed 19,984,000, Indexed 0, Queue: 95
2025-10-05 19:06:16,535 - INFO - Progress: 19,770,000 indexed, 0 failed, Rate: 1818.8 docs/sec, Queue: 95, Elapsed: 10870.1s
2025-10-05 19:06:17,082 - INFO - POST http://localhost:9200/_bulk [status:200 request:5.757s]
2025-10-05 19:06:17,444 - INFO - Progress: 19,780,000 indexed, 0 failed, Rate: 1819.5 docs/sec, Queue: 92, Elapsed: 10871.0s
2025-10-05 19:06:17,463 - INFO - POST http://localhost:9200/_bulk [status:200 request:4.996s]
2025-10-05 19:06:17,846 - INFO - Progress: 19,790,000 indexed, 0 failed, Rate: 1820.4 docs/sec, Queue: 95, Elapsed: 10871.4s
2025-10-05 19:06:18,272 - INFO - POST http://localhost:9200/_bulk [status:200 request:4.647s]
2025-10-05 19:06:18,305 - INFO - Worker 0: Parsed 20,000,000 docs, Queue: 90
2025-10-05 19:06:18,523 - INFO - Progress: 19,800,000 indexed, 0 failed, Rate: 1821.2 docs/sec, Queue: 91, Elapsed: 10872.1s
2025-10-05 19:06:18,610 - INFO - === METRICS ES CONSUMER AT 19800000 DOCS ===
2025-10-05 19:06:18,615 - INFO - Process Memory:
2025-10-05 19:06:18,619 - INFO -   RSS: 6.93 GB
2025-10-05 19:06:18,619 - INFO -   VMS: 9.53 GB
2025-10-05 19:06:18,642 - INFO -   % of System: 0.8%
2025-10-05 19:06:18,647 - INFO - System Memory:
2025-10-05 19:06:18,652 - INFO -   Total Used: 19.2%
2025-10-05 19:06:18,658 - INFO -   Available: 690.83 GB
2025-10-05 19:06:18,663 - INFO -   Cached: 61.51 GB
2025-10-05 19:06:19,699 - INFO - CPU:
2025-10-05 19:06:19,704 - INFO -   Process usage: 100.6%
2025-10-05 19:06:19,710 - INFO -   Threads: 14
2025-10-05 19:06:19,715 - INFO -   Allocated cores: 288 (IDs: [0, 1, 2, 3, 4]...)
2025-10-05 19:06:19,720 - INFO - Process I/O:
2025-10-05 19:06:19,725 - INFO -   Read: 0.03 GB
2025-10-05 19:06:19,730 - INFO -   Write: 0.07 GB
2025-10-05 19:06:19,736 - INFO - ==================================================
2025-10-05 19:06:20,109 - INFO - POST http://localhost:9200/_bulk [status:200 request:5.544s]
2025-10-05 19:06:20,411 - INFO - Progress: 19,810,000 indexed, 0 failed, Rate: 1821.8 docs/sec, Queue: 87, Elapsed: 10874.0s
2025-10-05 19:06:20,495 - INFO - POST http://localhost:9200/_bulk [status:200 request:5.898s]
2025-10-05 19:06:20,886 - INFO - Progress: 19,820,000 indexed, 0 failed, Rate: 1822.6 docs/sec, Queue: 90, Elapsed: 10874.4s
2025-10-05 19:06:21,028 - INFO - POST http://localhost:9200/_bulk [status:200 request:4.944s]
2025-10-05 19:06:21,287 - INFO - POST http://localhost:9200/_bulk [status:200 request:5.618s]
2025-10-05 19:06:21,867 - INFO - Progress: 19,830,000 indexed, 0 failed, Rate: 1823.4 docs/sec, Queue: 95, Elapsed: 10875.4s
2025-10-05 19:06:21,918 - INFO - Progress: 19,840,000 indexed, 0 failed, Rate: 1824.3 docs/sec, Queue: 95, Elapsed: 10875.5s
2025-10-05 19:06:21,939 - INFO - POST http://localhost:9200/_bulk [status:200 request:5.396s]
2025-10-05 19:06:22,313 - INFO - Progress: 19,850,000 indexed, 0 failed, Rate: 1825.1 docs/sec, Queue: 99, Elapsed: 10875.9s
2025-10-05 19:06:22,605 - INFO - POST http://localhost:9200/_bulk [status:200 request:5.138s]
2025-10-05 19:06:22,959 - INFO - Progress: 19,860,000 indexed, 0 failed, Rate: 1826.0 docs/sec, Queue: 100, Elapsed: 10876.5s
2025-10-05 19:06:23,685 - INFO - POST http://localhost:9200/_bulk [status:200 request:5.788s]
2025-10-05 19:06:23,939 - INFO - Progress: 19,870,000 indexed, 0 failed, Rate: 1826.7 docs/sec, Queue: 99, Elapsed: 10877.5s
2025-10-05 19:06:24,136 - INFO - Worker 0: Parsed 20,050,000 docs, Queue: 98
2025-10-05 19:06:24,422 - INFO - POST http://localhost:9200/_bulk [status:200 request:5.846s]
2025-10-05 19:06:24,688 - INFO - Progress: 19,880,000 indexed, 0 failed, Rate: 1827.5 docs/sec, Queue: 100, Elapsed: 10878.2s
2025-10-05 19:06:25,726 - INFO - POST http://localhost:9200/_bulk [status:200 request:5.293s]
2025-10-05 19:06:25,989 - INFO - Progress: 19,890,000 indexed, 0 failed, Rate: 1828.2 docs/sec, Queue: 95, Elapsed: 10879.5s
2025-10-05 19:06:26,578 - INFO - Overall progress: Parsed 20,069,000, Indexed 0, Queue: 95
2025-10-05 19:06:26,612 - INFO - POST http://localhost:9200/_bulk [status:200 request:5.683s]
2025-10-05 19:06:26,768 - INFO - POST http://localhost:9200/_bulk [status:200 request:5.172s]
2025-10-05 19:06:27,432 - INFO - Progress: 19,900,000 indexed, 0 failed, Rate: 1828.9 docs/sec, Queue: 102, Elapsed: 10881.0s
2025-10-05 19:06:27,458 - INFO - POST http://localhost:9200/_bulk [status:200 request:5.084s]
2025-10-05 19:06:27,648 - INFO - === METRICS ES CONSUMER AT 19900000 DOCS ===
2025-10-05 19:06:27,669 - INFO - POST http://localhost:9200/_bulk [status:200 request:5.767s]
2025-10-05 19:06:27,669 - INFO - Process Memory:
2025-10-05 19:06:27,904 - INFO -   RSS: 6.49 GB
2025-10-05 19:06:27,909 - INFO -   VMS: 9.09 GB
2025-10-05 19:06:27,939 - INFO -   % of System: 0.7%
2025-10-05 19:06:27,949 - INFO - System Memory:
2025-10-05 19:06:27,959 - INFO -   Total Used: 19.1%
2025-10-05 19:06:27,970 - INFO -   Available: 690.96 GB
2025-10-05 19:06:27,988 - INFO -   Cached: 62.00 GB
2025-10-05 19:06:28,849 - INFO - POST http://localhost:9200/_bulk [status:200 request:5.319s]
2025-10-05 19:06:29,190 - INFO - CPU:
2025-10-05 19:06:29,196 - INFO -   Process usage: 100.6%
2025-10-05 19:06:29,201 - INFO -   Threads: 14
2025-10-05 19:06:29,207 - INFO -   Allocated cores: 288 (IDs: [0, 1, 2, 3, 4]...)
2025-10-05 19:06:29,211 - INFO - Process I/O:
2025-10-05 19:06:29,211 - INFO -   Read: 0.03 GB
2025-10-05 19:06:29,220 - INFO -   Write: 0.07 GB
2025-10-05 19:06:29,225 - INFO - ==================================================
2025-10-05 19:06:29,529 - INFO - Progress: 19,910,000 indexed, 0 failed, Rate: 1829.4 docs/sec, Queue: 106, Elapsed: 10883.1s
2025-10-05 19:06:29,573 - INFO - Progress: 19,920,000 indexed, 0 failed, Rate: 1830.4 docs/sec, Queue: 106, Elapsed: 10883.1s
2025-10-05 19:06:29,709 - INFO - Progress: 19,930,000 indexed, 0 failed, Rate: 1831.3 docs/sec, Queue: 108, Elapsed: 10883.3s
2025-10-05 19:06:29,758 - INFO - Progress: 19,940,000 indexed, 0 failed, Rate: 1832.2 docs/sec, Queue: 108, Elapsed: 10883.3s
2025-10-05 19:06:29,883 - INFO - Worker 0: Parsed 20,100,000 docs, Queue: 108
2025-10-05 19:06:30,724 - INFO - POST http://localhost:9200/_bulk [status:200 request:5.917s]
2025-10-05 19:06:31,006 - INFO - Progress: 19,950,000 indexed, 0 failed, Rate: 1832.9 docs/sec, Queue: 100, Elapsed: 10884.6s
2025-10-05 19:06:31,012 - INFO - POST http://localhost:9200/_bulk [status:200 request:5.465s]
2025-10-05 19:06:31,352 - INFO - Progress: 19,960,000 indexed, 0 failed, Rate: 1833.7 docs/sec, Queue: 103, Elapsed: 10884.9s
2025-10-05 19:06:34,769 - INFO - POST http://localhost:9200/_bulk [status:200 request:8.176s]
2025-10-05 19:06:35,158 - INFO - Progress: 19,970,000 indexed, 0 failed, Rate: 1834.0 docs/sec, Queue: 77, Elapsed: 10888.7s
2025-10-05 19:06:35,869 - INFO - Worker 0: Parsed 20,150,000 docs, Queue: 70
2025-10-05 19:06:36,594 - INFO - Overall progress: Parsed 20,155,000, Indexed 0, Queue: 66
2025-10-05 19:06:36,762 - INFO - POST http://localhost:9200/_bulk [status:200 request:8.051s]
2025-10-05 19:06:37,000 - INFO - Progress: 19,980,000 indexed, 0 failed, Rate: 1834.6 docs/sec, Queue: 66, Elapsed: 10890.6s
2025-10-05 19:06:38,449 - INFO - POST http://localhost:9200/_bulk [status:200 request:7.831s]
2025-10-05 19:06:38,891 - INFO - POST http://localhost:9200/_bulk [status:200 request:8.803s]
2025-10-05 19:06:39,587 - INFO - Progress: 19,990,000 indexed, 0 failed, Rate: 1835.1 docs/sec, Queue: 62, Elapsed: 10893.1s
2025-10-05 19:06:39,664 - INFO - Progress: 20,000,000 indexed, 0 failed, Rate: 1836.0 docs/sec, Queue: 63, Elapsed: 10893.2s
2025-10-05 19:06:39,693 - INFO - POST http://localhost:9200/_bulk [status:200 request:7.953s]
2025-10-05 19:06:39,879 - INFO - === METRICS ES CONSUMER AT 20000000 DOCS ===
2025-10-05 19:06:39,895 - INFO - Process Memory:
2025-10-05 19:06:39,901 - INFO -   RSS: 6.81 GB
2025-10-05 19:06:39,916 - INFO -   VMS: 9.41 GB
2025-10-05 19:06:40,065 - INFO -   % of System: 0.8%
2025-10-05 19:06:40,098 - INFO - System Memory:
2025-10-05 19:06:40,104 - INFO -   Total Used: 19.2%
2025-10-05 19:06:40,110 - INFO -   Available: 690.58 GB
2025-10-05 19:06:40,110 - INFO -   Cached: 62.26 GB
2025-10-05 19:06:40,243 - INFO - POST http://localhost:9200/_bulk [status:200 request:6.419s]
2025-10-05 19:06:41,150 - INFO - CPU:
2025-10-05 19:06:41,156 - INFO -   Process usage: 101.3%
2025-10-05 19:06:41,161 - INFO -   Threads: 14
2025-10-05 19:06:41,162 - INFO -   Allocated cores: 288 (IDs: [0, 1, 2, 3, 4]...)
2025-10-05 19:06:41,162 - INFO - Process I/O:
2025-10-05 19:06:41,171 - INFO -   Read: 0.03 GB
2025-10-05 19:06:41,176 - INFO -   Write: 0.07 GB
2025-10-05 19:06:41,181 - INFO - ==================================================
2025-10-05 19:06:41,520 - INFO - Progress: 20,010,000 indexed, 0 failed, Rate: 1836.6 docs/sec, Queue: 65, Elapsed: 10895.1s
2025-10-05 19:06:41,555 - INFO - POST http://localhost:9200/_bulk [status:200 request:8.477s]
2025-10-05 19:06:41,660 - INFO - Worker 0: Parsed 20,200,000 docs, Queue: 67
2025-10-05 19:06:41,768 - INFO - POST http://localhost:9200/_bulk [status:200 request:9.235s]
2025-10-05 19:06:42,238 - INFO - Progress: 20,020,000 indexed, 0 failed, Rate: 1837.4 docs/sec, Queue: 70, Elapsed: 10895.8s
2025-10-05 19:06:42,315 - INFO - Progress: 20,030,000 indexed, 0 failed, Rate: 1838.3 docs/sec, Queue: 69, Elapsed: 10895.9s
2025-10-05 19:06:42,343 - INFO - Progress: 20,040,000 indexed, 0 failed, Rate: 1839.2 docs/sec, Queue: 70, Elapsed: 10895.9s
2025-10-05 19:06:43,695 - INFO - POST http://localhost:9200/_bulk [status:200 request:8.529s]
2025-10-05 19:06:43,849 - INFO - POST http://localhost:9200/_bulk [status:200 request:6.774s]
2025-10-05 19:06:44,194 - INFO - Progress: 20,050,000 indexed, 0 failed, Rate: 1839.8 docs/sec, Queue: 64, Elapsed: 10897.7s
2025-10-05 19:06:44,336 - INFO - Progress: 20,060,000 indexed, 0 failed, Rate: 1840.7 docs/sec, Queue: 66, Elapsed: 10897.9s
2025-10-05 19:06:44,681 - INFO - POST http://localhost:9200/_bulk [status:200 request:5.966s]
2025-10-05 19:06:45,054 - INFO - Progress: 20,070,000 indexed, 0 failed, Rate: 1841.5 docs/sec, Queue: 66, Elapsed: 10898.6s
2025-10-05 19:06:46,611 - INFO - Overall progress: Parsed 20,240,000, Indexed 0, Queue: 50
2025-10-05 19:06:47,006 - INFO - POST http://localhost:9200/_bulk [status:200 request:7.367s]
2025-10-05 19:06:47,125 - INFO - POST http://localhost:9200/_bulk [status:200 request:6.903s]
2025-10-05 19:06:47,523 - INFO - Progress: 20,080,000 indexed, 0 failed, Rate: 1842.0 docs/sec, Queue: 55, Elapsed: 10901.1s
2025-10-05 19:06:47,529 - INFO - Worker 0: Parsed 20,250,000 docs, Queue: 56
2025-10-05 19:06:47,672 - INFO - Progress: 20,090,000 indexed, 0 failed, Rate: 1842.9 docs/sec, Queue: 56, Elapsed: 10901.2s
2025-10-05 19:06:48,205 - INFO - POST http://localhost:9200/_bulk [status:200 request:7.561s]
2025-10-05 19:06:48,501 - INFO - Progress: 20,100,000 indexed, 0 failed, Rate: 1843.7 docs/sec, Queue: 60, Elapsed: 10902.1s
2025-10-05 19:06:48,580 - INFO - === METRICS ES CONSUMER AT 20100000 DOCS ===
2025-10-05 19:06:48,586 - INFO - Process Memory:
2025-10-05 19:06:48,591 - INFO -   RSS: 6.97 GB
2025-10-05 19:06:48,596 - INFO -   VMS: 9.57 GB
2025-10-05 19:06:48,600 - INFO -   % of System: 0.8%
2025-10-05 19:06:48,600 - INFO - System Memory:
2025-10-05 19:06:48,600 - INFO -   Total Used: 19.2%
2025-10-05 19:06:48,600 - INFO -   Available: 690.29 GB
2025-10-05 19:06:48,601 - INFO -   Cached: 62.62 GB
2025-10-05 19:06:48,990 - INFO - POST http://localhost:9200/_bulk [status:200 request:6.996s]
2025-10-05 19:06:49,659 - INFO - CPU:
2025-10-05 19:06:49,665 - INFO -   Process usage: 98.3%
2025-10-05 19:06:49,670 - INFO -   Threads: 14
2025-10-05 19:06:49,671 - INFO -   Allocated cores: 288 (IDs: [0, 1, 2, 3, 4]...)
2025-10-05 19:06:49,671 - INFO - Process I/O:
2025-10-05 19:06:49,671 - INFO -   Read: 0.03 GB
2025-10-05 19:06:49,671 - INFO -   Write: 0.07 GB
2025-10-05 19:06:49,672 - INFO - ==================================================
2025-10-05 19:06:49,978 - INFO - Progress: 20,110,000 indexed, 0 failed, Rate: 1844.4 docs/sec, Queue: 59, Elapsed: 10903.5s
2025-10-05 19:06:50,023 - INFO - POST http://localhost:9200/_bulk [status:200 request:7.686s]
2025-10-05 19:06:50,411 - INFO - Progress: 20,120,000 indexed, 0 failed, Rate: 1845.2 docs/sec, Queue: 62, Elapsed: 10904.0s
2025-10-05 19:06:52,124 - INFO - POST http://localhost:9200/_bulk [status:200 request:7.909s]
2025-10-05 19:06:52,236 - INFO - POST http://localhost:9200/_bulk [status:200 request:7.746s]
2025-10-05 19:06:52,630 - INFO - Progress: 20,130,000 indexed, 0 failed, Rate: 1845.7 docs/sec, Queue: 57, Elapsed: 10906.2s
2025-10-05 19:06:52,825 - INFO - Progress: 20,140,000 indexed, 0 failed, Rate: 1846.6 docs/sec, Queue: 59, Elapsed: 10906.4s
2025-10-05 19:06:52,972 - INFO - Worker 0: Parsed 20,300,000 docs, Queue: 58
2025-10-05 19:06:53,803 - INFO - POST http://localhost:9200/_bulk [status:200 request:8.699s]
2025-10-05 19:06:54,081 - INFO - Progress: 20,150,000 indexed, 0 failed, Rate: 1847.3 docs/sec, Queue: 51, Elapsed: 10907.6s
2025-10-05 19:06:56,621 - INFO - Overall progress: Parsed 20,332,000, Indexed 0, Queue: 36
2025-10-05 19:06:56,762 - INFO - POST http://localhost:9200/_bulk [status:200 request:9.024s]
2025-10-05 19:06:56,933 - INFO - POST http://localhost:9200/_bulk [status:200 request:9.220s]
2025-10-05 19:06:57,917 - INFO - Progress: 20,160,000 indexed, 0 failed, Rate: 1847.6 docs/sec, Queue: 43, Elapsed: 10911.5s
2025-10-05 19:06:57,955 - INFO - Progress: 20,170,000 indexed, 0 failed, Rate: 1848.5 docs/sec, Queue: 43, Elapsed: 10911.5s
2025-10-05 19:06:58,429 - INFO - POST http://localhost:9200/_bulk [status:200 request:9.880s]
2025-10-05 19:06:58,509 - INFO - Worker 0: Parsed 20,350,000 docs, Queue: 42
2025-10-05 19:06:58,695 - INFO - Progress: 20,180,000 indexed, 0 failed, Rate: 1849.3 docs/sec, Queue: 42, Elapsed: 10912.2s
2025-10-05 19:06:59,608 - INFO - POST http://localhost:9200/_bulk [status:200 request:10.240s]
2025-10-05 19:07:00,009 - INFO - Progress: 20,190,000 indexed, 0 failed, Rate: 1850.0 docs/sec, Queue: 36, Elapsed: 10913.6s
2025-10-05 19:07:01,121 - INFO - POST http://localhost:9200/_bulk [status:200 request:10.648s]
2025-10-05 19:07:01,906 - INFO - Progress: 20,200,000 indexed, 0 failed, Rate: 1850.6 docs/sec, Queue: 33, Elapsed: 10915.5s
2025-10-05 19:07:01,949 - INFO - === METRICS ES CONSUMER AT 20200000 DOCS ===
2025-10-05 19:07:01,965 - INFO - Process Memory:
2025-10-05 19:07:01,970 - INFO -   RSS: 6.94 GB
2025-10-05 19:07:01,976 - INFO -   VMS: 9.54 GB
2025-10-05 19:07:01,992 - INFO -   % of System: 0.8%
2025-10-05 19:07:01,993 - INFO - System Memory:
2025-10-05 19:07:01,993 - INFO -   Total Used: 19.2%
2025-10-05 19:07:01,993 - INFO -   Available: 690.10 GB
2025-10-05 19:07:01,993 - INFO -   Cached: 63.35 GB
2025-10-05 19:07:03,046 - INFO - CPU:
2025-10-05 19:07:03,048 - INFO -   Process usage: 100.4%
2025-10-05 19:07:03,048 - INFO -   Threads: 14
2025-10-05 19:07:03,048 - INFO -   Allocated cores: 288 (IDs: [0, 1, 2, 3, 4]...)
2025-10-05 19:07:03,066 - INFO - Process I/O:
2025-10-05 19:07:03,071 - INFO -   Read: 0.03 GB
2025-10-05 19:07:03,076 - INFO -   Write: 0.07 GB
2025-10-05 19:07:03,082 - INFO - ==================================================
2025-10-05 19:07:04,057 - INFO - Worker 0: Parsed 20,400,000 docs, Queue: 18
2025-10-05 19:07:04,394 - INFO - POST http://localhost:9200/_bulk [status:200 request:11.705s]
2025-10-05 19:07:04,734 - INFO - Progress: 20,210,000 indexed, 0 failed, Rate: 1851.0 docs/sec, Queue: 17, Elapsed: 10918.3s
2025-10-05 19:07:05,609 - INFO - POST http://localhost:9200/_bulk [status:200 request:12.760s]
2025-10-05 19:07:05,859 - INFO - Progress: 20,220,000 indexed, 0 failed, Rate: 1851.7 docs/sec, Queue: 18, Elapsed: 10919.4s
2025-10-05 19:07:06,632 - INFO - Overall progress: Parsed 20,423,000, Indexed 0, Queue: 11
2025-10-05 19:07:06,733 - INFO - POST http://localhost:9200/_bulk [status:200 request:9.400s]
2025-10-05 19:07:07,071 - INFO - POST http://localhost:9200/_bulk [status:200 request:12.941s]
2025-10-05 19:07:07,479 - INFO - Progress: 20,230,000 indexed, 0 failed, Rate: 1852.4 docs/sec, Queue: 17, Elapsed: 10921.0s
2025-10-05 19:07:07,519 - INFO - Progress: 20,240,000 indexed, 0 failed, Rate: 1853.3 docs/sec, Queue: 17, Elapsed: 10921.1s
2025-10-05 19:07:09,492 - INFO - Worker 0: Parsed 20,450,000 docs, Queue: 2
2025-10-05 19:07:09,841 - INFO - POST http://localhost:9200/_bulk [status:200 request:11.886s]
2025-10-05 19:07:10,135 - INFO - Progress: 20,250,000 indexed, 0 failed, Rate: 1853.8 docs/sec, Queue: 7, Elapsed: 10923.7s
2025-10-05 19:07:12,259 - INFO - POST http://localhost:9200/_bulk [status:200 request:13.491s]
2025-10-05 19:07:12,664 - INFO - Progress: 20,260,000 indexed, 0 failed, Rate: 1854.3 docs/sec, Queue: 4, Elapsed: 10926.2s
2025-10-05 19:07:14,748 - INFO - Worker 0: Parsed 20,500,000 docs, Queue: 1
2025-10-05 19:07:16,638 - INFO - Overall progress: Parsed 20,517,000, Indexed 0, Queue: 2
2025-10-05 19:07:16,900 - INFO - POST http://localhost:9200/_bulk [status:200 request:14.958s]
2025-10-05 19:07:19,834 - INFO - Worker 0: Parsed 20,550,000 docs, Queue: 25
2025-10-05 19:07:23,215 - INFO - POST http://localhost:9200/_bulk [status:200 request:15.700s]
2025-10-05 19:07:23,508 - INFO - POST http://localhost:9200/_bulk [status:200 request:16.431s]
2025-10-05 19:07:24,975 - INFO - Worker 0: Parsed 20,600,000 docs, Queue: 60
2025-10-05 19:07:25,349 - INFO - POST http://localhost:9200/_bulk [status:200 request:15.134s]
2025-10-05 19:07:26,285 - INFO - POST http://localhost:9200/_bulk [status:200 request:26.201s]
2025-10-05 19:07:26,530 - INFO - Progress: 20,270,000 indexed, 0 failed, Rate: 1852.8 docs/sec, Queue: 61, Elapsed: 10940.1s
2025-10-05 19:07:26,567 - INFO - Progress: 20,280,000 indexed, 0 failed, Rate: 1853.7 docs/sec, Queue: 61, Elapsed: 10940.1s
2025-10-05 19:07:26,649 - INFO - Overall progress: Parsed 20,613,000, Indexed 0, Queue: 61
2025-10-05 19:07:30,376 - INFO - POST http://localhost:9200/_bulk [status:200 request:17.677s]
2025-10-05 19:07:31,147 - INFO - Worker 0: Parsed 20,650,000 docs, Queue: 85
2025-10-05 19:07:36,518 - INFO - POST http://localhost:9200/_bulk [status:200 request:31.752s]
2025-10-05 19:07:36,648 - INFO - Worker 0: Parsed 20,700,000 docs, Queue: 125
2025-10-05 19:07:36,694 - INFO - Overall progress: Parsed 20,700,000, Indexed 0, Queue: 125
2025-10-05 19:07:36,697 - INFO - Progress: 20,290,000 indexed, 0 failed, Rate: 1852.9 docs/sec, Queue: 125, Elapsed: 10950.3s
2025-10-05 19:07:38,600 - INFO - POST http://localhost:9200/_bulk [status:200 request:15.151s]
2025-10-05 19:07:40,170 - INFO - POST http://localhost:9200/_bulk [status:200 request:14.425s]
2025-10-05 19:07:40,965 - INFO - POST http://localhost:9200/_bulk [status:200 request:34.388s]
2025-10-05 19:07:41,121 - INFO - POST http://localhost:9200/_bulk [status:200 request:17.163s]
2025-10-05 19:07:41,455 - INFO - Progress: 20,300,000 indexed, 0 failed, Rate: 1853.0 docs/sec, Queue: 149, Elapsed: 10955.0s
2025-10-05 19:07:41,656 - INFO - === METRICS ES CONSUMER AT 20300000 DOCS ===
2025-10-05 19:07:41,677 - INFO - Process Memory:
2025-10-05 19:07:41,696 - INFO -   RSS: 6.94 GB
2025-10-05 19:07:41,777 - INFO -   VMS: 9.54 GB
2025-10-05 19:07:41,848 - INFO -   % of System: 0.8%
2025-10-05 19:07:41,849 - INFO - System Memory:
2025-10-05 19:07:41,849 - INFO -   Total Used: 19.3%
2025-10-05 19:07:41,849 - INFO -   Available: 689.16 GB
2025-10-05 19:07:41,849 - INFO -   Cached: 63.72 GB
2025-10-05 19:07:42,033 - INFO - Worker 0: Parsed 20,750,000 docs, Queue: 152
2025-10-05 19:07:42,483 - INFO - POST http://localhost:9200/_bulk [status:200 request:15.912s]
2025-10-05 19:07:42,882 - INFO - CPU:
2025-10-05 19:07:42,886 - INFO -   Process usage: 97.4%
2025-10-05 19:07:42,886 - INFO -   Threads: 14
2025-10-05 19:07:42,886 - INFO -   Allocated cores: 288 (IDs: [0, 1, 2, 3, 4]...)
2025-10-05 19:07:42,887 - INFO - Process I/O:
2025-10-05 19:07:42,887 - INFO -   Read: 0.03 GB
2025-10-05 19:07:42,887 - INFO -   Write: 0.07 GB
2025-10-05 19:07:42,897 - INFO - ==================================================
2025-10-05 19:07:43,626 - INFO - Progress: 20,310,000 indexed, 0 failed, Rate: 1853.6 docs/sec, Queue: 156, Elapsed: 10957.2s
2025-10-05 19:07:43,691 - INFO - Progress: 20,320,000 indexed, 0 failed, Rate: 1854.5 docs/sec, Queue: 157, Elapsed: 10957.2s
2025-10-05 19:07:43,737 - INFO - Progress: 20,330,000 indexed, 0 failed, Rate: 1855.4 docs/sec, Queue: 157, Elapsed: 10957.3s
2025-10-05 19:07:43,777 - INFO - Progress: 20,340,000 indexed, 0 failed, Rate: 1856.3 docs/sec, Queue: 157, Elapsed: 10957.3s
2025-10-05 19:07:45,980 - INFO - POST http://localhost:9200/_bulk [status:200 request:15.357s]
2025-10-05 19:07:46,705 - INFO - Overall progress: Parsed 20,789,000, Indexed 0, Queue: 159
2025-10-05 19:07:47,826 - INFO - Worker 0: Parsed 20,800,000 docs, Queue: 168
2025-10-05 19:07:52,609 - INFO - POST http://localhost:9200/_bulk [status:200 request:15.827s]
2025-10-05 19:07:53,108 - INFO - Worker 0: Parsed 20,850,000 docs, Queue: 216
2025-10-05 19:07:54,421 - INFO - POST http://localhost:9200/_bulk [status:200 request:15.576s]
2025-10-05 19:07:56,497 - INFO - POST http://localhost:9200/_bulk [status:200 request:38.774s]
2025-10-05 19:07:56,852 - INFO - Overall progress: Parsed 20,880,000, Indexed 0, Queue: 238
2025-10-05 19:07:56,854 - INFO - Progress: 20,350,000 indexed, 0 failed, Rate: 1855.0 docs/sec, Queue: 238, Elapsed: 10970.4s
2025-10-05 19:07:56,947 - INFO - Progress: 20,360,000 indexed, 0 failed, Rate: 1855.9 docs/sec, Queue: 239, Elapsed: 10970.5s
2025-10-05 19:07:56,990 - INFO - Progress: 20,370,000 indexed, 0 failed, Rate: 1856.8 docs/sec, Queue: 239, Elapsed: 10970.5s
2025-10-05 19:07:57,038 - INFO - Progress: 20,380,000 indexed, 0 failed, Rate: 1857.7 docs/sec, Queue: 239, Elapsed: 10970.6s
2025-10-05 19:07:57,074 - INFO - Progress: 20,390,000 indexed, 0 failed, Rate: 1858.6 docs/sec, Queue: 240, Elapsed: 10970.6s
2025-10-05 19:07:57,100 - INFO - Progress: 20,400,000 indexed, 0 failed, Rate: 1859.5 docs/sec, Queue: 240, Elapsed: 10970.7s
2025-10-05 19:07:57,125 - INFO - === METRICS ES CONSUMER AT 20400000 DOCS ===
2025-10-05 19:07:57,131 - INFO - Process Memory:
2025-10-05 19:07:57,136 - INFO -   RSS: 7.17 GB
2025-10-05 19:07:57,141 - INFO -   VMS: 9.76 GB
2025-10-05 19:07:57,162 - INFO -   % of System: 0.8%
2025-10-05 19:07:57,167 - INFO - System Memory:
2025-10-05 19:07:57,173 - INFO -   Total Used: 19.4%
2025-10-05 19:07:57,178 - INFO -   Available: 688.96 GB
2025-10-05 19:07:57,183 - INFO -   Cached: 64.19 GB
2025-10-05 19:07:58,211 - INFO - CPU:
2025-10-05 19:07:58,211 - INFO -   Process usage: 53.8%
2025-10-05 19:07:58,211 - INFO -   Threads: 14
2025-10-05 19:07:58,212 - INFO -   Allocated cores: 288 (IDs: [0, 1, 2, 3, 4]...)
2025-10-05 19:07:58,212 - INFO - Process I/O:
2025-10-05 19:07:58,212 - INFO -   Read: 0.03 GB
2025-10-05 19:07:58,212 - INFO -   Write: 0.07 GB
2025-10-05 19:07:58,212 - INFO - ==================================================
2025-10-05 19:07:58,765 - INFO - Progress: 20,410,000 indexed, 0 failed, Rate: 1860.1 docs/sec, Queue: 248, Elapsed: 10972.3s
2025-10-05 19:07:58,800 - INFO - Progress: 20,420,000 indexed, 0 failed, Rate: 1861.0 docs/sec, Queue: 249, Elapsed: 10972.4s
2025-10-05 19:07:58,992 - INFO - Worker 0: Parsed 20,900,000 docs, Queue: 251
2025-10-05 19:07:59,110 - INFO - POST http://localhost:9200/_bulk [status:200 request:17.440s]
2025-10-05 19:08:03,869 - INFO - POST http://localhost:9200/_bulk [status:200 request:17.619s]
2025-10-05 19:08:05,123 - INFO - Worker 0: Parsed 20,950,000 docs, Queue: 291
2025-10-05 19:08:06,907 - INFO - Overall progress: Parsed 20,959,000, Indexed 0, Queue: 300
2025-10-05 19:08:08,600 - INFO - POST http://localhost:9200/_bulk [status:200 request:15.702s]
2025-10-05 19:08:11,159 - INFO - POST http://localhost:9200/_bulk [status:200 request:16.435s]
2025-10-05 19:08:13,995 - INFO - POST http://localhost:9200/_bulk [status:200 request:17.040s]
2025-10-05 19:08:16,492 - INFO - POST http://localhost:9200/_bulk [status:200 request:35.002s]
2025-10-05 19:08:17,000 - INFO - Progress: 20,430,000 indexed, 0 failed, Rate: 1858.9 docs/sec, Queue: 300, Elapsed: 10990.6s
2025-10-05 19:08:17,006 - INFO - Overall progress: Parsed 20,984,000, Indexed 0, Queue: 300
2025-10-05 19:08:17,035 - INFO - Progress: 20,440,000 indexed, 0 failed, Rate: 1859.8 docs/sec, Queue: 300, Elapsed: 10990.6s
2025-10-05 19:08:17,110 - INFO - POST http://localhost:9200/_bulk [status:200 request:35.228s]
2025-10-05 19:08:17,538 - INFO - Progress: 20,450,000 indexed, 0 failed, Rate: 1860.6 docs/sec, Queue: 300, Elapsed: 10991.1s
2025-10-05 19:08:17,627 - INFO - POST http://localhost:9200/_bulk [status:200 request:18.143s]
2025-10-05 19:08:18,818 - INFO - POST http://localhost:9200/_bulk [status:200 request:14.677s]
2025-10-05 19:08:19,923 - INFO - POST http://localhost:9200/_bulk [status:200 request:37.144s]
2025-10-05 19:08:19,987 - INFO - Worker 0: Parsed 21,000,000 docs, Queue: 297
2025-10-05 19:08:20,262 - INFO - Progress: 20,460,000 indexed, 0 failed, Rate: 1861.0 docs/sec, Queue: 296, Elapsed: 10993.8s
2025-10-05 19:08:20,301 - INFO - Progress: 20,470,000 indexed, 0 failed, Rate: 1861.9 docs/sec, Queue: 296, Elapsed: 10993.9s
2025-10-05 19:08:20,352 - INFO - Progress: 20,480,000 indexed, 0 failed, Rate: 1862.9 docs/sec, Queue: 296, Elapsed: 10993.9s
2025-10-05 19:08:20,416 - INFO - Progress: 20,490,000 indexed, 0 failed, Rate: 1863.7 docs/sec, Queue: 296, Elapsed: 10994.0s
2025-10-05 19:08:20,487 - INFO - Progress: 20,500,000 indexed, 0 failed, Rate: 1864.6 docs/sec, Queue: 297, Elapsed: 10994.0s
2025-10-05 19:08:20,530 - INFO - === METRICS ES CONSUMER AT 20500000 DOCS ===
2025-10-05 19:08:20,530 - INFO - Process Memory:
2025-10-05 19:08:20,538 - INFO -   RSS: 7.22 GB
2025-10-05 19:08:20,543 - INFO -   VMS: 9.82 GB
2025-10-05 19:08:20,565 - INFO -   % of System: 0.8%
2025-10-05 19:08:20,570 - INFO - System Memory:
2025-10-05 19:08:20,575 - INFO -   Total Used: 19.3%
2025-10-05 19:08:20,580 - INFO -   Available: 689.65 GB
2025-10-05 19:08:20,581 - INFO -   Cached: 62.33 GB
2025-10-05 19:08:21,621 - INFO - CPU:
2025-10-05 19:08:21,622 - INFO -   Process usage: 80.6%
2025-10-05 19:08:21,622 - INFO -   Threads: 14
2025-10-05 19:08:21,627 - INFO -   Allocated cores: 288 (IDs: [0, 1, 2, 3, 4]...)
2025-10-05 19:08:21,648 - INFO - Process I/O:
2025-10-05 19:08:21,654 - INFO -   Read: 0.03 GB
2025-10-05 19:08:21,659 - INFO -   Write: 0.07 GB
2025-10-05 19:08:21,664 - INFO - ==================================================
2025-10-05 19:08:22,283 - INFO - Progress: 20,510,000 indexed, 0 failed, Rate: 1865.3 docs/sec, Queue: 288, Elapsed: 10995.8s
2025-10-05 19:08:22,339 - INFO - Progress: 20,520,000 indexed, 0 failed, Rate: 1866.2 docs/sec, Queue: 288, Elapsed: 10995.9s
2025-10-05 19:08:27,052 - INFO - Overall progress: Parsed 21,034,000, Indexed 0, Queue: 300
2025-10-05 19:08:28,607 - INFO - POST http://localhost:9200/_bulk [status:200 request:19.730s]
2025-10-05 19:08:28,923 - INFO - Progress: 20,530,000 indexed, 0 failed, Rate: 1865.9 docs/sec, Queue: 300, Elapsed: 11002.5s
2025-10-05 19:08:35,102 - INFO - POST http://localhost:9200/_bulk [status:200 request:20.755s]
2025-10-05 19:08:36,468 - INFO - Worker 0: Parsed 21,050,000 docs, Queue: 300
2025-10-05 19:08:36,474 - INFO - POST http://localhost:9200/_bulk [status:200 request:25.022s]
2025-10-05 19:08:36,777 - INFO - Progress: 20,540,000 indexed, 0 failed, Rate: 1865.5 docs/sec, Queue: 300, Elapsed: 11010.3s
2025-10-05 19:08:36,902 - INFO - Progress: 20,550,000 indexed, 0 failed, Rate: 1866.4 docs/sec, Queue: 300, Elapsed: 11010.5s
2025-10-05 19:08:37,053 - INFO - Overall progress: Parsed 21,052,000, Indexed 0, Queue: 300
2025-10-05 19:08:37,283 - INFO - POST http://localhost:9200/_bulk [status:200 request:19.613s]
2025-10-05 19:08:37,489 - INFO - POST http://localhost:9200/_bulk [status:200 request:20.442s]
2025-10-05 19:08:37,918 - INFO - Progress: 20,560,000 indexed, 0 failed, Rate: 1867.1 docs/sec, Queue: 300, Elapsed: 11011.5s
2025-10-05 19:08:38,112 - INFO - Progress: 20,570,000 indexed, 0 failed, Rate: 1868.0 docs/sec, Queue: 300, Elapsed: 11011.7s
2025-10-05 19:08:39,004 - INFO - POST http://localhost:9200/_bulk [status:200 request:20.933s]
2025-10-05 19:08:39,532 - INFO - Progress: 20,580,000 indexed, 0 failed, Rate: 1868.7 docs/sec, Queue: 300, Elapsed: 11013.1s
2025-10-05 19:08:40,753 - INFO - POST http://localhost:9200/_bulk [status:200 request:21.632s]
2025-10-05 19:08:41,228 - INFO - Progress: 20,590,000 indexed, 0 failed, Rate: 1869.3 docs/sec, Queue: 290, Elapsed: 11014.8s
2025-10-05 19:08:42,968 - INFO - POST http://localhost:9200/_bulk [status:200 request:22.664s]
2025-10-05 19:08:43,249 - INFO - Progress: 20,600,000 indexed, 0 failed, Rate: 1869.9 docs/sec, Queue: 281, Elapsed: 11016.8s
2025-10-05 19:08:43,410 - INFO - === METRICS ES CONSUMER AT 20600000 DOCS ===
2025-10-05 19:08:43,416 - INFO - Process Memory:
2025-10-05 19:08:43,421 - INFO -   RSS: 9.59 GB
2025-10-05 19:08:43,423 - INFO -   VMS: 12.19 GB
2025-10-05 19:08:43,423 - INFO -   % of System: 1.1%
2025-10-05 19:08:43,424 - INFO - System Memory:
2025-10-05 19:08:43,434 - INFO -   Total Used: 19.6%
2025-10-05 19:08:43,440 - INFO -   Available: 687.12 GB
2025-10-05 19:08:43,445 - INFO -   Cached: 62.99 GB
2025-10-05 19:08:44,586 - INFO - CPU:
2025-10-05 19:08:44,591 - INFO -   Process usage: 89.8%
2025-10-05 19:08:44,596 - INFO -   Threads: 14
2025-10-05 19:08:44,602 - INFO -   Allocated cores: 288 (IDs: [0, 1, 2, 3, 4]...)
2025-10-05 19:08:44,618 - INFO - Process I/O:
2025-10-05 19:08:44,619 - INFO -   Read: 0.03 GB
2025-10-05 19:08:44,619 - INFO -   Write: 0.07 GB
2025-10-05 19:08:44,620 - INFO - ==================================================
2025-10-05 19:08:45,191 - INFO - Worker 0: Parsed 21,100,000 docs, Queue: 286
2025-10-05 19:08:45,498 - INFO - POST http://localhost:9200/_bulk [status:200 request:16.532s]
2025-10-05 19:08:45,794 - INFO - Progress: 20,610,000 indexed, 0 failed, Rate: 1870.3 docs/sec, Queue: 289, Elapsed: 11019.3s
2025-10-05 19:08:46,093 - INFO - POST http://localhost:9200/_bulk [status:200 request:10.561s]
2025-10-05 19:08:47,064 - INFO - Overall progress: Parsed 21,112,000, Indexed 0, Queue: 286
2025-10-05 19:08:47,252 - INFO - POST http://localhost:9200/_bulk [status:200 request:10.317s]
2025-10-05 19:08:47,459 - INFO - Progress: 20,620,000 indexed, 0 failed, Rate: 1871.0 docs/sec, Queue: 286, Elapsed: 11021.0s
2025-10-05 19:08:48,415 - INFO - POST http://localhost:9200/_bulk [status:200 request:10.175s]
2025-10-05 19:08:50,254 - INFO - POST http://localhost:9200/_bulk [status:200 request:12.288s]
2025-10-05 19:08:50,468 - INFO - Progress: 20,630,000 indexed, 0 failed, Rate: 1871.4 docs/sec, Queue: 281, Elapsed: 11024.0s
2025-10-05 19:08:51,812 - INFO - POST http://localhost:9200/_bulk [status:200 request:12.246s]
2025-10-05 19:08:52,499 - INFO - Worker 0: Parsed 21,150,000 docs, Queue: 286
2025-10-05 19:08:52,527 - INFO - POST http://localhost:9200/_bulk [status:200 request:11.170s]
2025-10-05 19:08:52,778 - INFO - Progress: 20,640,000 indexed, 0 failed, Rate: 1871.9 docs/sec, Queue: 286, Elapsed: 11026.3s
2025-10-05 19:08:53,790 - INFO - POST http://localhost:9200/_bulk [status:200 request:10.410s]
2025-10-05 19:08:53,992 - INFO - Progress: 20,650,000 indexed, 0 failed, Rate: 1872.6 docs/sec, Queue: 283, Elapsed: 11027.5s
2025-10-05 19:08:54,195 - INFO - POST http://localhost:9200/_bulk [status:200 request:5.484s]
2025-10-05 19:08:56,267 - INFO - POST http://localhost:9200/_bulk [status:200 request:5.770s]
2025-10-05 19:08:57,080 - INFO - Overall progress: Parsed 21,180,000, Indexed 0, Queue: 282
2025-10-05 19:08:58,632 - INFO - POST http://localhost:9200/_bulk [status:200 request:5.730s]
2025-10-05 19:08:59,454 - INFO - POST http://localhost:9200/_bulk [status:200 request:13.608s]
2025-10-05 19:08:59,521 - INFO - POST http://localhost:9200/_bulk [status:200 request:6.566s]
2025-10-05 19:08:59,772 - INFO - Worker 0: Parsed 21,200,000 docs, Queue: 286
2025-10-05 19:08:59,944 - INFO - POST http://localhost:9200/_bulk [status:200 request:13.382s]
2025-10-05 19:09:00,147 - INFO - POST http://localhost:9200/_bulk [status:200 request:12.495s]
2025-10-05 19:09:00,520 - INFO - Progress: 20,660,000 indexed, 0 failed, Rate: 1872.4 docs/sec, Queue: 290, Elapsed: 11034.1s
2025-10-05 19:09:00,554 - INFO - POST http://localhost:9200/_bulk [status:200 request:6.529s]
2025-10-05 19:09:00,903 - INFO - POST http://localhost:9200/_bulk [status:200 request:6.136s]
2025-10-05 19:09:00,907 - INFO - Progress: 20,670,000 indexed, 0 failed, Rate: 1873.2 docs/sec, Queue: 293, Elapsed: 11034.5s
2025-10-05 19:09:01,825 - INFO - Progress: 20,680,000 indexed, 0 failed, Rate: 1874.0 docs/sec, Queue: 300, Elapsed: 11035.4s
2025-10-05 19:09:01,893 - INFO - Progress: 20,690,000 indexed, 0 failed, Rate: 1874.9 docs/sec, Queue: 300, Elapsed: 11035.4s
2025-10-05 19:09:01,938 - INFO - Progress: 20,700,000 indexed, 0 failed, Rate: 1875.8 docs/sec, Queue: 300, Elapsed: 11035.5s
2025-10-05 19:09:02,352 - INFO - === METRICS ES CONSUMER AT 20700000 DOCS ===
2025-10-05 19:09:02,358 - INFO - Process Memory:
2025-10-05 19:09:02,359 - INFO -   RSS: 7.25 GB
2025-10-05 19:09:02,359 - INFO -   VMS: 9.84 GB
2025-10-05 19:09:02,360 - INFO -   % of System: 0.9%
2025-10-05 19:09:02,360 - INFO - System Memory:
2025-10-05 19:09:02,361 - INFO -   Total Used: 19.4%
2025-10-05 19:09:02,361 - INFO -   Available: 688.76 GB
2025-10-05 19:09:02,376 - INFO -   Cached: 63.78 GB
2025-10-05 19:09:02,703 - INFO - POST http://localhost:9200/_bulk [status:200 request:6.163s]
2025-10-05 19:09:03,413 - INFO - CPU:
2025-10-05 19:09:03,414 - INFO -   Process usage: 91.2%
2025-10-05 19:09:03,428 - INFO -   Threads: 14
2025-10-05 19:09:03,433 - INFO -   Allocated cores: 288 (IDs: [0, 1, 2, 3, 4]...)
2025-10-05 19:09:03,454 - INFO - Process I/O:
2025-10-05 19:09:03,459 - INFO -   Read: 0.03 GB
2025-10-05 19:09:03,465 - INFO -   Write: 0.07 GB
2025-10-05 19:09:03,470 - INFO - ==================================================
2025-10-05 19:09:04,129 - INFO - Progress: 20,710,000 indexed, 0 failed, Rate: 1876.3 docs/sec, Queue: 300, Elapsed: 11037.7s
2025-10-05 19:09:04,181 - INFO - Progress: 20,720,000 indexed, 0 failed, Rate: 1877.2 docs/sec, Queue: 300, Elapsed: 11037.7s
2025-10-05 19:09:04,222 - INFO - Progress: 20,730,000 indexed, 0 failed, Rate: 1878.1 docs/sec, Queue: 300, Elapsed: 11037.8s
2025-10-05 19:09:04,289 - INFO - Progress: 20,740,000 indexed, 0 failed, Rate: 1879.0 docs/sec, Queue: 300, Elapsed: 11037.8s
2025-10-05 19:09:06,671 - INFO - POST http://localhost:9200/_bulk [status:200 request:6.584s]
2025-10-05 19:09:07,086 - INFO - Overall progress: Parsed 21,244,000, Indexed 0, Queue: 285
2025-10-05 19:09:07,893 - INFO - Worker 0: Parsed 21,250,000 docs, Queue: 282
2025-10-05 19:09:08,539 - INFO - POST http://localhost:9200/_bulk [status:200 request:8.001s]
2025-10-05 19:09:08,893 - INFO - POST http://localhost:9200/_bulk [status:200 request:8.808s]
2025-10-05 19:09:09,414 - INFO - Progress: 20,750,000 indexed, 0 failed, Rate: 1879.0 docs/sec, Queue: 287, Elapsed: 11043.0s
2025-10-05 19:09:09,466 - INFO - Progress: 20,760,000 indexed, 0 failed, Rate: 1879.9 docs/sec, Queue: 287, Elapsed: 11043.0s
2025-10-05 19:09:09,516 - INFO - Progress: 20,770,000 indexed, 0 failed, Rate: 1880.8 docs/sec, Queue: 287, Elapsed: 11043.1s
2025-10-05 19:09:09,553 - INFO - POST http://localhost:9200/_bulk [status:200 request:8.844s]
2025-10-05 19:09:09,745 - INFO - POST http://localhost:9200/_bulk [status:200 request:8.814s]
2025-10-05 19:09:10,361 - INFO - Progress: 20,780,000 indexed, 0 failed, Rate: 1881.6 docs/sec, Queue: 292, Elapsed: 11043.9s
2025-10-05 19:09:10,614 - INFO - Progress: 20,790,000 indexed, 0 failed, Rate: 1882.4 docs/sec, Queue: 294, Elapsed: 11044.2s
2025-10-05 19:09:12,436 - INFO - POST http://localhost:9200/_bulk [status:200 request:9.385s]
2025-10-05 19:09:12,788 - INFO - POST http://localhost:9200/_bulk [status:200 request:10.667s]
2025-10-05 19:09:13,351 - INFO - POST http://localhost:9200/_bulk [status:200 request:10.975s]
2025-10-05 19:09:13,495 - INFO - Progress: 20,800,000 indexed, 0 failed, Rate: 1882.9 docs/sec, Queue: 289, Elapsed: 11047.0s
2025-10-05 19:09:13,837 - INFO - === METRICS ES CONSUMER AT 20800000 DOCS ===
2025-10-05 19:09:13,837 - INFO - Process Memory:
2025-10-05 19:09:13,843 - INFO -   RSS: 7.90 GB
2025-10-05 19:09:13,848 - INFO -   VMS: 10.50 GB
2025-10-05 19:09:13,884 - INFO -   % of System: 1.0%
2025-10-05 19:09:13,889 - INFO - System Memory:
2025-10-05 19:09:13,889 - INFO -   Total Used: 19.5%
2025-10-05 19:09:13,889 - INFO -   Available: 687.58 GB
2025-10-05 19:09:13,889 - INFO -   Cached: 64.74 GB
2025-10-05 19:09:14,292 - INFO - POST http://localhost:9200/_bulk [status:200 request:7.298s]
2025-10-05 19:09:14,923 - INFO - CPU:
2025-10-05 19:09:14,926 - INFO -   Process usage: 95.3%
2025-10-05 19:09:14,926 - INFO -   Threads: 14
2025-10-05 19:09:14,927 - INFO -   Allocated cores: 288 (IDs: [0, 1, 2, 3, 4]...)
2025-10-05 19:09:14,928 - INFO - Process I/O:
2025-10-05 19:09:14,929 - INFO -   Read: 0.03 GB
2025-10-05 19:09:14,944 - INFO -   Write: 0.07 GB
2025-10-05 19:09:14,950 - INFO - ==================================================
2025-10-05 19:09:15,340 - INFO - Worker 0: Parsed 21,300,000 docs, Queue: 291
2025-10-05 19:09:15,663 - INFO - Progress: 20,810,000 indexed, 0 failed, Rate: 1883.4 docs/sec, Queue: 291, Elapsed: 11049.2s
2025-10-05 19:09:15,725 - INFO - Progress: 20,820,000 indexed, 0 failed, Rate: 1884.3 docs/sec, Queue: 292, Elapsed: 11049.3s
2025-10-05 19:09:15,776 - INFO - Progress: 20,830,000 indexed, 0 failed, Rate: 1885.2 docs/sec, Queue: 293, Elapsed: 11049.3s
2025-10-05 19:09:17,097 - INFO - Overall progress: Parsed 21,310,000, Indexed 0, Queue: 285
2025-10-05 19:09:18,425 - INFO - POST http://localhost:9200/_bulk [status:200 request:9.545s]
2025-10-05 19:09:18,710 - INFO - Progress: 20,840,000 indexed, 0 failed, Rate: 1885.6 docs/sec, Queue: 279, Elapsed: 11052.3s
2025-10-05 19:09:19,839 - INFO - POST http://localhost:9200/_bulk [status:200 request:10.393s]
2025-10-05 19:09:20,246 - INFO - Progress: 20,850,000 indexed, 0 failed, Rate: 1886.2 docs/sec, Queue: 283, Elapsed: 11053.8s
2025-10-05 19:09:20,941 - INFO - POST http://localhost:9200/_bulk [status:200 request:10.488s]
2025-10-05 19:09:21,406 - INFO - Progress: 20,860,000 indexed, 0 failed, Rate: 1886.9 docs/sec, Queue: 283, Elapsed: 11055.0s
2025-10-05 19:09:22,371 - INFO - POST http://localhost:9200/_bulk [status:200 request:11.723s]
2025-10-05 19:09:22,833 - INFO - Progress: 20,870,000 indexed, 0 failed, Rate: 1887.6 docs/sec, Queue: 281, Elapsed: 11056.4s
2025-10-05 19:09:23,325 - INFO - Worker 0: Parsed 21,350,000 docs, Queue: 280
2025-10-05 19:09:25,520 - INFO - POST http://localhost:9200/_bulk [status:200 request:12.731s]
2025-10-05 19:09:25,810 - INFO - Progress: 20,880,000 indexed, 0 failed, Rate: 1888.0 docs/sec, Queue: 262, Elapsed: 11059.4s
2025-10-05 19:09:27,103 - INFO - Overall progress: Parsed 21,373,000, Indexed 0, Queue: 245
2025-10-05 19:09:27,439 - INFO - POST http://localhost:9200/_bulk [status:200 request:14.061s]
2025-10-05 19:09:27,952 - INFO - Progress: 20,890,000 indexed, 0 failed, Rate: 1888.5 docs/sec, Queue: 245, Elapsed: 11061.5s
2025-10-05 19:09:28,294 - INFO - POST http://localhost:9200/_bulk [status:200 request:14.431s]
2025-10-05 19:09:28,705 - INFO - Progress: 20,900,000 indexed, 0 failed, Rate: 1889.3 docs/sec, Queue: 244, Elapsed: 11062.3s
2025-10-05 19:09:28,810 - INFO - === METRICS ES CONSUMER AT 20900000 DOCS ===
2025-10-05 19:09:28,816 - INFO - Process Memory:
2025-10-05 19:09:28,821 - INFO -   RSS: 7.20 GB
2025-10-05 19:09:28,826 - INFO -   VMS: 9.79 GB
2025-10-05 19:09:28,832 - INFO -   % of System: 0.8%
2025-10-05 19:09:28,839 - INFO - System Memory:
2025-10-05 19:09:28,845 - INFO -   Total Used: 19.5%
2025-10-05 19:09:28,850 - INFO -   Available: 687.64 GB
2025-10-05 19:09:28,855 - INFO -   Cached: 65.35 GB
2025-10-05 19:09:29,168 - INFO - POST http://localhost:9200/_bulk [status:200 request:14.524s]
2025-10-05 19:09:29,890 - INFO - CPU:
2025-10-05 19:09:29,895 - INFO -   Process usage: 97.4%
2025-10-05 19:09:29,900 - INFO -   Threads: 14
2025-10-05 19:09:29,906 - INFO -   Allocated cores: 288 (IDs: [0, 1, 2, 3, 4]...)
2025-10-05 19:09:29,927 - INFO - Process I/O:
2025-10-05 19:09:29,931 - INFO -   Read: 0.03 GB
2025-10-05 19:09:29,931 - INFO -   Write: 0.07 GB
2025-10-05 19:09:29,931 - INFO - ==================================================
2025-10-05 19:09:30,626 - INFO - Worker 0: Parsed 21,400,000 docs, Queue: 242
2025-10-05 19:09:30,656 - INFO - Progress: 20,910,000 indexed, 0 failed, Rate: 1889.9 docs/sec, Queue: 242, Elapsed: 11064.2s
2025-10-05 19:09:37,110 - INFO - Overall progress: Parsed 21,448,000, Indexed 0, Queue: 284
2025-10-05 19:09:37,176 - INFO - Worker 0: Parsed 21,450,000 docs, Queue: 286
2025-10-05 19:09:47,110 - INFO - Overall progress: Parsed 21,464,000, Indexed 0, Queue: 300
2025-10-05 19:10:35,566 - INFO - POST http://localhost:9200/_bulk [status:200 request:75.189s]
2025-10-05 19:10:37,113 - INFO - Overall progress: Parsed 21,472,000, Indexed 0, Queue: 298
2025-10-05 19:10:41,970 - INFO - POST http://localhost:9200/_bulk [status:200 request:78.983s]
2025-10-05 19:10:42,302 - INFO - POST http://localhost:9200/_bulk [status:200 request:76.352s]
2025-10-05 19:10:47,114 - INFO - Overall progress: Parsed 21,494,000, Indexed 0, Queue: 300
2025-10-05 19:10:47,519 - INFO - POST http://localhost:9200/_bulk [status:200 request:77.953s]
2025-10-05 19:10:48,515 - INFO - Worker 0: Parsed 21,500,000 docs, Queue: 296
2025-10-05 19:10:53,379 - INFO - POST http://localhost:9200/_bulk [status:200 request:84.526s]
2025-10-05 19:10:57,115 - INFO - Overall progress: Parsed 21,514,000, Indexed 0, Queue: 300
2025-10-05 19:11:28,608 - INFO - POST http://localhost:9200/_bulk [status:200 request:129.784s]
2025-10-05 19:11:28,962 - INFO - Progress: 20,920,000 indexed, 0 failed, Rate: 1870.8 docs/sec, Queue: 300, Elapsed: 11182.5s
2025-10-05 19:11:29,000 - INFO - Progress: 20,930,000 indexed, 0 failed, Rate: 1871.7 docs/sec, Queue: 300, Elapsed: 11182.6s
2025-10-05 19:11:37,117 - INFO - Overall progress: Parsed 21,524,000, Indexed 0, Queue: 300
2025-10-05 19:11:38,175 - INFO - POST http://localhost:9200/_bulk [status:200 request:62.133s]
2025-10-05 19:11:47,118 - INFO - Overall progress: Parsed 21,534,000, Indexed 0, Queue: 300
2025-10-05 19:11:48,079 - INFO - POST http://localhost:9200/_bulk [status:200 request:65.784s]
2025-10-05 19:11:57,118 - INFO - Overall progress: Parsed 21,544,000, Indexed 0, Queue: 300
2025-10-05 19:12:08,453 - INFO - POST http://localhost:9200/_bulk [status:200 request:80.538s]
2025-10-05 19:12:09,414 - INFO - Worker 0: Parsed 21,550,000 docs, Queue: 296
2025-10-05 19:12:10,251 - INFO - POST http://localhost:9200/_bulk [status:200 request:87.502s]
2025-10-05 19:12:11,394 - INFO - POST http://localhost:9200/_bulk [status:200 request:77.527s]
2025-10-05 19:12:17,120 - INFO - Overall progress: Parsed 21,574,000, Indexed 0, Queue: 300
2025-10-05 19:12:18,452 - INFO - POST http://localhost:9200/_bulk [status:200 request:9.754s]
2025-10-05 19:12:25,112 - INFO - POST http://localhost:9200/_bulk [status:200 request:177.084s]
2025-10-05 19:12:25,606 - INFO - POST http://localhost:9200/_bulk [status:200 request:184.115s]
2025-10-05 19:12:26,089 - INFO - Progress: 20,940,000 indexed, 0 failed, Rate: 1863.0 docs/sec, Queue: 300, Elapsed: 11239.6s
2025-10-05 19:12:26,125 - INFO - Progress: 20,950,000 indexed, 0 failed, Rate: 1863.9 docs/sec, Queue: 300, Elapsed: 11239.7s
2025-10-05 19:12:26,188 - INFO - Progress: 20,960,000 indexed, 0 failed, Rate: 1864.8 docs/sec, Queue: 300, Elapsed: 11239.7s
2025-10-05 19:12:26,264 - INFO - Progress: 20,970,000 indexed, 0 failed, Rate: 1865.7 docs/sec, Queue: 300, Elapsed: 11239.8s
2025-10-05 19:12:26,295 - INFO - Progress: 20,980,000 indexed, 0 failed, Rate: 1866.6 docs/sec, Queue: 300, Elapsed: 11239.8s
2025-10-05 19:12:26,344 - INFO - Progress: 20,990,000 indexed, 0 failed, Rate: 1867.5 docs/sec, Queue: 300, Elapsed: 11239.9s
2025-10-05 19:12:26,391 - INFO - Progress: 21,000,000 indexed, 0 failed, Rate: 1868.3 docs/sec, Queue: 300, Elapsed: 11239.9s
2025-10-05 19:12:26,429 - INFO - === METRICS ES CONSUMER AT 21000000 DOCS ===
2025-10-05 19:12:26,435 - INFO - Process Memory:
2025-10-05 19:12:26,440 - INFO -   RSS: 7.04 GB
2025-10-05 19:12:26,445 - INFO -   VMS: 9.64 GB
2025-10-05 19:12:26,456 - INFO -   % of System: 0.8%
2025-10-05 19:12:26,461 - INFO - System Memory:
2025-10-05 19:12:26,466 - INFO -   Total Used: 19.6%
2025-10-05 19:12:26,471 - INFO -   Available: 687.31 GB
2025-10-05 19:12:26,475 - INFO -   Cached: 63.96 GB
2025-10-05 19:12:27,130 - INFO - Overall progress: Parsed 21,594,000, Indexed 0, Queue: 295
2025-10-05 19:12:27,477 - INFO - CPU:
2025-10-05 19:12:27,478 - INFO -   Process usage: 74.9%
2025-10-05 19:12:27,478 - INFO -   Threads: 14
2025-10-05 19:12:27,478 - INFO -   Allocated cores: 288 (IDs: [0, 1, 2, 3, 4]...)
2025-10-05 19:12:27,478 - INFO - Process I/O:
2025-10-05 19:12:27,478 - INFO -   Read: 0.03 GB
2025-10-05 19:12:27,478 - INFO -   Write: 0.07 GB
2025-10-05 19:12:27,478 - INFO - ==================================================
2025-10-05 19:12:27,922 - INFO - Worker 0: Parsed 21,600,000 docs, Queue: 297
2025-10-05 19:12:28,319 - INFO - Progress: 21,010,000 indexed, 0 failed, Rate: 1868.9 docs/sec, Queue: 299, Elapsed: 11241.9s
2025-10-05 19:12:28,364 - INFO - Progress: 21,020,000 indexed, 0 failed, Rate: 1869.8 docs/sec, Queue: 298, Elapsed: 11241.9s
2025-10-05 19:12:28,400 - INFO - Progress: 21,030,000 indexed, 0 failed, Rate: 1870.7 docs/sec, Queue: 298, Elapsed: 11242.0s
2025-10-05 19:12:28,432 - INFO - Progress: 21,040,000 indexed, 0 failed, Rate: 1871.6 docs/sec, Queue: 298, Elapsed: 11242.0s
2025-10-05 19:12:29,747 - INFO - POST http://localhost:9200/_bulk [status:200 request:41.326s]
2025-10-05 19:12:30,921 - INFO - POST http://localhost:9200/_bulk [status:200 request:12.211s]
2025-10-05 19:12:32,399 - INFO - POST http://localhost:9200/_bulk [status:200 request:20.678s]
2025-10-05 19:12:34,112 - INFO - POST http://localhost:9200/_bulk [status:200 request:23.603s]
2025-10-05 19:12:35,522 - INFO - POST http://localhost:9200/_bulk [status:200 request:10.153s]
2025-10-05 19:12:36,846 - INFO - Worker 0: Parsed 21,650,000 docs, Queue: 296
2025-10-05 19:12:37,136 - INFO - Overall progress: Parsed 21,650,000, Indexed 0, Queue: 296
2025-10-05 19:12:37,409 - INFO - POST http://localhost:9200/_bulk [status:200 request:11.307s]
2025-10-05 19:12:40,710 - INFO - POST http://localhost:9200/_bulk [status:200 request:10.710s]
2025-10-05 19:12:42,359 - INFO - POST http://localhost:9200/_bulk [status:200 request:11.172s]
2025-10-05 19:12:44,756 - INFO - POST http://localhost:9200/_bulk [status:200 request:12.040s]
2025-10-05 19:12:46,242 - INFO - POST http://localhost:9200/_bulk [status:200 request:11.845s]
2025-10-05 19:12:47,147 - INFO - Overall progress: Parsed 21,693,000, Indexed 0, Queue: 296
2025-10-05 19:12:48,012 - INFO - Worker 0: Parsed 21,700,000 docs, Queue: 296
2025-10-05 19:12:50,687 - INFO - POST http://localhost:9200/_bulk [status:200 request:9.731s]
2025-10-05 19:12:51,908 - INFO - POST http://localhost:9200/_bulk [status:200 request:73.142s]
2025-10-05 19:12:53,123 - INFO - POST http://localhost:9200/_bulk [status:200 request:10.510s]
2025-10-05 19:12:54,198 - INFO - POST http://localhost:9200/_bulk [status:200 request:18.409s]
2025-10-05 19:12:55,803 - INFO - POST http://localhost:9200/_bulk [status:200 request:18.058s]
2025-10-05 19:12:56,509 - INFO - POST http://localhost:9200/_bulk [status:200 request:9.943s]
2025-10-05 19:12:57,163 - INFO - Overall progress: Parsed 21,748,000, Indexed 0, Queue: 292
2025-10-05 19:12:57,267 - INFO - POST http://localhost:9200/_bulk [status:200 request:12.185s]
2025-10-05 19:12:57,373 - INFO - Worker 0: Parsed 21,750,000 docs, Queue: 293
2025-10-05 19:12:59,015 - INFO - POST http://localhost:9200/_bulk [status:200 request:89.913s]
2025-10-05 19:12:59,309 - INFO - Progress: 21,050,000 indexed, 0 failed, Rate: 1867.3 docs/sec, Queue: 300, Elapsed: 11272.9s
2025-10-05 19:12:59,364 - INFO - Progress: 21,060,000 indexed, 0 failed, Rate: 1868.2 docs/sec, Queue: 300, Elapsed: 11272.9s
2025-10-05 19:12:59,394 - INFO - Progress: 21,070,000 indexed, 0 failed, Rate: 1869.1 docs/sec, Queue: 300, Elapsed: 11272.9s
2025-10-05 19:12:59,444 - INFO - Progress: 21,080,000 indexed, 0 failed, Rate: 1870.0 docs/sec, Queue: 300, Elapsed: 11273.0s
2025-10-05 19:12:59,488 - INFO - Progress: 21,090,000 indexed, 0 failed, Rate: 1870.8 docs/sec, Queue: 300, Elapsed: 11273.0s
2025-10-05 19:12:59,552 - INFO - Progress: 21,100,000 indexed, 0 failed, Rate: 1871.7 docs/sec, Queue: 300, Elapsed: 11273.1s
2025-10-05 19:12:59,581 - INFO - === METRICS ES CONSUMER AT 21100000 DOCS ===
2025-10-05 19:12:59,599 - INFO - Process Memory:
2025-10-05 19:12:59,604 - INFO -   RSS: 7.28 GB
2025-10-05 19:12:59,609 - INFO -   VMS: 9.88 GB
2025-10-05 19:12:59,630 - INFO -   % of System: 0.9%
2025-10-05 19:12:59,636 - INFO - System Memory:
2025-10-05 19:12:59,641 - INFO -   Total Used: 19.6%
2025-10-05 19:12:59,646 - INFO -   Available: 687.30 GB
2025-10-05 19:12:59,651 - INFO -   Cached: 64.44 GB
2025-10-05 19:13:00,678 - INFO - CPU:
2025-10-05 19:13:00,679 - INFO -   Process usage: 75.8%
2025-10-05 19:13:00,679 - INFO -   Threads: 14
2025-10-05 19:13:00,680 - INFO -   Allocated cores: 288 (IDs: [0, 1, 2, 3, 4]...)
2025-10-05 19:13:00,700 - INFO - Process I/O:
2025-10-05 19:13:00,705 - INFO -   Read: 0.03 GB
2025-10-05 19:13:00,710 - INFO -   Write: 0.07 GB
2025-10-05 19:13:00,716 - INFO - ==================================================
2025-10-05 19:13:01,705 - INFO - Progress: 21,110,000 indexed, 0 failed, Rate: 1872.2 docs/sec, Queue: 300, Elapsed: 11275.3s
2025-10-05 19:13:01,782 - INFO - Progress: 21,120,000 indexed, 0 failed, Rate: 1873.1 docs/sec, Queue: 300, Elapsed: 11275.3s
2025-10-05 19:13:01,829 - INFO - Progress: 21,130,000 indexed, 0 failed, Rate: 1874.0 docs/sec, Queue: 300, Elapsed: 11275.4s
2025-10-05 19:13:01,871 - INFO - Progress: 21,140,000 indexed, 0 failed, Rate: 1874.9 docs/sec, Queue: 300, Elapsed: 11275.4s
2025-10-05 19:13:01,921 - INFO - Progress: 21,150,000 indexed, 0 failed, Rate: 1875.8 docs/sec, Queue: 300, Elapsed: 11275.5s
2025-10-05 19:13:01,971 - INFO - Progress: 21,160,000 indexed, 0 failed, Rate: 1876.6 docs/sec, Queue: 300, Elapsed: 11275.5s
2025-10-05 19:13:02,019 - INFO - Progress: 21,170,000 indexed, 0 failed, Rate: 1877.5 docs/sec, Queue: 300, Elapsed: 11275.6s
2025-10-05 19:13:02,069 - INFO - Progress: 21,180,000 indexed, 0 failed, Rate: 1878.4 docs/sec, Queue: 300, Elapsed: 11275.6s
2025-10-05 19:13:02,104 - INFO - Progress: 21,190,000 indexed, 0 failed, Rate: 1879.3 docs/sec, Queue: 300, Elapsed: 11275.7s
2025-10-05 19:13:02,119 - INFO - Progress: 21,200,000 indexed, 0 failed, Rate: 1880.2 docs/sec, Queue: 300, Elapsed: 11275.7s
2025-10-05 19:13:02,170 - INFO - === METRICS ES CONSUMER AT 21200000 DOCS ===
2025-10-05 19:13:02,170 - INFO - Process Memory:
2025-10-05 19:13:02,171 - INFO -   RSS: 7.27 GB
2025-10-05 19:13:02,171 - INFO -   VMS: 9.87 GB
2025-10-05 19:13:02,196 - INFO -   % of System: 0.9%
2025-10-05 19:13:02,201 - INFO - System Memory:
2025-10-05 19:13:02,206 - INFO -   Total Used: 19.6%
2025-10-05 19:13:02,212 - INFO -   Available: 687.31 GB
2025-10-05 19:13:02,217 - INFO -   Cached: 64.57 GB
2025-10-05 19:13:02,310 - INFO - POST http://localhost:9200/_bulk [status:200 request:11.186s]
2025-10-05 19:13:03,254 - INFO - CPU:
2025-10-05 19:13:03,254 - INFO -   Process usage: 84.5%
2025-10-05 19:13:03,255 - INFO -   Threads: 14
2025-10-05 19:13:03,263 - INFO -   Allocated cores: 288 (IDs: [0, 1, 2, 3, 4]...)
2025-10-05 19:13:03,278 - INFO - Process I/O:
2025-10-05 19:13:03,284 - INFO -   Read: 0.03 GB
2025-10-05 19:13:03,289 - INFO -   Write: 0.07 GB
2025-10-05 19:13:03,294 - INFO - ==================================================
2025-10-05 19:13:04,118 - INFO - Progress: 21,210,000 indexed, 0 failed, Rate: 1880.7 docs/sec, Queue: 297, Elapsed: 11277.7s
2025-10-05 19:13:04,144 - INFO - Progress: 21,220,000 indexed, 0 failed, Rate: 1881.6 docs/sec, Queue: 297, Elapsed: 11277.7s
2025-10-05 19:13:04,194 - INFO - Progress: 21,230,000 indexed, 0 failed, Rate: 1882.5 docs/sec, Queue: 297, Elapsed: 11277.7s
2025-10-05 19:13:04,226 - INFO - Progress: 21,240,000 indexed, 0 failed, Rate: 1883.3 docs/sec, Queue: 297, Elapsed: 11277.8s
2025-10-05 19:13:04,392 - INFO - POST http://localhost:9200/_bulk [status:200 request:12.150s]
2025-10-05 19:13:04,695 - INFO - Progress: 21,250,000 indexed, 0 failed, Rate: 1884.2 docs/sec, Queue: 298, Elapsed: 11278.2s
2025-10-05 19:13:05,044 - INFO - POST http://localhost:9200/_bulk [status:200 request:11.307s]
2025-10-05 19:13:05,283 - INFO - Progress: 21,260,000 indexed, 0 failed, Rate: 1884.9 docs/sec, Queue: 297, Elapsed: 11278.8s
2025-10-05 19:13:06,347 - INFO - Worker 0: Parsed 21,800,000 docs, Queue: 286
2025-10-05 19:13:06,428 - INFO - POST http://localhost:9200/_bulk [status:200 request:9.643s]
2025-10-05 19:13:07,519 - INFO - Overall progress: Parsed 21,806,000, Indexed 0, Queue: 291
2025-10-05 19:13:07,726 - INFO - POST http://localhost:9200/_bulk [status:200 request:11.672s]
2025-10-05 19:13:07,938 - INFO - POST http://localhost:9200/_bulk [status:200 request:8.598s]
2025-10-05 19:13:08,418 - INFO - POST http://localhost:9200/_bulk [status:200 request:9.603s]
2025-10-05 19:13:09,648 - INFO - POST http://localhost:9200/_bulk [status:200 request:15.182s]
2025-10-05 19:13:10,282 - INFO - Progress: 21,270,000 indexed, 0 failed, Rate: 1885.0 docs/sec, Queue: 293, Elapsed: 11283.8s
2025-10-05 19:13:10,365 - INFO - Progress: 21,280,000 indexed, 0 failed, Rate: 1885.9 docs/sec, Queue: 293, Elapsed: 11283.9s
2025-10-05 19:13:10,433 - INFO - Progress: 21,290,000 indexed, 0 failed, Rate: 1886.7 docs/sec, Queue: 293, Elapsed: 11284.0s
2025-10-05 19:13:10,476 - INFO - Progress: 21,300,000 indexed, 0 failed, Rate: 1887.6 docs/sec, Queue: 294, Elapsed: 11284.0s
2025-10-05 19:13:10,505 - INFO - === METRICS ES CONSUMER AT 21300000 DOCS ===
2025-10-05 19:13:10,510 - INFO - Process Memory:
2025-10-05 19:13:10,515 - INFO -   RSS: 8.53 GB
2025-10-05 19:13:10,521 - INFO -   VMS: 11.13 GB
2025-10-05 19:13:10,541 - INFO -   % of System: 1.0%
2025-10-05 19:13:10,545 - INFO - System Memory:
2025-10-05 19:13:10,546 - INFO -   Total Used: 19.7%
2025-10-05 19:13:10,546 - INFO -   Available: 686.04 GB
2025-10-05 19:13:10,546 - INFO -   Cached: 64.48 GB
2025-10-05 19:13:11,600 - INFO - CPU:
2025-10-05 19:13:11,605 - INFO -   Process usage: 69.8%
2025-10-05 19:13:11,609 - INFO -   Threads: 14
2025-10-05 19:13:11,609 - INFO -   Allocated cores: 288 (IDs: [0, 1, 2, 3, 4]...)
2025-10-05 19:13:11,635 - INFO - Process I/O:
2025-10-05 19:13:11,640 - INFO -   Read: 0.03 GB
2025-10-05 19:13:11,645 - INFO -   Write: 0.07 GB
2025-10-05 19:13:11,650 - INFO - ==================================================
2025-10-05 19:13:12,367 - INFO - Progress: 21,310,000 indexed, 0 failed, Rate: 1888.2 docs/sec, Queue: 288, Elapsed: 11285.9s
2025-10-05 19:13:14,322 - INFO - POST http://localhost:9200/_bulk [status:200 request:11.743s]
2025-10-05 19:13:14,560 - INFO - Progress: 21,320,000 indexed, 0 failed, Rate: 1888.7 docs/sec, Queue: 282, Elapsed: 11288.1s
2025-10-05 19:13:15,011 - INFO - POST http://localhost:9200/_bulk [status:200 request:10.230s]
2025-10-05 19:13:15,127 - INFO - Worker 0: Parsed 21,850,000 docs, Queue: 280
2025-10-05 19:13:15,394 - INFO - Progress: 21,330,000 indexed, 0 failed, Rate: 1889.5 docs/sec, Queue: 279, Elapsed: 11288.9s
2025-10-05 19:13:16,363 - INFO - POST http://localhost:9200/_bulk [status:200 request:10.983s]
2025-10-05 19:13:16,623 - INFO - Progress: 21,340,000 indexed, 0 failed, Rate: 1890.1 docs/sec, Queue: 281, Elapsed: 11290.2s
2025-10-05 19:13:17,047 - INFO - POST http://localhost:9200/_bulk [status:200 request:6.659s]
2025-10-05 19:13:17,535 - INFO - Overall progress: Parsed 21,862,000, Indexed 0, Queue: 275
2025-10-05 19:13:20,389 - INFO - POST http://localhost:9200/_bulk [status:200 request:13.670s]
2025-10-05 19:13:20,655 - INFO - Progress: 21,350,000 indexed, 0 failed, Rate: 1890.3 docs/sec, Queue: 276, Elapsed: 11294.2s
2025-10-05 19:13:22,094 - INFO - POST http://localhost:9200/_bulk [status:200 request:7.462s]
2025-10-05 19:13:23,507 - INFO - Worker 0: Parsed 21,900,000 docs, Queue: 276
2025-10-05 19:13:24,147 - INFO - POST http://localhost:9200/_bulk [status:200 request:15.610s]
2025-10-05 19:13:25,447 - INFO - POST http://localhost:9200/_bulk [status:200 request:16.419s]
2025-10-05 19:13:25,816 - INFO - POST http://localhost:9200/_bulk [status:200 request:17.495s]
2025-10-05 19:13:26,000 - INFO - POST http://localhost:9200/_bulk [status:200 request:10.530s]
2025-10-05 19:13:26,400 - INFO - Progress: 21,360,000 indexed, 0 failed, Rate: 1890.3 docs/sec, Queue: 283, Elapsed: 11300.0s
2025-10-05 19:13:26,460 - INFO - Progress: 21,370,000 indexed, 0 failed, Rate: 1891.1 docs/sec, Queue: 283, Elapsed: 11300.0s
2025-10-05 19:13:26,601 - INFO - Progress: 21,380,000 indexed, 0 failed, Rate: 1892.0 docs/sec, Queue: 283, Elapsed: 11300.2s
2025-10-05 19:13:26,684 - INFO - Progress: 21,390,000 indexed, 0 failed, Rate: 1892.9 docs/sec, Queue: 285, Elapsed: 11300.2s
2025-10-05 19:13:26,737 - INFO - Progress: 21,400,000 indexed, 0 failed, Rate: 1893.8 docs/sec, Queue: 285, Elapsed: 11300.3s
2025-10-05 19:13:26,783 - INFO - === METRICS ES CONSUMER AT 21400000 DOCS ===
2025-10-05 19:13:26,788 - INFO - Process Memory:
2025-10-05 19:13:26,794 - INFO -   RSS: 7.36 GB
2025-10-05 19:13:26,799 - INFO -   VMS: 9.95 GB
2025-10-05 19:13:26,807 - INFO -   % of System: 0.9%
2025-10-05 19:13:26,815 - INFO - System Memory:
2025-10-05 19:13:26,820 - INFO -   Total Used: 19.6%
2025-10-05 19:13:26,825 - INFO -   Available: 686.79 GB
2025-10-05 19:13:26,830 - INFO -   Cached: 65.48 GB
2025-10-05 19:13:27,768 - INFO - Overall progress: Parsed 21,926,000, Indexed 0, Queue: 284
2025-10-05 19:13:27,803 - INFO - POST http://localhost:9200/_bulk [status:200 request:11.106s]
2025-10-05 19:13:28,051 - INFO - CPU:
2025-10-05 19:13:28,081 - INFO -   Process usage: 100.5%
2025-10-05 19:13:28,087 - INFO -   Threads: 14
2025-10-05 19:13:28,113 - INFO -   Allocated cores: 288 (IDs: [0, 1, 2, 3, 4]...)
2025-10-05 19:13:28,127 - INFO - Process I/O:
2025-10-05 19:13:28,135 - INFO -   Read: 0.03 GB
2025-10-05 19:13:28,140 - INFO -   Write: 0.07 GB
2025-10-05 19:13:28,145 - INFO - ==================================================
2025-10-05 19:13:28,826 - INFO - Progress: 21,410,000 indexed, 0 failed, Rate: 1894.3 docs/sec, Queue: 290, Elapsed: 11302.4s
2025-10-05 19:13:28,871 - INFO - Progress: 21,420,000 indexed, 0 failed, Rate: 1895.2 docs/sec, Queue: 290, Elapsed: 11302.4s
2025-10-05 19:13:29,507 - INFO - POST http://localhost:9200/_bulk [status:200 request:12.127s]
2025-10-05 19:13:29,744 - INFO - Progress: 21,430,000 indexed, 0 failed, Rate: 1895.9 docs/sec, Queue: 284, Elapsed: 11303.3s
2025-10-05 19:13:31,411 - INFO - Worker 0: Parsed 21,950,000 docs, Queue: 266
2025-10-05 19:13:32,581 - INFO - POST http://localhost:9200/_bulk [status:200 request:11.892s]
2025-10-05 19:13:33,095 - INFO - Progress: 21,440,000 indexed, 0 failed, Rate: 1896.2 docs/sec, Queue: 276, Elapsed: 11306.6s
2025-10-05 19:13:34,080 - INFO - POST http://localhost:9200/_bulk [status:200 request:11.725s]
2025-10-05 19:13:34,326 - INFO - Progress: 21,450,000 indexed, 0 failed, Rate: 1896.9 docs/sec, Queue: 274, Elapsed: 11307.9s
2025-10-05 19:13:37,774 - INFO - Overall progress: Parsed 21,991,000, Indexed 0, Queue: 287
2025-10-05 19:13:38,353 - INFO - POST http://localhost:9200/_bulk [status:200 request:13.661s]
2025-10-05 19:13:38,615 - INFO - Progress: 21,460,000 indexed, 0 failed, Rate: 1897.1 docs/sec, Queue: 292, Elapsed: 11312.2s
2025-10-05 19:13:39,032 - INFO - Worker 0: Parsed 22,000,000 docs, Queue: 296
2025-10-05 19:13:41,837 - INFO - POST http://localhost:9200/_bulk [status:200 request:15.414s]
2025-10-05 19:13:42,959 - INFO - POST http://localhost:9200/_bulk [status:200 request:14.849s]
2025-10-05 19:13:43,098 - INFO - POST http://localhost:9200/_bulk [status:200 request:17.289s]
2025-10-05 19:13:44,123 - INFO - POST http://localhost:9200/_bulk [status:200 request:17.405s]
2025-10-05 19:13:44,529 - INFO - Progress: 21,470,000 indexed, 0 failed, Rate: 1897.0 docs/sec, Queue: 300, Elapsed: 11318.1s
2025-10-05 19:13:44,596 - INFO - Progress: 21,480,000 indexed, 0 failed, Rate: 1897.8 docs/sec, Queue: 300, Elapsed: 11318.2s
2025-10-05 19:13:44,832 - INFO - Progress: 21,490,000 indexed, 0 failed, Rate: 1898.7 docs/sec, Queue: 300, Elapsed: 11318.4s
2025-10-05 19:13:44,944 - INFO - Progress: 21,500,000 indexed, 0 failed, Rate: 1899.5 docs/sec, Queue: 300, Elapsed: 11318.5s
2025-10-05 19:13:45,006 - INFO - === METRICS ES CONSUMER AT 21500000 DOCS ===
2025-10-05 19:13:45,011 - INFO - Process Memory:
2025-10-05 19:13:45,017 - INFO -   RSS: 6.67 GB
2025-10-05 19:13:45,022 - INFO -   VMS: 9.27 GB
2025-10-05 19:13:45,038 - INFO -   % of System: 0.8%
2025-10-05 19:13:45,043 - INFO - System Memory:
2025-10-05 19:13:45,048 - INFO -   Total Used: 19.6%
2025-10-05 19:13:45,051 - INFO -   Available: 686.80 GB
2025-10-05 19:13:45,059 - INFO -   Cached: 66.99 GB
2025-10-05 19:13:46,082 - INFO - CPU:
2025-10-05 19:13:46,082 - INFO -   Process usage: 86.6%
2025-10-05 19:13:46,082 - INFO -   Threads: 14
2025-10-05 19:13:46,083 - INFO -   Allocated cores: 288 (IDs: [0, 1, 2, 3, 4]...)
2025-10-05 19:13:46,083 - INFO - Process I/O:
2025-10-05 19:13:46,083 - INFO -   Read: 0.03 GB
2025-10-05 19:13:46,083 - INFO -   Write: 0.07 GB
2025-10-05 19:13:46,083 - INFO - ==================================================
2025-10-05 19:13:47,580 - INFO - POST http://localhost:9200/_bulk [status:200 request:17.744s]
2025-10-05 19:13:47,818 - INFO - Progress: 21,510,000 indexed, 0 failed, Rate: 1899.9 docs/sec, Queue: 288, Elapsed: 11321.4s
2025-10-05 19:13:47,819 - INFO - Overall progress: Parsed 22,042,000, Indexed 0, Queue: 288
2025-10-05 19:13:48,842 - INFO - Worker 0: Parsed 22,050,000 docs, Queue: 286
2025-10-05 19:13:51,982 - INFO - POST http://localhost:9200/_bulk [status:200 request:7.436s]
2025-10-05 19:13:52,786 - INFO - POST http://localhost:9200/_bulk [status:200 request:18.431s]
2025-10-05 19:13:54,299 - INFO - POST http://localhost:9200/_bulk [status:200 request:9.361s]
2025-10-05 19:13:55,603 - INFO - POST http://localhost:9200/_bulk [status:200 request:22.484s]
2025-10-05 19:13:56,103 - INFO - POST http://localhost:9200/_bulk [status:200 request:8.197s]
2025-10-05 19:13:56,322 - INFO - Progress: 21,520,000 indexed, 0 failed, Rate: 1899.4 docs/sec, Queue: 296, Elapsed: 11329.9s
2025-10-05 19:13:56,363 - INFO - Progress: 21,530,000 indexed, 0 failed, Rate: 1900.3 docs/sec, Queue: 296, Elapsed: 11329.9s
2025-10-05 19:13:57,856 - INFO - Worker 0: Parsed 22,100,000 docs, Queue: 289
2025-10-05 19:13:57,856 - INFO - Overall progress: Parsed 22,099,000, Indexed 0, Queue: 289
2025-10-05 19:14:00,818 - INFO - POST http://localhost:9200/_bulk [status:200 request:17.452s]
2025-10-05 19:14:00,943 - INFO - POST http://localhost:9200/_bulk [status:200 request:8.616s]
2025-10-05 19:14:02,329 - INFO - POST http://localhost:9200/_bulk [status:200 request:23.679s]
2025-10-05 19:14:02,551 - INFO - POST http://localhost:9200/_bulk [status:200 request:9.160s]
2025-10-05 19:14:02,774 - INFO - Progress: 21,540,000 indexed, 0 failed, Rate: 1900.1 docs/sec, Queue: 300, Elapsed: 11336.3s
2025-10-05 19:14:03,504 - INFO - POST http://localhost:9200/_bulk [status:200 request:21.306s]
2025-10-05 19:14:03,926 - INFO - Progress: 21,550,000 indexed, 0 failed, Rate: 1900.8 docs/sec, Queue: 299, Elapsed: 11337.5s
2025-10-05 19:14:03,980 - INFO - Progress: 21,560,000 indexed, 0 failed, Rate: 1901.6 docs/sec, Queue: 299, Elapsed: 11337.5s
2025-10-05 19:14:04,026 - INFO - Progress: 21,570,000 indexed, 0 failed, Rate: 1902.5 docs/sec, Queue: 300, Elapsed: 11337.6s
2025-10-05 19:14:04,076 - INFO - Progress: 21,580,000 indexed, 0 failed, Rate: 1903.4 docs/sec, Queue: 300, Elapsed: 11337.6s
2025-10-05 19:14:04,117 - INFO - Progress: 21,590,000 indexed, 0 failed, Rate: 1904.3 docs/sec, Queue: 300, Elapsed: 11337.7s
2025-10-05 19:14:04,177 - INFO - Progress: 21,600,000 indexed, 0 failed, Rate: 1905.1 docs/sec, Queue: 300, Elapsed: 11337.7s
2025-10-05 19:14:04,217 - INFO - === METRICS ES CONSUMER AT 21600000 DOCS ===
2025-10-05 19:14:04,222 - INFO - Process Memory:
2025-10-05 19:14:04,228 - INFO -   RSS: 6.71 GB
2025-10-05 19:14:04,233 - INFO -   VMS: 9.30 GB
2025-10-05 19:14:04,254 - INFO -   % of System: 0.8%
2025-10-05 19:14:04,258 - INFO - System Memory:
2025-10-05 19:14:04,259 - INFO -   Total Used: 19.6%
2025-10-05 19:14:04,259 - INFO -   Available: 686.70 GB
2025-10-05 19:14:04,259 - INFO -   Cached: 67.30 GB
2025-10-05 19:14:05,304 - INFO - CPU:
2025-10-05 19:14:05,304 - INFO -   Process usage: 78.2%
2025-10-05 19:14:05,305 - INFO -   Threads: 14
2025-10-05 19:14:05,314 - INFO -   Allocated cores: 288 (IDs: [0, 1, 2, 3, 4]...)
2025-10-05 19:14:05,330 - INFO - Process I/O:
2025-10-05 19:14:05,335 - INFO -   Read: 0.03 GB
2025-10-05 19:14:05,340 - INFO -   Write: 0.07 GB
2025-10-05 19:14:05,345 - INFO - ==================================================
2025-10-05 19:14:06,005 - INFO - Progress: 21,610,000 indexed, 0 failed, Rate: 1905.7 docs/sec, Queue: 297, Elapsed: 11339.6s
2025-10-05 19:14:06,461 - INFO - POST http://localhost:9200/_bulk [status:200 request:10.115s]
2025-10-05 19:14:07,873 - INFO - Overall progress: Parsed 22,149,000, Indexed 0, Queue: 288
2025-10-05 19:14:07,934 - INFO - Worker 0: Parsed 22,150,000 docs, Queue: 288
2025-10-05 19:14:08,999 - INFO - POST http://localhost:9200/_bulk [status:200 request:12.428s]
2025-10-05 19:14:11,973 - INFO - POST http://localhost:9200/_bulk [status:200 request:10.752s]
2025-10-05 19:14:13,551 - INFO - POST http://localhost:9200/_bulk [status:200 request:12.110s]
2025-10-05 19:14:15,200 - INFO - POST http://localhost:9200/_bulk [status:200 request:12.417s]
2025-10-05 19:14:15,816 - INFO - Worker 0: Parsed 22,200,000 docs, Queue: 290
2025-10-05 19:14:16,839 - INFO - POST http://localhost:9200/_bulk [status:200 request:10.087s]
2025-10-05 19:14:17,878 - INFO - Overall progress: Parsed 22,212,000, Indexed 0, Queue: 288
2025-10-05 19:14:18,399 - INFO - POST http://localhost:9200/_bulk [status:200 request:23.781s]
2025-10-05 19:14:18,536 - INFO - POST http://localhost:9200/_bulk [status:200 request:8.991s]
2025-10-05 19:14:19,208 - INFO - Progress: 21,620,000 indexed, 0 failed, Rate: 1904.4 docs/sec, Queue: 297, Elapsed: 11352.8s
2025-10-05 19:14:19,271 - INFO - Progress: 21,630,000 indexed, 0 failed, Rate: 1905.3 docs/sec, Queue: 298, Elapsed: 11352.8s
2025-10-05 19:14:19,394 - INFO - Progress: 21,640,000 indexed, 0 failed, Rate: 1906.1 docs/sec, Queue: 298, Elapsed: 11352.9s
2025-10-05 19:14:19,468 - INFO - Progress: 21,650,000 indexed, 0 failed, Rate: 1907.0 docs/sec, Queue: 298, Elapsed: 11353.0s
2025-10-05 19:14:19,566 - INFO - Progress: 21,660,000 indexed, 0 failed, Rate: 1907.8 docs/sec, Queue: 300, Elapsed: 11353.1s
2025-10-05 19:14:19,615 - INFO - Progress: 21,670,000 indexed, 0 failed, Rate: 1908.7 docs/sec, Queue: 299, Elapsed: 11353.2s
2025-10-05 19:14:24,328 - INFO - POST http://localhost:9200/_bulk [status:200 request:8.885s]
2025-10-05 19:14:25,298 - INFO - Worker 0: Parsed 22,250,000 docs, Queue: 296
2025-10-05 19:14:25,697 - INFO - POST http://localhost:9200/_bulk [status:200 request:21.748s]
2025-10-05 19:14:26,142 - INFO - POST http://localhost:9200/_bulk [status:200 request:13.931s]
2025-10-05 19:14:26,751 - INFO - POST http://localhost:9200/_bulk [status:200 request:23.774s]
2025-10-05 19:14:27,053 - INFO - Progress: 21,680,000 indexed, 0 failed, Rate: 1908.3 docs/sec, Queue: 300, Elapsed: 11360.6s
2025-10-05 19:14:27,110 - INFO - Progress: 21,690,000 indexed, 0 failed, Rate: 1909.2 docs/sec, Queue: 300, Elapsed: 11360.7s
2025-10-05 19:14:27,144 - INFO - Progress: 21,700,000 indexed, 0 failed, Rate: 1910.1 docs/sec, Queue: 300, Elapsed: 11360.7s
2025-10-05 19:14:27,196 - INFO - === METRICS ES CONSUMER AT 21700000 DOCS ===
2025-10-05 19:14:27,202 - INFO - Process Memory:
2025-10-05 19:14:27,207 - INFO -   RSS: 6.73 GB
2025-10-05 19:14:27,212 - INFO -   VMS: 9.32 GB
2025-10-05 19:14:27,214 - INFO -   % of System: 0.8%
2025-10-05 19:14:27,215 - INFO - System Memory:
2025-10-05 19:14:27,225 - INFO -   Total Used: 19.7%
2025-10-05 19:14:27,230 - INFO -   Available: 686.38 GB
2025-10-05 19:14:27,235 - INFO -   Cached: 67.89 GB
2025-10-05 19:14:27,889 - INFO - Overall progress: Parsed 22,262,000, Indexed 0, Queue: 293
2025-10-05 19:14:28,252 - INFO - CPU:
2025-10-05 19:14:28,253 - INFO -   Process usage: 77.1%
2025-10-05 19:14:28,253 - INFO -   Threads: 14
2025-10-05 19:14:28,253 - INFO -   Allocated cores: 288 (IDs: [0, 1, 2, 3, 4]...)
2025-10-05 19:14:28,253 - INFO - Process I/O:
2025-10-05 19:14:28,253 - INFO -   Read: 0.03 GB
2025-10-05 19:14:28,253 - INFO -   Write: 0.07 GB
2025-10-05 19:14:28,254 - INFO - ==================================================
2025-10-05 19:14:28,945 - INFO - Progress: 21,710,000 indexed, 0 failed, Rate: 1910.7 docs/sec, Queue: 294, Elapsed: 11362.5s
2025-10-05 19:14:29,011 - INFO - Progress: 21,720,000 indexed, 0 failed, Rate: 1911.5 docs/sec, Queue: 294, Elapsed: 11362.6s
2025-10-05 19:14:29,022 - INFO - POST http://localhost:9200/_bulk [status:200 request:15.143s]
2025-10-05 19:14:29,360 - INFO - Progress: 21,730,000 indexed, 0 failed, Rate: 1912.4 docs/sec, Queue: 296, Elapsed: 11362.9s
2025-10-05 19:14:29,473 - INFO - Progress: 21,740,000 indexed, 0 failed, Rate: 1913.2 docs/sec, Queue: 297, Elapsed: 11363.0s
2025-10-05 19:14:30,394 - INFO - POST http://localhost:9200/_bulk [status:200 request:13.330s]
2025-10-05 19:14:30,711 - INFO - Progress: 21,750,000 indexed, 0 failed, Rate: 1913.9 docs/sec, Queue: 290, Elapsed: 11364.3s
2025-10-05 19:14:31,265 - INFO - POST http://localhost:9200/_bulk [status:200 request:12.044s]
2025-10-05 19:14:32,284 - INFO - POST http://localhost:9200/_bulk [status:200 request:12.623s]
2025-10-05 19:14:32,420 - INFO - Progress: 21,760,000 indexed, 0 failed, Rate: 1914.5 docs/sec, Queue: 293, Elapsed: 11366.0s
2025-10-05 19:14:32,690 - INFO - Progress: 21,770,000 indexed, 0 failed, Rate: 1915.3 docs/sec, Queue: 294, Elapsed: 11366.2s
2025-10-05 19:14:33,632 - INFO - Worker 0: Parsed 22,300,000 docs, Queue: 291
2025-10-05 19:14:37,895 - INFO - Overall progress: Parsed 22,324,000, Indexed 0, Queue: 300
2025-10-05 19:14:38,710 - INFO - POST http://localhost:9200/_bulk [status:200 request:14.157s]
2025-10-05 19:14:39,002 - INFO - Progress: 21,780,000 indexed, 0 failed, Rate: 1915.1 docs/sec, Queue: 300, Elapsed: 11372.6s
2025-10-05 19:14:40,631 - INFO - POST http://localhost:9200/_bulk [status:200 request:14.620s]
2025-10-05 19:14:41,059 - INFO - Progress: 21,790,000 indexed, 0 failed, Rate: 1915.7 docs/sec, Queue: 300, Elapsed: 11374.6s
2025-10-05 19:14:47,896 - INFO - Overall progress: Parsed 22,344,000, Indexed 0, Queue: 300
2025-10-05 19:14:48,940 - INFO - POST http://localhost:9200/_bulk [status:200 request:22.200s]
2025-10-05 19:14:49,267 - INFO - Progress: 21,800,000 indexed, 0 failed, Rate: 1915.2 docs/sec, Queue: 300, Elapsed: 11382.8s
2025-10-05 19:14:49,346 - INFO - === METRICS ES CONSUMER AT 21800000 DOCS ===
2025-10-05 19:14:49,349 - INFO - Process Memory:
2025-10-05 19:14:49,349 - INFO -   RSS: 7.53 GB
2025-10-05 19:14:49,350 - INFO -   VMS: 10.13 GB
2025-10-05 19:14:49,369 - INFO -   % of System: 0.9%
2025-10-05 19:14:49,374 - INFO - System Memory:
2025-10-05 19:14:49,380 - INFO -   Total Used: 19.7%
2025-10-05 19:14:49,385 - INFO -   Available: 685.74 GB
2025-10-05 19:14:49,390 - INFO -   Cached: 67.70 GB
2025-10-05 19:14:50,038 - INFO - Worker 0: Parsed 22,350,000 docs, Queue: 296
2025-10-05 19:14:50,410 - INFO - CPU:
2025-10-05 19:14:50,411 - INFO -   Process usage: 39.4%
2025-10-05 19:14:50,411 - INFO -   Threads: 14
2025-10-05 19:14:50,411 - INFO -   Allocated cores: 288 (IDs: [0, 1, 2, 3, 4]...)
2025-10-05 19:14:50,411 - INFO - Process I/O:
2025-10-05 19:14:50,411 - INFO -   Read: 0.03 GB
2025-10-05 19:14:50,411 - INFO -   Write: 0.07 GB
2025-10-05 19:14:50,411 - INFO - ==================================================
2025-10-05 19:14:57,897 - INFO - Overall progress: Parsed 22,354,000, Indexed 0, Queue: 300
2025-10-05 19:15:24,509 - INFO - POST http://localhost:9200/_bulk [status:200 request:57.401s]
2025-10-05 19:15:24,770 - INFO - Progress: 21,810,000 indexed, 0 failed, Rate: 1910.1 docs/sec, Queue: 300, Elapsed: 11418.3s
2025-10-05 19:15:27,899 - INFO - Overall progress: Parsed 22,364,000, Indexed 0, Queue: 300
2025-10-05 19:15:34,499 - INFO - POST http://localhost:9200/_bulk [status:200 request:9.710s]
2025-10-05 19:15:37,899 - INFO - Overall progress: Parsed 22,374,000, Indexed 0, Queue: 300
2025-10-05 19:15:44,748 - INFO - POST http://localhost:9200/_bulk [status:200 request:10.003s]
2025-10-05 19:15:47,900 - INFO - Overall progress: Parsed 22,384,000, Indexed 0, Queue: 300
2025-10-05 19:15:52,695 - INFO - POST http://localhost:9200/_bulk [status:200 request:7.454s]
2025-10-05 19:15:56,089 - INFO - POST http://localhost:9200/_bulk [status:200 request:74.931s]
2025-10-05 19:15:57,117 - INFO - Worker 0: Parsed 22,400,000 docs, Queue: 298
2025-10-05 19:15:57,901 - INFO - Overall progress: Parsed 22,403,000, Indexed 0, Queue: 299
2025-10-05 19:15:58,389 - INFO - POST http://localhost:9200/_bulk [status:200 request:5.479s]
2025-10-05 19:16:01,431 - INFO - POST http://localhost:9200/_bulk [status:200 request:90.633s]
2025-10-05 19:16:01,766 - INFO - POST http://localhost:9200/_bulk [status:200 request:5.386s]
2025-10-05 19:16:04,063 - INFO - POST http://localhost:9200/_bulk [status:200 request:5.456s]
2025-10-05 19:16:05,239 - INFO - POST http://localhost:9200/_bulk [status:200 request:92.628s]
2025-10-05 19:16:07,356 - INFO - Worker 0: Parsed 22,450,000 docs, Queue: 296
2025-10-05 19:16:07,770 - INFO - POST http://localhost:9200/_bulk [status:200 request:6.121s]
2025-10-05 19:16:07,971 - INFO - Overall progress: Parsed 22,452,000, Indexed 0, Queue: 298
2025-10-05 19:16:09,301 - INFO - POST http://localhost:9200/_bulk [status:200 request:7.124s]
2025-10-05 19:16:11,009 - INFO - POST http://localhost:9200/_bulk [status:200 request:6.745s]
2025-10-05 19:16:13,500 - INFO - POST http://localhost:9200/_bulk [status:200 request:100.622s]
2025-10-05 19:16:13,828 - INFO - POST http://localhost:9200/_bulk [status:200 request:8.290s]
2025-10-05 19:16:16,948 - INFO - Worker 0: Parsed 22,500,000 docs, Queue: 296
2025-10-05 19:16:17,233 - INFO - POST http://localhost:9200/_bulk [status:200 request:9.246s]
2025-10-05 19:16:17,994 - INFO - Overall progress: Parsed 22,506,000, Indexed 0, Queue: 293
2025-10-05 19:16:28,000 - INFO - Overall progress: Parsed 22,514,000, Indexed 0, Queue: 300
2025-10-05 19:16:38,873 - INFO - POST http://localhost:9200/_bulk [status:200 request:119.768s]
2025-10-05 19:16:40,096 - INFO - Worker 0: Completed dump-0-merged.parquet - 22,520,884 documents
2025-10-05 19:16:40,426 - INFO - Worker 0 completed all files: Parsed 22,520,884 total documents
2025-10-05 19:16:48,001 - INFO - Overall progress: Parsed 22,520,884, Indexed 0, Queue: 298
2025-10-05 19:16:50,159 - INFO - POST http://localhost:9200/_bulk [status:200 request:11.069s]
2025-10-05 19:17:00,713 - INFO - POST http://localhost:9200/_bulk [status:200 request:10.315s]
2025-10-05 19:17:09,036 - INFO - POST http://localhost:9200/_bulk [status:200 request:159.486s]
2025-10-05 19:17:09,386 - INFO - Progress: 21,820,000 indexed, 0 failed, Rate: 1893.6 docs/sec, Queue: 278, Elapsed: 11522.9s
2025-10-05 19:17:09,410 - INFO - Progress: 21,830,000 indexed, 0 failed, Rate: 1894.5 docs/sec, Queue: 278, Elapsed: 11523.0s
2025-10-05 19:17:09,456 - INFO - Progress: 21,840,000 indexed, 0 failed, Rate: 1895.3 docs/sec, Queue: 278, Elapsed: 11523.0s
2025-10-05 19:17:09,504 - INFO - Progress: 21,850,000 indexed, 0 failed, Rate: 1896.2 docs/sec, Queue: 278, Elapsed: 11523.1s
2025-10-05 19:17:09,534 - INFO - Progress: 21,860,000 indexed, 0 failed, Rate: 1897.1 docs/sec, Queue: 278, Elapsed: 11523.1s
2025-10-05 19:17:09,563 - INFO - Progress: 21,870,000 indexed, 0 failed, Rate: 1897.9 docs/sec, Queue: 278, Elapsed: 11523.1s
2025-10-05 19:17:18,096 - INFO - POST http://localhost:9200/_bulk [status:200 request:60.564s]
2025-10-05 19:17:20,077 - INFO - POST http://localhost:9200/_bulk [status:200 request:18.691s]
2025-10-05 19:17:20,568 - INFO - POST http://localhost:9200/_bulk [status:200 request:11.153s]
2025-10-05 19:17:28,625 - INFO - POST http://localhost:9200/_bulk [status:200 request:159.267s]
2025-10-05 19:17:28,906 - INFO - Progress: 21,880,000 indexed, 0 failed, Rate: 1895.6 docs/sec, Queue: 238, Elapsed: 11542.5s
2025-10-05 19:17:28,953 - INFO - Progress: 21,890,000 indexed, 0 failed, Rate: 1896.5 docs/sec, Queue: 238, Elapsed: 11542.5s
2025-10-05 19:17:29,042 - INFO - Progress: 21,900,000 indexed, 0 failed, Rate: 1897.3 docs/sec, Queue: 238, Elapsed: 11542.6s
2025-10-05 19:17:29,082 - INFO - === METRICS ES CONSUMER AT 21900000 DOCS ===
2025-10-05 19:17:29,087 - INFO - Process Memory:
2025-10-05 19:17:29,092 - INFO -   RSS: 7.50 GB
2025-10-05 19:17:29,098 - INFO -   VMS: 10.08 GB
2025-10-05 19:17:29,105 - INFO -   % of System: 0.9%
2025-10-05 19:17:29,113 - INFO - System Memory:
2025-10-05 19:17:29,118 - INFO -   Total Used: 19.7%
2025-10-05 19:17:29,123 - INFO -   Available: 686.08 GB
2025-10-05 19:17:29,128 - INFO -   Cached: 66.52 GB
2025-10-05 19:17:29,596 - INFO - POST http://localhost:9200/_bulk [status:200 request:8.559s]
2025-10-05 19:17:29,758 - INFO - POST http://localhost:9200/_bulk [status:200 request:11.417s]
2025-10-05 19:17:29,913 - INFO - POST http://localhost:9200/_bulk [status:200 request:9.566s]
2025-10-05 19:17:30,514 - INFO - CPU:
2025-10-05 19:17:30,520 - INFO -   Process usage: 88.7%
2025-10-05 19:17:30,536 - INFO -   Threads: 14
2025-10-05 19:17:30,541 - INFO -   Allocated cores: 288 (IDs: [0, 1, 2, 3, 4]...)
2025-10-05 19:17:30,550 - INFO - Process I/O:
2025-10-05 19:17:30,556 - INFO -   Read: 0.03 GB
2025-10-05 19:17:30,561 - INFO -   Write: 0.07 GB
2025-10-05 19:17:30,566 - INFO - ==================================================
2025-10-05 19:17:31,638 - INFO - Progress: 21,910,000 indexed, 0 failed, Rate: 1897.8 docs/sec, Queue: 227, Elapsed: 11545.2s
2025-10-05 19:17:31,702 - INFO - Progress: 21,920,000 indexed, 0 failed, Rate: 1898.6 docs/sec, Queue: 227, Elapsed: 11545.3s
2025-10-05 19:17:31,756 - INFO - Progress: 21,930,000 indexed, 0 failed, Rate: 1899.5 docs/sec, Queue: 227, Elapsed: 11545.3s
2025-10-05 19:17:31,819 - INFO - Progress: 21,940,000 indexed, 0 failed, Rate: 1900.3 docs/sec, Queue: 227, Elapsed: 11545.4s
2025-10-05 19:17:31,866 - INFO - Progress: 21,950,000 indexed, 0 failed, Rate: 1901.2 docs/sec, Queue: 226, Elapsed: 11545.4s
2025-10-05 19:17:31,910 - INFO - Progress: 21,960,000 indexed, 0 failed, Rate: 1902.0 docs/sec, Queue: 226, Elapsed: 11545.5s
2025-10-05 19:17:31,968 - INFO - Progress: 21,970,000 indexed, 0 failed, Rate: 1902.9 docs/sec, Queue: 226, Elapsed: 11545.5s
2025-10-05 19:17:32,003 - INFO - Progress: 21,980,000 indexed, 0 failed, Rate: 1903.8 docs/sec, Queue: 226, Elapsed: 11545.6s
2025-10-05 19:17:32,061 - INFO - Progress: 21,990,000 indexed, 0 failed, Rate: 1904.6 docs/sec, Queue: 226, Elapsed: 11545.6s
2025-10-05 19:17:34,766 - INFO - POST http://localhost:9200/_bulk [status:200 request:80.350s]
2025-10-05 19:17:37,239 - INFO - POST http://localhost:9200/_bulk [status:200 request:85.908s]
2025-10-05 19:17:39,204 - INFO - POST http://localhost:9200/_bulk [status:200 request:10.288s]
2025-10-05 19:17:40,767 - INFO - POST http://localhost:9200/_bulk [status:200 request:10.575s]
2025-10-05 19:17:40,916 - INFO - POST http://localhost:9200/_bulk [status:200 request:10.258s]
2025-10-05 19:17:41,015 - INFO - POST http://localhost:9200/_bulk [status:200 request:10.445s]
2025-10-05 19:17:43,857 - INFO - POST http://localhost:9200/_bulk [status:200 request:6.373s]
2025-10-05 19:17:45,297 - INFO - POST http://localhost:9200/_bulk [status:200 request:91.387s]
2025-10-05 19:17:45,443 - INFO - POST http://localhost:9200/_bulk [status:200 request:10.323s]
2025-10-05 19:17:46,822 - INFO - POST http://localhost:9200/_bulk [status:200 request:96.997s]
2025-10-05 19:17:47,211 - INFO - Progress: 22,000,000 indexed, 0 failed, Rate: 1903.0 docs/sec, Queue: 125, Elapsed: 11560.8s
2025-10-05 19:17:47,308 - INFO - === METRICS ES CONSUMER AT 22000000 DOCS ===
2025-10-05 19:17:47,309 - INFO - Process Memory:
2025-10-05 19:17:47,309 - INFO -   RSS: 6.94 GB
2025-10-05 19:17:47,310 - INFO -   VMS: 9.52 GB
2025-10-05 19:17:47,310 - INFO -   % of System: 0.8%
2025-10-05 19:17:47,320 - INFO - System Memory:
2025-10-05 19:17:47,325 - INFO -   Total Used: 19.7%
2025-10-05 19:17:47,331 - INFO -   Available: 686.54 GB
2025-10-05 19:17:47,352 - INFO -   Cached: 67.16 GB
2025-10-05 19:17:47,382 - INFO - POST http://localhost:9200/_bulk [status:200 request:7.913s]
2025-10-05 19:17:48,338 - INFO - POST http://localhost:9200/_bulk [status:200 request:6.812s]
2025-10-05 19:17:49,130 - INFO - POST http://localhost:9200/_bulk [status:200 request:7.374s]
2025-10-05 19:17:49,293 - INFO - CPU:
2025-10-05 19:17:49,303 - INFO -   Process usage: 95.1%
2025-10-05 19:17:49,314 - INFO -   Threads: 14
2025-10-05 19:17:49,329 - INFO -   Allocated cores: 288 (IDs: [0, 1, 2, 3, 4]...)
2025-10-05 19:17:49,497 - INFO - Process I/O:
2025-10-05 19:17:49,516 - INFO -   Read: 0.03 GB
2025-10-05 19:17:49,522 - INFO -   Write: 0.08 GB
2025-10-05 19:17:49,538 - INFO - ==================================================
2025-10-05 19:17:50,725 - INFO - Progress: 22,010,000 indexed, 0 failed, Rate: 1903.3 docs/sec, Queue: 114, Elapsed: 11564.3s
2025-10-05 19:17:50,746 - INFO - POST http://localhost:9200/_bulk [status:200 request:9.391s]
2025-10-05 19:17:50,803 - INFO - POST http://localhost:9200/_bulk [status:200 request:5.034s]
2025-10-05 19:17:50,928 - INFO - POST http://localhost:9200/_bulk [status:200 request:6.787s]
2025-10-05 19:17:50,931 - INFO - Progress: 22,020,000 indexed, 0 failed, Rate: 1904.1 docs/sec, Queue: 114, Elapsed: 11564.5s
2025-10-05 19:17:51,325 - INFO - Progress: 22,030,000 indexed, 0 failed, Rate: 1904.9 docs/sec, Queue: 113, Elapsed: 11564.9s
2025-10-05 19:17:51,445 - INFO - Progress: 22,040,000 indexed, 0 failed, Rate: 1905.8 docs/sec, Queue: 113, Elapsed: 11565.0s
2025-10-05 19:17:51,534 - INFO - Progress: 22,050,000 indexed, 0 failed, Rate: 1906.6 docs/sec, Queue: 113, Elapsed: 11565.1s
2025-10-05 19:17:51,716 - INFO - Progress: 22,060,000 indexed, 0 failed, Rate: 1907.4 docs/sec, Queue: 113, Elapsed: 11565.3s
2025-10-05 19:17:51,824 - INFO - Progress: 22,070,000 indexed, 0 failed, Rate: 1908.3 docs/sec, Queue: 113, Elapsed: 11565.4s
2025-10-05 19:17:51,906 - INFO - Progress: 22,080,000 indexed, 0 failed, Rate: 1909.1 docs/sec, Queue: 113, Elapsed: 11565.5s
2025-10-05 19:17:51,991 - INFO - Progress: 22,090,000 indexed, 0 failed, Rate: 1910.0 docs/sec, Queue: 113, Elapsed: 11565.5s
2025-10-05 19:17:52,068 - INFO - Progress: 22,100,000 indexed, 0 failed, Rate: 1910.8 docs/sec, Queue: 113, Elapsed: 11565.6s
2025-10-05 19:17:52,102 - INFO - === METRICS ES CONSUMER AT 22100000 DOCS ===
2025-10-05 19:17:52,103 - INFO - Process Memory:
2025-10-05 19:17:52,103 - INFO -   RSS: 6.62 GB
2025-10-05 19:17:52,115 - INFO -   VMS: 9.17 GB
2025-10-05 19:17:52,136 - INFO -   % of System: 0.8%
2025-10-05 19:17:52,143 - INFO - System Memory:
2025-10-05 19:17:52,149 - INFO -   Total Used: 19.5%
2025-10-05 19:17:52,154 - INFO -   Available: 687.43 GB
2025-10-05 19:17:52,159 - INFO -   Cached: 66.32 GB
2025-10-05 19:17:52,428 - INFO - POST http://localhost:9200/_bulk [status:200 request:6.469s]
2025-10-05 19:17:53,202 - INFO - CPU:
2025-10-05 19:17:53,210 - INFO -   Process usage: 100.3%
2025-10-05 19:17:53,215 - INFO -   Threads: 14
2025-10-05 19:17:53,221 - INFO -   Allocated cores: 288 (IDs: [0, 1, 2, 3, 4]...)
2025-10-05 19:17:53,242 - INFO - Process I/O:
2025-10-05 19:17:53,247 - INFO -   Read: 0.03 GB
2025-10-05 19:17:53,252 - INFO -   Write: 0.08 GB
2025-10-05 19:17:53,258 - INFO - ==================================================
2025-10-05 19:17:54,295 - INFO - Progress: 22,110,000 indexed, 0 failed, Rate: 1911.3 docs/sec, Queue: 101, Elapsed: 11567.8s
2025-10-05 19:17:54,369 - INFO - Progress: 22,120,000 indexed, 0 failed, Rate: 1912.2 docs/sec, Queue: 101, Elapsed: 11567.9s
2025-10-05 19:17:54,429 - INFO - Progress: 22,130,000 indexed, 0 failed, Rate: 1913.0 docs/sec, Queue: 101, Elapsed: 11568.0s
2025-10-05 19:17:54,538 - INFO - Progress: 22,140,000 indexed, 0 failed, Rate: 1913.9 docs/sec, Queue: 101, Elapsed: 11568.1s
2025-10-05 19:17:54,538 - INFO - POST http://localhost:9200/_bulk [status:200 request:6.852s]
2025-10-05 19:17:54,599 - INFO - Progress: 22,150,000 indexed, 0 failed, Rate: 1914.7 docs/sec, Queue: 101, Elapsed: 11568.2s
2025-10-05 19:17:54,791 - INFO - Progress: 22,160,000 indexed, 0 failed, Rate: 1915.6 docs/sec, Queue: 100, Elapsed: 11568.3s
2025-10-05 19:17:54,840 - INFO - Progress: 22,170,000 indexed, 0 failed, Rate: 1916.4 docs/sec, Queue: 100, Elapsed: 11568.4s
2025-10-05 19:17:54,845 - INFO - POST http://localhost:9200/_bulk [status:200 request:3.030s]
2025-10-05 19:17:54,903 - INFO - Progress: 22,180,000 indexed, 0 failed, Rate: 1917.3 docs/sec, Queue: 100, Elapsed: 11568.5s
2025-10-05 19:17:55,190 - INFO - Progress: 22,190,000 indexed, 0 failed, Rate: 1918.1 docs/sec, Queue: 100, Elapsed: 11568.7s
2025-10-05 19:17:55,257 - INFO - Progress: 22,200,000 indexed, 0 failed, Rate: 1919.0 docs/sec, Queue: 100, Elapsed: 11568.8s
2025-10-05 19:17:55,391 - INFO - === METRICS ES CONSUMER AT 22200000 DOCS ===
2025-10-05 19:17:55,398 - INFO - Process Memory:
2025-10-05 19:17:55,404 - INFO -   RSS: 6.52 GB
2025-10-05 19:17:55,409 - INFO -   VMS: 9.06 GB
2025-10-05 19:17:55,412 - INFO -   % of System: 0.8%
2025-10-05 19:17:55,419 - INFO - System Memory:
2025-10-05 19:17:55,425 - INFO -   Total Used: 19.5%
2025-10-05 19:17:55,430 - INFO -   Available: 687.44 GB
2025-10-05 19:17:55,435 - INFO -   Cached: 66.68 GB
2025-10-05 19:17:55,560 - INFO - POST http://localhost:9200/_bulk [status:200 request:2.753s]
2025-10-05 19:17:55,747 - INFO - POST http://localhost:9200/_bulk [status:200 request:6.218s]
2025-10-05 19:17:55,999 - INFO - POST http://localhost:9200/_bulk [status:200 request:8.662s]
2025-10-05 19:17:56,773 - INFO - POST http://localhost:9200/_bulk [status:200 request:5.365s]
2025-10-05 19:17:57,183 - INFO - CPU:
2025-10-05 19:17:57,193 - INFO -   Process usage: 111.7%
2025-10-05 19:17:57,193 - INFO -   Threads: 14
2025-10-05 19:17:57,214 - INFO -   Allocated cores: 288 (IDs: [0, 1, 2, 3, 4]...)
2025-10-05 19:17:57,424 - INFO - Process I/O:
2025-10-05 19:17:57,436 - INFO -   Read: 0.03 GB
2025-10-05 19:17:57,436 - INFO -   Write: 0.08 GB
2025-10-05 19:17:57,436 - INFO - ==================================================
2025-10-05 19:17:58,204 - INFO - Progress: 22,210,000 indexed, 0 failed, Rate: 1919.3 docs/sec, Queue: 93, Elapsed: 11571.8s
2025-10-05 19:17:58,274 - INFO - Progress: 22,220,000 indexed, 0 failed, Rate: 1920.2 docs/sec, Queue: 93, Elapsed: 11571.8s
2025-10-05 19:17:58,337 - INFO - Progress: 22,230,000 indexed, 0 failed, Rate: 1921.0 docs/sec, Queue: 93, Elapsed: 11571.9s
2025-10-05 19:17:58,405 - INFO - Progress: 22,240,000 indexed, 0 failed, Rate: 1921.9 docs/sec, Queue: 93, Elapsed: 11572.0s
2025-10-05 19:17:58,462 - INFO - Progress: 22,250,000 indexed, 0 failed, Rate: 1922.7 docs/sec, Queue: 93, Elapsed: 11572.0s
2025-10-05 19:17:58,516 - INFO - Progress: 22,260,000 indexed, 0 failed, Rate: 1923.6 docs/sec, Queue: 93, Elapsed: 11572.1s
2025-10-05 19:17:58,527 - INFO - POST http://localhost:9200/_bulk [status:200 request:6.714s]
2025-10-05 19:17:59,175 - INFO - POST http://localhost:9200/_bulk [status:200 request:3.991s]
2025-10-05 19:17:59,603 - INFO - POST http://localhost:9200/_bulk [status:200 request:4.239s]
2025-10-05 19:18:00,372 - INFO - POST http://localhost:9200/_bulk [status:200 request:11.254s]
2025-10-05 19:18:00,963 - INFO - Progress: 22,270,000 indexed, 0 failed, Rate: 1924.1 docs/sec, Queue: 77, Elapsed: 11574.5s
2025-10-05 19:18:01,043 - INFO - Progress: 22,280,000 indexed, 0 failed, Rate: 1924.9 docs/sec, Queue: 77, Elapsed: 11574.6s
2025-10-05 19:18:01,101 - INFO - Progress: 22,290,000 indexed, 0 failed, Rate: 1925.8 docs/sec, Queue: 77, Elapsed: 11574.7s
2025-10-05 19:18:01,158 - INFO - Progress: 22,300,000 indexed, 0 failed, Rate: 1926.6 docs/sec, Queue: 77, Elapsed: 11574.7s
2025-10-05 19:18:01,252 - INFO - POST http://localhost:9200/_bulk [status:200 request:5.057s]
2025-10-05 19:18:01,253 - INFO - === METRICS ES CONSUMER AT 22300000 DOCS ===
2025-10-05 19:18:01,410 - INFO - Process Memory:
2025-10-05 19:18:01,416 - INFO -   RSS: 7.95 GB
2025-10-05 19:18:01,430 - INFO -   VMS: 10.47 GB
2025-10-05 19:18:01,618 - INFO -   % of System: 0.9%
2025-10-05 19:18:01,659 - INFO - System Memory:
2025-10-05 19:18:01,674 - INFO -   Total Used: 19.7%
2025-10-05 19:18:01,713 - INFO -   Available: 686.01 GB
2025-10-05 19:18:01,719 - INFO -   Cached: 66.41 GB
2025-10-05 19:18:02,806 - INFO - CPU:
2025-10-05 19:18:02,813 - INFO -   Process usage: 97.3%
2025-10-05 19:18:02,818 - INFO -   Threads: 14
2025-10-05 19:18:02,824 - INFO -   Allocated cores: 288 (IDs: [0, 1, 2, 3, 4]...)
2025-10-05 19:18:02,845 - INFO - Process I/O:
2025-10-05 19:18:02,850 - INFO -   Read: 0.03 GB
2025-10-05 19:18:02,855 - INFO -   Write: 0.08 GB
2025-10-05 19:18:02,859 - INFO - ==================================================
2025-10-05 19:18:03,473 - INFO - Progress: 22,310,000 indexed, 0 failed, Rate: 1927.1 docs/sec, Queue: 50, Elapsed: 11577.0s
2025-10-05 19:18:03,534 - INFO - Progress: 22,320,000 indexed, 0 failed, Rate: 1927.9 docs/sec, Queue: 50, Elapsed: 11577.1s
2025-10-05 19:18:03,794 - INFO - Progress: 22,330,000 indexed, 0 failed, Rate: 1928.8 docs/sec, Queue: 50, Elapsed: 11577.3s
2025-10-05 19:18:03,854 - INFO - Progress: 22,340,000 indexed, 0 failed, Rate: 1929.6 docs/sec, Queue: 50, Elapsed: 11577.4s
2025-10-05 19:18:03,919 - INFO - Progress: 22,350,000 indexed, 0 failed, Rate: 1930.5 docs/sec, Queue: 50, Elapsed: 11577.5s
2025-10-05 19:18:06,645 - INFO - POST http://localhost:9200/_bulk [status:200 request:7.783s]
2025-10-05 19:18:07,047 - INFO - Worker completed (1/1)
2025-10-05 19:18:07,048 - INFO - All workers completed, finishing indexing
2025-10-05 19:18:09,084 - INFO - POST http://localhost:9200/_bulk [status:200 request:12.285s]
2025-10-05 19:18:09,239 - INFO - POST http://localhost:9200/_bulk [status:200 request:12.533s]
2025-10-05 19:18:09,725 - INFO - Progress: 22,360,000 indexed, 0 failed, Rate: 1930.4 docs/sec, Queue: 0, Elapsed: 11583.3s
2025-10-05 19:18:09,754 - INFO - Progress: 22,370,000 indexed, 0 failed, Rate: 1931.2 docs/sec, Queue: 0, Elapsed: 11583.3s
2025-10-05 19:18:11,454 - INFO - POST http://localhost:9200/_bulk [status:200 request:10.469s]
2025-10-05 19:18:11,778 - INFO - POST http://localhost:9200/_bulk [status:200 request:14.304s]
2025-10-05 19:18:12,201 - INFO - Progress: 22,380,000 indexed, 0 failed, Rate: 1931.7 docs/sec, Queue: 0, Elapsed: 11585.8s
2025-10-05 19:18:12,237 - INFO - Progress: 22,390,000 indexed, 0 failed, Rate: 1932.5 docs/sec, Queue: 0, Elapsed: 11585.8s
2025-10-05 19:18:16,146 - INFO - POST http://localhost:9200/_bulk [status:200 request:14.411s]
2025-10-05 19:18:16,890 - INFO - POST http://localhost:9200/_bulk [status:200 request:7.128s]
2025-10-05 19:18:18,523 - INFO - POST http://localhost:9200/_bulk [status:200 request:6.316s]
2025-10-05 19:18:27,427 - INFO - POST http://localhost:9200/_bulk [status:200 request:17.906s]
2025-10-05 19:18:28,119 - INFO - POST http://localhost:9200/_bulk [status:200 request:21.149s]
2025-10-05 19:18:30,142 - INFO - POST http://localhost:9200/_bulk [status:200 request:18.059s]
2025-10-05 19:18:31,140 - INFO - POST http://localhost:9200/_bulk [status:200 request:14.224s]
2025-10-05 19:18:31,967 - INFO - POST http://localhost:9200/_bulk [status:200 request:32.409s]
2025-10-05 19:18:32,315 - INFO - Progress: 22,400,000 indexed, 0 failed, Rate: 1930.1 docs/sec, Queue: 0, Elapsed: 11605.9s
2025-10-05 19:18:32,316 - INFO - === METRICS ES CONSUMER AT 22400000 DOCS ===
2025-10-05 19:18:32,316 - INFO - Process Memory:
2025-10-05 19:18:32,317 - INFO -   RSS: 6.55 GB
2025-10-05 19:18:32,317 - INFO -   VMS: 9.07 GB
2025-10-05 19:18:32,317 - INFO -   % of System: 0.8%
2025-10-05 19:18:32,317 - INFO - System Memory:
2025-10-05 19:18:32,317 - INFO -   Total Used: 18.5%
2025-10-05 19:18:32,317 - INFO -   Available: 696.27 GB
2025-10-05 19:18:32,317 - INFO -   Cached: 47.78 GB
2025-10-05 19:18:33,180 - INFO - POST http://localhost:9200/_bulk [status:200 request:5.079s]
2025-10-05 19:18:33,393 - INFO - CPU:
2025-10-05 19:18:33,400 - INFO -   Process usage: 19.2%
2025-10-05 19:18:33,409 - INFO -   Threads: 14
2025-10-05 19:18:33,472 - INFO -   Allocated cores: 288 (IDs: [0, 1, 2, 3, 4]...)
2025-10-05 19:18:33,473 - INFO - Process I/O:
2025-10-05 19:18:33,473 - INFO -   Read: 0.03 GB
2025-10-05 19:18:33,473 - INFO -   Write: 0.08 GB
2025-10-05 19:18:33,473 - INFO - ==================================================
2025-10-05 19:18:33,849 - INFO - POST http://localhost:9200/_bulk [status:200 request:15.030s]
2025-10-05 19:18:34,035 - INFO - POST http://localhost:9200/_bulk [status:200 request:16.574s]
2025-10-05 19:18:38,492 - INFO - POST http://localhost:9200/_bulk [status:200 request:38.422s]
2025-10-05 19:18:38,944 - INFO - Progress: 22,410,000 indexed, 0 failed, Rate: 1929.8 docs/sec, Queue: 0, Elapsed: 11612.5s
2025-10-05 19:18:38,987 - INFO - Progress: 22,420,000 indexed, 0 failed, Rate: 1930.7 docs/sec, Queue: 0, Elapsed: 11612.5s
2025-10-05 19:18:39,037 - INFO - Progress: 22,430,000 indexed, 0 failed, Rate: 1931.5 docs/sec, Queue: 0, Elapsed: 11612.6s
2025-10-05 19:18:39,085 - INFO - Progress: 22,440,000 indexed, 0 failed, Rate: 1932.4 docs/sec, Queue: 0, Elapsed: 11612.6s
2025-10-05 19:18:39,132 - INFO - Progress: 22,450,000 indexed, 0 failed, Rate: 1933.2 docs/sec, Queue: 0, Elapsed: 11612.7s
2025-10-05 19:18:39,175 - INFO - Progress: 22,460,000 indexed, 0 failed, Rate: 1934.1 docs/sec, Queue: 0, Elapsed: 11612.7s
2025-10-05 19:18:39,263 - INFO - Progress: 22,470,000 indexed, 0 failed, Rate: 1934.9 docs/sec, Queue: 0, Elapsed: 11612.8s
2025-10-05 19:18:39,302 - INFO - Progress: 22,480,000 indexed, 0 failed, Rate: 1935.8 docs/sec, Queue: 0, Elapsed: 11612.9s
2025-10-05 19:18:39,338 - INFO - Progress: 22,490,000 indexed, 0 failed, Rate: 1936.6 docs/sec, Queue: 0, Elapsed: 11612.9s
2025-10-05 19:18:39,398 - INFO - Progress: 22,500,000 indexed, 0 failed, Rate: 1937.5 docs/sec, Queue: 0, Elapsed: 11613.0s
2025-10-05 19:18:39,400 - INFO - === METRICS ES CONSUMER AT 22500000 DOCS ===
2025-10-05 19:18:39,400 - INFO - Process Memory:
2025-10-05 19:18:39,400 - INFO -   RSS: 5.80 GB
2025-10-05 19:18:39,400 - INFO -   VMS: 8.32 GB
2025-10-05 19:18:39,400 - INFO -   % of System: 0.7%
2025-10-05 19:18:39,400 - INFO - System Memory:
2025-10-05 19:18:39,400 - INFO -   Total Used: 18.4%
2025-10-05 19:18:39,400 - INFO -   Available: 696.89 GB
2025-10-05 19:18:39,400 - INFO -   Cached: 47.97 GB
2025-10-05 19:18:40,402 - INFO - CPU:
2025-10-05 19:18:40,402 - INFO -   Process usage: 0.0%
2025-10-05 19:18:40,402 - INFO -   Threads: 14
2025-10-05 19:18:40,402 - INFO -   Allocated cores: 288 (IDs: [0, 1, 2, 3, 4]...)
2025-10-05 19:18:40,402 - INFO - Process I/O:
2025-10-05 19:18:40,403 - INFO -   Read: 0.03 GB
2025-10-05 19:18:40,403 - INFO -   Write: 0.08 GB
2025-10-05 19:18:40,403 - INFO - ==================================================
2025-10-05 19:18:40,530 - INFO - Progress: 22,510,000 indexed, 0 failed, Rate: 1938.2 docs/sec, Queue: 0, Elapsed: 11614.1s
2025-10-05 19:18:40,573 - INFO - Progress: 22,520,000 indexed, 0 failed, Rate: 1939.0 docs/sec, Queue: 0, Elapsed: 11614.1s
2025-10-05 19:18:40,619 - INFO - === ES Consumer Completed ===
2025-10-05 19:18:40,620 - INFO - Total indexed: 22,520,884
2025-10-05 19:18:40,620 - INFO - Total failed: 0
2025-10-05 19:18:40,620 - INFO - Final rate: 1939.1 docs/sec
2025-10-05 19:18:40,620 - INFO - Total time: 11614.2s
2025-10-05 19:18:40,622 - INFO - Waiting for parser workers to complete...
2025-10-05 19:18:40,622 - INFO - All workers completed
2025-10-05 19:18:40,622 - INFO - === Multi-Process Completion ===
2025-10-05 19:18:40,623 - INFO - Total documents parsed: 22,520,884
2025-10-05 19:18:40,623 - INFO - Total documents indexed: 22,520,884
2025-10-05 19:18:40,623 - INFO - Total failed: 0
2025-10-05 19:18:40,623 - INFO - Overall time: 11614.2s
2025-10-05 19:18:40,623 - INFO - Overall rate: 1939.1 docs/sec
2025-10-05 19:18:40,628 - INFO - === METRICS AFTER INDEXING ===
2025-10-05 19:18:40,628 - INFO - Process Memory:
2025-10-05 19:18:40,628 - INFO -   RSS: 5.43 GB
2025-10-05 19:18:40,628 - INFO -   VMS: 7.94 GB
2025-10-05 19:18:40,628 - INFO -   % of System: 0.6%
2025-10-05 19:18:40,628 - INFO - System Memory:
2025-10-05 19:18:40,628 - INFO -   Total Used: 18.4%
2025-10-05 19:18:40,628 - INFO -   Available: 697.34 GB
2025-10-05 19:18:40,628 - INFO -   Cached: 47.97 GB
2025-10-05 19:18:41,630 - INFO - CPU:
2025-10-05 19:18:41,630 - INFO -   Process usage: 0.0%
2025-10-05 19:18:41,630 - INFO -   Threads: 2
2025-10-05 19:18:41,630 - INFO -   Allocated cores: 288 (IDs: [0, 1, 2, 3, 4]...)
2025-10-05 19:18:41,630 - INFO - Process I/O:
2025-10-05 19:18:41,630 - INFO -   Read: 0.17 GB
2025-10-05 19:18:41,630 - INFO -   Write: 0.08 GB
2025-10-05 19:18:41,630 - INFO - ==================================================
2025-10-05 19:18:41,630 - INFO - 
======================================================================
2025-10-05 19:18:41,630 - INFO - STEP 4: Finalizing index...
2025-10-05 19:18:41,630 - INFO - ======================================================================
2025-10-05 19:18:41,630 - INFO - Performing final refresh...
2025-10-05 19:18:54,828 - INFO - POST http://localhost:9200/swissai-fineweb-2-quality_33-filterrobots-merge_euro-mid/_refresh [status:200 request:13.198s]
2025-10-05 19:18:54,829 - INFO - Final refresh complete - all documents are now searchable
2025-10-05 19:18:54,893 - INFO - GET http://localhost:9200/swissai-fineweb-2-quality_33-filterrobots-merge_euro-mid/_stats [status:200 request:0.064s]
2025-10-05 19:18:54,893 - INFO - Final ES index document count: 8,636,149
2025-10-05 19:18:54,893 - INFO - Index size: 24.56 GB
2025-10-05 19:18:54,893 - INFO - 
======================================================================
2025-10-05 19:18:54,893 - INFO - === Indexing Statistics ===
2025-10-05 19:18:54,893 - INFO - Documents parsed: 22,520,884
2025-10-05 19:18:54,893 - INFO - Documents failed: 0
2025-10-05 19:18:54,893 - INFO - Files processed: 1
2025-10-05 19:18:54,893 - INFO - Indexing time: 11614.20 seconds
2025-10-05 19:18:54,894 - INFO - Total execution time: 11640.94 seconds
2025-10-05 19:18:54,894 - INFO - Average indexing rate: 1939.1 docs/sec
2025-10-05 19:18:54,894 - INFO - === METRICS FINAL ===
2025-10-05 19:18:54,894 - INFO - Process Memory:
2025-10-05 19:18:54,894 - INFO -   RSS: 5.43 GB
2025-10-05 19:18:54,894 - INFO -   VMS: 7.94 GB
2025-10-05 19:18:54,895 - INFO -   % of System: 0.6%
2025-10-05 19:18:54,895 - INFO - System Memory:
2025-10-05 19:18:54,895 - INFO -   Total Used: 18.4%
2025-10-05 19:18:54,895 - INFO -   Available: 697.05 GB
2025-10-05 19:18:54,895 - INFO -   Cached: 48.32 GB
2025-10-05 19:18:55,896 - INFO - CPU:
2025-10-05 19:18:55,896 - INFO -   Process usage: 0.0%
2025-10-05 19:18:55,896 - INFO -   Threads: 2
2025-10-05 19:18:55,896 - INFO -   Allocated cores: 288 (IDs: [0, 1, 2, 3, 4]...)
2025-10-05 19:18:55,896 - INFO - Process I/O:
2025-10-05 19:18:55,896 - INFO -   Read: 0.17 GB
2025-10-05 19:18:55,896 - INFO -   Write: 0.08 GB
2025-10-05 19:18:55,896 - INFO - ==================================================
2025-10-05 19:18:55,897 - INFO - Peak memory usage during execution: 9.04 GB
2025-10-05 19:18:55,898 - INFO - 
======================================================================
2025-10-05 19:18:55,898 - INFO - STEP 5: Validating indexing results...
2025-10-05 19:18:55,898 - INFO - ======================================================================
2025-10-05 19:18:55,900 - INFO - POST http://localhost:9200/swissai-fineweb-2-quality_33-filterrobots-merge_euro-mid/_refresh [status:200 request:0.002s]
2025-10-05 19:18:55,920 - INFO - GET http://localhost:9200/swissai-fineweb-2-quality_33-filterrobots-merge_euro-mid/_stats [status:200 request:0.020s]
2025-10-05 19:18:55,920 - INFO - ======================================================================
2025-10-05 19:18:55,920 - INFO - === INDEXING VALIDATION RESULTS ===
2025-10-05 19:18:55,920 - INFO - Ground truth (raw files):       22,520,884 documents
2025-10-05 19:18:55,920 - INFO - Reported indexed:               22,520,884 documents
2025-10-05 19:18:55,920 - INFO - Reported failed:                         0 documents
2025-10-05 19:18:55,920 - INFO - ES index actual count:           8,636,149 documents
2025-10-05 19:18:55,920 - INFO - ----------------------------------------------------------------------
2025-10-05 19:18:55,920 - ERROR - ❌ VALIDATION FAILED: ES index count mismatch
2025-10-05 19:18:55,920 - ERROR -    Expected: 22,520,884
2025-10-05 19:18:55,920 - ERROR -    Got:      8,636,149
2025-10-05 19:18:55,920 - ERROR -    Diff:     -13,884,735
2025-10-05 19:18:55,920 - ERROR -    ⚠️  MISSING DOCUMENTS - Some documents were not indexed!
2025-10-05 19:18:55,920 - INFO - ======================================================================
2025-10-05 19:18:55,920 - ERROR - ❌❌❌ VALIDATION FAILED - Data integrity issues detected!
2025-10-05 19:18:55,920 - ERROR - Recommended actions:
2025-10-05 19:18:55,920 - ERROR -   1. Delete the corrupted index
2025-10-05 19:18:55,920 - ERROR -   2. Check for parsing errors in the logs
2025-10-05 19:18:55,920 - ERROR -   3. Rerun indexing job
2025-10-05 19:18:55,920 - INFO - ======================================================================
2025-10-05 19:18:55,921 - ERROR - 
======================================================================
2025-10-05 19:18:55,921 - ERROR - ❌❌❌ INDEXING JOB FAILED - VALIDATION ERRORS DETECTED ❌❌❌
2025-10-05 19:18:55,921 - ERROR - ======================================================================
[0;31m[ERROR][0m Indexing failed with exit code 1 after 11646 seconds
[0;31m[ERROR][0m === Indexing process failed ===
[0;34m[INFO][0m Cleaning up...
[0;34m[INFO][0m Stopping Elasticsearch (PID: 251590)...
{"type": "server", "timestamp": "2025-10-05T19:18:56,104+02:00", "level": "INFO", "component": "o.e.n.Node", "cluster.name": "docker-cluster", "node.name": "nid006900", "message": "stopping ...", "cluster.uuid": "B_fwTRTvRLuxRLVCIXC0FQ", "node.id": "L6aj4QVCTkiSF7r0N8rKGA"  }
{"type": "server", "timestamp": "2025-10-05T19:18:56,107+02:00", "level": "INFO", "component": "o.e.x.w.WatcherService", "cluster.name": "docker-cluster", "node.name": "nid006900", "message": "stopping watch service, reason [shutdown initiated]", "cluster.uuid": "B_fwTRTvRLuxRLVCIXC0FQ", "node.id": "L6aj4QVCTkiSF7r0N8rKGA"  }
{"type": "server", "timestamp": "2025-10-05T19:18:56,107+02:00", "level": "INFO", "component": "o.e.x.m.p.l.CppLogMessageHandler", "cluster.name": "docker-cluster", "node.name": "nid006900", "message": "[controller/252114] [Main.cc@174] ML controller exiting", "cluster.uuid": "B_fwTRTvRLuxRLVCIXC0FQ", "node.id": "L6aj4QVCTkiSF7r0N8rKGA"  }
{"type": "server", "timestamp": "2025-10-05T19:18:56,108+02:00", "level": "INFO", "component": "o.e.x.w.WatcherLifeCycleService", "cluster.name": "docker-cluster", "node.name": "nid006900", "message": "watcher has stopped and shutdown", "cluster.uuid": "B_fwTRTvRLuxRLVCIXC0FQ", "node.id": "L6aj4QVCTkiSF7r0N8rKGA"  }
{"type": "server", "timestamp": "2025-10-05T19:18:56,108+02:00", "level": "INFO", "component": "o.e.x.m.p.NativeController", "cluster.name": "docker-cluster", "node.name": "nid006900", "message": "Native controller process has stopped - no new native processes can be started", "cluster.uuid": "B_fwTRTvRLuxRLVCIXC0FQ", "node.id": "L6aj4QVCTkiSF7r0N8rKGA"  }
{"type": "server", "timestamp": "2025-10-05T19:18:57,614+02:00", "level": "INFO", "component": "o.e.n.Node", "cluster.name": "docker-cluster", "node.name": "nid006900", "message": "stopped", "cluster.uuid": "B_fwTRTvRLuxRLVCIXC0FQ", "node.id": "L6aj4QVCTkiSF7r0N8rKGA"  }
{"type": "server", "timestamp": "2025-10-05T19:18:57,615+02:00", "level": "INFO", "component": "o.e.n.Node", "cluster.name": "docker-cluster", "node.name": "nid006900", "message": "closing ...", "cluster.uuid": "B_fwTRTvRLuxRLVCIXC0FQ", "node.id": "L6aj4QVCTkiSF7r0N8rKGA"  }
{"type": "server", "timestamp": "2025-10-05T19:18:57,631+02:00", "level": "INFO", "component": "o.e.i.g.DatabaseReaderLazyLoader", "cluster.name": "docker-cluster", "node.name": "nid006900", "message": "evicted [0] entries from cache after reloading database [/tmp/elasticsearch-7638979729892329072/geoip-databases/L6aj4QVCTkiSF7r0N8rKGA/GeoLite2-Country.mmdb]", "cluster.uuid": "B_fwTRTvRLuxRLVCIXC0FQ", "node.id": "L6aj4QVCTkiSF7r0N8rKGA"  }
{"type": "server", "timestamp": "2025-10-05T19:18:57,631+02:00", "level": "INFO", "component": "o.e.i.g.DatabaseReaderLazyLoader", "cluster.name": "docker-cluster", "node.name": "nid006900", "message": "evicted [0] entries from cache after reloading database [/tmp/elasticsearch-7638979729892329072/geoip-databases/L6aj4QVCTkiSF7r0N8rKGA/GeoLite2-ASN.mmdb]", "cluster.uuid": "B_fwTRTvRLuxRLVCIXC0FQ", "node.id": "L6aj4QVCTkiSF7r0N8rKGA"  }
{"type": "server", "timestamp": "2025-10-05T19:18:57,631+02:00", "level": "INFO", "component": "o.e.i.g.DatabaseReaderLazyLoader", "cluster.name": "docker-cluster", "node.name": "nid006900", "message": "evicted [0] entries from cache after reloading database [/tmp/elasticsearch-7638979729892329072/geoip-databases/L6aj4QVCTkiSF7r0N8rKGA/GeoLite2-City.mmdb]", "cluster.uuid": "B_fwTRTvRLuxRLVCIXC0FQ", "node.id": "L6aj4QVCTkiSF7r0N8rKGA"  }
{"type": "server", "timestamp": "2025-10-05T19:18:57,637+02:00", "level": "INFO", "component": "o.e.n.Node", "cluster.name": "docker-cluster", "node.name": "nid006900", "message": "closed", "cluster.uuid": "B_fwTRTvRLuxRLVCIXC0FQ", "node.id": "L6aj4QVCTkiSF7r0N8rKGA"  }
[0;34m[INFO][0m Elasticsearch stopped
[0;34m[INFO][0m === Index Storage Information ===
Current index files:
============================
