[0;34m[INFO][0m === FineWeb Elasticsearch Indexing Started ===
[0;34m[INFO][0m Timestamp: Wed Oct  1 20:12:28 CEST 2025
[0;34m[INFO][0m Script: /var/spool/slurmd/job916261/slurm_script
[0;34m[INFO][0m Working directory: /capstor/scratch/cscs/inesaltemir
[0;34m[INFO][0m === SLURM Job Configuration ===
Job ID: 916261
Node: nid007627
CPUs: 8
Memory: 262144MB
=============================
[0;34m[INFO][0m === Indexing Configuration ===
Data Directory: /capstor/scratch/cscs/inesaltemir/detokenized_output/gutenberg
Batch Size: 12500
Elasticsearch: localhost:9200
Index Name: gutenberg
File Start Range: 
File End Range: 
Log Level: INFO
ES Java Opts: 
ES Java Opts: 
ES Data Path: /usr/share/elasticsearch/data
ES Logs Path: /usr/share/elasticsearch/logs
============================
[0;34m[INFO][0m System resource monitoring:
Memory usage:
              total        used        free      shared  buff/cache   available
Mem:          854Gi        20Gi       813Gi       5.8Gi        21Gi       778Gi
Swap:            0B          0B          0B
Disk usage:
Filesystem                                                                              Size  Used Avail Use% Mounted on
fuse-overlayfs-1.13                                                                     428G  4.0M  428G   1% /
devtmpfs                                                                                4.0M     0  4.0M   0% /dev
tmpfs                                                                                   405G  203M  405G   1% /dev/shm
tmpfs                                                                                   428G  4.0M  428G   1% /dev/shm/inesaltemir/enrootrun
tmpfs                                                                                   428G     0  428G   0% /tmp
tmpfs                                                                                   428G     0  428G   0% /run
tmpfs                                                                                   428G     0  428G   0% /run/lock
none                                                                                    239G  5.4G  233G   3% /etc/hosts
none                                                                                    239G  5.4G  233G   3% /etc/motd
[0;34m[INFO][0m Validating data directory: /capstor/scratch/cscs/inesaltemir/detokenized_output/gutenberg
[0;32m[SUCCESS][0m Found 1 parquet files in data directory
[0;34m[INFO][0m Starting Elasticsearch server with Java environment fix
[0;34m[INFO][0m === Configuring Java Environment ===
[0;34m[INFO][0m Testing Java installation...
[0;32m[SUCCESS][0m Java test successful
[0;34m[INFO][0m Testing Elasticsearch binary...
Version: 7.17.28, Build: default/docker/139cb5a961d8de68b8e02c45cc47f5289a3623af/2025-02-20T09:05:31.349013687Z, JVM: 22.0.2
[0;32m[SUCCESS][0m Elasticsearch binary test successful
[0;34m[INFO][0m Using heap settings: -Xms30g -Xmx30g -XX:+UseG1GC -XX:MaxGCPauseMillis=200
[0;34m[INFO][0m === Starting Elasticsearch ===
[0;34m[INFO][0m ES Data Directory: /iopsstor/scratch/cscs/inesaltemir/es-data-septemberv1-gutenberg-916261
[0;34m[INFO][0m ES Logs Directory: /iopsstor/scratch/cscs/inesaltemir/es-logs-septemberv1-gutenberg-916261
[0;34m[INFO][0m Elasticsearch started with PID: 276922
[0;34m[INFO][0m Using index config: 
[0;34m[INFO][0m Waiting for Elasticsearch to be ready...
[0;32m[SUCCESS][0m Elasticsearch is ready at 127.0.0.1:9200
<!-- IE friendly error message walkround.        
     if error message from server is less than   
     512 bytes IE v5+ will use its own error     
     message instead of the one returned by      
     server.                                 --> 
                                                 
                                                 
                                                 
                                                 
                                                 
[0;34m[INFO][0m Starting FineWeb dataset indexing...
[0;34m[INFO][0m Processing all files (no file range specified)
Error occurred during initialization of VM
Multiple garbage collectors selected
{"type": "server", "timestamp": "2025-10-01T20:12:36,319+02:00", "level": "INFO", "component": "o.e.n.Node", "cluster.name": "docker-cluster", "node.name": "nid007627", "message": "version[7.17.28], pid[276922], build[default/docker/139cb5a961d8de68b8e02c45cc47f5289a3623af/2025-02-20T09:05:31.349013687Z], OS[Linux/5.14.21-150500.55.65_13.0.74-cray_shasta_c_64k/aarch64], JVM[Oracle Corporation/OpenJDK 64-Bit Server VM/22.0.2/22.0.2+9-70]" }
{"type": "server", "timestamp": "2025-10-01T20:12:36,322+02:00", "level": "INFO", "component": "o.e.n.Node", "cluster.name": "docker-cluster", "node.name": "nid007627", "message": "JVM home [/usr/share/elasticsearch/jdk], using bundled JDK [true]" }
{"type": "server", "timestamp": "2025-10-01T20:12:36,322+02:00", "level": "INFO", "component": "o.e.n.Node", "cluster.name": "docker-cluster", "node.name": "nid007627", "message": "JVM arguments [-Xshare:auto, -Des.networkaddress.cache.ttl=60, -Des.networkaddress.cache.negative.ttl=10, -XX:+AlwaysPreTouch, -Xss1m, -Djava.awt.headless=true, -Dfile.encoding=UTF-8, -Djna.nosys=true, -XX:-OmitStackTraceInFastThrow, -XX:+ShowCodeDetailsInExceptionMessages, -Dio.netty.noUnsafe=true, -Dio.netty.noKeySetOptimization=true, -Dio.netty.recycler.maxCapacityPerThread=0, -Dio.netty.allocator.numDirectArenas=0, -Dlog4j.shutdownHookEnabled=false, -Dlog4j2.disable.jmx=true, -Dlog4j2.formatMsgNoLookups=true, -Djava.locale.providers=SPI,COMPAT, --add-opens=java.base/java.io=ALL-UNNAMED, -Djava.security.manager=allow, -XX:+UseG1GC, -Djava.io.tmpdir=/tmp/elasticsearch-6107567031115454383, -XX:+HeapDumpOnOutOfMemoryError, -XX:+ExitOnOutOfMemoryError, -XX:HeapDumpPath=data, -XX:ErrorFile=logs/hs_err_pid%p.log, -Xlog:gc*,gc+age=trace,safepoint:file=logs/gc.log:utctime,pid,tags:filecount=32,filesize=64m, -XX:+UnlockDiagnosticVMOptions, -XX:G1NumCollectionsKeepPinned=10000000, -Des.cgroups.hierarchy.override=/, -Xms30g, -Xmx30g, -XX:+UseG1GC, -XX:MaxGCPauseMillis=200, -XX:MaxDirectMemorySize=16106127360, -XX:InitiatingHeapOccupancyPercent=30, -XX:G1ReservePercent=25, -Des.path.home=/usr/share/elasticsearch, -Des.path.conf=/usr/share/elasticsearch/config, -Des.distribution.flavor=default, -Des.distribution.type=docker, -Des.bundled_jdk=true]" }
2025-10-01 20:12:36,343 - INFO - === ENHANCED HARDWARE METRICS AT START ===
2025-10-01 20:12:36,343 - INFO - Process Memory:
2025-10-01 20:12:36,343 - INFO -   RSS: 0.12 GB
2025-10-01 20:12:36,343 - INFO -   VMS: 2.28 GB
2025-10-01 20:12:36,344 - INFO -   Percent: 0.0%
2025-10-01 20:12:36,344 - INFO - System Memory:
2025-10-01 20:12:36,344 - INFO -   Used: 11.4%
2025-10-01 20:12:36,344 - INFO -   Available: 756.78 GB
2025-10-01 20:12:36,344 - INFO -   Cached: 22.13 GB
2025-10-01 20:12:36,344 - INFO - CPU Usage:
2025-10-01 20:12:36,344 - INFO -   Process: 0.0%
2025-10-01 20:12:36,344 - INFO -   System: 0.5%
2025-10-01 20:12:36,344 - INFO -   Per Core: [1.0, 0.0, 0.0, 0.0, 0.0, 0.0, 0.0, 0.0, 0.0, 0.0, 0.0, 0.0, 0.0, 0.0, 0.0, 0.0, 0.0, 0.0, 0.0, 0.0, 0.0, 1.0, 0.0, 0.0, 0.0, 0.0, 0.0, 0.0, 0.0, 0.0, 0.0, 0.0, 0.0, 0.0, 0.0, 0.0, 0.0, 0.0, 0.0, 0.0, 0.0, 0.0, 0.0, 0.0, 0.0, 0.0, 0.0, 0.0, 0.0, 0.0, 0.0, 0.0, 0.0, 0.0, 0.0, 0.0, 0.0, 0.0, 0.0, 1.0, 2.1, 2.9, 0.0, 1.0, 0.0, 1.0, 0.0, 1.0, 0.0, 0.0, 0.0, 0.0, 6.9, 9.8, 0.0, 0.0, 0.0, 0.0, 0.0, 0.0, 0.0, 0.0, 0.0, 0.0, 0.0, 0.0, 0.0, 0.0, 0.0, 0.0, 0.0, 0.0, 0.0, 0.0, 0.0, 0.0, 0.0, 0.0, 0.0, 0.0, 0.0, 0.0, 0.0, 0.0, 0.0, 0.0, 0.0, 0.0, 0.0, 0.0, 0.0, 0.0, 0.0, 0.0, 0.0, 0.0, 0.0, 0.0, 0.0, 0.0, 0.0, 0.0, 0.0, 0.0, 0.0, 1.0, 0.0, 0.0, 0.0, 0.0, 0.0, 0.0, 0.0, 0.0, 0.0, 27.0, 5.0, 9.7, 5.0, 13.9, 14.6, 10.6, 11.0, 3.0, 0.0, 0.0, 0.0, 0.0, 0.0, 0.0, 0.0, 0.0, 0.0, 0.0, 0.0, 0.0, 0.0, 0.0, 0.0, 0.0, 0.0, 0.0, 0.0, 0.0, 0.0, 0.0, 0.0, 0.0, 0.0, 0.0, 0.0, 0.0, 0.0, 0.0, 0.0, 0.0, 0.0, 0.0, 2.9, 1.0, 0.0, 0.0, 0.0, 0.0, 0.0, 0.0, 0.0, 0.0, 0.0, 0.0, 0.0, 0.0, 0.0, 0.0, 0.0, 0.0, 0.0, 0.0, 1.0, 0.0, 0.0, 0.0, 0.0, 0.0, 1.0, 0.0, 0.0, 0.0, 0.0, 0.0, 0.0, 0.0, 0.0, 0.0, 0.0, 0.0, 0.0, 0.0, 0.0, 0.0, 0.0, 0.0, 0.0, 0.0, 0.0, 0.0, 0.0, 0.0, 0.0, 0.0, 0.0, 0.0, 0.0, 0.0, 0.0, 0.0, 0.0, 0.0, 0.0, 0.0, 0.0, 0.0, 0.0, 0.0, 0.0, 1.0, 0.0, 0.0, 0.0, 0.0, 0.0, 0.0, 0.0, 0.0, 0.0, 0.0, 0.0, 0.0, 0.0, 0.0, 0.0, 0.0, 0.0, 0.0, 0.0, 0.0, 0.0, 0.0, 0.0, 0.0, 0.0, 0.0, 0.0, 0.0, 0.0, 0.0, 0.0, 0.0, 0.0, 0.0, 0.0, 0.0, 0.0, 0.0, 0.0, 0.0, 0.0, 0.0]
2025-10-01 20:12:36,344 - INFO - Disk I/O:
2025-10-01 20:12:36,344 - INFO -   Read: 44.37 GB
2025-10-01 20:12:36,344 - INFO -   Write: 0.00 GB
2025-10-01 20:12:36,344 - INFO -   Read Rate: 445469 ops
2025-10-01 20:12:36,344 - INFO -   Write Rate: 0 ops
2025-10-01 20:12:36,344 - INFO - Network I/O:
2025-10-01 20:12:36,344 - INFO -   Sent: 512.37 GB
2025-10-01 20:12:36,344 - INFO -   Received: 310.27 GB
2025-10-01 20:12:36,345 - INFO - ==================================================
2025-10-01 20:12:36,347 - INFO - Total raw data size: 3.12 GB
2025-10-01 20:12:36,347 - INFO - === FineWeb Dataset Indexing Started with SIZE-BASED Dynamic Sharding ===
2025-10-01 20:12:36,347 - INFO - Data directory: /capstor/scratch/cscs/inesaltemir/detokenized_output/gutenberg
2025-10-01 20:12:36,347 - INFO - Files to process: 1
2025-10-01 20:12:36,347 - INFO - Batch size: 12500
2025-10-01 20:12:36,347 - INFO - Chunk size: 12000
2025-10-01 20:12:36,347 - INFO - Max chunk bytes: 75
2025-10-01 20:12:36,347 - INFO - Elasticsearch: localhost:9200
2025-10-01 20:12:36,347 - INFO - Index name: gutenberg
2025-10-01 20:12:36,347 - INFO - Thread counts: 8
2025-10-01 20:12:36,347 - INFO - Queue size: 8
2025-10-01 20:12:36,347 - INFO - Shard size range: 10.0-50.0 GB
2025-10-01 20:12:36,347 - INFO - ES expansion factor: 0.7x
2025-10-01 20:12:36,350 - WARNING - GET http://localhost:9200/ [status:N/A request:0.002s]
Traceback (most recent call last):
  File "/usr/local/lib/python3.8/dist-packages/urllib3/connection.py", line 174, in _new_conn
    conn = connection.create_connection(
  File "/usr/local/lib/python3.8/dist-packages/urllib3/util/connection.py", line 95, in create_connection
    raise err
  File "/usr/local/lib/python3.8/dist-packages/urllib3/util/connection.py", line 85, in create_connection
    sock.connect(sa)
ConnectionRefusedError: [Errno 111] Connection refused

During handling of the above exception, another exception occurred:

Traceback (most recent call last):
  File "/usr/local/lib/python3.8/dist-packages/elasticsearch/connection/http_urllib3.py", line 255, in perform_request
    response = self.pool.urlopen(
  File "/usr/local/lib/python3.8/dist-packages/urllib3/connectionpool.py", line 802, in urlopen
    retries = retries.increment(
  File "/usr/local/lib/python3.8/dist-packages/urllib3/util/retry.py", line 527, in increment
    raise six.reraise(type(error), error, _stacktrace)
  File "/usr/local/lib/python3.8/dist-packages/urllib3/packages/six.py", line 770, in reraise
    raise value
  File "/usr/local/lib/python3.8/dist-packages/urllib3/connectionpool.py", line 716, in urlopen
    httplib_response = self._make_request(
  File "/usr/local/lib/python3.8/dist-packages/urllib3/connectionpool.py", line 416, in _make_request
    conn.request(method, url, **httplib_request_kw)
  File "/usr/local/lib/python3.8/dist-packages/urllib3/connection.py", line 244, in request
    super(HTTPConnection, self).request(method, url, body=body, headers=headers)
  File "/usr/lib/python3.8/http/client.py", line 1256, in request
    self._send_request(method, url, body, headers, encode_chunked)
  File "/usr/lib/python3.8/http/client.py", line 1302, in _send_request
    self.endheaders(body, encode_chunked=encode_chunked)
  File "/usr/lib/python3.8/http/client.py", line 1251, in endheaders
    self._send_output(message_body, encode_chunked=encode_chunked)
  File "/usr/lib/python3.8/http/client.py", line 1011, in _send_output
    self.send(msg)
  File "/usr/lib/python3.8/http/client.py", line 951, in send
    self.connect()
  File "/usr/local/lib/python3.8/dist-packages/urllib3/connection.py", line 205, in connect
    conn = self._new_conn()
  File "/usr/local/lib/python3.8/dist-packages/urllib3/connection.py", line 186, in _new_conn
    raise NewConnectionError(
urllib3.exceptions.NewConnectionError: <urllib3.connection.HTTPConnection object at 0x400026631520>: Failed to establish a new connection: [Errno 111] Connection refused
2025-10-01 20:12:36,353 - WARNING - Connection attempt 1 failed: ConnectionError(<urllib3.connection.HTTPConnection object at 0x400026631520>: Failed to establish a new connection: [Errno 111] Connection refused) caused by: NewConnectionError(<urllib3.connection.HTTPConnection object at 0x400026631520>: Failed to establish a new connection: [Errno 111] Connection refused). Retrying in 10s...
{"type": "server", "timestamp": "2025-10-01T20:12:38,383+02:00", "level": "INFO", "component": "o.e.p.PluginsService", "cluster.name": "docker-cluster", "node.name": "nid007627", "message": "loaded module [aggs-matrix-stats]" }
{"type": "server", "timestamp": "2025-10-01T20:12:38,383+02:00", "level": "INFO", "component": "o.e.p.PluginsService", "cluster.name": "docker-cluster", "node.name": "nid007627", "message": "loaded module [analysis-common]" }
{"type": "server", "timestamp": "2025-10-01T20:12:38,384+02:00", "level": "INFO", "component": "o.e.p.PluginsService", "cluster.name": "docker-cluster", "node.name": "nid007627", "message": "loaded module [constant-keyword]" }
{"type": "server", "timestamp": "2025-10-01T20:12:38,384+02:00", "level": "INFO", "component": "o.e.p.PluginsService", "cluster.name": "docker-cluster", "node.name": "nid007627", "message": "loaded module [frozen-indices]" }
{"type": "server", "timestamp": "2025-10-01T20:12:38,384+02:00", "level": "INFO", "component": "o.e.p.PluginsService", "cluster.name": "docker-cluster", "node.name": "nid007627", "message": "loaded module [ingest-common]" }
{"type": "server", "timestamp": "2025-10-01T20:12:38,384+02:00", "level": "INFO", "component": "o.e.p.PluginsService", "cluster.name": "docker-cluster", "node.name": "nid007627", "message": "loaded module [ingest-geoip]" }
{"type": "server", "timestamp": "2025-10-01T20:12:38,384+02:00", "level": "INFO", "component": "o.e.p.PluginsService", "cluster.name": "docker-cluster", "node.name": "nid007627", "message": "loaded module [ingest-user-agent]" }
{"type": "server", "timestamp": "2025-10-01T20:12:38,384+02:00", "level": "INFO", "component": "o.e.p.PluginsService", "cluster.name": "docker-cluster", "node.name": "nid007627", "message": "loaded module [kibana]" }
{"type": "server", "timestamp": "2025-10-01T20:12:38,385+02:00", "level": "INFO", "component": "o.e.p.PluginsService", "cluster.name": "docker-cluster", "node.name": "nid007627", "message": "loaded module [lang-expression]" }
{"type": "server", "timestamp": "2025-10-01T20:12:38,385+02:00", "level": "INFO", "component": "o.e.p.PluginsService", "cluster.name": "docker-cluster", "node.name": "nid007627", "message": "loaded module [lang-mustache]" }
{"type": "server", "timestamp": "2025-10-01T20:12:38,385+02:00", "level": "INFO", "component": "o.e.p.PluginsService", "cluster.name": "docker-cluster", "node.name": "nid007627", "message": "loaded module [lang-painless]" }
{"type": "server", "timestamp": "2025-10-01T20:12:38,385+02:00", "level": "INFO", "component": "o.e.p.PluginsService", "cluster.name": "docker-cluster", "node.name": "nid007627", "message": "loaded module [legacy-geo]" }
{"type": "server", "timestamp": "2025-10-01T20:12:38,385+02:00", "level": "INFO", "component": "o.e.p.PluginsService", "cluster.name": "docker-cluster", "node.name": "nid007627", "message": "loaded module [mapper-extras]" }
{"type": "server", "timestamp": "2025-10-01T20:12:38,385+02:00", "level": "INFO", "component": "o.e.p.PluginsService", "cluster.name": "docker-cluster", "node.name": "nid007627", "message": "loaded module [mapper-version]" }
{"type": "server", "timestamp": "2025-10-01T20:12:38,385+02:00", "level": "INFO", "component": "o.e.p.PluginsService", "cluster.name": "docker-cluster", "node.name": "nid007627", "message": "loaded module [parent-join]" }
{"type": "server", "timestamp": "2025-10-01T20:12:38,386+02:00", "level": "INFO", "component": "o.e.p.PluginsService", "cluster.name": "docker-cluster", "node.name": "nid007627", "message": "loaded module [percolator]" }
{"type": "server", "timestamp": "2025-10-01T20:12:38,386+02:00", "level": "INFO", "component": "o.e.p.PluginsService", "cluster.name": "docker-cluster", "node.name": "nid007627", "message": "loaded module [rank-eval]" }
{"type": "server", "timestamp": "2025-10-01T20:12:38,386+02:00", "level": "INFO", "component": "o.e.p.PluginsService", "cluster.name": "docker-cluster", "node.name": "nid007627", "message": "loaded module [reindex]" }
{"type": "server", "timestamp": "2025-10-01T20:12:38,387+02:00", "level": "INFO", "component": "o.e.p.PluginsService", "cluster.name": "docker-cluster", "node.name": "nid007627", "message": "loaded module [repositories-metering-api]" }
{"type": "server", "timestamp": "2025-10-01T20:12:38,387+02:00", "level": "INFO", "component": "o.e.p.PluginsService", "cluster.name": "docker-cluster", "node.name": "nid007627", "message": "loaded module [repository-encrypted]" }
{"type": "server", "timestamp": "2025-10-01T20:12:38,387+02:00", "level": "INFO", "component": "o.e.p.PluginsService", "cluster.name": "docker-cluster", "node.name": "nid007627", "message": "loaded module [repository-url]" }
{"type": "server", "timestamp": "2025-10-01T20:12:38,387+02:00", "level": "INFO", "component": "o.e.p.PluginsService", "cluster.name": "docker-cluster", "node.name": "nid007627", "message": "loaded module [runtime-fields-common]" }
{"type": "server", "timestamp": "2025-10-01T20:12:38,387+02:00", "level": "INFO", "component": "o.e.p.PluginsService", "cluster.name": "docker-cluster", "node.name": "nid007627", "message": "loaded module [search-business-rules]" }
{"type": "server", "timestamp": "2025-10-01T20:12:38,387+02:00", "level": "INFO", "component": "o.e.p.PluginsService", "cluster.name": "docker-cluster", "node.name": "nid007627", "message": "loaded module [searchable-snapshots]" }
{"type": "server", "timestamp": "2025-10-01T20:12:38,387+02:00", "level": "INFO", "component": "o.e.p.PluginsService", "cluster.name": "docker-cluster", "node.name": "nid007627", "message": "loaded module [snapshot-repo-test-kit]" }
{"type": "server", "timestamp": "2025-10-01T20:12:38,388+02:00", "level": "INFO", "component": "o.e.p.PluginsService", "cluster.name": "docker-cluster", "node.name": "nid007627", "message": "loaded module [spatial]" }
{"type": "server", "timestamp": "2025-10-01T20:12:38,388+02:00", "level": "INFO", "component": "o.e.p.PluginsService", "cluster.name": "docker-cluster", "node.name": "nid007627", "message": "loaded module [transform]" }
{"type": "server", "timestamp": "2025-10-01T20:12:38,388+02:00", "level": "INFO", "component": "o.e.p.PluginsService", "cluster.name": "docker-cluster", "node.name": "nid007627", "message": "loaded module [transport-netty4]" }
{"type": "server", "timestamp": "2025-10-01T20:12:38,388+02:00", "level": "INFO", "component": "o.e.p.PluginsService", "cluster.name": "docker-cluster", "node.name": "nid007627", "message": "loaded module [unsigned-long]" }
{"type": "server", "timestamp": "2025-10-01T20:12:38,388+02:00", "level": "INFO", "component": "o.e.p.PluginsService", "cluster.name": "docker-cluster", "node.name": "nid007627", "message": "loaded module [vector-tile]" }
{"type": "server", "timestamp": "2025-10-01T20:12:38,388+02:00", "level": "INFO", "component": "o.e.p.PluginsService", "cluster.name": "docker-cluster", "node.name": "nid007627", "message": "loaded module [vectors]" }
{"type": "server", "timestamp": "2025-10-01T20:12:38,388+02:00", "level": "INFO", "component": "o.e.p.PluginsService", "cluster.name": "docker-cluster", "node.name": "nid007627", "message": "loaded module [wildcard]" }
{"type": "server", "timestamp": "2025-10-01T20:12:38,389+02:00", "level": "INFO", "component": "o.e.p.PluginsService", "cluster.name": "docker-cluster", "node.name": "nid007627", "message": "loaded module [x-pack-aggregate-metric]" }
{"type": "server", "timestamp": "2025-10-01T20:12:38,389+02:00", "level": "INFO", "component": "o.e.p.PluginsService", "cluster.name": "docker-cluster", "node.name": "nid007627", "message": "loaded module [x-pack-analytics]" }
{"type": "server", "timestamp": "2025-10-01T20:12:38,389+02:00", "level": "INFO", "component": "o.e.p.PluginsService", "cluster.name": "docker-cluster", "node.name": "nid007627", "message": "loaded module [x-pack-async]" }
{"type": "server", "timestamp": "2025-10-01T20:12:38,389+02:00", "level": "INFO", "component": "o.e.p.PluginsService", "cluster.name": "docker-cluster", "node.name": "nid007627", "message": "loaded module [x-pack-async-search]" }
{"type": "server", "timestamp": "2025-10-01T20:12:38,389+02:00", "level": "INFO", "component": "o.e.p.PluginsService", "cluster.name": "docker-cluster", "node.name": "nid007627", "message": "loaded module [x-pack-autoscaling]" }
{"type": "server", "timestamp": "2025-10-01T20:12:38,389+02:00", "level": "INFO", "component": "o.e.p.PluginsService", "cluster.name": "docker-cluster", "node.name": "nid007627", "message": "loaded module [x-pack-ccr]" }
{"type": "server", "timestamp": "2025-10-01T20:12:38,389+02:00", "level": "INFO", "component": "o.e.p.PluginsService", "cluster.name": "docker-cluster", "node.name": "nid007627", "message": "loaded module [x-pack-core]" }
{"type": "server", "timestamp": "2025-10-01T20:12:38,390+02:00", "level": "INFO", "component": "o.e.p.PluginsService", "cluster.name": "docker-cluster", "node.name": "nid007627", "message": "loaded module [x-pack-data-streams]" }
{"type": "server", "timestamp": "2025-10-01T20:12:38,390+02:00", "level": "INFO", "component": "o.e.p.PluginsService", "cluster.name": "docker-cluster", "node.name": "nid007627", "message": "loaded module [x-pack-deprecation]" }
{"type": "server", "timestamp": "2025-10-01T20:12:38,390+02:00", "level": "INFO", "component": "o.e.p.PluginsService", "cluster.name": "docker-cluster", "node.name": "nid007627", "message": "loaded module [x-pack-enrich]" }
{"type": "server", "timestamp": "2025-10-01T20:12:38,390+02:00", "level": "INFO", "component": "o.e.p.PluginsService", "cluster.name": "docker-cluster", "node.name": "nid007627", "message": "loaded module [x-pack-eql]" }
{"type": "server", "timestamp": "2025-10-01T20:12:38,390+02:00", "level": "INFO", "component": "o.e.p.PluginsService", "cluster.name": "docker-cluster", "node.name": "nid007627", "message": "loaded module [x-pack-fleet]" }
{"type": "server", "timestamp": "2025-10-01T20:12:38,390+02:00", "level": "INFO", "component": "o.e.p.PluginsService", "cluster.name": "docker-cluster", "node.name": "nid007627", "message": "loaded module [x-pack-graph]" }
{"type": "server", "timestamp": "2025-10-01T20:12:38,390+02:00", "level": "INFO", "component": "o.e.p.PluginsService", "cluster.name": "docker-cluster", "node.name": "nid007627", "message": "loaded module [x-pack-identity-provider]" }
{"type": "server", "timestamp": "2025-10-01T20:12:38,390+02:00", "level": "INFO", "component": "o.e.p.PluginsService", "cluster.name": "docker-cluster", "node.name": "nid007627", "message": "loaded module [x-pack-ilm]" }
{"type": "server", "timestamp": "2025-10-01T20:12:38,391+02:00", "level": "INFO", "component": "o.e.p.PluginsService", "cluster.name": "docker-cluster", "node.name": "nid007627", "message": "loaded module [x-pack-logstash]" }
{"type": "server", "timestamp": "2025-10-01T20:12:38,391+02:00", "level": "INFO", "component": "o.e.p.PluginsService", "cluster.name": "docker-cluster", "node.name": "nid007627", "message": "loaded module [x-pack-ml]" }
{"type": "server", "timestamp": "2025-10-01T20:12:38,391+02:00", "level": "INFO", "component": "o.e.p.PluginsService", "cluster.name": "docker-cluster", "node.name": "nid007627", "message": "loaded module [x-pack-monitoring]" }
{"type": "server", "timestamp": "2025-10-01T20:12:38,391+02:00", "level": "INFO", "component": "o.e.p.PluginsService", "cluster.name": "docker-cluster", "node.name": "nid007627", "message": "loaded module [x-pack-ql]" }
{"type": "server", "timestamp": "2025-10-01T20:12:38,391+02:00", "level": "INFO", "component": "o.e.p.PluginsService", "cluster.name": "docker-cluster", "node.name": "nid007627", "message": "loaded module [x-pack-rollup]" }
{"type": "server", "timestamp": "2025-10-01T20:12:38,391+02:00", "level": "INFO", "component": "o.e.p.PluginsService", "cluster.name": "docker-cluster", "node.name": "nid007627", "message": "loaded module [x-pack-security]" }
{"type": "server", "timestamp": "2025-10-01T20:12:38,391+02:00", "level": "INFO", "component": "o.e.p.PluginsService", "cluster.name": "docker-cluster", "node.name": "nid007627", "message": "loaded module [x-pack-shutdown]" }
{"type": "server", "timestamp": "2025-10-01T20:12:38,391+02:00", "level": "INFO", "component": "o.e.p.PluginsService", "cluster.name": "docker-cluster", "node.name": "nid007627", "message": "loaded module [x-pack-sql]" }
{"type": "server", "timestamp": "2025-10-01T20:12:38,392+02:00", "level": "INFO", "component": "o.e.p.PluginsService", "cluster.name": "docker-cluster", "node.name": "nid007627", "message": "loaded module [x-pack-stack]" }
{"type": "server", "timestamp": "2025-10-01T20:12:38,392+02:00", "level": "INFO", "component": "o.e.p.PluginsService", "cluster.name": "docker-cluster", "node.name": "nid007627", "message": "loaded module [x-pack-text-structure]" }
{"type": "server", "timestamp": "2025-10-01T20:12:38,392+02:00", "level": "INFO", "component": "o.e.p.PluginsService", "cluster.name": "docker-cluster", "node.name": "nid007627", "message": "loaded module [x-pack-voting-only-node]" }
{"type": "server", "timestamp": "2025-10-01T20:12:38,392+02:00", "level": "INFO", "component": "o.e.p.PluginsService", "cluster.name": "docker-cluster", "node.name": "nid007627", "message": "loaded module [x-pack-watcher]" }
{"type": "server", "timestamp": "2025-10-01T20:12:38,392+02:00", "level": "INFO", "component": "o.e.p.PluginsService", "cluster.name": "docker-cluster", "node.name": "nid007627", "message": "no plugins loaded" }
{"type": "server", "timestamp": "2025-10-01T20:12:38,556+02:00", "level": "INFO", "component": "o.e.e.NodeEnvironment", "cluster.name": "docker-cluster", "node.name": "nid007627", "message": "using [1] data paths, mounts [[/iopsstor/scratch/cscs/inesaltemir (172.28.2.66@tcp,172.28.2.67@tcp:172.28.2.68@tcp,172.28.2.69@tcp:/iopsstor/scratch/cscs)]], net usable_space [1021.5tb], net total_space [2.9pb], types [lustre]" }
{"type": "server", "timestamp": "2025-10-01T20:12:38,557+02:00", "level": "INFO", "component": "o.e.e.NodeEnvironment", "cluster.name": "docker-cluster", "node.name": "nid007627", "message": "heap size [30gb], compressed ordinary object pointers [true]" }
{"type": "server", "timestamp": "2025-10-01T20:12:38,573+02:00", "level": "INFO", "component": "o.e.n.Node", "cluster.name": "docker-cluster", "node.name": "nid007627", "message": "node name [nid007627], node ID [hOnXr72RSN-CAYU_kbaKcA], cluster name [docker-cluster], roles [transform, data_frozen, master, remote_cluster_client, data, ml, data_content, data_hot, data_warm, data_cold, ingest]" }
{"type": "server", "timestamp": "2025-10-01T20:12:41,563+02:00", "level": "INFO", "component": "o.e.x.m.p.l.CppLogMessageHandler", "cluster.name": "docker-cluster", "node.name": "nid007627", "message": "[controller/277446] [Main.cc@122] controller (64 bit): Version 7.17.28 (Build 733d78ce56c25b) Copyright (c) 2025 Elasticsearch BV" }
{"type": "server", "timestamp": "2025-10-01T20:12:41,892+02:00", "level": "INFO", "component": "o.e.i.g.ConfigDatabases", "cluster.name": "docker-cluster", "node.name": "nid007627", "message": "initialized default databases [[GeoLite2-Country.mmdb, GeoLite2-City.mmdb, GeoLite2-ASN.mmdb]], config databases [[]] and watching [/usr/share/elasticsearch/config/ingest-geoip] for changes" }
{"type": "server", "timestamp": "2025-10-01T20:12:41,894+02:00", "level": "INFO", "component": "o.e.i.g.DatabaseNodeService", "cluster.name": "docker-cluster", "node.name": "nid007627", "message": "initialized database registry, using geoip-databases directory [/tmp/elasticsearch-6107567031115454383/geoip-databases/hOnXr72RSN-CAYU_kbaKcA]" }
{"type": "server", "timestamp": "2025-10-01T20:12:42,316+02:00", "level": "INFO", "component": "o.e.t.NettyAllocator", "cluster.name": "docker-cluster", "node.name": "nid007627", "message": "creating NettyAllocator with the following configs: [name=elasticsearch_configured, chunk_size=1mb, suggested_max_allocation_size=1mb, factors={es.unsafe.use_netty_default_chunk_and_page_size=false, g1gc_enabled=true, g1gc_region_size=16mb}]" }
{"type": "server", "timestamp": "2025-10-01T20:12:42,338+02:00", "level": "INFO", "component": "o.e.i.r.RecoverySettings", "cluster.name": "docker-cluster", "node.name": "nid007627", "message": "using rate limit [40mb] with [default=40mb, read=0b, write=0b, max=0b]" }
{"type": "server", "timestamp": "2025-10-01T20:12:42,370+02:00", "level": "INFO", "component": "o.e.d.DiscoveryModule", "cluster.name": "docker-cluster", "node.name": "nid007627", "message": "using discovery type [single-node] and seed hosts providers [settings]" }
{"type": "server", "timestamp": "2025-10-01T20:12:42,728+02:00", "level": "INFO", "component": "o.e.g.DanglingIndicesState", "cluster.name": "docker-cluster", "node.name": "nid007627", "message": "gateway.auto_import_dangling_indices is disabled, dangling indices will not be automatically detected or imported and must be managed manually" }
{"type": "server", "timestamp": "2025-10-01T20:12:43,200+02:00", "level": "INFO", "component": "o.e.n.Node", "cluster.name": "docker-cluster", "node.name": "nid007627", "message": "initialized" }
{"type": "server", "timestamp": "2025-10-01T20:12:43,201+02:00", "level": "INFO", "component": "o.e.n.Node", "cluster.name": "docker-cluster", "node.name": "nid007627", "message": "starting ..." }
{"type": "server", "timestamp": "2025-10-01T20:12:43,295+02:00", "level": "INFO", "component": "o.e.x.s.c.f.PersistentCache", "cluster.name": "docker-cluster", "node.name": "nid007627", "message": "persistent cache index loaded" }
{"type": "server", "timestamp": "2025-10-01T20:12:43,295+02:00", "level": "INFO", "component": "o.e.x.d.l.DeprecationIndexingComponent", "cluster.name": "docker-cluster", "node.name": "nid007627", "message": "deprecation component started" }
{"type": "server", "timestamp": "2025-10-01T20:12:43,464+02:00", "level": "INFO", "component": "o.e.t.TransportService", "cluster.name": "docker-cluster", "node.name": "nid007627", "message": "publish_address {127.0.0.1:9300}, bound_addresses {127.0.0.1:9300}" }
{"type": "server", "timestamp": "2025-10-01T20:12:43,471+02:00", "level": "INFO", "component": "o.e.x.m.Monitoring", "cluster.name": "docker-cluster", "node.name": "nid007627", "message": "creating template [.monitoring-alerts-7] with version [7]" }
{"type": "server", "timestamp": "2025-10-01T20:12:43,475+02:00", "level": "INFO", "component": "o.e.x.m.Monitoring", "cluster.name": "docker-cluster", "node.name": "nid007627", "message": "creating template [.monitoring-es] with version [7]" }
{"type": "server", "timestamp": "2025-10-01T20:12:43,476+02:00", "level": "INFO", "component": "o.e.x.m.Monitoring", "cluster.name": "docker-cluster", "node.name": "nid007627", "message": "creating template [.monitoring-kibana] with version [7]" }
{"type": "server", "timestamp": "2025-10-01T20:12:43,478+02:00", "level": "INFO", "component": "o.e.x.m.Monitoring", "cluster.name": "docker-cluster", "node.name": "nid007627", "message": "creating template [.monitoring-logstash] with version [7]" }
{"type": "server", "timestamp": "2025-10-01T20:12:43,480+02:00", "level": "INFO", "component": "o.e.x.m.Monitoring", "cluster.name": "docker-cluster", "node.name": "nid007627", "message": "creating template [.monitoring-beats] with version [7]" }
{"type": "server", "timestamp": "2025-10-01T20:12:43,706+02:00", "level": "INFO", "component": "o.e.c.c.Coordinator", "cluster.name": "docker-cluster", "node.name": "nid007627", "message": "setting initial configuration to VotingConfiguration{hOnXr72RSN-CAYU_kbaKcA}" }
{"type": "server", "timestamp": "2025-10-01T20:12:43,806+02:00", "level": "INFO", "component": "o.e.c.s.MasterService", "cluster.name": "docker-cluster", "node.name": "nid007627", "message": "elected-as-master ([1] nodes joined)[{nid007627}{hOnXr72RSN-CAYU_kbaKcA}{daijkzkBT9eZkd5bjuJTNQ}{127.0.0.1}{127.0.0.1:9300}{cdfhilmrstw} elect leader, _BECOME_MASTER_TASK_, _FINISH_ELECTION_], term: 1, version: 1, delta: master node changed {previous [], current [{nid007627}{hOnXr72RSN-CAYU_kbaKcA}{daijkzkBT9eZkd5bjuJTNQ}{127.0.0.1}{127.0.0.1:9300}{cdfhilmrstw}]}" }
{"type": "server", "timestamp": "2025-10-01T20:12:43,900+02:00", "level": "INFO", "component": "o.e.c.c.CoordinationState", "cluster.name": "docker-cluster", "node.name": "nid007627", "message": "cluster UUID set to [4a3Mtnw5RaiF2U2sFbQ8SA]" }
{"type": "server", "timestamp": "2025-10-01T20:12:43,988+02:00", "level": "INFO", "component": "o.e.c.s.ClusterApplierService", "cluster.name": "docker-cluster", "node.name": "nid007627", "message": "master node changed {previous [], current [{nid007627}{hOnXr72RSN-CAYU_kbaKcA}{daijkzkBT9eZkd5bjuJTNQ}{127.0.0.1}{127.0.0.1:9300}{cdfhilmrstw}]}, term: 1, version: 1, reason: Publication{term=1, version=1}" }
{"type": "server", "timestamp": "2025-10-01T20:12:44,022+02:00", "level": "INFO", "component": "o.e.h.AbstractHttpServerTransport", "cluster.name": "docker-cluster", "node.name": "nid007627", "message": "publish_address {127.0.0.1:9200}, bound_addresses {127.0.0.1:9200}", "cluster.uuid": "4a3Mtnw5RaiF2U2sFbQ8SA", "node.id": "hOnXr72RSN-CAYU_kbaKcA"  }
{"type": "server", "timestamp": "2025-10-01T20:12:44,022+02:00", "level": "INFO", "component": "o.e.n.Node", "cluster.name": "docker-cluster", "node.name": "nid007627", "message": "started", "cluster.uuid": "4a3Mtnw5RaiF2U2sFbQ8SA", "node.id": "hOnXr72RSN-CAYU_kbaKcA"  }
{"type": "server", "timestamp": "2025-10-01T20:12:44,066+02:00", "level": "INFO", "component": "o.e.g.GatewayService", "cluster.name": "docker-cluster", "node.name": "nid007627", "message": "recovered [0] indices into cluster_state", "cluster.uuid": "4a3Mtnw5RaiF2U2sFbQ8SA", "node.id": "hOnXr72RSN-CAYU_kbaKcA"  }
{"type": "server", "timestamp": "2025-10-01T20:12:44,197+02:00", "level": "INFO", "component": "o.e.c.m.MetadataIndexTemplateService", "cluster.name": "docker-cluster", "node.name": "nid007627", "message": "adding index template [.ml-notifications-000002] for index patterns [.ml-notifications-000002]", "cluster.uuid": "4a3Mtnw5RaiF2U2sFbQ8SA", "node.id": "hOnXr72RSN-CAYU_kbaKcA"  }
{"type": "server", "timestamp": "2025-10-01T20:12:44,285+02:00", "level": "INFO", "component": "o.e.c.m.MetadataIndexTemplateService", "cluster.name": "docker-cluster", "node.name": "nid007627", "message": "adding index template [.ml-anomalies-] for index patterns [.ml-anomalies-*]", "cluster.uuid": "4a3Mtnw5RaiF2U2sFbQ8SA", "node.id": "hOnXr72RSN-CAYU_kbaKcA"  }
{"type": "server", "timestamp": "2025-10-01T20:12:44,364+02:00", "level": "INFO", "component": "o.e.c.m.MetadataIndexTemplateService", "cluster.name": "docker-cluster", "node.name": "nid007627", "message": "adding index template [.ml-state] for index patterns [.ml-state*]", "cluster.uuid": "4a3Mtnw5RaiF2U2sFbQ8SA", "node.id": "hOnXr72RSN-CAYU_kbaKcA"  }
{"type": "server", "timestamp": "2025-10-01T20:12:44,412+02:00", "level": "INFO", "component": "o.e.c.m.MetadataIndexTemplateService", "cluster.name": "docker-cluster", "node.name": "nid007627", "message": "adding index template [.ml-stats] for index patterns [.ml-stats-*]", "cluster.uuid": "4a3Mtnw5RaiF2U2sFbQ8SA", "node.id": "hOnXr72RSN-CAYU_kbaKcA"  }
{"type": "server", "timestamp": "2025-10-01T20:12:44,490+02:00", "level": "INFO", "component": "o.e.c.m.MetadataIndexTemplateService", "cluster.name": "docker-cluster", "node.name": "nid007627", "message": "adding component template [logs-settings]", "cluster.uuid": "4a3Mtnw5RaiF2U2sFbQ8SA", "node.id": "hOnXr72RSN-CAYU_kbaKcA"  }
{"type": "server", "timestamp": "2025-10-01T20:12:44,541+02:00", "level": "INFO", "component": "o.e.c.m.MetadataIndexTemplateService", "cluster.name": "docker-cluster", "node.name": "nid007627", "message": "adding component template [data-streams-mappings]", "cluster.uuid": "4a3Mtnw5RaiF2U2sFbQ8SA", "node.id": "hOnXr72RSN-CAYU_kbaKcA"  }
{"type": "server", "timestamp": "2025-10-01T20:12:44,617+02:00", "level": "INFO", "component": "o.e.c.m.MetadataIndexTemplateService", "cluster.name": "docker-cluster", "node.name": "nid007627", "message": "adding component template [metrics-settings]", "cluster.uuid": "4a3Mtnw5RaiF2U2sFbQ8SA", "node.id": "hOnXr72RSN-CAYU_kbaKcA"  }
{"type": "server", "timestamp": "2025-10-01T20:12:44,672+02:00", "level": "INFO", "component": "o.e.c.m.MetadataIndexTemplateService", "cluster.name": "docker-cluster", "node.name": "nid007627", "message": "adding component template [synthetics-mappings]", "cluster.uuid": "4a3Mtnw5RaiF2U2sFbQ8SA", "node.id": "hOnXr72RSN-CAYU_kbaKcA"  }
{"type": "server", "timestamp": "2025-10-01T20:12:44,723+02:00", "level": "INFO", "component": "o.e.c.m.MetadataIndexTemplateService", "cluster.name": "docker-cluster", "node.name": "nid007627", "message": "adding component template [synthetics-settings]", "cluster.uuid": "4a3Mtnw5RaiF2U2sFbQ8SA", "node.id": "hOnXr72RSN-CAYU_kbaKcA"  }
{"type": "server", "timestamp": "2025-10-01T20:12:44,788+02:00", "level": "INFO", "component": "o.e.c.m.MetadataIndexTemplateService", "cluster.name": "docker-cluster", "node.name": "nid007627", "message": "adding component template [logs-mappings]", "cluster.uuid": "4a3Mtnw5RaiF2U2sFbQ8SA", "node.id": "hOnXr72RSN-CAYU_kbaKcA"  }
{"type": "server", "timestamp": "2025-10-01T20:12:44,843+02:00", "level": "INFO", "component": "o.e.c.m.MetadataIndexTemplateService", "cluster.name": "docker-cluster", "node.name": "nid007627", "message": "adding component template [metrics-mappings]", "cluster.uuid": "4a3Mtnw5RaiF2U2sFbQ8SA", "node.id": "hOnXr72RSN-CAYU_kbaKcA"  }
{"type": "server", "timestamp": "2025-10-01T20:12:44,939+02:00", "level": "INFO", "component": "o.e.c.m.MetadataIndexTemplateService", "cluster.name": "docker-cluster", "node.name": "nid007627", "message": "adding index template [.watch-history-13] for index patterns [.watcher-history-13*]", "cluster.uuid": "4a3Mtnw5RaiF2U2sFbQ8SA", "node.id": "hOnXr72RSN-CAYU_kbaKcA"  }
{"type": "server", "timestamp": "2025-10-01T20:12:44,992+02:00", "level": "INFO", "component": "o.e.c.m.MetadataIndexTemplateService", "cluster.name": "docker-cluster", "node.name": "nid007627", "message": "adding index template [ilm-history] for index patterns [ilm-history-5*]", "cluster.uuid": "4a3Mtnw5RaiF2U2sFbQ8SA", "node.id": "hOnXr72RSN-CAYU_kbaKcA"  }
{"type": "server", "timestamp": "2025-10-01T20:12:45,047+02:00", "level": "INFO", "component": "o.e.c.m.MetadataIndexTemplateService", "cluster.name": "docker-cluster", "node.name": "nid007627", "message": "adding index template [.slm-history] for index patterns [.slm-history-5*]", "cluster.uuid": "4a3Mtnw5RaiF2U2sFbQ8SA", "node.id": "hOnXr72RSN-CAYU_kbaKcA"  }
{"type": "server", "timestamp": "2025-10-01T20:12:45,100+02:00", "level": "INFO", "component": "o.e.c.m.MetadataIndexTemplateService", "cluster.name": "docker-cluster", "node.name": "nid007627", "message": "adding component template [.deprecation-indexing-mappings]", "cluster.uuid": "4a3Mtnw5RaiF2U2sFbQ8SA", "node.id": "hOnXr72RSN-CAYU_kbaKcA"  }
{"type": "server", "timestamp": "2025-10-01T20:12:45,151+02:00", "level": "INFO", "component": "o.e.c.m.MetadataIndexTemplateService", "cluster.name": "docker-cluster", "node.name": "nid007627", "message": "adding component template [.deprecation-indexing-settings]", "cluster.uuid": "4a3Mtnw5RaiF2U2sFbQ8SA", "node.id": "hOnXr72RSN-CAYU_kbaKcA"  }
{"type": "server", "timestamp": "2025-10-01T20:12:45,249+02:00", "level": "INFO", "component": "o.e.c.m.MetadataIndexTemplateService", "cluster.name": "docker-cluster", "node.name": "nid007627", "message": "adding index template [synthetics] for index patterns [synthetics-*-*]", "cluster.uuid": "4a3Mtnw5RaiF2U2sFbQ8SA", "node.id": "hOnXr72RSN-CAYU_kbaKcA"  }
{"type": "server", "timestamp": "2025-10-01T20:12:45,291+02:00", "level": "INFO", "component": "o.e.c.m.MetadataIndexTemplateService", "cluster.name": "docker-cluster", "node.name": "nid007627", "message": "adding index template [logs] for index patterns [logs-*-*]", "cluster.uuid": "4a3Mtnw5RaiF2U2sFbQ8SA", "node.id": "hOnXr72RSN-CAYU_kbaKcA"  }
{"type": "server", "timestamp": "2025-10-01T20:12:45,361+02:00", "level": "INFO", "component": "o.e.c.m.MetadataIndexTemplateService", "cluster.name": "docker-cluster", "node.name": "nid007627", "message": "adding index template [metrics] for index patterns [metrics-*-*]", "cluster.uuid": "4a3Mtnw5RaiF2U2sFbQ8SA", "node.id": "hOnXr72RSN-CAYU_kbaKcA"  }
{"type": "server", "timestamp": "2025-10-01T20:12:45,405+02:00", "level": "INFO", "component": "o.e.c.m.MetadataIndexTemplateService", "cluster.name": "docker-cluster", "node.name": "nid007627", "message": "adding index template [.deprecation-indexing-template] for index patterns [.logs-deprecation.*]", "cluster.uuid": "4a3Mtnw5RaiF2U2sFbQ8SA", "node.id": "hOnXr72RSN-CAYU_kbaKcA"  }
{"type": "server", "timestamp": "2025-10-01T20:12:45,454+02:00", "level": "INFO", "component": "o.e.x.i.a.TransportPutLifecycleAction", "cluster.name": "docker-cluster", "node.name": "nid007627", "message": "adding index lifecycle policy [ml-size-based-ilm-policy]", "cluster.uuid": "4a3Mtnw5RaiF2U2sFbQ8SA", "node.id": "hOnXr72RSN-CAYU_kbaKcA"  }
{"type": "server", "timestamp": "2025-10-01T20:12:45,529+02:00", "level": "INFO", "component": "o.e.x.i.a.TransportPutLifecycleAction", "cluster.name": "docker-cluster", "node.name": "nid007627", "message": "adding index lifecycle policy [logs]", "cluster.uuid": "4a3Mtnw5RaiF2U2sFbQ8SA", "node.id": "hOnXr72RSN-CAYU_kbaKcA"  }
{"type": "server", "timestamp": "2025-10-01T20:12:45,567+02:00", "level": "INFO", "component": "o.e.x.i.a.TransportPutLifecycleAction", "cluster.name": "docker-cluster", "node.name": "nid007627", "message": "adding index lifecycle policy [synthetics]", "cluster.uuid": "4a3Mtnw5RaiF2U2sFbQ8SA", "node.id": "hOnXr72RSN-CAYU_kbaKcA"  }
{"type": "server", "timestamp": "2025-10-01T20:12:45,619+02:00", "level": "INFO", "component": "o.e.x.i.a.TransportPutLifecycleAction", "cluster.name": "docker-cluster", "node.name": "nid007627", "message": "adding index lifecycle policy [metrics]", "cluster.uuid": "4a3Mtnw5RaiF2U2sFbQ8SA", "node.id": "hOnXr72RSN-CAYU_kbaKcA"  }
{"type": "server", "timestamp": "2025-10-01T20:12:45,659+02:00", "level": "INFO", "component": "o.e.x.i.a.TransportPutLifecycleAction", "cluster.name": "docker-cluster", "node.name": "nid007627", "message": "adding index lifecycle policy [7-days-default]", "cluster.uuid": "4a3Mtnw5RaiF2U2sFbQ8SA", "node.id": "hOnXr72RSN-CAYU_kbaKcA"  }
{"type": "server", "timestamp": "2025-10-01T20:12:45,716+02:00", "level": "INFO", "component": "o.e.x.i.a.TransportPutLifecycleAction", "cluster.name": "docker-cluster", "node.name": "nid007627", "message": "adding index lifecycle policy [365-days-default]", "cluster.uuid": "4a3Mtnw5RaiF2U2sFbQ8SA", "node.id": "hOnXr72RSN-CAYU_kbaKcA"  }
{"type": "server", "timestamp": "2025-10-01T20:12:45,796+02:00", "level": "INFO", "component": "o.e.x.i.a.TransportPutLifecycleAction", "cluster.name": "docker-cluster", "node.name": "nid007627", "message": "adding index lifecycle policy [180-days-default]", "cluster.uuid": "4a3Mtnw5RaiF2U2sFbQ8SA", "node.id": "hOnXr72RSN-CAYU_kbaKcA"  }
{"type": "server", "timestamp": "2025-10-01T20:12:45,845+02:00", "level": "INFO", "component": "o.e.x.i.a.TransportPutLifecycleAction", "cluster.name": "docker-cluster", "node.name": "nid007627", "message": "adding index lifecycle policy [30-days-default]", "cluster.uuid": "4a3Mtnw5RaiF2U2sFbQ8SA", "node.id": "hOnXr72RSN-CAYU_kbaKcA"  }
{"type": "server", "timestamp": "2025-10-01T20:12:45,902+02:00", "level": "INFO", "component": "o.e.x.i.a.TransportPutLifecycleAction", "cluster.name": "docker-cluster", "node.name": "nid007627", "message": "adding index lifecycle policy [90-days-default]", "cluster.uuid": "4a3Mtnw5RaiF2U2sFbQ8SA", "node.id": "hOnXr72RSN-CAYU_kbaKcA"  }
{"type": "server", "timestamp": "2025-10-01T20:12:45,959+02:00", "level": "INFO", "component": "o.e.x.i.a.TransportPutLifecycleAction", "cluster.name": "docker-cluster", "node.name": "nid007627", "message": "adding index lifecycle policy [watch-history-ilm-policy]", "cluster.uuid": "4a3Mtnw5RaiF2U2sFbQ8SA", "node.id": "hOnXr72RSN-CAYU_kbaKcA"  }
{"type": "server", "timestamp": "2025-10-01T20:12:46,028+02:00", "level": "INFO", "component": "o.e.x.i.a.TransportPutLifecycleAction", "cluster.name": "docker-cluster", "node.name": "nid007627", "message": "adding index lifecycle policy [ilm-history-ilm-policy]", "cluster.uuid": "4a3Mtnw5RaiF2U2sFbQ8SA", "node.id": "hOnXr72RSN-CAYU_kbaKcA"  }
{"type": "server", "timestamp": "2025-10-01T20:12:46,077+02:00", "level": "INFO", "component": "o.e.x.i.a.TransportPutLifecycleAction", "cluster.name": "docker-cluster", "node.name": "nid007627", "message": "adding index lifecycle policy [slm-history-ilm-policy]", "cluster.uuid": "4a3Mtnw5RaiF2U2sFbQ8SA", "node.id": "hOnXr72RSN-CAYU_kbaKcA"  }
{"type": "server", "timestamp": "2025-10-01T20:12:46,133+02:00", "level": "INFO", "component": "o.e.x.i.a.TransportPutLifecycleAction", "cluster.name": "docker-cluster", "node.name": "nid007627", "message": "adding index lifecycle policy [.deprecation-indexing-ilm-policy]", "cluster.uuid": "4a3Mtnw5RaiF2U2sFbQ8SA", "node.id": "hOnXr72RSN-CAYU_kbaKcA"  }
{"type": "server", "timestamp": "2025-10-01T20:12:46,178+02:00", "level": "INFO", "component": "o.e.x.i.a.TransportPutLifecycleAction", "cluster.name": "docker-cluster", "node.name": "nid007627", "message": "adding index lifecycle policy [.fleet-actions-results-ilm-policy]", "cluster.uuid": "4a3Mtnw5RaiF2U2sFbQ8SA", "node.id": "hOnXr72RSN-CAYU_kbaKcA"  }
{"type": "server", "timestamp": "2025-10-01T20:12:46,311+02:00", "level": "INFO", "component": "o.e.i.g.GeoIpDownloader", "cluster.name": "docker-cluster", "node.name": "nid007627", "message": "updating geoip databases", "cluster.uuid": "4a3Mtnw5RaiF2U2sFbQ8SA", "node.id": "hOnXr72RSN-CAYU_kbaKcA"  }
{"type": "server", "timestamp": "2025-10-01T20:12:46,311+02:00", "level": "INFO", "component": "o.e.i.g.GeoIpDownloader", "cluster.name": "docker-cluster", "node.name": "nid007627", "message": "fetching geoip databases overview from [https://geoip.elastic.co/v1/database?elastic_geoip_service_tos=agree]", "cluster.uuid": "4a3Mtnw5RaiF2U2sFbQ8SA", "node.id": "hOnXr72RSN-CAYU_kbaKcA"  }
{"type": "server", "timestamp": "2025-10-01T20:12:46,398+02:00", "level": "INFO", "component": "o.e.l.LicenseService", "cluster.name": "docker-cluster", "node.name": "nid007627", "message": "license [66de3355-3d07-4505-9d52-287b12b98911] mode [basic] - valid", "cluster.uuid": "4a3Mtnw5RaiF2U2sFbQ8SA", "node.id": "hOnXr72RSN-CAYU_kbaKcA"  }
2025-10-01 20:12:46,418 - INFO - GET http://localhost:9200/ [status:200 request:0.063s]
2025-10-01 20:12:46,420 - INFO - GET http://localhost:9200/ [status:200 request:0.002s]
2025-10-01 20:12:46,421 - INFO - Successfully connected to Elasticsearch at localhost:9200
2025-10-01 20:12:46,421 - INFO - Elasticsearch version: 7.17.28
{"type": "server", "timestamp": "2025-10-01T20:12:47,789+02:00", "level": "INFO", "component": "o.e.c.m.MetadataCreateIndexService", "cluster.name": "docker-cluster", "node.name": "nid007627", "message": "[.geoip_databases] creating index, cause [auto(bulk api)], templates [], shards [1]/[0]", "cluster.uuid": "4a3Mtnw5RaiF2U2sFbQ8SA", "node.id": "hOnXr72RSN-CAYU_kbaKcA"  }
{"type": "server", "timestamp": "2025-10-01T20:12:48,149+02:00", "level": "INFO", "component": "o.e.c.r.a.AllocationService", "cluster.name": "docker-cluster", "node.name": "nid007627", "message": "Cluster health status changed from [YELLOW] to [GREEN] (reason: [shards started [[.geoip_databases][0]]]).", "cluster.uuid": "4a3Mtnw5RaiF2U2sFbQ8SA", "node.id": "hOnXr72RSN-CAYU_kbaKcA"  }
2025-10-01 20:12:48,557 - INFO - === ENHANCED HARDWARE METRICS AFTER ES CONNECTION ===
2025-10-01 20:12:48,557 - INFO - Process Memory:
2025-10-01 20:12:48,557 - INFO -   RSS: 0.13 GB
2025-10-01 20:12:48,557 - INFO -   VMS: 2.28 GB
2025-10-01 20:12:48,558 - INFO -   Percent: 0.0%
2025-10-01 20:12:48,558 - INFO - System Memory:
2025-10-01 20:12:48,558 - INFO -   Used: 12.9%
2025-10-01 20:12:48,558 - INFO -   Available: 743.95 GB
2025-10-01 20:12:48,558 - INFO -   Cached: 22.34 GB
2025-10-01 20:12:48,558 - INFO - CPU Usage:
2025-10-01 20:12:48,558 - INFO -   Process: 0.0%
2025-10-01 20:12:48,558 - INFO -   System: 3.9%
2025-10-01 20:12:48,558 - INFO -   Per Core: [10.8, 0.0, 0.0, 0.0, 0.0, 0.0, 0.0, 0.0, 0.0, 0.0, 0.0, 0.0, 1.0, 7.0, 0.0, 0.0, 0.0, 0.0, 0.0, 0.0, 5.1, 0.0, 0.0, 0.0, 0.0, 0.0, 0.0, 0.0, 0.0, 0.0, 0.0, 0.0, 0.0, 1.0, 0.0, 0.0, 0.0, 7.0, 5.1, 6.1, 5.1, 5.1, 6.9, 6.1, 6.1, 4.1, 5.1, 6.0, 5.1, 5.1, 3.1, 6.1, 6.1, 7.0, 5.1, 6.1, 6.1, 5.1, 0.0, 0.0, 0.0, 1.0, 0.0, 6.1, 1.0, 0.0, 0.0, 0.0, 0.0, 0.0, 0.0, 0.0, 1.0, 6.1, 8.2, 7.0, 12.0, 8.9, 8.0, 7.9, 4.1, 2.0, 6.1, 0.0, 4.1, 6.9, 5.1, 5.1, 0.0, 0.0, 5.1, 6.0, 5.1, 0.0, 0.0, 6.9, 7.0, 5.1, 5.1, 5.1, 3.1, 6.1, 5.1, 6.1, 5.1, 6.0, 6.0, 5.1, 4.1, 6.1, 0.0, 5.1, 7.9, 6.1, 0.0, 0.0, 6.0, 6.9, 0.0, 5.1, 5.1, 4.1, 3.1, 6.1, 6.9, 1.0, 5.1, 4.1, 6.1, 4.1, 6.0, 5.1, 5.1, 4.1, 4.1, 1.0, 10.1, 3.0, 8.4, 7.1, 9.1, 17.8, 7.1, 6.1, 7.9, 5.1, 0.0, 6.1, 7.1, 0.0, 0.0, 0.0, 0.0, 1.0, 0.0, 0.0, 0.0, 0.0, 0.0, 0.0, 0.0, 0.0, 0.0, 0.0, 0.0, 0.0, 0.0, 0.0, 5.1, 6.1, 5.1, 6.9, 4.1, 5.1, 6.1, 5.1, 6.1, 6.1, 0.0, 0.0, 0.0, 0.0, 5.1, 6.0, 6.1, 5.1, 6.1, 4.1, 6.1, 6.1, 0.0, 5.1, 4.1, 8.8, 6.1, 4.1, 5.1, 0.0, 0.0, 0.0, 0.0, 0.0, 6.1, 6.1, 0.0, 0.0, 0.0, 0.0, 0.0, 0.0, 6.0, 5.1, 0.0, 0.0, 6.1, 6.1, 1.0, 7.0, 6.1, 7.9, 6.0, 7.0, 6.1, 7.1, 6.1, 6.1, 8.0, 6.1, 6.1, 7.0, 5.1, 6.1, 7.0, 7.0, 7.0, 7.9, 8.0, 4.1, 7.0, 6.1, 1.0, 7.9, 7.0, 7.0, 8.0, 1.0, 6.1, 7.0, 6.1, 7.0, 6.0, 7.9, 7.0, 7.0, 6.1, 8.0, 6.1, 7.0, 7.0, 1.0, 5.1, 7.0, 4.1, 4.1, 7.0, 4.1, 7.0, 6.0, 5.1, 7.0, 6.0, 6.1, 5.1, 6.1, 6.1, 6.1, 4.1, 5.1, 4.1, 4.1, 5.1, 0.0, 5.1, 4.1, 6.0, 1.0, 5.1, 7.9]
2025-10-01 20:12:48,558 - INFO - Disk I/O:
2025-10-01 20:12:48,558 - INFO -   Read: 44.37 GB
2025-10-01 20:12:48,558 - INFO -   Write: 0.00 GB
2025-10-01 20:12:48,558 - INFO -   Read Rate: 445469 ops
2025-10-01 20:12:48,558 - INFO -   Write Rate: 0 ops
2025-10-01 20:12:48,558 - INFO - Network I/O:
2025-10-01 20:12:48,559 - INFO -   Sent: 512.38 GB
2025-10-01 20:12:48,559 - INFO -   Received: 310.28 GB
2025-10-01 20:12:48,559 - INFO - ==================================================
2025-10-01 20:12:48,559 - INFO - Creating Elasticsearch index with size-based dynamic sharding...
2025-10-01 20:12:48,564 - INFO - === SHARD CALCULATION (SIZE-BASED ONLY) ===
2025-10-01 20:12:48,564 - INFO - Raw data size: 3.12 GB
2025-10-01 20:12:48,564 - INFO - Estimated ES indexed size: 2.19 GB (factor: 0.7x)
2025-10-01 20:12:48,564 - INFO - Target shard size range: 10.0-50.0 GB
2025-10-01 20:12:48,564 - INFO - Calculation results:
2025-10-01 20:12:48,564 - INFO -   Target shard size: 30.0 GB
2025-10-01 20:12:48,565 - INFO -   Calculated shards: 1
2025-10-01 20:12:48,565 - INFO -   Actual size per shard: 2.2 GB
2025-10-01 20:12:48,565 - WARNING - INFO: Size per shard (2.2GB) below min (10.0GB) - this is OK for smaller datasets
2025-10-01 20:12:48,565 - INFO - =============================================
2025-10-01 20:12:48,565 - INFO - Using default index configuration
2025-10-01 20:12:48,565 - INFO - Creating index 'gutenberg' with:
2025-10-01 20:12:48,565 - INFO -   Shards: 1
2025-10-01 20:12:48,565 - INFO -   Replicas: 0
2025-10-01 20:12:48,565 - INFO -   Refresh interval: -1
{"type": "server", "timestamp": "2025-10-01T20:12:48,592+02:00", "level": "INFO", "component": "o.e.c.m.MetadataCreateIndexService", "cluster.name": "docker-cluster", "node.name": "nid007627", "message": "[gutenberg] creating index, cause [api], templates [], shards [1]/[0]", "cluster.uuid": "4a3Mtnw5RaiF2U2sFbQ8SA", "node.id": "hOnXr72RSN-CAYU_kbaKcA"  }
{"type": "server", "timestamp": "2025-10-01T20:12:48,759+02:00", "level": "INFO", "component": "o.e.c.r.a.AllocationService", "cluster.name": "docker-cluster", "node.name": "nid007627", "message": "Cluster health status changed from [YELLOW] to [GREEN] (reason: [shards started [[gutenberg][0]]]).", "cluster.uuid": "4a3Mtnw5RaiF2U2sFbQ8SA", "node.id": "hOnXr72RSN-CAYU_kbaKcA"  }
2025-10-01 20:12:48,808 - INFO - PUT http://localhost:9200/gutenberg [status:200 request:0.242s]
2025-10-01 20:12:48,808 - INFO - Created index 'gutenberg' with configuration
{"type": "server", "timestamp": "2025-10-01T20:12:48,877+02:00", "level": "INFO", "component": "o.e.i.g.DatabaseNodeService", "cluster.name": "docker-cluster", "node.name": "nid007627", "message": "retrieve geoip database [GeoLite2-ASN.mmdb] from [.geoip_databases] to [/tmp/elasticsearch-6107567031115454383/geoip-databases/hOnXr72RSN-CAYU_kbaKcA/GeoLite2-ASN.mmdb.tmp.gz]", "cluster.uuid": "4a3Mtnw5RaiF2U2sFbQ8SA", "node.id": "hOnXr72RSN-CAYU_kbaKcA"  }
{"type": "server", "timestamp": "2025-10-01T20:12:48,885+02:00", "level": "INFO", "component": "o.e.i.g.GeoIpDownloader", "cluster.name": "docker-cluster", "node.name": "nid007627", "message": "successfully downloaded geoip database [GeoLite2-ASN.mmdb]", "cluster.uuid": "4a3Mtnw5RaiF2U2sFbQ8SA", "node.id": "hOnXr72RSN-CAYU_kbaKcA"  }
{"type": "server", "timestamp": "2025-10-01T20:12:49,002+02:00", "level": "INFO", "component": "o.e.i.g.DatabaseNodeService", "cluster.name": "docker-cluster", "node.name": "nid007627", "message": "successfully reloaded changed geoip database file [/tmp/elasticsearch-6107567031115454383/geoip-databases/hOnXr72RSN-CAYU_kbaKcA/GeoLite2-ASN.mmdb]", "cluster.uuid": "4a3Mtnw5RaiF2U2sFbQ8SA", "node.id": "hOnXr72RSN-CAYU_kbaKcA"  }
2025-10-01 20:12:50,915 - INFO - === ENHANCED HARDWARE METRICS AFTER INDEX CREATION ===
2025-10-01 20:12:50,915 - INFO - Process Memory:
2025-10-01 20:12:50,915 - INFO -   RSS: 0.13 GB
2025-10-01 20:12:50,915 - INFO -   VMS: 2.29 GB
2025-10-01 20:12:50,915 - INFO -   Percent: 0.0%
2025-10-01 20:12:50,915 - INFO - System Memory:
2025-10-01 20:12:50,915 - INFO -   Used: 12.9%
2025-10-01 20:12:50,915 - INFO -   Available: 743.92 GB
2025-10-01 20:12:50,915 - INFO -   Cached: 22.35 GB
2025-10-01 20:12:50,915 - INFO - CPU Usage:
2025-10-01 20:12:50,915 - INFO -   Process: 0.0%
2025-10-01 20:12:50,916 - INFO -   System: 0.4%
2025-10-01 20:12:50,916 - INFO -   Per Core: [6.9, 0.0, 0.0, 0.0, 0.0, 0.0, 0.0, 0.0, 0.0, 0.0, 0.0, 0.0, 0.0, 0.0, 0.0, 0.0, 0.0, 0.0, 0.0, 0.0, 0.0, 0.0, 0.0, 0.0, 0.0, 0.0, 1.0, 0.0, 0.0, 0.0, 0.0, 0.0, 0.0, 0.0, 0.0, 0.0, 0.0, 0.0, 0.0, 0.0, 0.0, 0.0, 0.0, 0.0, 0.0, 0.0, 0.0, 0.0, 0.0, 0.0, 0.0, 0.0, 0.0, 0.0, 0.0, 0.0, 0.0, 0.0, 0.0, 0.0, 0.0, 0.0, 0.0, 0.0, 0.0, 0.0, 0.0, 0.0, 0.0, 0.0, 0.0, 0.0, 1.0, 0.0, 10.7, 0.0, 8.3, 0.0, 6.9, 1.0, 0.0, 0.0, 1.0, 0.0, 0.0, 0.0, 0.0, 0.0, 0.0, 0.0, 0.0, 0.0, 0.0, 0.0, 0.0, 0.0, 0.0, 0.0, 0.0, 0.0, 0.0, 0.0, 0.0, 0.0, 0.0, 0.0, 0.0, 0.0, 0.0, 0.0, 0.0, 0.0, 0.0, 37.0, 0.0, 0.0, 0.0, 0.0, 0.0, 0.0, 0.0, 0.0, 0.0, 0.0, 0.0, 0.0, 0.0, 0.0, 0.0, 0.0, 0.0, 0.0, 1.0, 0.0, 0.0, 0.0, 3.0, 1.0, 5.9, 0.0, 0.0, 12.1, 0.0, 0.0, 0.0, 0.0, 0.0, 0.0, 0.0, 0.0, 0.0, 0.0, 0.0, 0.0, 0.0, 0.0, 0.0, 0.0, 0.0, 0.0, 5.0, 0.0, 0.0, 0.0, 0.0, 0.0, 0.0, 0.0, 0.0, 0.0, 0.0, 0.0, 0.0, 0.0, 0.0, 0.0, 0.0, 0.0, 1.0, 0.0, 0.0, 0.0, 0.0, 0.0, 0.0, 0.0, 0.0, 0.0, 0.0, 0.0, 0.0, 0.0, 0.0, 1.0, 0.0, 0.0, 0.0, 0.0, 0.0, 0.0, 0.0, 0.0, 1.0, 0.0, 0.0, 0.0, 0.0, 0.0, 0.0, 0.0, 0.0, 0.0, 0.0, 0.0, 0.0, 0.0, 1.0, 0.0, 0.0, 0.0, 0.0, 0.0, 0.0, 0.0, 0.0, 0.0, 0.0, 0.0, 0.0, 0.0, 0.0, 0.0, 0.0, 0.0, 0.0, 0.0, 0.0, 0.0, 0.0, 0.0, 0.0, 0.0, 0.0, 0.0, 0.0, 0.0, 0.0, 0.0, 0.0, 0.0, 0.0, 0.0, 0.0, 0.0, 0.0, 0.0, 0.0, 0.0, 0.0, 0.0, 0.0, 0.0, 0.0, 0.0, 0.0, 0.0, 0.0, 0.0, 0.0, 0.0, 0.0, 1.0, 0.0, 0.0, 0.0, 0.0, 0.0, 0.0, 0.0, 0.0, 0.0, 0.0, 0.0, 0.0, 0.0, 0.0, 0.0, 0.0]
2025-10-01 20:12:50,916 - INFO - Disk I/O:
2025-10-01 20:12:50,916 - INFO -   Read: 44.37 GB
2025-10-01 20:12:50,916 - INFO -   Write: 0.00 GB
2025-10-01 20:12:50,916 - INFO -   Read Rate: 445469 ops
2025-10-01 20:12:50,916 - INFO -   Write Rate: 0 ops
2025-10-01 20:12:50,916 - INFO - Network I/O:
2025-10-01 20:12:50,916 - INFO -   Sent: 512.43 GB
2025-10-01 20:12:50,916 - INFO -   Received: 310.31 GB
2025-10-01 20:12:50,916 - INFO - ==================================================
2025-10-01 20:12:50,916 - INFO - Starting document indexing...
2025-10-01 20:12:50,916 - INFO - Processing 1 parquet files
2025-10-01 20:12:50,916 - INFO - Processing file 1/1: 00000_tokens.parquet
{"type": "server", "timestamp": "2025-10-01T20:12:51,331+02:00", "level": "INFO", "component": "o.e.i.g.DatabaseNodeService", "cluster.name": "docker-cluster", "node.name": "nid007627", "message": "retrieve geoip database [GeoLite2-City.mmdb] from [.geoip_databases] to [/tmp/elasticsearch-6107567031115454383/geoip-databases/hOnXr72RSN-CAYU_kbaKcA/GeoLite2-City.mmdb.tmp.gz]", "cluster.uuid": "4a3Mtnw5RaiF2U2sFbQ8SA", "node.id": "hOnXr72RSN-CAYU_kbaKcA"  }
{"type": "server", "timestamp": "2025-10-01T20:12:51,339+02:00", "level": "INFO", "component": "o.e.i.g.GeoIpDownloader", "cluster.name": "docker-cluster", "node.name": "nid007627", "message": "successfully downloaded geoip database [GeoLite2-City.mmdb]", "cluster.uuid": "4a3Mtnw5RaiF2U2sFbQ8SA", "node.id": "hOnXr72RSN-CAYU_kbaKcA"  }
{"type": "server", "timestamp": "2025-10-01T20:12:51,696+02:00", "level": "INFO", "component": "o.e.i.g.DatabaseNodeService", "cluster.name": "docker-cluster", "node.name": "nid007627", "message": "successfully reloaded changed geoip database file [/tmp/elasticsearch-6107567031115454383/geoip-databases/hOnXr72RSN-CAYU_kbaKcA/GeoLite2-City.mmdb]", "cluster.uuid": "4a3Mtnw5RaiF2U2sFbQ8SA", "node.id": "hOnXr72RSN-CAYU_kbaKcA"  }
{"type": "server", "timestamp": "2025-10-01T20:12:52,534+02:00", "level": "INFO", "component": "o.e.i.g.DatabaseNodeService", "cluster.name": "docker-cluster", "node.name": "nid007627", "message": "retrieve geoip database [GeoLite2-Country.mmdb] from [.geoip_databases] to [/tmp/elasticsearch-6107567031115454383/geoip-databases/hOnXr72RSN-CAYU_kbaKcA/GeoLite2-Country.mmdb.tmp.gz]", "cluster.uuid": "4a3Mtnw5RaiF2U2sFbQ8SA", "node.id": "hOnXr72RSN-CAYU_kbaKcA"  }
{"type": "server", "timestamp": "2025-10-01T20:12:52,542+02:00", "level": "INFO", "component": "o.e.i.g.GeoIpDownloader", "cluster.name": "docker-cluster", "node.name": "nid007627", "message": "successfully downloaded geoip database [GeoLite2-Country.mmdb]", "cluster.uuid": "4a3Mtnw5RaiF2U2sFbQ8SA", "node.id": "hOnXr72RSN-CAYU_kbaKcA"  }
{"type": "server", "timestamp": "2025-10-01T20:12:52,593+02:00", "level": "INFO", "component": "o.e.i.g.DatabaseNodeService", "cluster.name": "docker-cluster", "node.name": "nid007627", "message": "successfully reloaded changed geoip database file [/tmp/elasticsearch-6107567031115454383/geoip-databases/hOnXr72RSN-CAYU_kbaKcA/GeoLite2-Country.mmdb]", "cluster.uuid": "4a3Mtnw5RaiF2U2sFbQ8SA", "node.id": "hOnXr72RSN-CAYU_kbaKcA"  }
2025-10-01 20:12:53,023 - INFO - === ENHANCED HARDWARE METRICS BEFORE FILE 1 ===
2025-10-01 20:12:53,023 - INFO - Process Memory:
2025-10-01 20:12:53,023 - INFO -   RSS: 0.13 GB
2025-10-01 20:12:53,023 - INFO -   VMS: 2.29 GB
2025-10-01 20:12:53,023 - INFO -   Percent: 0.0%
2025-10-01 20:12:53,023 - INFO - System Memory:
2025-10-01 20:12:53,023 - INFO -   Used: 12.9%
2025-10-01 20:12:53,023 - INFO -   Available: 744.47 GB
2025-10-01 20:12:53,023 - INFO -   Cached: 22.36 GB
2025-10-01 20:12:53,023 - INFO - CPU Usage:
2025-10-01 20:12:53,023 - INFO -   Process: 0.0%
2025-10-01 20:12:53,024 - INFO -   System: 0.2%
2025-10-01 20:12:53,024 - INFO -   Per Core: [3.0, 0.0, 0.0, 0.0, 0.0, 0.0, 0.0, 0.0, 0.0, 0.0, 0.0, 0.0, 1.0, 0.0, 0.0, 0.0, 0.0, 0.0, 0.0, 0.0, 0.0, 0.0, 0.0, 0.0, 0.0, 0.0, 0.0, 0.0, 0.0, 0.0, 0.0, 0.0, 0.0, 0.0, 0.0, 0.0, 0.0, 0.0, 0.0, 0.0, 0.0, 0.0, 0.0, 0.0, 0.0, 0.0, 0.0, 0.0, 0.0, 0.0, 0.0, 0.0, 0.0, 0.0, 0.0, 0.0, 0.0, 0.0, 0.0, 0.0, 0.0, 0.0, 0.0, 0.0, 0.0, 0.0, 0.0, 2.0, 0.0, 0.0, 0.0, 0.0, 2.0, 0.0, 4.2, 4.0, 3.9, 0.0, 4.0, 0.0, 0.0, 0.0, 0.0, 3.9, 0.0, 0.0, 0.0, 0.0, 0.0, 0.0, 0.0, 0.0, 0.0, 0.0, 0.0, 0.0, 0.0, 0.0, 0.0, 0.0, 0.0, 0.0, 0.0, 0.0, 0.0, 0.0, 0.0, 0.0, 0.0, 1.0, 0.0, 0.0, 0.0, 0.0, 0.0, 0.0, 0.0, 0.0, 0.0, 0.0, 0.0, 0.0, 0.0, 0.0, 0.0, 0.0, 0.0, 0.0, 0.0, 0.0, 0.0, 0.0, 0.0, 0.0, 0.0, 0.0, 3.0, 0.0, 3.0, 0.0, 0.0, 4.0, 1.0, 1.0, 0.0, 0.0, 0.0, 0.0, 0.0, 0.0, 0.0, 0.0, 0.0, 0.0, 0.0, 0.0, 0.0, 0.0, 0.0, 0.0, 0.0, 0.0, 0.0, 0.0, 0.0, 0.0, 0.0, 0.0, 0.0, 0.0, 0.0, 0.0, 0.0, 0.0, 0.0, 0.0, 0.0, 0.0, 1.0, 0.0, 0.0, 0.0, 0.0, 0.0, 0.0, 0.0, 0.0, 0.0, 0.0, 0.0, 0.0, 0.0, 0.0, 0.0, 0.0, 0.0, 1.0, 0.0, 1.0, 0.0, 0.0, 0.0, 0.0, 0.0, 0.0, 0.0, 0.0, 0.0, 0.0, 0.0, 0.0, 0.0, 0.0, 0.0, 0.0, 0.0, 2.0, 0.0, 0.0, 0.0, 0.0, 0.0, 0.0, 0.0, 0.0, 0.0, 0.0, 0.0, 0.0, 0.0, 0.0, 0.0, 0.0, 0.0, 0.0, 0.0, 0.0, 0.0, 0.0, 0.0, 0.0, 0.0, 0.0, 0.0, 0.0, 0.0, 0.0, 0.0, 0.0, 0.0, 0.0, 0.0, 0.0, 0.0, 0.0, 0.0, 0.0, 0.0, 0.0, 0.0, 0.0, 0.0, 0.0, 0.0, 0.0, 0.0, 0.0, 0.0, 0.0, 0.0, 0.0, 0.0, 0.0, 0.0, 0.0, 0.0, 0.0, 0.0, 0.0, 0.0, 0.0, 0.0, 0.0, 0.0, 0.0, 1.0, 0.0, 0.0]
2025-10-01 20:12:53,024 - INFO - Disk I/O:
2025-10-01 20:12:53,024 - INFO -   Read: 44.37 GB
2025-10-01 20:12:53,024 - INFO -   Write: 0.00 GB
2025-10-01 20:12:53,024 - INFO -   Read Rate: 445469 ops
2025-10-01 20:12:53,024 - INFO -   Write Rate: 0 ops
2025-10-01 20:12:53,024 - INFO - Network I/O:
2025-10-01 20:12:53,024 - INFO -   Sent: 512.48 GB
2025-10-01 20:12:53,024 - INFO -   Received: 310.32 GB
2025-10-01 20:12:53,024 - INFO - ==================================================
2025-10-01 20:12:53,058 - INFO - Opening parquet file for streaming: 00000_tokens.parquet
2025-10-01 20:12:53,105 - INFO - File has 213,000 rows in 107 row groups
2025-10-01 20:13:05,884 - INFO - POST http://localhost:9200/_bulk [status:200 request:11.750s]
2025-10-01 20:13:07,288 - INFO - POST http://localhost:9200/_bulk [status:200 request:12.391s]
2025-10-01 20:13:08,020 - INFO - POST http://localhost:9200/_bulk [status:200 request:12.315s]
2025-10-01 20:13:10,715 - INFO - POST http://localhost:9200/_bulk [status:200 request:14.238s]
2025-10-01 20:13:11,007 - INFO - POST http://localhost:9200/_bulk [status:200 request:13.756s]
2025-10-01 20:13:11,077 - INFO - Progress: 10,000 indexed, 0 failed, Rate: 496.0 docs/sec, Elapsed: 20.2s
2025-10-01 20:13:13,034 - INFO - POST http://localhost:9200/_bulk [status:200 request:14.297s]
2025-10-01 20:13:13,303 - INFO - POST http://localhost:9200/_bulk [status:200 request:13.719s]
2025-10-01 20:13:13,898 - INFO - POST http://localhost:9200/_bulk [status:200 request:15.902s]
2025-10-01 20:13:14,106 - INFO - === ENHANCED HARDWARE METRICS BULK INDEXING AT 10000 DOCS ===
2025-10-01 20:13:14,106 - INFO - Process Memory:
2025-10-01 20:13:14,106 - INFO -   RSS: 4.76 GB
2025-10-01 20:13:14,106 - INFO -   VMS: 8.24 GB
2025-10-01 20:13:14,106 - INFO -   Percent: 0.5%
2025-10-01 20:13:14,106 - INFO - System Memory:
2025-10-01 20:13:14,106 - INFO -   Used: 13.7%
2025-10-01 20:13:14,106 - INFO -   Available: 737.51 GB
2025-10-01 20:13:14,106 - INFO -   Cached: 23.94 GB
2025-10-01 20:13:14,106 - INFO - CPU Usage:
2025-10-01 20:13:14,106 - INFO -   Process: 101.4%
2025-10-01 20:13:14,106 - INFO -   System: 3.3%
2025-10-01 20:13:14,107 - INFO -   Per Core: [2.8, 0.0, 0.0, 0.0, 0.0, 0.0, 0.0, 1.0, 0.0, 0.0, 0.0, 0.0, 0.0, 0.0, 0.9, 0.0, 0.9, 0.0, 0.0, 0.0, 0.0, 1.0, 0.9, 0.0, 0.0, 0.0, 1.0, 1.0, 0.9, 0.9, 0.0, 1.0, 1.9, 1.0, 1.9, 0.0, 0.0, 0.9, 0.0, 0.9, 0.9, 0.9, 0.9, 0.9, 1.0, 1.9, 1.0, 0.9, 0.0, 0.0, 0.0, 0.9, 0.9, 1.0, 1.0, 0.9, 0.0, 0.0, 1.0, 0.0, 0.9, 13.3, 0.0, 15.2, 0.0, 1.0, 0.9, 0.0, 0.9, 0.0, 0.0, 0.0, 1.0, 1.9, 7.5, 0.0, 0.0, 0.0, 1.0, 0.9, 0.9, 1.9, 1.0, 0.0, 0.9, 0.0, 0.9, 0.0, 2.8, 0.9, 0.9, 0.9, 0.9, 1.0, 1.0, 0.9, 0.0, 1.0, 0.9, 0.9, 0.0, 1.9, 0.0, 1.9, 0.0, 0.0, 1.9, 0.0, 0.9, 0.0, 0.0, 0.9, 0.0, 1.9, 0.9, 1.9, 0.0, 0.9, 1.9, 0.0, 0.9, 0.0, 1.0, 1.0, 0.0, 0.0, 0.0, 0.9, 1.9, 0.0, 0.9, 0.0, 1.9, 1.9, 0.0, 0.0, 0.0, 0.9, 7.5, 1.0, 95.2, 97.1, 96.2, 97.1, 0.9, 74.3, 96.2, 0.9, 1.0, 0.9, 1.9, 0.0, 0.9, 0.0, 0.9, 0.0, 0.9, 0.0, 0.0, 0.0, 0.0, 0.0, 0.9, 0.9, 0.9, 0.0, 0.9, 0.0, 0.9, 0.9, 1.0, 0.9, 0.9, 0.0, 1.0, 0.0, 0.9, 0.0, 0.0, 0.0, 1.0, 0.9, 1.0, 0.0, 0.0, 0.0, 0.0, 0.9, 1.0, 0.9, 0.0, 0.9, 0.9, 0.0, 0.9, 0.9, 1.9, 0.0, 0.9, 95.2, 1.9, 0.0, 0.0, 0.0, 0.0, 0.9, 0.9, 1.0, 0.9, 0.9, 0.0, 0.0, 0.0, 0.0, 0.0, 1.0, 0.9, 96.2, 0.9, 0.9, 0.0, 0.9, 0.9, 0.9, 0.9, 0.9, 0.0, 0.0, 0.0, 0.0, 0.0, 0.0, 0.9, 0.9, 0.9, 0.0, 0.0, 0.0, 1.0, 0.0, 0.9, 0.0, 0.0, 0.9, 0.9, 0.0, 0.0, 1.9, 0.9, 0.9, 0.0, 0.9, 0.9, 0.0, 1.0, 0.0, 0.0, 0.9, 0.9, 0.0, 0.9, 0.9, 1.0, 0.0, 1.0, 0.9, 1.0, 0.0, 0.0, 0.9, 0.9, 0.9, 0.0, 0.9, 0.9, 0.9, 1.0, 0.0, 0.0, 0.0, 0.9, 0.0, 0.9, 0.9, 0.0, 0.9, 0.9, 0.9]
2025-10-01 20:13:14,107 - INFO - Disk I/O:
2025-10-01 20:13:14,107 - INFO -   Read: 44.37 GB
2025-10-01 20:13:14,107 - INFO -   Write: 0.00 GB
2025-10-01 20:13:14,107 - INFO -   Read Rate: 445469 ops
2025-10-01 20:13:14,107 - INFO -   Write Rate: 0 ops
2025-10-01 20:13:14,107 - INFO - Network I/O:
2025-10-01 20:13:14,107 - INFO -   Sent: 515.34 GB
2025-10-01 20:13:14,107 - INFO -   Received: 311.59 GB
2025-10-01 20:13:14,107 - INFO - ==================================================
2025-10-01 20:13:19,490 - INFO - POST http://localhost:9200/_bulk [status:200 request:13.479s]
2025-10-01 20:13:19,602 - INFO - Progress: 20,000 indexed, 0 failed, Rate: 697.2 docs/sec, Elapsed: 28.7s
2025-10-01 20:13:21,786 - INFO - === ENHANCED HARDWARE METRICS BULK INDEXING AT 20000 DOCS ===
2025-10-01 20:13:21,786 - INFO - Process Memory:
2025-10-01 20:13:21,786 - INFO -   RSS: 4.34 GB
2025-10-01 20:13:21,786 - INFO -   VMS: 7.80 GB
2025-10-01 20:13:21,786 - INFO -   Percent: 0.5%
2025-10-01 20:13:21,787 - INFO - System Memory:
2025-10-01 20:13:21,787 - INFO -   Used: 13.7%
2025-10-01 20:13:21,787 - INFO -   Available: 737.65 GB
2025-10-01 20:13:21,787 - INFO -   Cached: 24.70 GB
2025-10-01 20:13:21,787 - INFO - CPU Usage:
2025-10-01 20:13:21,787 - INFO -   Process: 58.1%
2025-10-01 20:13:21,787 - INFO -   System: 2.7%
2025-10-01 20:13:21,787 - INFO -   Per Core: [3.1, 0.0, 0.0, 0.0, 0.0, 0.0, 0.0, 0.0, 0.0, 0.0, 0.0, 0.0, 0.0, 0.0, 1.0, 0.0, 0.0, 0.0, 0.0, 0.0, 0.0, 0.0, 0.0, 0.0, 0.0, 0.0, 0.0, 1.0, 0.0, 0.0, 0.0, 0.0, 1.0, 1.0, 0.0, 0.0, 0.0, 0.0, 0.0, 0.0, 0.0, 0.0, 0.0, 0.0, 0.0, 0.0, 0.0, 0.0, 0.0, 0.0, 0.0, 0.0, 0.0, 1.0, 0.0, 1.0, 0.0, 0.0, 0.0, 0.0, 0.0, 0.0, 0.0, 0.0, 0.0, 0.0, 0.0, 0.0, 0.0, 0.0, 0.0, 0.0, 2.0, 0.0, 14.3, 0.0, 2.0, 0.0, 0.0, 0.0, 0.0, 0.0, 0.0, 0.0, 0.0, 1.0, 0.0, 0.0, 15.7, 0.0, 0.0, 0.0, 0.0, 0.0, 0.0, 0.0, 0.0, 0.0, 0.0, 0.0, 0.0, 0.0, 0.0, 0.0, 0.0, 0.0, 0.0, 0.0, 0.0, 0.0, 0.0, 0.0, 0.0, 12.0, 0.0, 0.0, 0.0, 0.0, 1.0, 0.0, 0.0, 0.0, 1.0, 0.0, 0.0, 0.0, 0.0, 0.0, 0.0, 0.0, 0.0, 0.0, 0.0, 0.0, 0.0, 0.0, 0.0, 0.0, 0.0, 2.0, 87.4, 85.4, 5.0, 86.9, 1.0, 0.0, 0.0, 0.0, 0.0, 0.0, 84.2, 0.0, 0.0, 0.0, 0.0, 0.0, 0.0, 0.0, 0.0, 0.0, 0.0, 0.0, 0.0, 1.0, 0.0, 1.0, 0.0, 0.0, 0.0, 0.0, 0.0, 0.0, 1.0, 0.0, 0.0, 0.0, 0.0, 0.0, 0.0, 0.0, 0.0, 0.0, 0.0, 0.0, 0.0, 0.0, 0.0, 0.0, 0.0, 0.0, 0.0, 0.0, 0.0, 0.0, 0.0, 0.0, 0.0, 1.0, 0.0, 89.0, 0.0, 85.3, 0.0, 0.0, 0.0, 0.0, 0.0, 0.0, 0.0, 0.0, 1.0, 0.0, 0.0, 1.0, 0.0, 0.0, 73.0, 40.0, 50.5, 27.7, 0.0, 0.0, 0.0, 0.0, 0.0, 0.0, 0.0, 0.0, 0.0, 0.0, 0.0, 0.0, 0.0, 0.0, 0.0, 0.0, 0.0, 0.0, 0.0, 0.0, 0.0, 0.0, 0.0, 0.0, 0.0, 0.0, 0.0, 0.0, 0.0, 0.0, 0.0, 0.0, 0.0, 0.0, 0.0, 0.0, 0.0, 0.0, 0.0, 0.0, 0.0, 0.0, 0.0, 0.0, 0.0, 0.0, 0.0, 0.0, 0.0, 0.0, 0.0, 2.0, 0.0, 0.0, 0.0, 0.0, 0.0, 0.0, 0.0, 1.0, 0.0, 0.0, 0.0, 0.0, 0.0, 0.0, 0.0, 0.0]
2025-10-01 20:13:21,787 - INFO - Disk I/O:
2025-10-01 20:13:21,787 - INFO -   Read: 44.37 GB
2025-10-01 20:13:21,787 - INFO -   Write: 0.00 GB
2025-10-01 20:13:21,787 - INFO -   Read Rate: 445469 ops
2025-10-01 20:13:21,787 - INFO -   Write Rate: 0 ops
2025-10-01 20:13:21,787 - INFO - Network I/O:
2025-10-01 20:13:21,787 - INFO -   Sent: 516.36 GB
2025-10-01 20:13:21,787 - INFO -   Received: 311.68 GB
2025-10-01 20:13:21,787 - INFO - ==================================================
2025-10-01 20:13:21,988 - INFO - POST http://localhost:9200/_bulk [status:200 request:13.827s]
2025-10-01 20:13:23,080 - INFO - POST http://localhost:9200/_bulk [status:200 request:15.663s]
2025-10-01 20:13:23,974 - INFO - POST http://localhost:9200/_bulk [status:200 request:13.129s]
2025-10-01 20:13:24,130 - INFO - POST http://localhost:9200/_bulk [status:200 request:12.938s]
2025-10-01 20:13:25,789 - INFO - POST http://localhost:9200/_bulk [status:200 request:12.627s]
2025-10-01 20:13:25,843 - INFO - Progress: 30,000 indexed, 0 failed, Rate: 858.9 docs/sec, Elapsed: 34.9s
2025-10-01 20:13:26,440 - INFO - POST http://localhost:9200/_bulk [status:200 request:13.012s]
2025-10-01 20:13:27,499 - INFO - POST http://localhost:9200/_bulk [status:200 request:13.457s]
2025-10-01 20:13:28,285 - INFO - === ENHANCED HARDWARE METRICS BULK INDEXING AT 30000 DOCS ===
2025-10-01 20:13:28,285 - INFO - Process Memory:
2025-10-01 20:13:28,285 - INFO -   RSS: 4.38 GB
2025-10-01 20:13:28,285 - INFO -   VMS: 7.87 GB
2025-10-01 20:13:28,285 - INFO -   Percent: 0.5%
2025-10-01 20:13:28,285 - INFO - System Memory:
2025-10-01 20:13:28,285 - INFO -   Used: 13.9%
2025-10-01 20:13:28,286 - INFO -   Available: 736.09 GB
2025-10-01 20:13:28,286 - INFO -   Cached: 26.06 GB
2025-10-01 20:13:28,286 - INFO - CPU Usage:
2025-10-01 20:13:28,286 - INFO -   Process: 102.4%
2025-10-01 20:13:28,286 - INFO -   System: 3.4%
2025-10-01 20:13:28,286 - INFO -   Per Core: [1.0, 0.0, 0.0, 0.0, 0.0, 0.0, 0.0, 0.0, 0.0, 0.0, 0.0, 0.0, 1.0, 0.0, 0.0, 0.0, 0.0, 0.0, 1.0, 0.0, 0.0, 0.0, 0.0, 0.0, 0.0, 0.0, 0.0, 1.9, 0.0, 1.0, 1.0, 0.0, 1.0, 1.0, 0.0, 0.0, 0.0, 0.0, 0.0, 1.0, 0.0, 0.0, 0.0, 0.0, 0.0, 0.0, 0.0, 0.0, 0.0, 0.0, 0.0, 0.0, 1.0, 0.0, 0.0, 0.0, 0.0, 0.0, 1.0, 0.0, 0.0, 12.6, 6.9, 0.0, 79.2, 0.0, 1.0, 0.0, 0.0, 0.0, 1.0, 0.0, 2.9, 99.0, 98.0, 3.9, 3.8, 2.0, 0.0, 1.0, 3.9, 3.9, 0.0, 7.8, 7.7, 1.0, 3.8, 0.0, 0.0, 0.0, 0.0, 0.0, 0.0, 0.0, 0.0, 0.0, 0.0, 0.0, 0.0, 0.0, 0.0, 0.0, 0.0, 0.0, 0.0, 0.0, 0.0, 0.0, 0.0, 0.0, 0.0, 0.0, 0.0, 0.0, 0.0, 0.0, 0.0, 0.0, 0.0, 0.0, 0.0, 0.0, 0.0, 0.0, 0.0, 0.0, 0.0, 0.0, 0.0, 0.0, 0.0, 0.0, 0.0, 0.0, 0.0, 0.0, 0.0, 0.0, 4.9, 3.9, 99.0, 100.0, 99.0, 99.0, 2.9, 0.0, 0.0, 1.0, 0.0, 0.0, 0.0, 0.0, 0.0, 0.0, 0.0, 0.0, 0.0, 0.0, 0.0, 0.0, 0.0, 0.0, 0.0, 0.0, 0.0, 0.0, 0.0, 0.0, 0.0, 0.0, 0.0, 0.0, 0.0, 0.0, 0.0, 0.0, 0.0, 0.0, 0.0, 0.0, 0.0, 0.0, 0.0, 0.0, 0.0, 0.0, 0.0, 0.0, 0.0, 0.0, 0.0, 0.0, 0.0, 0.0, 0.0, 0.0, 0.0, 0.0, 0.0, 0.0, 0.0, 47.5, 0.0, 0.0, 0.0, 0.0, 0.0, 0.0, 0.0, 0.0, 0.0, 0.0, 0.0, 0.0, 0.0, 0.0, 32.0, 99.0, 45.2, 3.9, 2.0, 0.0, 0.0, 0.0, 0.0, 0.0, 0.0, 1.0, 0.0, 0.0, 0.0, 0.0, 0.0, 0.0, 0.0, 0.0, 0.0, 0.0, 0.0, 0.0, 0.0, 0.0, 0.0, 0.0, 0.0, 0.0, 0.0, 0.0, 0.0, 0.0, 0.0, 0.0, 0.0, 0.0, 0.0, 0.0, 0.0, 0.0, 0.0, 0.0, 0.0, 0.0, 0.0, 0.0, 0.0, 0.0, 0.0, 0.0, 0.0, 0.0, 0.0, 0.0, 0.0, 0.0, 0.0, 0.0, 0.0, 0.0, 0.0, 0.0, 0.0, 0.0, 0.0, 0.0, 0.0, 0.0, 0.0, 0.0]
2025-10-01 20:13:28,286 - INFO - Disk I/O:
2025-10-01 20:13:28,286 - INFO -   Read: 44.37 GB
2025-10-01 20:13:28,286 - INFO -   Write: 0.00 GB
2025-10-01 20:13:28,286 - INFO -   Read Rate: 445469 ops
2025-10-01 20:13:28,286 - INFO -   Write Rate: 0 ops
2025-10-01 20:13:28,286 - INFO - Network I/O:
2025-10-01 20:13:28,286 - INFO -   Sent: 517.67 GB
2025-10-01 20:13:28,286 - INFO -   Received: 312.22 GB
2025-10-01 20:13:28,287 - INFO - ==================================================
2025-10-01 20:13:31,665 - INFO - POST http://localhost:9200/_bulk [status:200 request:12.042s]
2025-10-01 20:13:33,629 - INFO - POST http://localhost:9200/_bulk [status:200 request:11.513s]
2025-10-01 20:13:33,662 - INFO - Progress: 40,000 indexed, 0 failed, Rate: 935.8 docs/sec, Elapsed: 42.7s
2025-10-01 20:13:35,626 - INFO - POST http://localhost:9200/_bulk [status:200 request:12.415s]
2025-10-01 20:13:36,052 - INFO - === ENHANCED HARDWARE METRICS BULK INDEXING AT 40000 DOCS ===
2025-10-01 20:13:36,052 - INFO - Process Memory:
2025-10-01 20:13:36,052 - INFO -   RSS: 4.39 GB
2025-10-01 20:13:36,052 - INFO -   VMS: 7.87 GB
2025-10-01 20:13:36,052 - INFO -   Percent: 0.5%
2025-10-01 20:13:36,052 - INFO - System Memory:
2025-10-01 20:13:36,052 - INFO -   Used: 13.9%
2025-10-01 20:13:36,052 - INFO -   Available: 735.53 GB
2025-10-01 20:13:36,052 - INFO -   Cached: 26.84 GB
2025-10-01 20:13:36,052 - INFO - CPU Usage:
2025-10-01 20:13:36,053 - INFO -   Process: 60.3%
2025-10-01 20:13:36,053 - INFO -   System: 3.3%
2025-10-01 20:13:36,053 - INFO -   Per Core: [4.0, 0.0, 0.0, 0.0, 0.0, 0.0, 0.0, 0.0, 0.0, 0.0, 0.0, 0.0, 19.8, 1.0, 0.0, 0.0, 0.0, 0.0, 0.0, 0.0, 0.0, 0.0, 0.0, 0.0, 0.0, 0.0, 0.0, 0.0, 0.0, 0.0, 1.0, 0.0, 0.0, 0.0, 0.0, 0.0, 0.0, 1.0, 0.0, 0.0, 0.0, 0.0, 0.0, 0.0, 0.0, 0.0, 0.0, 0.0, 0.0, 0.0, 0.0, 0.0, 0.0, 1.0, 1.0, 0.0, 0.0, 0.0, 1.0, 0.0, 0.0, 0.0, 12.9, 0.0, 7.9, 0.0, 0.0, 1.0, 0.0, 0.0, 1.0, 0.0, 37.3, 0.0, 92.1, 0.0, 0.0, 17.6, 7.1, 1.0, 1.0, 0.0, 0.0, 0.0, 0.0, 0.0, 0.0, 0.0, 10.9, 0.0, 0.0, 1.9, 0.0, 0.0, 0.0, 0.0, 0.0, 0.0, 0.0, 0.0, 0.0, 0.0, 0.0, 0.0, 0.0, 0.0, 0.0, 0.0, 0.0, 1.0, 0.0, 0.0, 0.0, 0.0, 0.0, 0.0, 0.0, 0.0, 0.0, 0.0, 0.0, 0.0, 0.0, 0.0, 1.9, 0.0, 0.0, 0.0, 0.0, 0.0, 1.0, 0.0, 0.0, 0.0, 0.0, 0.0, 0.0, 0.0, 5.0, 0.0, 93.0, 80.6, 94.0, 96.0, 0.0, 0.0, 0.0, 0.0, 0.0, 1.0, 0.0, 0.0, 0.0, 0.0, 0.0, 0.0, 0.0, 0.0, 0.0, 0.0, 0.0, 0.0, 0.0, 0.0, 0.0, 0.0, 0.0, 0.0, 0.0, 0.0, 0.0, 0.0, 0.0, 0.0, 0.0, 0.0, 0.0, 0.0, 0.0, 0.0, 1.0, 0.0, 0.0, 0.0, 0.0, 0.0, 0.0, 0.0, 0.0, 0.0, 0.0, 0.0, 0.0, 0.0, 0.0, 0.0, 0.0, 0.0, 1.0, 0.0, 0.0, 1.0, 0.0, 1.0, 0.0, 0.0, 0.0, 0.0, 0.0, 0.0, 1.0, 0.0, 0.0, 0.0, 0.0, 93.1, 4.8, 95.0, 97.0, 61.4, 2.9, 0.0, 0.0, 0.0, 0.0, 0.0, 0.0, 0.0, 0.0, 0.0, 0.0, 0.0, 0.0, 0.0, 0.0, 0.0, 0.0, 0.0, 0.0, 0.0, 0.0, 0.0, 0.0, 0.0, 1.0, 0.0, 0.0, 0.0, 0.0, 0.0, 0.0, 0.0, 1.0, 0.0, 0.0, 0.0, 0.0, 0.0, 0.0, 0.0, 0.0, 0.0, 0.0, 0.0, 0.0, 1.0, 0.0, 0.0, 0.0, 0.0, 0.0, 0.0, 0.0, 0.0, 0.0, 0.0, 0.0, 0.0, 0.0, 0.0, 0.0, 0.0, 0.0, 0.0, 0.0, 0.0, 0.0, 0.0]
2025-10-01 20:13:36,053 - INFO - Disk I/O:
2025-10-01 20:13:36,053 - INFO -   Read: 44.37 GB
2025-10-01 20:13:36,053 - INFO -   Write: 0.00 GB
2025-10-01 20:13:36,053 - INFO -   Read Rate: 445469 ops
2025-10-01 20:13:36,053 - INFO -   Write Rate: 0 ops
2025-10-01 20:13:36,053 - INFO - Network I/O:
2025-10-01 20:13:36,053 - INFO -   Sent: 519.23 GB
2025-10-01 20:13:36,053 - INFO -   Received: 312.45 GB
2025-10-01 20:13:36,053 - INFO - ==================================================
2025-10-01 20:13:36,516 - INFO - POST http://localhost:9200/_bulk [status:200 request:12.231s]
2025-10-01 20:13:36,694 - INFO - POST http://localhost:9200/_bulk [status:200 request:12.595s]
2025-10-01 20:13:37,708 - INFO - POST http://localhost:9200/_bulk [status:200 request:11.777s]
2025-10-01 20:13:38,555 - INFO - POST http://localhost:9200/_bulk [status:200 request:11.960s]
2025-10-01 20:13:38,597 - INFO - Progress: 50,000 indexed, 0 failed, Rate: 1048.6 docs/sec, Elapsed: 47.7s
2025-10-01 20:13:39,402 - INFO - POST http://localhost:9200/_bulk [status:200 request:11.755s]
2025-10-01 20:13:40,843 - INFO - === ENHANCED HARDWARE METRICS BULK INDEXING AT 50000 DOCS ===
2025-10-01 20:13:40,843 - INFO - Process Memory:
2025-10-01 20:13:40,843 - INFO -   RSS: 4.49 GB
2025-10-01 20:13:40,844 - INFO -   VMS: 7.87 GB
2025-10-01 20:13:40,844 - INFO -   Percent: 0.5%
2025-10-01 20:13:40,844 - INFO - System Memory:
2025-10-01 20:13:40,844 - INFO -   Used: 14.0%
2025-10-01 20:13:40,844 - INFO -   Available: 734.81 GB
2025-10-01 20:13:40,844 - INFO -   Cached: 27.17 GB
2025-10-01 20:13:40,844 - INFO - CPU Usage:
2025-10-01 20:13:40,844 - INFO -   Process: 100.8%
2025-10-01 20:13:40,844 - INFO -   System: 3.4%
2025-10-01 20:13:40,844 - INFO -   Per Core: [3.9, 0.0, 0.0, 0.0, 0.0, 0.0, 0.0, 0.0, 0.0, 0.0, 0.0, 0.0, 0.0, 100.0, 0.0, 0.0, 0.0, 1.0, 0.0, 0.0, 0.0, 0.0, 0.0, 0.0, 0.0, 0.0, 1.0, 0.0, 0.0, 0.0, 0.0, 0.0, 0.0, 0.0, 0.0, 0.0, 0.0, 0.0, 0.0, 0.0, 0.0, 0.0, 0.0, 0.0, 0.0, 0.0, 0.0, 0.0, 1.0, 0.0, 0.0, 0.0, 0.0, 0.0, 0.0, 0.0, 0.0, 0.0, 0.0, 1.0, 0.0, 0.0, 11.0, 0.0, 68.3, 0.0, 0.0, 77.0, 1.0, 0.0, 0.0, 0.0, 21.8, 0.0, 0.0, 0.0, 0.0, 0.0, 0.0, 0.0, 0.0, 0.0, 0.0, 0.0, 0.0, 0.0, 0.0, 0.0, 0.0, 0.0, 0.0, 0.0, 0.0, 0.0, 0.0, 0.0, 0.0, 0.0, 0.0, 0.0, 0.0, 0.0, 0.0, 0.0, 0.0, 0.0, 0.0, 0.0, 0.0, 0.0, 0.0, 0.0, 0.0, 0.0, 0.0, 0.0, 0.0, 0.0, 0.0, 0.0, 0.0, 0.0, 0.0, 0.0, 0.0, 0.0, 0.0, 0.0, 0.0, 0.0, 0.0, 0.0, 0.0, 0.0, 0.0, 0.0, 0.0, 0.0, 0.0, 100.0, 100.0, 100.0, 100.0, 0.0, 0.0, 0.0, 0.0, 0.0, 0.0, 0.0, 0.0, 0.0, 0.0, 0.0, 0.0, 0.0, 0.0, 0.0, 0.0, 0.0, 4.0, 0.0, 0.0, 0.0, 0.0, 0.0, 0.0, 0.0, 0.0, 0.0, 0.0, 0.0, 0.0, 0.0, 0.0, 0.0, 0.0, 0.0, 1.0, 0.0, 0.0, 0.0, 0.0, 0.0, 0.0, 0.0, 0.0, 0.0, 0.0, 0.0, 0.0, 0.0, 0.0, 0.0, 0.0, 0.0, 0.0, 0.0, 0.0, 0.0, 0.0, 100.0, 0.0, 0.0, 0.0, 0.0, 0.0, 0.0, 0.0, 0.0, 0.0, 0.0, 0.0, 0.0, 0.0, 100.0, 0.0, 0.0, 0.0, 0.0, 100.0, 0.0, 0.0, 0.0, 0.0, 0.0, 0.0, 0.0, 0.0, 0.0, 0.0, 0.0, 0.0, 0.0, 0.0, 0.0, 0.0, 0.0, 0.0, 0.0, 0.0, 0.0, 0.0, 0.0, 0.0, 0.0, 0.0, 0.0, 0.0, 0.0, 0.0, 0.0, 0.0, 0.0, 0.0, 0.0, 0.0, 0.0, 0.0, 0.0, 0.0, 0.0, 0.0, 0.0, 0.0, 0.0, 0.0, 0.0, 0.0, 0.0, 0.0, 0.0, 0.0, 0.0, 0.0, 0.0, 0.0, 0.0, 0.0, 0.0, 0.0, 0.0, 0.0, 0.0, 0.0, 0.0, 0.0, 0.0]
2025-10-01 20:13:40,844 - INFO - Disk I/O:
2025-10-01 20:13:40,844 - INFO -   Read: 44.37 GB
2025-10-01 20:13:40,844 - INFO -   Write: 0.00 GB
2025-10-01 20:13:40,844 - INFO -   Read Rate: 445469 ops
2025-10-01 20:13:40,844 - INFO -   Write Rate: 0 ops
2025-10-01 20:13:40,844 - INFO - Network I/O:
2025-10-01 20:13:40,844 - INFO -   Sent: 520.07 GB
2025-10-01 20:13:40,845 - INFO -   Received: 312.84 GB
2025-10-01 20:13:40,845 - INFO - ==================================================
2025-10-01 20:13:44,273 - INFO - POST http://localhost:9200/_bulk [status:200 request:12.469s]
2025-10-01 20:13:45,733 - INFO - POST http://localhost:9200/_bulk [status:200 request:11.969s]
2025-10-01 20:13:47,577 - INFO - POST http://localhost:9200/_bulk [status:200 request:11.821s]
2025-10-01 20:13:47,611 - INFO - Progress: 60,000 indexed, 0 failed, Rate: 1058.3 docs/sec, Elapsed: 56.7s
2025-10-01 20:13:48,614 - INFO - POST http://localhost:9200/_bulk [status:200 request:11.763s]
2025-10-01 20:13:48,978 - INFO - POST http://localhost:9200/_bulk [status:200 request:12.331s]
2025-10-01 20:13:50,221 - INFO - === ENHANCED HARDWARE METRICS BULK INDEXING AT 60000 DOCS ===
2025-10-01 20:13:50,221 - INFO - Process Memory:
2025-10-01 20:13:50,221 - INFO -   RSS: 4.40 GB
2025-10-01 20:13:50,221 - INFO -   VMS: 7.87 GB
2025-10-01 20:13:50,222 - INFO -   Percent: 0.5%
2025-10-01 20:13:50,222 - INFO - System Memory:
2025-10-01 20:13:50,222 - INFO -   Used: 14.1%
2025-10-01 20:13:50,222 - INFO -   Available: 734.04 GB
2025-10-01 20:13:50,222 - INFO -   Cached: 27.86 GB
2025-10-01 20:13:50,222 - INFO - CPU Usage:
2025-10-01 20:13:50,222 - INFO -   Process: 77.6%
2025-10-01 20:13:50,222 - INFO -   System: 4.8%
2025-10-01 20:13:50,222 - INFO -   Per Core: [5.8, 2.9, 0.0, 2.9, 0.0, 0.0, 0.0, 2.9, 0.0, 0.0, 1.9, 2.9, 0.0, 94.2, 2.9, 0.0, 1.9, 0.0, 0.0, 1.0, 0.0, 2.9, 2.9, 2.9, 0.0, 2.0, 4.7, 2.9, 1.9, 1.0, 2.9, 1.9, 1.9, 2.9, 2.9, 0.0, 0.0, 1.9, 0.0, 2.9, 2.9, 2.9, 2.9, 2.9, 2.0, 2.9, 2.9, 2.9, 0.0, 0.0, 1.9, 1.9, 2.9, 2.9, 1.9, 1.9, 0.0, 0.0, 1.9, 1.9, 3.8, 13.6, 15.5, 0.0, 76.9, 2.9, 2.0, 0.0, 1.9, 95.1, 2.0, 0.0, 22.6, 2.9, 1.9, 1.0, 0.0, 2.9, 1.9, 2.9, 1.9, 1.9, 1.9, 1.9, 2.9, 0.0, 2.9, 0.0, 2.9, 1.9, 2.9, 1.9, 1.9, 1.9, 2.9, 0.0, 1.9, 1.9, 2.9, 1.9, 0.0, 1.9, 0.0, 2.9, 0.0, 0.0, 2.9, 0.0, 2.9, 0.0, 0.0, 2.9, 0.0, 1.9, 2.9, 1.9, 0.0, 1.9, 2.9, 0.0, 1.9, 2.9, 1.9, 2.9, 2.9, 0.0, 0.0, 1.9, 2.9, 0.0, 2.9, 0.0, 1.9, 2.9, 0.0, 1.0, 0.0, 5.7, 7.7, 92.3, 14.4, 93.2, 96.2, 95.2, 2.0, 2.9, 1.9, 1.9, 1.9, 1.9, 0.0, 1.9, 1.9, 0.0, 1.9, 0.0, 2.9, 0.0, 1.9, 0.0, 0.0, 1.9, 2.9, 2.9, 2.9, 0.0, 1.9, 0.0, 1.9, 2.9, 1.9, 2.9, 0.0, 0.0, 2.9, 2.9, 2.9, 0.0, 0.0, 46.6, 1.0, 1.9, 1.9, 0.0, 0.0, 0.0, 1.9, 2.9, 1.9, 1.9, 1.0, 1.9, 1.9, 0.0, 1.9, 2.9, 1.9, 1.9, 0.0, 0.0, 1.9, 93.1, 0.0, 0.0, 0.0, 2.9, 1.0, 2.9, 1.9, 2.9, 0.0, 0.0, 0.0, 0.0, 0.0, 2.9, 2.9, 1.9, 1.9, 1.9, 84.3, 1.9, 1.9, 1.0, 2.9, 1.9, 0.0, 0.0, 0.0, 0.0, 0.0, 0.0, 2.9, 2.9, 1.9, 0.0, 0.0, 0.0, 1.0, 1.9, 1.9, 0.0, 0.0, 2.9, 2.9, 0.0, 2.9, 1.9, 1.9, 3.8, 1.9, 1.9, 1.9, 1.9, 1.9, 0.0, 0.0, 2.9, 2.9, 2.9, 1.9, 1.9, 1.9, 2.9, 2.9, 1.9, 1.9, 0.0, 0.0, 1.9, 1.9, 1.9, 0.0, 1.9, 1.9, 2.9, 2.9, 0.0, 0.0, 0.0, 1.9, 0.0, 2.9, 2.9, 2.9, 1.9, 1.9, 2.9]
2025-10-01 20:13:50,222 - INFO - Disk I/O:
2025-10-01 20:13:50,222 - INFO -   Read: 44.37 GB
2025-10-01 20:13:50,222 - INFO -   Write: 0.00 GB
2025-10-01 20:13:50,222 - INFO -   Read Rate: 445469 ops
2025-10-01 20:13:50,222 - INFO -   Write Rate: 0 ops
2025-10-01 20:13:50,222 - INFO - Network I/O:
2025-10-01 20:13:50,223 - INFO -   Sent: 521.91 GB
2025-10-01 20:13:50,223 - INFO -   Received: 313.22 GB
2025-10-01 20:13:50,223 - INFO - ==================================================
2025-10-01 20:13:50,416 - INFO - POST http://localhost:9200/_bulk [status:200 request:12.546s]
2025-10-01 20:13:52,793 - INFO - POST http://localhost:9200/_bulk [status:200 request:14.094s]
2025-10-01 20:13:52,851 - INFO - Progress: 70,000 indexed, 0 failed, Rate: 1130.2 docs/sec, Elapsed: 61.9s
2025-10-01 20:13:53,547 - INFO - POST http://localhost:9200/_bulk [status:200 request:13.987s]
2025-10-01 20:13:55,102 - INFO - === ENHANCED HARDWARE METRICS BULK INDEXING AT 70000 DOCS ===
2025-10-01 20:13:55,102 - INFO - Process Memory:
2025-10-01 20:13:55,102 - INFO -   RSS: 4.42 GB
2025-10-01 20:13:55,102 - INFO -   VMS: 8.34 GB
2025-10-01 20:13:55,103 - INFO -   Percent: 0.5%
2025-10-01 20:13:55,103 - INFO - System Memory:
2025-10-01 20:13:55,103 - INFO -   Used: 14.2%
2025-10-01 20:13:55,103 - INFO -   Available: 733.14 GB
2025-10-01 20:13:55,103 - INFO -   Cached: 28.68 GB
2025-10-01 20:13:55,103 - INFO - CPU Usage:
2025-10-01 20:13:55,103 - INFO -   Process: 100.8%
2025-10-01 20:13:55,103 - INFO -   System: 3.6%
2025-10-01 20:13:55,103 - INFO -   Per Core: [3.0, 0.0, 0.0, 0.0, 0.0, 0.0, 0.0, 0.0, 0.0, 0.0, 0.0, 0.0, 0.0, 0.0, 0.0, 0.0, 0.0, 0.0, 0.0, 0.0, 0.0, 0.0, 0.0, 0.0, 0.0, 0.0, 0.0, 0.0, 0.0, 0.0, 0.0, 0.0, 0.0, 0.0, 0.0, 0.0, 0.0, 0.0, 0.0, 1.0, 0.0, 0.0, 0.0, 0.0, 0.0, 0.0, 0.0, 0.0, 0.0, 0.0, 0.0, 0.0, 0.0, 0.0, 1.0, 0.0, 0.0, 1.0, 0.0, 0.0, 0.0, 0.0, 6.9, 0.0, 33.7, 0.0, 0.0, 0.0, 0.0, 0.0, 3.9, 0.0, 0.0, 0.0, 87.3, 0.0, 0.0, 5.0, 0.0, 0.0, 0.0, 0.0, 0.0, 0.0, 0.0, 0.0, 0.0, 0.0, 0.0, 1.0, 1.0, 1.0, 0.0, 0.0, 0.0, 0.0, 0.0, 0.0, 0.0, 0.0, 0.0, 100.0, 76.5, 0.0, 0.0, 0.0, 0.0, 0.0, 1.0, 0.0, 0.0, 0.0, 0.0, 0.0, 0.0, 0.0, 1.0, 0.0, 0.0, 0.0, 0.0, 0.0, 0.0, 0.0, 0.0, 0.0, 1.0, 0.0, 0.0, 0.0, 0.0, 0.0, 0.0, 0.0, 0.0, 0.0, 0.0, 0.0, 0.0, 100.0, 100.0, 100.0, 100.0, 100.0, 3.9, 0.0, 1.0, 0.0, 0.0, 0.0, 0.0, 0.0, 0.0, 0.0, 0.0, 0.0, 0.0, 0.0, 0.0, 0.0, 0.0, 0.0, 0.0, 0.0, 0.0, 0.0, 0.0, 0.0, 0.0, 0.0, 0.0, 0.0, 0.0, 0.0, 0.0, 0.0, 0.0, 0.0, 0.0, 100.0, 0.0, 1.0, 0.0, 0.0, 0.0, 0.0, 0.0, 0.0, 0.0, 0.0, 0.0, 0.0, 0.0, 0.0, 0.0, 0.0, 0.0, 0.0, 0.0, 0.0, 28.4, 0.0, 76.2, 10.9, 0.0, 0.0, 0.0, 0.0, 0.0, 0.0, 1.0, 0.0, 0.0, 0.0, 0.0, 0.0, 1.0, 0.0, 0.0, 0.0, 0.0, 0.0, 0.0, 0.0, 0.0, 0.0, 0.0, 0.0, 0.0, 0.0, 0.0, 0.0, 0.0, 0.0, 0.0, 0.0, 0.0, 0.0, 0.0, 0.0, 0.0, 0.0, 0.0, 0.0, 0.0, 0.0, 0.0, 0.0, 0.0, 0.0, 0.0, 0.0, 0.0, 0.0, 1.0, 0.0, 0.0, 0.0, 0.0, 0.0, 0.0, 0.0, 0.0, 0.0, 0.0, 0.0, 0.0, 0.0, 0.0, 0.0, 0.0, 0.0, 0.0, 0.0, 0.0, 0.0, 0.0, 0.0, 0.0, 0.0, 0.0, 1.0, 0.0, 0.0, 0.0, 0.0, 0.0, 0.0]
2025-10-01 20:13:55,103 - INFO - Disk I/O:
2025-10-01 20:13:55,103 - INFO -   Read: 44.37 GB
2025-10-01 20:13:55,103 - INFO -   Write: 0.00 GB
2025-10-01 20:13:55,103 - INFO -   Read Rate: 445469 ops
2025-10-01 20:13:55,103 - INFO -   Write Rate: 0 ops
2025-10-01 20:13:55,103 - INFO - Network I/O:
2025-10-01 20:13:55,103 - INFO -   Sent: 522.97 GB
2025-10-01 20:13:55,104 - INFO -   Received: 313.46 GB
2025-10-01 20:13:55,104 - INFO - ==================================================
2025-10-01 20:13:55,899 - INFO - POST http://localhost:9200/_bulk [status:200 request:11.493s]
2025-10-01 20:13:58,273 - INFO - POST http://localhost:9200/_bulk [status:200 request:12.408s]
2025-10-01 20:13:59,361 - INFO - POST http://localhost:9200/_bulk [status:200 request:11.648s]
2025-10-01 20:14:00,739 - INFO - POST http://localhost:9200/_bulk [status:200 request:11.991s]
2025-10-01 20:14:00,794 - INFO - Progress: 80,000 indexed, 0 failed, Rate: 1144.9 docs/sec, Elapsed: 69.9s
2025-10-01 20:14:00,985 - INFO - POST http://localhost:9200/_bulk [status:200 request:11.875s]
2025-10-01 20:14:02,654 - INFO - POST http://localhost:9200/_bulk [status:200 request:12.100s]
2025-10-01 20:14:03,339 - INFO - === ENHANCED HARDWARE METRICS BULK INDEXING AT 80000 DOCS ===
2025-10-01 20:14:03,340 - INFO - Process Memory:
2025-10-01 20:14:03,340 - INFO -   RSS: 4.46 GB
2025-10-01 20:14:03,340 - INFO -   VMS: 8.34 GB
2025-10-01 20:14:03,340 - INFO -   Percent: 0.5%
2025-10-01 20:14:03,340 - INFO - System Memory:
2025-10-01 20:14:03,340 - INFO -   Used: 14.1%
2025-10-01 20:14:03,340 - INFO -   Available: 733.75 GB
2025-10-01 20:14:03,340 - INFO -   Cached: 28.68 GB
2025-10-01 20:14:03,340 - INFO - CPU Usage:
2025-10-01 20:14:03,340 - INFO -   Process: 108.2%
2025-10-01 20:14:03,340 - INFO -   System: 4.0%
2025-10-01 20:14:03,340 - INFO -   Per Core: [3.0, 0.0, 0.0, 0.0, 0.0, 0.0, 0.0, 0.0, 0.0, 0.0, 0.0, 0.0, 0.0, 0.0, 0.0, 0.0, 0.0, 0.0, 0.0, 0.0, 0.0, 0.0, 0.0, 0.0, 0.0, 0.0, 96.1, 0.0, 0.0, 1.0, 0.0, 1.0, 0.0, 0.0, 0.0, 0.0, 0.0, 1.0, 0.0, 0.0, 0.0, 0.0, 0.0, 0.0, 0.0, 1.9, 0.0, 0.0, 1.0, 0.0, 0.0, 1.0, 0.0, 0.0, 1.9, 0.0, 0.0, 0.0, 0.0, 1.9, 0.0, 13.6, 6.9, 0.0, 57.3, 0.0, 1.0, 0.0, 0.0, 0.0, 79.4, 0.0, 35.3, 0.0, 13.7, 0.0, 0.0, 10.8, 1.0, 1.9, 1.0, 0.0, 0.0, 0.0, 0.0, 0.0, 1.0, 0.0, 11.8, 0.0, 0.0, 0.0, 1.0, 0.0, 1.0, 0.0, 0.0, 0.0, 1.0, 0.0, 0.0, 0.0, 0.0, 0.0, 0.0, 0.0, 0.0, 0.0, 0.0, 1.0, 0.0, 0.0, 0.0, 0.0, 0.0, 0.0, 0.0, 0.0, 0.0, 0.0, 0.0, 0.0, 0.0, 0.0, 0.0, 0.0, 0.0, 0.0, 0.0, 0.0, 0.0, 0.0, 0.0, 0.0, 0.0, 0.0, 0.0, 0.0, 4.9, 94.1, 95.2, 98.1, 97.1, 51.5, 1.0, 0.0, 1.0, 0.0, 0.0, 0.0, 0.0, 0.0, 0.0, 0.0, 0.0, 0.0, 0.0, 0.0, 0.0, 0.0, 0.0, 0.0, 0.0, 0.0, 0.0, 0.0, 0.0, 0.0, 1.0, 0.0, 0.0, 0.0, 0.0, 0.0, 0.0, 0.0, 0.0, 0.0, 0.0, 0.0, 0.0, 1.0, 0.0, 0.0, 0.0, 0.0, 0.0, 0.0, 0.0, 0.0, 0.0, 0.0, 0.0, 0.0, 0.0, 0.0, 0.0, 1.0, 1.0, 0.0, 0.0, 0.0, 0.0, 97.1, 0.0, 92.2, 0.0, 0.0, 6.9, 0.0, 1.0, 0.0, 0.0, 0.0, 0.0, 0.0, 15.0, 65.7, 80.8, 0.0, 0.0, 0.0, 0.0, 0.0, 0.0, 0.0, 0.0, 0.0, 0.0, 0.0, 1.0, 0.0, 0.0, 0.0, 0.0, 0.0, 0.0, 0.0, 0.0, 0.0, 0.0, 0.0, 0.0, 0.0, 0.0, 0.0, 0.0, 0.0, 0.0, 0.0, 0.0, 0.0, 0.0, 0.0, 0.0, 0.0, 0.0, 0.0, 0.0, 0.0, 0.0, 0.0, 0.0, 0.0, 0.0, 0.0, 0.0, 0.0, 0.0, 0.0, 0.0, 0.0, 0.0, 0.0, 0.0, 0.0, 0.0, 0.0, 0.0, 0.0, 0.0, 0.0, 0.0, 0.0, 0.0, 0.0, 0.0, 0.0]
2025-10-01 20:14:03,340 - INFO - Disk I/O:
2025-10-01 20:14:03,340 - INFO -   Read: 44.37 GB
2025-10-01 20:14:03,340 - INFO -   Write: 0.00 GB
2025-10-01 20:14:03,341 - INFO -   Read Rate: 445469 ops
2025-10-01 20:14:03,341 - INFO -   Write Rate: 0 ops
2025-10-01 20:14:03,341 - INFO - Network I/O:
2025-10-01 20:14:03,341 - INFO -   Sent: 524.75 GB
2025-10-01 20:14:03,341 - INFO -   Received: 313.93 GB
2025-10-01 20:14:03,341 - INFO - ==================================================
2025-10-01 20:14:05,043 - INFO - POST http://localhost:9200/_bulk [status:200 request:12.113s]
2025-10-01 20:14:05,235 - INFO - POST http://localhost:9200/_bulk [status:200 request:11.530s]
2025-10-01 20:14:05,298 - INFO - Progress: 90,000 indexed, 0 failed, Rate: 1210.0 docs/sec, Elapsed: 74.4s
2025-10-01 20:14:07,571 - INFO - === ENHANCED HARDWARE METRICS BULK INDEXING AT 90000 DOCS ===
2025-10-01 20:14:07,572 - INFO - Process Memory:
2025-10-01 20:14:07,572 - INFO -   RSS: 4.40 GB
2025-10-01 20:14:07,572 - INFO -   VMS: 8.34 GB
2025-10-01 20:14:07,572 - INFO -   Percent: 0.5%
2025-10-01 20:14:07,572 - INFO - System Memory:
2025-10-01 20:14:07,572 - INFO -   Used: 14.2%
2025-10-01 20:14:07,572 - INFO -   Available: 733.37 GB
2025-10-01 20:14:07,572 - INFO -   Cached: 29.10 GB
2025-10-01 20:14:07,572 - INFO - CPU Usage:
2025-10-01 20:14:07,572 - INFO -   Process: 100.8%
2025-10-01 20:14:07,572 - INFO -   System: 3.3%
2025-10-01 20:14:07,572 - INFO -   Per Core: [2.0, 0.0, 100.0, 0.0, 0.0, 0.0, 0.0, 0.0, 0.0, 0.0, 0.0, 0.0, 0.0, 0.0, 0.0, 0.0, 0.0, 0.0, 0.0, 0.0, 0.0, 0.0, 0.0, 0.0, 0.0, 0.0, 100.0, 0.0, 0.0, 0.0, 0.0, 1.0, 0.0, 0.0, 0.0, 0.0, 0.0, 0.0, 0.0, 0.0, 0.0, 0.0, 0.0, 0.0, 0.0, 0.0, 0.0, 0.0, 0.0, 0.0, 0.0, 0.0, 0.0, 0.0, 0.0, 0.0, 0.0, 0.0, 0.0, 0.0, 0.0, 0.0, 0.0, 0.0, 16.7, 0.0, 0.0, 0.0, 0.0, 0.0, 93.1, 0.0, 2.0, 11.8, 1.0, 0.0, 0.0, 0.0, 0.0, 1.0, 0.0, 0.0, 0.0, 0.0, 0.0, 0.0, 0.0, 0.0, 0.0, 1.0, 0.0, 0.0, 0.0, 0.0, 0.0, 0.0, 0.0, 0.0, 0.0, 1.0, 0.0, 0.0, 0.0, 0.0, 0.0, 0.0, 0.0, 0.0, 0.0, 1.9, 0.0, 0.0, 0.0, 0.0, 0.0, 0.0, 0.0, 0.0, 0.0, 0.0, 0.0, 0.0, 0.0, 0.0, 0.0, 0.0, 0.0, 0.0, 0.0, 0.0, 0.0, 0.0, 0.0, 0.0, 0.0, 0.0, 0.0, 0.0, 0.0, 100.0, 100.0, 100.0, 100.0, 3.0, 0.0, 0.0, 0.0, 0.0, 0.0, 0.0, 0.0, 0.0, 0.0, 0.0, 0.0, 0.0, 0.0, 0.0, 0.0, 0.0, 0.0, 0.0, 0.0, 0.0, 0.0, 1.0, 0.0, 0.0, 0.0, 0.0, 0.0, 1.0, 0.0, 0.0, 0.0, 0.0, 0.0, 0.0, 0.0, 0.0, 0.0, 0.0, 1.0, 0.0, 0.0, 0.0, 0.0, 0.0, 0.0, 0.0, 0.0, 0.0, 0.0, 0.0, 0.0, 0.0, 0.0, 0.0, 0.0, 0.0, 0.0, 0.0, 0.0, 0.0, 0.0, 4.0, 2.0, 0.0, 3.9, 0.0, 0.0, 0.0, 0.0, 0.0, 0.0, 0.0, 89.1, 0.0, 100.0, 0.0, 0.0, 0.0, 0.0, 0.0, 0.0, 0.0, 0.0, 0.0, 0.0, 0.0, 1.0, 0.0, 0.0, 0.0, 0.0, 0.0, 0.0, 0.0, 0.0, 0.0, 0.0, 0.0, 0.0, 0.0, 0.0, 0.0, 0.0, 0.0, 0.0, 0.0, 0.0, 0.0, 0.0, 0.0, 0.0, 0.0, 0.0, 0.0, 0.0, 0.0, 0.0, 0.0, 0.0, 0.0, 0.0, 0.0, 0.0, 0.0, 0.0, 0.0, 0.0, 0.0, 0.0, 0.0, 0.0, 0.0, 0.0, 0.0, 0.0, 0.0, 0.0, 0.0, 0.0, 0.0, 0.0, 0.0, 0.0, 0.0]
2025-10-01 20:14:07,573 - INFO - Disk I/O:
2025-10-01 20:14:07,573 - INFO -   Read: 44.37 GB
2025-10-01 20:14:07,573 - INFO -   Write: 0.00 GB
2025-10-01 20:14:07,573 - INFO -   Read Rate: 445469 ops
2025-10-01 20:14:07,573 - INFO -   Write Rate: 0 ops
2025-10-01 20:14:07,573 - INFO - Network I/O:
2025-10-01 20:14:07,573 - INFO -   Sent: 525.76 GB
2025-10-01 20:14:07,573 - INFO -   Received: 314.08 GB
2025-10-01 20:14:07,573 - INFO - ==================================================
2025-10-01 20:14:08,353 - INFO - POST http://localhost:9200/_bulk [status:200 request:12.318s]
2025-10-01 20:14:10,104 - INFO - POST http://localhost:9200/_bulk [status:200 request:11.694s]
2025-10-01 20:14:11,036 - INFO - POST http://localhost:9200/_bulk [status:200 request:11.538s]
2025-10-01 20:14:13,145 - INFO - POST http://localhost:9200/_bulk [status:200 request:11.988s]
2025-10-01 20:14:13,957 - INFO - POST http://localhost:9200/_bulk [status:200 request:13.085s]
2025-10-01 20:14:14,073 - INFO - Progress: 100,000 indexed, 0 failed, Rate: 1202.5 docs/sec, Elapsed: 83.2s
2025-10-01 20:14:16,263 - INFO - === ENHANCED HARDWARE METRICS BULK INDEXING AT 100000 DOCS ===
2025-10-01 20:14:16,263 - INFO - Process Memory:
2025-10-01 20:14:16,264 - INFO -   RSS: 4.56 GB
2025-10-01 20:14:16,264 - INFO -   VMS: 8.34 GB
2025-10-01 20:14:16,264 - INFO -   Percent: 0.5%
2025-10-01 20:14:16,264 - INFO - System Memory:
2025-10-01 20:14:16,264 - INFO -   Used: 14.3%
2025-10-01 20:14:16,264 - INFO -   Available: 732.49 GB
2025-10-01 20:14:16,264 - INFO -   Cached: 30.06 GB
2025-10-01 20:14:16,264 - INFO - CPU Usage:
2025-10-01 20:14:16,264 - INFO -   Process: 72.9%
2025-10-01 20:14:16,264 - INFO -   System: 3.5%
2025-10-01 20:14:16,264 - INFO -   Per Core: [4.0, 0.0, 100.0, 82.0, 5.9, 0.0, 0.0, 0.0, 0.0, 0.0, 0.0, 0.0, 0.0, 0.0, 0.0, 0.0, 0.0, 0.0, 0.0, 0.0, 0.0, 0.0, 0.0, 0.0, 0.0, 1.0, 0.0, 0.0, 0.0, 0.0, 0.0, 0.0, 0.0, 0.0, 0.0, 0.0, 0.0, 1.0, 0.0, 0.0, 0.0, 0.0, 0.0, 0.0, 0.0, 0.0, 0.0, 0.0, 0.0, 0.0, 0.0, 0.0, 0.0, 0.0, 0.0, 0.0, 0.0, 0.0, 0.0, 0.0, 0.0, 0.0, 0.0, 0.0, 0.0, 0.0, 1.0, 0.0, 1.0, 0.0, 0.0, 1.0, 0.0, 0.0, 1.0, 0.0, 0.0, 0.0, 0.0, 0.0, 0.0, 0.0, 0.0, 0.0, 0.0, 0.0, 0.0, 0.0, 0.0, 0.0, 0.0, 0.0, 0.0, 0.0, 0.0, 0.0, 0.0, 0.0, 0.0, 1.0, 0.0, 0.0, 0.0, 0.0, 0.0, 0.0, 0.0, 0.0, 0.0, 1.0, 0.0, 0.0, 0.0, 0.0, 0.0, 0.0, 0.0, 0.0, 0.0, 0.0, 0.0, 0.0, 0.0, 0.0, 0.0, 0.0, 1.0, 0.0, 0.0, 0.0, 0.0, 0.0, 0.0, 0.0, 0.0, 0.0, 0.0, 0.0, 0.0, 100.0, 100.0, 100.0, 100.0, 100.0, 0.0, 0.0, 0.0, 0.0, 0.0, 1.0, 0.0, 0.0, 0.0, 0.0, 0.0, 0.0, 0.0, 0.0, 2.0, 0.0, 0.0, 0.0, 0.0, 0.0, 0.0, 1.0, 0.0, 1.0, 0.0, 0.0, 0.0, 0.0, 0.0, 1.0, 0.0, 0.0, 1.0, 0.0, 0.0, 0.0, 0.0, 0.0, 0.0, 0.0, 0.0, 0.0, 0.0, 0.0, 0.0, 0.0, 0.0, 0.0, 0.0, 0.0, 0.0, 0.0, 0.0, 0.0, 0.0, 0.0, 0.0, 0.0, 0.0, 0.0, 0.0, 0.0, 0.0, 100.0, 99.0, 0.0, 0.0, 0.0, 0.0, 0.0, 0.0, 0.0, 0.0, 100.0, 0.0, 0.0, 0.0, 0.0, 0.0, 0.0, 0.0, 0.0, 0.0, 0.0, 0.0, 0.0, 0.0, 0.0, 0.0, 0.0, 0.0, 0.0, 0.0, 0.0, 0.0, 0.0, 0.0, 0.0, 0.0, 0.0, 0.0, 0.0, 0.0, 0.0, 0.0, 0.0, 0.0, 0.0, 0.0, 0.0, 0.0, 0.0, 0.0, 0.0, 0.0, 0.0, 0.0, 0.0, 0.0, 0.0, 0.0, 0.0, 0.0, 0.0, 0.0, 0.0, 0.0, 0.0, 0.0, 0.0, 0.0, 0.0, 0.0, 0.0, 0.0, 0.0, 0.0, 0.0, 0.0, 0.0, 0.0, 1.0, 0.0, 0.0]
2025-10-01 20:14:16,264 - INFO - Disk I/O:
2025-10-01 20:14:16,264 - INFO -   Read: 44.37 GB
2025-10-01 20:14:16,264 - INFO -   Write: 0.00 GB
2025-10-01 20:14:16,265 - INFO -   Read Rate: 445469 ops
2025-10-01 20:14:16,265 - INFO -   Write Rate: 0 ops
2025-10-01 20:14:16,265 - INFO - Network I/O:
2025-10-01 20:14:16,265 - INFO -   Sent: 527.92 GB
2025-10-01 20:14:16,265 - INFO -   Received: 314.47 GB
2025-10-01 20:14:16,265 - INFO - ==================================================
2025-10-01 20:14:16,330 - INFO - POST http://localhost:9200/_bulk [status:200 request:13.544s]
2025-10-01 20:14:17,352 - INFO - POST http://localhost:9200/_bulk [status:200 request:12.171s]
2025-10-01 20:14:17,582 - INFO - POST http://localhost:9200/_bulk [status:200 request:12.167s]
2025-10-01 20:14:21,601 - INFO - POST http://localhost:9200/_bulk [status:200 request:13.114s]
2025-10-01 20:14:21,715 - INFO - Progress: 110,000 indexed, 0 failed, Rate: 1211.5 docs/sec, Elapsed: 90.8s
2025-10-01 20:14:22,571 - INFO - POST http://localhost:9200/_bulk [status:200 request:11.398s]
2025-10-01 20:14:23,916 - INFO - === ENHANCED HARDWARE METRICS BULK INDEXING AT 110000 DOCS ===
2025-10-01 20:14:23,917 - INFO - Process Memory:
2025-10-01 20:14:23,917 - INFO -   RSS: 4.41 GB
2025-10-01 20:14:23,917 - INFO -   VMS: 8.34 GB
2025-10-01 20:14:23,917 - INFO -   Percent: 0.5%
2025-10-01 20:14:23,917 - INFO - System Memory:
2025-10-01 20:14:23,917 - INFO -   Used: 14.2%
2025-10-01 20:14:23,917 - INFO -   Available: 732.93 GB
2025-10-01 20:14:23,917 - INFO -   Cached: 30.34 GB
2025-10-01 20:14:23,917 - INFO - CPU Usage:
2025-10-01 20:14:23,917 - INFO -   Process: 86.0%
2025-10-01 20:14:23,917 - INFO -   System: 3.5%
2025-10-01 20:14:23,918 - INFO -   Per Core: [8.2, 0.0, 0.0, 0.0, 0.0, 78.4, 0.0, 0.0, 0.0, 0.0, 1.0, 0.0, 0.0, 0.0, 0.0, 0.0, 1.0, 0.0, 0.0, 0.0, 0.0, 0.0, 0.0, 0.0, 1.0, 0.0, 0.0, 1.0, 0.0, 1.0, 0.0, 0.0, 1.9, 0.0, 0.0, 0.0, 0.0, 80.2, 1.0, 0.0, 0.0, 0.0, 0.0, 0.0, 0.0, 1.9, 0.0, 0.0, 1.0, 0.0, 0.0, 0.0, 0.0, 0.0, 0.0, 0.0, 0.0, 0.0, 0.0, 0.0, 0.0, 1.0, 7.8, 0.0, 49.5, 0.0, 1.0, 0.0, 0.0, 2.9, 0.0, 0.0, 1.0, 0.0, 0.0, 0.0, 0.0, 1.0, 0.0, 0.0, 0.0, 0.0, 0.0, 1.0, 0.0, 0.0, 0.0, 0.0, 0.0, 0.0, 0.0, 1.0, 0.0, 0.0, 0.0, 68.0, 0.0, 0.0, 0.0, 0.0, 0.0, 0.0, 0.0, 1.0, 0.0, 0.0, 0.0, 0.0, 0.0, 1.0, 0.0, 0.0, 0.0, 15.8, 0.0, 0.0, 0.0, 0.0, 0.0, 0.0, 0.0, 0.0, 0.0, 0.0, 0.0, 0.0, 0.0, 0.0, 0.0, 0.0, 0.0, 0.0, 0.0, 0.0, 1.0, 1.0, 0.0, 0.0, 0.0, 81.2, 0.0, 82.4, 84.3, 83.2, 2.0, 0.0, 0.0, 0.0, 0.0, 0.0, 0.0, 0.0, 0.0, 0.0, 0.0, 0.0, 0.0, 0.0, 0.0, 0.0, 0.0, 0.0, 0.0, 0.0, 0.0, 0.0, 0.0, 0.0, 0.0, 0.0, 0.0, 0.0, 0.0, 0.0, 0.0, 0.0, 0.0, 0.0, 0.0, 1.0, 0.0, 0.0, 0.0, 0.0, 0.0, 0.0, 0.0, 0.0, 1.0, 84.2, 0.0, 0.0, 1.0, 1.0, 0.0, 0.0, 0.0, 0.0, 0.0, 0.0, 0.0, 1.0, 1.0, 0.0, 0.0, 1.9, 0.0, 0.0, 78.4, 1.0, 0.0, 0.0, 0.0, 0.0, 0.0, 0.0, 3.0, 82.5, 83.2, 0.0, 0.0, 0.0, 1.0, 0.0, 0.0, 0.0, 0.0, 1.0, 0.0, 0.0, 0.0, 0.0, 0.0, 0.0, 0.0, 0.0, 0.0, 0.0, 0.0, 0.0, 0.0, 0.0, 0.0, 0.0, 0.0, 0.0, 0.0, 0.0, 1.0, 0.0, 0.0, 0.0, 1.0, 0.0, 0.0, 0.0, 0.0, 0.0, 0.0, 0.0, 0.0, 0.0, 0.0, 0.0, 0.0, 0.0, 0.0, 0.0, 0.0, 0.0, 0.0, 0.0, 0.0, 0.0, 0.0, 0.0, 0.0, 0.0, 1.0, 0.0, 0.0, 0.0, 0.0, 0.0, 0.0, 0.0, 0.0, 0.0]
2025-10-01 20:14:23,918 - INFO - Disk I/O:
2025-10-01 20:14:23,918 - INFO -   Read: 44.37 GB
2025-10-01 20:14:23,918 - INFO -   Write: 0.00 GB
2025-10-01 20:14:23,918 - INFO -   Read Rate: 445469 ops
2025-10-01 20:14:23,918 - INFO -   Write Rate: 0 ops
2025-10-01 20:14:23,918 - INFO - Network I/O:
2025-10-01 20:14:23,918 - INFO -   Sent: 529.79 GB
2025-10-01 20:14:23,918 - INFO -   Received: 314.86 GB
2025-10-01 20:14:23,918 - INFO - ==================================================
2025-10-01 20:14:24,460 - INFO - POST http://localhost:9200/_bulk [status:200 request:14.224s]
2025-10-01 20:14:26,086 - INFO - POST http://localhost:9200/_bulk [status:200 request:12.804s]
2025-10-01 20:14:26,253 - INFO - POST http://localhost:9200/_bulk [status:200 request:12.148s]
2025-10-01 20:14:28,921 - INFO - POST http://localhost:9200/_bulk [status:200 request:12.452s]
2025-10-01 20:14:29,035 - INFO - Progress: 120,000 indexed, 0 failed, Rate: 1223.0 docs/sec, Elapsed: 98.1s
2025-10-01 20:14:29,897 - INFO - POST http://localhost:9200/_bulk [status:200 request:12.406s]
2025-10-01 20:14:31,260 - INFO - POST http://localhost:9200/_bulk [status:200 request:13.505s]
2025-10-01 20:14:31,260 - INFO - === ENHANCED HARDWARE METRICS BULK INDEXING AT 120000 DOCS ===
2025-10-01 20:14:31,284 - INFO - Process Memory:
2025-10-01 20:14:31,293 - INFO -   RSS: 4.41 GB
2025-10-01 20:14:31,313 - INFO -   VMS: 8.34 GB
2025-10-01 20:14:31,396 - INFO -   Percent: 0.5%
2025-10-01 20:14:31,402 - INFO - System Memory:
2025-10-01 20:14:31,407 - INFO -   Used: 14.3%
2025-10-01 20:14:31,422 - INFO -   Available: 732.38 GB
2025-10-01 20:14:31,428 - INFO -   Cached: 30.62 GB
2025-10-01 20:14:31,433 - INFO - CPU Usage:
2025-10-01 20:14:31,438 - INFO -   Process: 88.5%
2025-10-01 20:14:31,443 - INFO -   System: 3.3%
2025-10-01 20:14:31,448 - INFO -   Per Core: [3.0, 0.0, 0.0, 0.0, 0.0, 0.0, 0.0, 0.0, 0.0, 0.0, 0.0, 0.0, 0.0, 0.0, 0.0, 0.0, 0.0, 0.0, 0.0, 0.0, 0.0, 0.0, 0.0, 0.0, 0.0, 0.0, 0.0, 0.0, 0.0, 0.0, 0.0, 0.0, 0.0, 0.0, 0.0, 1.0, 0.0, 99.0, 0.0, 0.0, 0.0, 0.0, 0.0, 0.0, 0.0, 0.0, 0.0, 0.0, 0.0, 0.0, 0.0, 0.0, 0.0, 0.0, 0.0, 0.0, 0.0, 0.0, 0.0, 0.0, 0.0, 1.0, 6.9, 0.0, 47.1, 0.0, 0.0, 0.0, 0.0, 0.0, 0.0, 0.0, 2.9, 0.0, 0.0, 0.0, 0.0, 0.0, 0.0, 0.0, 0.0, 0.0, 0.0, 0.0, 0.0, 0.0, 0.0, 0.0, 0.0, 0.0, 0.0, 0.0, 0.0, 0.0, 0.0, 0.0, 0.0, 0.0, 1.0, 0.0, 0.0, 0.0, 0.0, 0.0, 0.0, 0.0, 0.0, 0.0, 0.0, 0.0, 0.0, 0.0, 0.0, 0.0, 1.0, 0.0, 1.0, 0.0, 0.0, 0.0, 0.0, 0.0, 1.0, 0.0, 0.0, 0.0, 0.0, 0.0, 0.0, 0.0, 0.0, 0.0, 0.0, 0.0, 0.0, 0.0, 0.0, 0.0, 0.0, 23.5, 100.0, 99.0, 100.0, 99.0, 0.0, 0.0, 0.0, 0.0, 0.0, 0.0, 0.0, 0.0, 0.0, 0.0, 0.0, 0.0, 0.0, 1.0, 0.0, 0.0, 0.0, 0.0, 0.0, 0.0, 0.0, 0.0, 0.0, 99.0, 0.0, 0.0, 0.0, 0.0, 0.0, 0.0, 0.0, 0.0, 0.0, 0.0, 0.0, 0.0, 0.0, 0.0, 0.0, 0.0, 0.0, 0.0, 0.0, 0.0, 0.0, 100.0, 0.0, 0.0, 0.0, 0.0, 1.9, 0.0, 0.0, 0.0, 0.0, 0.0, 0.0, 0.0, 0.0, 0.0, 0.0, 0.0, 0.0, 0.0, 0.0, 90.2, 0.0, 0.0, 0.0, 0.0, 0.0, 0.0, 75.5, 0.0, 0.0, 0.0, 0.0, 0.0, 0.0, 0.0, 0.0, 0.0, 0.0, 0.0, 0.0, 0.0, 0.0, 0.0, 0.0, 0.0, 0.0, 0.0, 0.0, 0.0, 0.0, 0.0, 0.0, 0.0, 0.0, 0.0, 0.0, 0.0, 0.0, 0.0, 0.0, 0.0, 0.0, 0.0, 0.0, 0.0, 0.0, 0.0, 0.0, 0.0, 0.0, 0.0, 0.0, 0.0, 0.0, 0.0, 0.0, 0.0, 0.0, 0.0, 0.0, 0.0, 0.0, 0.0, 0.0, 0.0, 0.0, 0.0, 0.0, 0.0, 0.0, 0.0, 0.0, 0.0, 0.0, 0.0, 0.0, 0.0, 0.0, 0.0]
2025-10-01 20:14:31,454 - INFO - Disk I/O:
2025-10-01 20:14:31,459 - INFO -   Read: 44.37 GB
2025-10-01 20:14:31,464 - INFO -   Write: 0.00 GB
2025-10-01 20:14:31,469 - INFO -   Read Rate: 445469 ops
2025-10-01 20:14:31,474 - INFO -   Write Rate: 0 ops
2025-10-01 20:14:31,480 - INFO - Network I/O:
2025-10-01 20:14:31,485 - INFO -   Sent: 531.24 GB
2025-10-01 20:14:31,490 - INFO -   Received: 315.25 GB
2025-10-01 20:14:31,495 - INFO - ==================================================
2025-10-01 20:14:35,128 - INFO - POST http://localhost:9200/_bulk [status:200 request:13.387s]
2025-10-01 20:14:35,370 - INFO - POST http://localhost:9200/_bulk [status:200 request:12.660s]
2025-10-01 20:14:35,455 - INFO - Progress: 130,000 indexed, 0 failed, Rate: 1243.6 docs/sec, Elapsed: 104.5s
2025-10-01 20:14:36,677 - INFO - POST http://localhost:9200/_bulk [status:200 request:12.076s]
2025-10-01 20:14:37,708 - INFO - === ENHANCED HARDWARE METRICS BULK INDEXING AT 130000 DOCS ===
2025-10-01 20:14:37,708 - INFO - Process Memory:
2025-10-01 20:14:37,708 - INFO -   RSS: 4.40 GB
2025-10-01 20:14:37,708 - INFO -   VMS: 8.34 GB
2025-10-01 20:14:37,709 - INFO -   Percent: 0.5%
2025-10-01 20:14:37,709 - INFO - System Memory:
2025-10-01 20:14:37,709 - INFO -   Used: 14.3%
2025-10-01 20:14:37,709 - INFO -   Available: 732.21 GB
2025-10-01 20:14:37,709 - INFO -   Cached: 30.63 GB
2025-10-01 20:14:37,709 - INFO - CPU Usage:
2025-10-01 20:14:37,709 - INFO -   Process: 100.4%
2025-10-01 20:14:37,709 - INFO -   System: 3.3%
2025-10-01 20:14:37,709 - INFO -   Per Core: [3.9, 1.0, 0.0, 0.0, 0.0, 0.0, 0.0, 0.0, 0.0, 0.0, 0.0, 0.0, 0.0, 0.0, 0.0, 0.0, 0.0, 0.0, 0.0, 0.0, 0.0, 0.0, 0.0, 0.0, 0.0, 0.0, 0.0, 0.0, 0.0, 0.0, 0.0, 0.0, 0.0, 0.0, 0.0, 0.0, 0.0, 0.0, 0.0, 0.0, 0.0, 1.0, 0.0, 0.0, 0.0, 5.9, 0.0, 0.0, 0.0, 0.0, 0.0, 0.0, 0.0, 0.0, 0.0, 0.0, 0.0, 0.0, 0.0, 1.0, 0.0, 0.0, 19.8, 0.0, 71.8, 0.0, 0.0, 0.0, 0.0, 0.0, 0.0, 1.0, 2.0, 97.1, 0.0, 0.0, 0.0, 0.0, 0.0, 0.0, 0.0, 0.0, 0.0, 0.0, 0.0, 0.0, 0.0, 0.0, 0.0, 0.0, 0.0, 0.0, 0.0, 0.0, 0.0, 0.0, 0.0, 0.0, 0.0, 0.0, 0.0, 0.0, 0.0, 0.0, 0.0, 0.0, 0.0, 0.0, 0.0, 0.0, 1.0, 0.0, 0.0, 0.0, 0.0, 0.0, 0.0, 0.0, 0.0, 0.0, 0.0, 0.0, 0.0, 0.0, 0.0, 0.0, 0.0, 0.0, 0.0, 0.0, 0.0, 0.0, 0.0, 0.0, 0.0, 0.0, 0.0, 1.0, 5.0, 97.1, 95.1, 95.1, 0.0, 73.5, 1.0, 0.0, 0.0, 0.0, 0.0, 0.0, 0.0, 0.0, 0.0, 0.0, 0.0, 0.0, 0.0, 0.0, 0.0, 0.0, 0.0, 0.0, 0.0, 0.0, 1.0, 0.0, 0.0, 95.1, 0.0, 0.0, 0.0, 0.0, 1.0, 0.0, 0.0, 0.0, 0.0, 0.0, 0.0, 0.0, 0.0, 0.0, 0.0, 0.0, 0.0, 0.0, 0.0, 0.0, 0.0, 0.0, 0.0, 0.0, 0.0, 0.0, 0.0, 0.0, 0.0, 0.0, 0.0, 0.0, 0.0, 0.0, 0.0, 0.0, 0.0, 0.0, 0.0, 0.0, 0.0, 93.1, 0.0, 0.0, 0.0, 0.0, 0.0, 0.0, 93.1, 95.1, 0.0, 0.0, 0.0, 0.0, 0.0, 0.0, 0.0, 0.0, 0.0, 0.0, 0.0, 0.0, 0.0, 0.0, 0.0, 1.0, 0.0, 0.0, 0.0, 0.0, 0.0, 0.0, 0.0, 0.0, 0.0, 0.0, 0.0, 0.0, 0.0, 0.0, 0.0, 0.0, 0.0, 0.0, 0.0, 0.0, 0.0, 0.0, 0.0, 0.0, 0.0, 1.0, 0.0, 0.0, 0.0, 0.0, 0.0, 0.0, 0.0, 0.0, 0.0, 0.0, 0.0, 0.0, 0.0, 0.0, 0.0, 0.0, 0.0, 0.0, 0.0, 0.0, 0.0, 0.0, 0.0, 0.0, 0.0, 0.0, 0.0, 0.0]
2025-10-01 20:14:37,709 - INFO - Disk I/O:
2025-10-01 20:14:37,709 - INFO -   Read: 44.37 GB
2025-10-01 20:14:37,709 - INFO -   Write: 0.00 GB
2025-10-01 20:14:37,710 - INFO -   Read Rate: 445469 ops
2025-10-01 20:14:37,710 - INFO -   Write Rate: 0 ops
2025-10-01 20:14:37,710 - INFO - Network I/O:
2025-10-01 20:14:37,710 - INFO -   Sent: 532.56 GB
2025-10-01 20:14:37,710 - INFO -   Received: 315.56 GB
2025-10-01 20:14:37,710 - INFO - ==================================================
2025-10-01 20:14:37,779 - INFO - POST http://localhost:9200/_bulk [status:200 request:11.554s]
2025-10-01 20:14:38,093 - INFO - POST http://localhost:9200/_bulk [status:200 request:11.682s]
2025-10-01 20:14:40,816 - INFO - POST http://localhost:9200/_bulk [status:200 request:11.754s]
2025-10-01 20:14:40,925 - INFO - Progress: 140,000 indexed, 0 failed, Rate: 1272.6 docs/sec, Elapsed: 110.0s
2025-10-01 20:14:42,472 - INFO - POST http://localhost:9200/_bulk [status:200 request:12.439s]
2025-10-01 20:14:43,311 - INFO - === ENHANCED HARDWARE METRICS BULK INDEXING AT 140000 DOCS ===
2025-10-01 20:14:43,312 - INFO - Process Memory:
2025-10-01 20:14:43,312 - INFO -   RSS: 4.40 GB
2025-10-01 20:14:43,312 - INFO -   VMS: 8.34 GB
2025-10-01 20:14:43,312 - INFO -   Percent: 0.5%
2025-10-01 20:14:43,312 - INFO - System Memory:
2025-10-01 20:14:43,312 - INFO -   Used: 14.4%
2025-10-01 20:14:43,312 - INFO -   Available: 731.78 GB
2025-10-01 20:14:43,312 - INFO -   Cached: 31.67 GB
2025-10-01 20:14:43,312 - INFO - CPU Usage:
2025-10-01 20:14:43,313 - INFO -   Process: 58.0%
2025-10-01 20:14:43,313 - INFO -   System: 3.6%
2025-10-01 20:14:43,313 - INFO -   Per Core: [7.8, 0.0, 0.0, 0.0, 0.0, 0.0, 0.0, 0.0, 0.0, 0.0, 1.0, 0.0, 0.0, 0.0, 0.0, 0.0, 0.0, 0.0, 0.0, 1.0, 0.0, 0.0, 0.0, 0.0, 0.0, 0.0, 0.0, 1.0, 1.0, 0.0, 0.0, 0.0, 2.9, 0.0, 1.0, 0.0, 0.0, 0.0, 0.0, 0.0, 0.0, 0.0, 0.0, 0.0, 0.0, 98.0, 1.0, 0.0, 1.0, 0.0, 0.0, 0.0, 0.0, 1.0, 0.0, 0.0, 0.0, 0.0, 0.0, 0.0, 1.0, 0.0, 13.9, 0.0, 43.6, 0.0, 0.0, 0.0, 0.0, 0.0, 0.0, 0.0, 6.7, 97.0, 18.6, 0.0, 0.0, 5.0, 0.0, 0.0, 0.0, 0.0, 0.0, 0.0, 0.0, 0.0, 0.0, 0.0, 25.5, 30.7, 0.0, 0.0, 0.0, 0.0, 0.0, 0.0, 0.0, 0.0, 0.0, 0.0, 0.0, 0.0, 0.0, 0.0, 1.0, 0.0, 0.0, 0.0, 0.0, 0.0, 0.0, 0.0, 0.0, 0.0, 0.0, 0.0, 0.0, 0.0, 0.0, 0.0, 0.0, 0.0, 0.0, 0.0, 0.0, 0.0, 0.0, 0.0, 0.0, 0.0, 0.0, 0.0, 0.0, 0.0, 0.0, 0.0, 0.0, 4.0, 1.0, 95.0, 93.1, 79.0, 98.0, 94.1, 2.0, 0.0, 0.0, 0.0, 0.0, 0.0, 0.0, 0.0, 1.0, 0.0, 0.0, 0.0, 1.0, 0.0, 0.0, 0.0, 0.0, 0.0, 0.0, 0.0, 0.0, 0.0, 0.0, 0.0, 0.0, 0.0, 0.0, 0.0, 0.0, 0.0, 0.0, 0.0, 0.0, 1.0, 0.0, 1.0, 0.0, 0.0, 0.0, 0.0, 0.0, 0.0, 0.0, 0.0, 0.0, 0.0, 0.0, 0.0, 0.0, 0.0, 0.0, 0.0, 0.0, 0.0, 0.0, 0.0, 0.0, 0.0, 0.0, 0.0, 0.0, 0.0, 0.0, 0.0, 0.0, 0.0, 0.0, 0.0, 0.0, 0.0, 1.0, 0.0, 3.0, 96.0, 0.0, 0.0, 0.0, 0.0, 0.0, 0.0, 0.0, 0.0, 0.0, 0.0, 0.0, 95.1, 0.0, 1.0, 0.0, 0.0, 0.0, 0.0, 0.0, 0.0, 0.0, 0.0, 0.0, 0.0, 0.0, 0.0, 0.0, 0.0, 0.0, 0.0, 0.0, 0.0, 0.0, 0.0, 0.0, 0.0, 0.0, 0.0, 0.0, 0.0, 0.0, 0.0, 0.0, 0.0, 0.0, 0.0, 0.0, 0.0, 0.0, 0.0, 0.0, 0.0, 0.0, 0.0, 0.0, 0.0, 0.0, 1.0, 0.0, 0.0, 0.0, 0.0, 0.0, 0.0, 0.0, 0.0, 0.0, 0.0, 0.0, 1.0]
2025-10-01 20:14:43,313 - INFO - Disk I/O:
2025-10-01 20:14:43,313 - INFO -   Read: 44.37 GB
2025-10-01 20:14:43,313 - INFO -   Write: 0.00 GB
2025-10-01 20:14:43,313 - INFO -   Read Rate: 445469 ops
2025-10-01 20:14:43,313 - INFO -   Write Rate: 0 ops
2025-10-01 20:14:43,313 - INFO - Network I/O:
2025-10-01 20:14:43,313 - INFO -   Sent: 534.01 GB
2025-10-01 20:14:43,313 - INFO -   Received: 315.87 GB
2025-10-01 20:14:43,313 - INFO - ==================================================
2025-10-01 20:14:43,382 - INFO - POST http://localhost:9200/_bulk [status:200 request:11.992s]
2025-10-01 20:14:47,078 - INFO - POST http://localhost:9200/_bulk [status:200 request:11.810s]
2025-10-01 20:14:47,293 - INFO - POST http://localhost:9200/_bulk [status:200 request:11.750s]
2025-10-01 20:14:48,507 - INFO - POST http://localhost:9200/_bulk [status:200 request:11.665s]
2025-10-01 20:14:48,560 - INFO - Progress: 150,000 indexed, 0 failed, Rate: 1275.0 docs/sec, Elapsed: 117.6s
2025-10-01 20:14:50,681 - INFO - POST http://localhost:9200/_bulk [status:200 request:12.761s]
2025-10-01 20:14:50,999 - INFO - === ENHANCED HARDWARE METRICS BULK INDEXING AT 150000 DOCS ===
2025-10-01 20:14:50,999 - INFO - Process Memory:
2025-10-01 20:14:50,999 - INFO -   RSS: 4.50 GB
2025-10-01 20:14:50,999 - INFO -   VMS: 8.34 GB
2025-10-01 20:14:50,999 - INFO -   Percent: 0.5%
2025-10-01 20:14:50,999 - INFO - System Memory:
2025-10-01 20:14:50,999 - INFO -   Used: 14.4%
2025-10-01 20:14:50,999 - INFO -   Available: 731.40 GB
2025-10-01 20:14:51,000 - INFO -   Cached: 32.32 GB
2025-10-01 20:14:51,000 - INFO - CPU Usage:
2025-10-01 20:14:51,000 - INFO -   Process: 73.8%
2025-10-01 20:14:51,000 - INFO -   System: 3.2%
2025-10-01 20:14:51,000 - INFO -   Per Core: [8.9, 0.0, 0.0, 0.0, 0.0, 0.0, 0.0, 0.0, 0.0, 0.0, 0.0, 0.0, 0.0, 0.0, 0.0, 0.0, 0.0, 0.0, 0.0, 0.0, 0.0, 0.0, 0.0, 0.0, 0.0, 0.0, 0.0, 0.0, 0.0, 0.0, 0.0, 0.0, 0.0, 0.0, 0.0, 0.0, 0.9, 0.9, 0.0, 0.0, 0.0, 0.0, 0.0, 0.0, 0.0, 8.3, 0.0, 0.0, 0.0, 0.0, 0.0, 0.0, 0.0, 0.0, 0.0, 0.0, 0.0, 0.0, 0.9, 0.0, 0.0, 11.9, 0.0, 0.0, 1.8, 0.0, 0.0, 0.0, 0.9, 0.0, 0.0, 0.0, 1.8, 0.0, 0.0, 0.0, 0.0, 0.9, 0.9, 0.9, 0.0, 0.0, 0.0, 0.0, 0.0, 0.0, 0.0, 0.0, 0.9, 1.8, 0.0, 0.0, 0.0, 0.0, 0.0, 0.0, 0.0, 0.0, 0.0, 0.0, 0.0, 0.0, 0.0, 0.0, 0.0, 0.0, 0.0, 0.0, 0.0, 0.0, 0.9, 0.0, 0.0, 0.0, 0.0, 0.0, 0.0, 0.0, 0.0, 0.0, 0.0, 0.0, 0.0, 0.0, 0.0, 0.0, 0.0, 0.0, 0.0, 0.0, 0.0, 0.0, 0.0, 0.0, 0.0, 0.0, 0.0, 0.0, 0.0, 97.3, 94.5, 95.4, 84.4, 0.0, 0.0, 0.9, 0.0, 95.4, 22.2, 0.9, 0.0, 0.0, 0.0, 0.0, 0.0, 0.0, 0.0, 0.0, 0.0, 0.0, 4.6, 0.0, 0.0, 0.0, 0.0, 0.0, 0.0, 0.0, 0.0, 0.0, 0.0, 0.0, 0.0, 0.0, 0.0, 0.0, 0.0, 0.9, 0.0, 0.0, 0.0, 0.0, 0.0, 0.9, 0.0, 0.0, 0.0, 0.0, 0.0, 0.0, 0.0, 0.0, 0.0, 0.0, 0.9, 0.0, 0.0, 0.9, 0.0, 0.9, 0.0, 1.8, 95.4, 0.0, 0.0, 0.9, 0.9, 0.0, 0.0, 0.0, 0.0, 95.5, 0.0, 0.0, 0.0, 98.2, 0.0, 0.0, 0.0, 0.0, 0.0, 0.0, 0.0, 0.0, 0.0, 0.0, 0.0, 0.0, 0.0, 0.0, 0.0, 0.0, 0.0, 0.0, 0.0, 0.0, 0.0, 0.0, 0.0, 0.0, 0.0, 0.0, 0.0, 0.0, 0.0, 0.0, 0.0, 0.0, 0.0, 0.0, 0.0, 0.0, 0.0, 0.0, 0.0, 0.0, 0.0, 0.9, 0.0, 0.0, 0.0, 0.0, 97.3, 0.0, 0.0, 0.0, 0.0, 0.0, 0.0, 0.0, 0.0, 0.0, 0.0, 0.0, 0.0, 0.0, 0.0, 0.0, 0.0, 0.0, 0.0, 0.0, 0.0, 0.0, 0.0, 0.0, 0.0, 0.0]
2025-10-01 20:14:51,000 - INFO - Disk I/O:
2025-10-01 20:14:51,000 - INFO -   Read: 44.37 GB
2025-10-01 20:14:51,000 - INFO -   Write: 0.00 GB
2025-10-01 20:14:51,000 - INFO -   Read Rate: 445469 ops
2025-10-01 20:14:51,000 - INFO -   Write Rate: 0 ops
2025-10-01 20:14:51,000 - INFO - Network I/O:
2025-10-01 20:14:51,000 - INFO -   Sent: 536.28 GB
2025-10-01 20:14:51,000 - INFO -   Received: 316.26 GB
2025-10-01 20:14:51,001 - INFO - ==================================================
2025-10-01 20:14:51,329 - INFO - POST http://localhost:9200/_bulk [status:200 request:13.080s]
2025-10-01 20:14:52,735 - INFO - POST http://localhost:9200/_bulk [status:200 request:11.783s]
2025-10-01 20:14:54,196 - INFO - POST http://localhost:9200/_bulk [status:200 request:11.588s]
2025-10-01 20:14:54,255 - INFO - Progress: 160,000 indexed, 0 failed, Rate: 1297.2 docs/sec, Elapsed: 123.3s
2025-10-01 20:14:55,344 - INFO - POST http://localhost:9200/_bulk [status:200 request:11.816s]
2025-10-01 20:14:56,588 - INFO - === ENHANCED HARDWARE METRICS BULK INDEXING AT 160000 DOCS ===
2025-10-01 20:14:56,589 - INFO - Process Memory:
2025-10-01 20:14:56,589 - INFO -   RSS: 4.40 GB
2025-10-01 20:14:56,589 - INFO -   VMS: 8.34 GB
2025-10-01 20:14:56,589 - INFO -   Percent: 0.5%
2025-10-01 20:14:56,589 - INFO - System Memory:
2025-10-01 20:14:56,589 - INFO -   Used: 14.4%
2025-10-01 20:14:56,589 - INFO -   Available: 731.00 GB
2025-10-01 20:14:56,589 - INFO -   Cached: 32.56 GB
2025-10-01 20:14:56,589 - INFO - CPU Usage:
2025-10-01 20:14:56,590 - INFO -   Process: 70.0%
2025-10-01 20:14:56,590 - INFO -   System: 3.8%
2025-10-01 20:14:56,590 - INFO -   Per Core: [4.0, 0.0, 0.0, 0.0, 0.0, 0.0, 0.0, 0.0, 0.0, 0.0, 0.0, 0.0, 1.0, 0.0, 0.0, 0.0, 0.0, 0.0, 1.0, 0.0, 0.0, 1.0, 0.0, 0.0, 0.0, 0.0, 0.0, 1.0, 0.0, 0.0, 0.0, 1.0, 0.0, 1.0, 0.0, 0.0, 0.0, 0.0, 0.0, 0.0, 0.0, 0.0, 0.0, 0.0, 0.0, 0.0, 0.0, 0.0, 1.0, 0.0, 1.0, 1.0, 1.0, 1.0, 0.0, 0.0, 1.0, 0.0, 0.0, 0.0, 1.0, 1.0, 6.9, 1.0, 59.4, 0.0, 0.0, 0.0, 0.0, 1.0, 1.0, 1.0, 4.0, 0.0, 0.0, 0.0, 1.0, 0.0, 0.0, 0.0, 0.0, 1.0, 1.0, 0.0, 0.0, 0.0, 0.0, 0.0, 2.0, 2.0, 0.0, 0.0, 1.0, 1.0, 1.0, 0.0, 0.0, 0.0, 0.0, 0.0, 0.0, 1.0, 0.0, 0.0, 0.0, 0.0, 0.0, 0.0, 0.0, 1.0, 1.0, 0.0, 0.0, 1.0, 0.0, 0.0, 0.0, 0.0, 0.0, 1.0, 1.0, 0.0, 0.0, 0.0, 0.0, 0.0, 1.0, 0.0, 0.0, 0.0, 0.0, 0.0, 0.0, 0.0, 1.0, 0.0, 0.0, 4.0, 1.0, 83.5, 99.0, 96.0, 99.0, 98.0, 1.0, 0.0, 1.0, 98.0, 0.0, 1.0, 0.0, 1.0, 1.0, 1.0, 0.0, 1.0, 1.0, 1.0, 0.0, 0.0, 0.0, 1.0, 0.0, 1.0, 1.0, 98.0, 0.0, 0.0, 0.0, 0.0, 1.0, 1.0, 1.0, 0.0, 0.0, 1.0, 0.0, 1.0, 1.0, 1.0, 0.0, 1.0, 1.0, 1.0, 1.0, 0.0, 1.0, 1.0, 1.0, 0.0, 1.0, 2.0, 0.0, 1.0, 0.0, 0.0, 0.0, 1.0, 0.0, 1.0, 0.0, 0.0, 100.0, 0.0, 0.0, 1.0, 1.0, 0.0, 0.0, 1.0, 1.0, 1.0, 0.0, 1.0, 0.0, 1.0, 99.0, 14.9, 0.0, 0.0, 0.0, 0.0, 0.0, 2.9, 0.0, 1.0, 0.0, 0.0, 1.0, 1.0, 1.0, 0.0, 0.0, 1.0, 2.9, 1.9, 0.0, 1.0, 0.0, 1.0, 1.0, 0.0, 0.0, 1.0, 0.0, 1.0, 0.0, 0.0, 0.0, 1.0, 0.0, 0.0, 0.0, 0.0, 0.0, 0.0, 1.0, 0.0, 1.0, 0.0, 0.0, 0.0, 5.9, 3.9, 0.0, 0.0, 1.0, 2.0, 1.0, 1.0, 0.0, 0.0, 1.0, 0.0, 0.0, 1.0, 0.0, 0.0, 1.0, 0.0, 1.0, 1.9, 1.0, 0.0, 1.0, 1.0, 0.0, 0.0]
2025-10-01 20:14:56,590 - INFO - Disk I/O:
2025-10-01 20:14:56,590 - INFO -   Read: 44.37 GB
2025-10-01 20:14:56,590 - INFO -   Write: 0.00 GB
2025-10-01 20:14:56,590 - INFO -   Read Rate: 445469 ops
2025-10-01 20:14:56,590 - INFO -   Write Rate: 0 ops
2025-10-01 20:14:56,590 - INFO - Network I/O:
2025-10-01 20:14:56,590 - INFO -   Sent: 537.47 GB
2025-10-01 20:14:56,590 - INFO -   Received: 316.57 GB
2025-10-01 20:14:56,590 - INFO - ==================================================
2025-10-01 20:14:59,165 - INFO - POST http://localhost:9200/_bulk [status:200 request:11.713s]
2025-10-01 20:15:00,464 - INFO - POST http://localhost:9200/_bulk [status:200 request:11.802s]
2025-10-01 20:15:00,520 - INFO - POST http://localhost:9200/_bulk [status:200 request:13.290s]
2025-10-01 20:15:03,027 - INFO - POST http://localhost:9200/_bulk [status:200 request:12.210s]
2025-10-01 20:15:03,065 - INFO - Progress: 170,000 indexed, 0 failed, Rate: 1286.4 docs/sec, Elapsed: 132.1s
2025-10-01 20:15:03,669 - INFO - POST http://localhost:9200/_bulk [status:200 request:12.167s]
2025-10-01 20:15:04,743 - INFO - POST http://localhost:9200/_bulk [status:200 request:11.863s]
2025-10-01 20:15:05,068 - INFO - Completed streaming processing of 00000_tokens.parquet: 213,000 rows
2025-10-01 20:15:05,380 - INFO - === ENHANCED HARDWARE METRICS BULK INDEXING AT 170000 DOCS ===
2025-10-01 20:15:05,381 - INFO - Process Memory:
2025-10-01 20:15:05,381 - INFO -   RSS: 4.44 GB
2025-10-01 20:15:05,381 - INFO -   VMS: 8.34 GB
2025-10-01 20:15:05,381 - INFO -   Percent: 0.5%
2025-10-01 20:15:05,381 - INFO - System Memory:
2025-10-01 20:15:05,381 - INFO -   Used: 14.6%
2025-10-01 20:15:05,381 - INFO -   Available: 730.13 GB
2025-10-01 20:15:05,381 - INFO -   Cached: 33.40 GB
2025-10-01 20:15:05,381 - INFO - CPU Usage:
2025-10-01 20:15:05,381 - INFO -   Process: 97.0%
2025-10-01 20:15:05,381 - INFO -   System: 3.3%
2025-10-01 20:15:05,381 - INFO -   Per Core: [1.0, 0.0, 0.0, 0.0, 0.0, 0.0, 0.0, 0.0, 0.0, 0.0, 0.0, 0.0, 0.0, 0.0, 0.0, 0.0, 0.0, 0.0, 0.0, 0.0, 0.0, 0.0, 0.0, 0.0, 0.0, 0.0, 0.0, 0.0, 0.0, 0.0, 0.0, 0.0, 0.0, 0.0, 0.0, 0.0, 0.0, 0.0, 0.0, 0.0, 0.0, 0.0, 0.0, 0.0, 0.0, 0.0, 0.0, 0.0, 0.0, 0.0, 0.0, 0.0, 0.0, 0.0, 0.0, 0.0, 1.0, 0.0, 0.0, 0.0, 0.0, 13.7, 2.9, 0.0, 67.6, 95.1, 0.0, 0.0, 0.0, 0.0, 0.0, 0.0, 1.0, 0.0, 0.0, 0.0, 0.0, 0.0, 0.0, 0.0, 0.0, 0.0, 0.0, 0.0, 0.0, 0.0, 0.0, 0.0, 0.0, 0.0, 0.0, 0.0, 0.0, 0.0, 0.0, 0.0, 0.0, 0.0, 0.0, 0.0, 0.0, 0.0, 0.0, 0.0, 0.0, 0.0, 0.0, 0.0, 0.0, 0.0, 0.0, 0.0, 0.0, 3.0, 0.0, 0.0, 0.0, 0.0, 0.0, 0.0, 0.0, 0.0, 1.0, 0.0, 0.0, 0.0, 0.0, 0.0, 0.0, 0.0, 0.0, 0.0, 1.0, 0.0, 0.0, 0.0, 0.0, 5.0, 0.0, 94.1, 94.1, 96.1, 74.3, 0.0, 0.0, 0.0, 95.0, 0.0, 0.0, 0.0, 94.1, 0.0, 0.0, 0.0, 0.0, 0.0, 0.0, 0.0, 0.0, 0.0, 0.0, 0.0, 0.0, 0.0, 0.0, 0.0, 0.0, 0.0, 0.0, 0.0, 0.0, 0.0, 0.0, 1.0, 0.0, 0.0, 0.0, 0.0, 0.0, 1.0, 0.0, 0.0, 0.0, 0.0, 0.0, 0.0, 0.0, 0.0, 0.0, 0.0, 0.0, 0.0, 0.0, 1.0, 0.0, 0.0, 0.0, 0.0, 0.0, 0.0, 0.0, 0.0, 0.0, 0.0, 0.0, 0.0, 0.0, 0.0, 0.0, 0.0, 1.0, 0.0, 0.0, 0.0, 0.0, 0.0, 97.1, 0.0, 94.1, 0.0, 0.0, 0.0, 0.0, 0.0, 0.0, 0.0, 0.0, 0.0, 0.0, 1.9, 0.0, 0.0, 0.0, 0.0, 0.0, 0.0, 0.0, 0.0, 0.0, 0.0, 0.0, 0.0, 0.0, 0.0, 0.0, 0.0, 0.0, 0.0, 0.0, 0.0, 0.0, 0.0, 0.0, 0.0, 0.0, 0.0, 0.0, 0.0, 0.0, 0.0, 0.0, 0.0, 0.0, 0.0, 0.0, 0.0, 0.0, 0.0, 0.0, 0.0, 0.0, 0.0, 0.0, 0.0, 0.0, 0.0, 0.0, 0.0, 0.0, 0.0, 0.0, 0.0, 0.0, 0.0, 0.0, 0.0, 0.0, 0.0]
2025-10-01 20:15:05,381 - INFO - Disk I/O:
2025-10-01 20:15:05,381 - INFO -   Read: 44.37 GB
2025-10-01 20:15:05,382 - INFO -   Write: 0.00 GB
2025-10-01 20:15:05,382 - INFO -   Read Rate: 445469 ops
2025-10-01 20:15:05,382 - INFO -   Write Rate: 0 ops
2025-10-01 20:15:05,382 - INFO - Network I/O:
2025-10-01 20:15:05,382 - INFO -   Sent: 539.94 GB
2025-10-01 20:15:05,382 - INFO -   Received: 317.02 GB
2025-10-01 20:15:05,382 - INFO - ==================================================
2025-10-01 20:15:06,990 - INFO - POST http://localhost:9200/_bulk [status:200 request:12.653s]
2025-10-01 20:15:08,134 - INFO - POST http://localhost:9200/_bulk [status:200 request:12.655s]
2025-10-01 20:15:08,174 - INFO - Progress: 180,000 indexed, 0 failed, Rate: 1311.4 docs/sec, Elapsed: 137.3s
2025-10-01 20:15:10,348 - INFO - === ENHANCED HARDWARE METRICS BULK INDEXING AT 180000 DOCS ===
2025-10-01 20:15:10,348 - INFO - Process Memory:
2025-10-01 20:15:10,348 - INFO -   RSS: 4.38 GB
2025-10-01 20:15:10,348 - INFO -   VMS: 8.39 GB
2025-10-01 20:15:10,348 - INFO -   Percent: 0.5%
2025-10-01 20:15:10,348 - INFO - System Memory:
2025-10-01 20:15:10,348 - INFO -   Used: 14.5%
2025-10-01 20:15:10,349 - INFO -   Available: 730.46 GB
2025-10-01 20:15:10,349 - INFO -   Cached: 32.74 GB
2025-10-01 20:15:10,349 - INFO - CPU Usage:
2025-10-01 20:15:10,349 - INFO -   Process: 1.0%
2025-10-01 20:15:10,349 - INFO -   System: 2.9%
2025-10-01 20:15:10,349 - INFO -   Per Core: [22.0, 0.0, 0.0, 0.0, 0.0, 0.0, 0.0, 0.0, 0.0, 0.0, 0.0, 0.0, 0.0, 0.0, 0.0, 0.0, 0.0, 0.0, 0.0, 0.0, 0.0, 0.0, 0.0, 0.0, 0.0, 0.0, 0.0, 0.0, 0.0, 0.0, 0.0, 0.0, 0.0, 0.0, 0.0, 0.0, 0.0, 0.0, 0.0, 0.0, 0.0, 0.0, 0.0, 0.0, 0.0, 0.0, 0.0, 0.0, 0.0, 0.0, 0.0, 0.0, 0.0, 0.0, 0.0, 0.0, 0.0, 0.0, 0.0, 0.0, 0.0, 0.0, 0.0, 0.0, 0.0, 100.0, 0.0, 0.0, 0.0, 0.0, 0.0, 23.0, 0.0, 0.0, 0.0, 0.0, 0.0, 0.0, 0.0, 0.0, 0.0, 0.0, 0.0, 0.0, 0.0, 0.0, 0.0, 0.0, 0.0, 0.0, 0.0, 0.0, 0.0, 0.0, 0.0, 0.0, 0.0, 0.0, 0.0, 0.0, 0.0, 0.0, 0.0, 0.0, 0.0, 0.0, 1.0, 0.0, 0.0, 0.0, 0.0, 0.0, 0.0, 0.0, 0.0, 0.0, 0.0, 0.0, 0.0, 0.0, 0.0, 0.0, 0.0, 0.0, 0.0, 0.0, 0.0, 0.0, 0.0, 0.0, 0.0, 0.0, 0.0, 0.0, 0.0, 0.0, 0.0, 0.0, 0.0, 57.4, 100.0, 100.0, 100.0, 100.0, 0.0, 0.0, 100.0, 0.0, 1.0, 0.0, 100.0, 0.0, 1.0, 0.0, 0.0, 0.0, 0.0, 0.0, 0.0, 0.0, 5.0, 0.0, 0.0, 1.0, 0.0, 0.0, 0.0, 0.0, 1.0, 0.0, 0.0, 1.0, 0.0, 0.0, 0.0, 0.0, 0.0, 0.0, 0.0, 1.0, 0.0, 0.0, 0.0, 0.0, 0.0, 0.0, 0.0, 1.0, 0.0, 0.0, 1.0, 0.0, 0.0, 0.0, 0.0, 0.0, 0.0, 0.0, 0.0, 0.0, 0.0, 0.0, 0.0, 0.0, 0.0, 0.0, 0.0, 0.0, 0.0, 0.0, 0.0, 0.0, 0.0, 0.0, 0.0, 0.0, 10.1, 0.0, 1.0, 0.0, 0.0, 0.0, 0.0, 0.0, 0.0, 0.0, 0.0, 0.0, 0.0, 0.0, 0.0, 0.0, 0.0, 0.0, 0.0, 0.0, 0.0, 0.0, 0.0, 0.0, 0.0, 0.0, 0.0, 0.0, 0.0, 0.0, 0.0, 0.0, 0.0, 0.0, 0.0, 0.0, 0.0, 0.0, 0.0, 0.0, 0.0, 0.0, 0.0, 0.0, 0.0, 0.0, 1.0, 0.0, 0.0, 0.0, 0.0, 0.0, 0.0, 0.0, 0.0, 0.0, 0.0, 0.0, 0.0, 0.0, 0.0, 0.0, 1.0, 0.0, 0.0, 0.0, 0.0, 0.0, 0.0, 0.0, 0.0, 0.0]
2025-10-01 20:15:10,349 - INFO - Disk I/O:
2025-10-01 20:15:10,349 - INFO -   Read: 44.37 GB
2025-10-01 20:15:10,349 - INFO -   Write: 0.00 GB
2025-10-01 20:15:10,349 - INFO -   Read Rate: 445469 ops
2025-10-01 20:15:10,349 - INFO -   Write Rate: 0 ops
2025-10-01 20:15:10,349 - INFO - Network I/O:
2025-10-01 20:15:10,349 - INFO -   Sent: 540.77 GB
2025-10-01 20:15:10,349 - INFO -   Received: 317.17 GB
2025-10-01 20:15:10,349 - INFO - ==================================================
2025-10-01 20:15:10,864 - INFO - POST http://localhost:9200/_bulk [status:200 request:11.562s]
2025-10-01 20:15:13,910 - INFO - POST http://localhost:9200/_bulk [status:200 request:13.161s]
2025-10-01 20:15:14,789 - INFO - POST http://localhost:9200/_bulk [status:200 request:14.143s]
2025-10-01 20:15:15,497 - INFO - POST http://localhost:9200/_bulk [status:200 request:12.330s]
2025-10-01 20:15:16,871 - INFO - POST http://localhost:9200/_bulk [status:200 request:13.037s]
2025-10-01 20:15:16,910 - INFO - Progress: 190,000 indexed, 0 failed, Rate: 1301.4 docs/sec, Elapsed: 146.0s
2025-10-01 20:15:17,992 - INFO - POST http://localhost:9200/_bulk [status:200 request:13.111s]
2025-10-01 20:15:19,126 - INFO - === ENHANCED HARDWARE METRICS BULK INDEXING AT 190000 DOCS ===
2025-10-01 20:15:19,126 - INFO - Process Memory:
2025-10-01 20:15:19,127 - INFO -   RSS: 4.38 GB
2025-10-01 20:15:19,127 - INFO -   VMS: 8.39 GB
2025-10-01 20:15:19,127 - INFO -   Percent: 0.5%
2025-10-01 20:15:19,127 - INFO - System Memory:
2025-10-01 20:15:19,127 - INFO -   Used: 14.6%
2025-10-01 20:15:19,127 - INFO -   Available: 729.92 GB
2025-10-01 20:15:19,127 - INFO -   Cached: 33.55 GB
2025-10-01 20:15:19,127 - INFO - CPU Usage:
2025-10-01 20:15:19,127 - INFO -   Process: 3.0%
2025-10-01 20:15:19,127 - INFO -   System: 3.5%
2025-10-01 20:15:19,127 - INFO -   Per Core: [1.0, 0.0, 0.0, 0.0, 0.0, 0.0, 0.0, 0.0, 0.0, 0.0, 1.0, 0.0, 0.0, 0.0, 0.0, 0.0, 0.0, 0.0, 0.0, 0.0, 0.0, 0.0, 0.0, 0.0, 0.0, 0.0, 0.0, 0.0, 0.0, 0.0, 0.0, 0.0, 0.0, 0.0, 0.0, 0.0, 0.0, 0.0, 0.0, 0.0, 0.0, 0.0, 0.0, 0.0, 0.0, 0.0, 0.0, 0.0, 0.0, 0.0, 0.0, 0.0, 0.0, 0.0, 0.0, 0.0, 0.0, 0.0, 0.0, 0.0, 0.0, 8.9, 0.0, 0.0, 100.0, 0.0, 0.0, 0.0, 0.0, 0.0, 0.0, 100.0, 0.0, 0.0, 0.0, 0.0, 0.0, 0.0, 0.0, 0.0, 0.0, 0.0, 0.0, 0.0, 0.0, 0.0, 0.0, 0.0, 0.0, 0.0, 0.0, 0.0, 0.0, 0.0, 0.0, 0.0, 0.0, 0.0, 0.0, 0.0, 0.0, 0.0, 0.0, 0.0, 0.0, 0.0, 0.0, 0.0, 0.0, 0.0, 0.0, 0.0, 0.0, 0.0, 0.0, 0.0, 0.0, 0.0, 0.0, 0.0, 0.0, 0.0, 0.0, 0.0, 0.0, 0.0, 0.0, 0.0, 0.0, 0.0, 0.0, 0.0, 0.0, 0.0, 0.0, 0.0, 0.0, 5.0, 0.0, 100.0, 100.0, 100.0, 86.3, 100.0, 0.0, 0.0, 0.0, 99.0, 0.0, 1.0, 0.0, 0.0, 1.0, 0.0, 0.0, 0.0, 0.0, 0.0, 0.0, 0.0, 0.0, 0.0, 0.0, 0.0, 0.0, 0.0, 0.0, 0.0, 0.0, 0.0, 0.0, 100.0, 0.0, 0.0, 1.0, 0.0, 1.0, 0.0, 0.0, 0.0, 0.0, 0.0, 0.0, 0.0, 0.0, 0.0, 1.0, 0.0, 0.0, 0.0, 0.0, 0.0, 0.0, 0.0, 0.0, 0.0, 0.0, 0.0, 0.0, 0.0, 0.0, 1.0, 0.0, 0.0, 0.0, 1.0, 0.0, 0.0, 0.0, 0.0, 0.0, 0.0, 0.0, 0.0, 0.0, 0.0, 0.0, 97.0, 0.0, 0.0, 0.0, 0.0, 0.0, 0.0, 0.0, 0.0, 0.0, 1.0, 0.0, 0.0, 0.0, 0.0, 0.0, 0.0, 0.0, 0.0, 0.0, 0.0, 0.0, 0.0, 0.0, 0.0, 0.0, 0.0, 0.0, 0.0, 0.0, 0.0, 0.0, 0.0, 0.0, 0.0, 0.0, 0.0, 0.0, 0.0, 0.0, 0.0, 0.0, 0.0, 0.0, 0.0, 0.0, 0.0, 0.0, 0.0, 0.0, 0.0, 0.0, 0.0, 0.0, 0.0, 0.0, 0.0, 0.0, 0.0, 0.0, 0.0, 0.0, 0.0, 0.0, 0.0, 0.0, 0.0, 0.0, 0.0, 0.0, 0.0]
2025-10-01 20:15:19,127 - INFO - Disk I/O:
2025-10-01 20:15:19,127 - INFO -   Read: 44.37 GB
2025-10-01 20:15:19,128 - INFO -   Write: 0.00 GB
2025-10-01 20:15:19,128 - INFO -   Read Rate: 445469 ops
2025-10-01 20:15:19,128 - INFO -   Write Rate: 0 ops
2025-10-01 20:15:19,128 - INFO - Network I/O:
2025-10-01 20:15:19,128 - INFO -   Sent: 542.88 GB
2025-10-01 20:15:19,128 - INFO -   Received: 317.61 GB
2025-10-01 20:15:19,128 - INFO - ==================================================
2025-10-01 20:15:19,584 - INFO - POST http://localhost:9200/_bulk [status:200 request:12.465s]
2025-10-01 20:15:22,427 - INFO - POST http://localhost:9200/_bulk [status:200 request:14.161s]
2025-10-01 20:15:23,071 - INFO - POST http://localhost:9200/_bulk [status:200 request:12.073s]
2025-10-01 20:15:23,095 - INFO - POST http://localhost:9200/_bulk [status:200 request:3.426s]
2025-10-01 20:15:23,122 - INFO - Progress: 200,000 indexed, 0 failed, Rate: 1314.0 docs/sec, Elapsed: 152.2s
2025-10-01 20:15:25,231 - INFO - === ENHANCED HARDWARE METRICS BULK INDEXING AT 200000 DOCS ===
2025-10-01 20:15:25,232 - INFO - Process Memory:
2025-10-01 20:15:25,232 - INFO -   RSS: 3.72 GB
2025-10-01 20:15:25,232 - INFO -   VMS: 7.73 GB
2025-10-01 20:15:25,232 - INFO -   Percent: 0.4%
2025-10-01 20:15:25,232 - INFO - System Memory:
2025-10-01 20:15:25,232 - INFO -   Used: 14.6%
2025-10-01 20:15:25,232 - INFO -   Available: 729.71 GB
2025-10-01 20:15:25,232 - INFO -   Cached: 34.62 GB
2025-10-01 20:15:25,232 - INFO - CPU Usage:
2025-10-01 20:15:25,232 - INFO -   Process: 0.0%
2025-10-01 20:15:25,232 - INFO -   System: 2.5%
2025-10-01 20:15:25,233 - INFO -   Per Core: [2.0, 0.0, 0.0, 0.0, 0.0, 0.0, 0.0, 0.0, 0.0, 0.0, 0.0, 0.0, 0.0, 0.0, 0.0, 0.0, 0.0, 0.0, 0.0, 0.0, 0.0, 0.0, 0.0, 0.0, 0.0, 0.0, 0.0, 0.0, 0.0, 0.0, 0.0, 0.0, 0.0, 0.0, 0.0, 0.0, 1.0, 0.0, 0.0, 0.0, 0.0, 0.0, 0.0, 0.0, 0.0, 0.0, 0.0, 0.0, 0.0, 1.0, 0.0, 0.0, 0.0, 0.0, 0.0, 0.0, 0.0, 0.0, 0.0, 0.0, 0.0, 0.0, 0.0, 0.0, 100.0, 0.0, 0.0, 0.0, 0.0, 0.0, 0.0, 0.0, 1.0, 0.0, 0.0, 0.0, 0.0, 0.0, 0.0, 0.0, 0.0, 0.0, 0.0, 0.0, 0.0, 0.0, 0.0, 0.0, 0.0, 0.0, 0.0, 0.0, 0.0, 0.0, 0.0, 0.0, 0.0, 0.0, 0.0, 0.0, 0.0, 0.0, 0.0, 0.0, 0.0, 0.0, 0.0, 0.0, 0.0, 0.0, 0.0, 0.0, 0.0, 0.0, 0.0, 0.0, 0.0, 0.0, 0.0, 0.0, 0.0, 0.0, 1.0, 0.0, 0.0, 0.0, 0.0, 0.0, 0.0, 0.0, 0.0, 0.0, 0.0, 0.0, 0.0, 1.0, 0.0, 0.0, 0.0, 0.0, 89.0, 100.0, 100.0, 99.0, 0.0, 0.0, 0.0, 98.0, 0.0, 0.0, 0.0, 0.0, 0.0, 0.0, 0.0, 0.0, 0.0, 0.0, 0.0, 0.0, 0.0, 0.0, 0.0, 0.0, 0.0, 0.0, 0.0, 1.0, 0.0, 0.0, 0.0, 100.0, 0.0, 0.0, 0.0, 0.0, 0.0, 0.0, 0.0, 0.0, 0.0, 0.0, 0.0, 0.0, 0.0, 0.0, 0.0, 0.0, 0.0, 0.0, 0.0, 0.0, 0.0, 0.0, 0.0, 0.0, 0.0, 0.0, 0.0, 0.0, 0.0, 0.0, 0.0, 0.0, 0.0, 0.0, 0.0, 0.0, 0.0, 0.0, 0.0, 0.0, 0.0, 0.0, 0.0, 0.0, 11.1, 0.0, 0.0, 0.0, 0.0, 0.0, 0.0, 0.0, 0.0, 0.0, 0.0, 0.0, 0.0, 0.0, 0.0, 0.0, 0.0, 0.0, 0.0, 0.0, 0.0, 0.0, 0.0, 0.0, 0.0, 0.0, 0.0, 0.0, 0.0, 0.0, 0.0, 0.0, 0.0, 0.0, 0.0, 0.0, 0.0, 0.0, 0.0, 0.0, 1.0, 0.0, 0.0, 0.0, 0.0, 0.0, 0.0, 0.0, 0.0, 0.0, 0.0, 0.0, 0.0, 0.0, 0.0, 0.0, 0.0, 0.0, 0.0, 0.0, 0.0, 0.0, 0.0, 0.0, 0.0, 2.0, 0.0, 0.0, 0.0, 0.0, 0.0, 0.0]
2025-10-01 20:15:25,233 - INFO - Disk I/O:
2025-10-01 20:15:25,233 - INFO -   Read: 44.37 GB
2025-10-01 20:15:25,233 - INFO -   Write: 0.00 GB
2025-10-01 20:15:25,233 - INFO -   Read Rate: 445469 ops
2025-10-01 20:15:25,233 - INFO -   Write Rate: 0 ops
2025-10-01 20:15:25,233 - INFO - Network I/O:
2025-10-01 20:15:25,233 - INFO -   Sent: 544.57 GB
2025-10-01 20:15:25,233 - INFO -   Received: 317.64 GB
2025-10-01 20:15:25,233 - INFO - ==================================================
2025-10-01 20:15:26,649 - INFO - POST http://localhost:9200/_bulk [status:200 request:12.611s]
2025-10-01 20:15:29,210 - INFO - POST http://localhost:9200/_bulk [status:200 request:14.280s]
2025-10-01 20:15:29,695 - INFO - POST http://localhost:9200/_bulk [status:200 request:12.691s]
2025-10-01 20:15:30,171 - INFO - POST http://localhost:9200/_bulk [status:200 request:14.543s]
2025-10-01 20:15:30,209 - INFO - Progress: 210,000 indexed, 0 failed, Rate: 1318.3 docs/sec, Elapsed: 159.3s
2025-10-01 20:15:30,880 - INFO - POST http://localhost:9200/_bulk [status:200 request:12.761s]
2025-10-01 20:15:32,313 - INFO - === ENHANCED HARDWARE METRICS BULK INDEXING AT 210000 DOCS ===
2025-10-01 20:15:32,313 - INFO - Process Memory:
2025-10-01 20:15:32,313 - INFO -   RSS: 2.79 GB
2025-10-01 20:15:32,313 - INFO -   VMS: 6.79 GB
2025-10-01 20:15:32,313 - INFO -   Percent: 0.3%
2025-10-01 20:15:32,313 - INFO - System Memory:
2025-10-01 20:15:32,313 - INFO -   Used: 14.6%
2025-10-01 20:15:32,313 - INFO -   Available: 730.02 GB
2025-10-01 20:15:32,314 - INFO -   Cached: 34.31 GB
2025-10-01 20:15:32,314 - INFO - CPU Usage:
2025-10-01 20:15:32,314 - INFO -   Process: 6.0%
2025-10-01 20:15:32,314 - INFO -   System: 0.7%
2025-10-01 20:15:32,314 - INFO -   Per Core: [4.9, 0.0, 0.0, 0.0, 0.0, 0.0, 0.0, 0.0, 0.0, 0.0, 1.0, 0.0, 0.0, 0.0, 0.0, 0.0, 0.0, 0.0, 0.0, 0.0, 0.0, 0.0, 0.0, 0.0, 0.0, 0.0, 0.0, 0.0, 0.0, 1.0, 0.0, 0.0, 2.0, 0.0, 0.0, 0.0, 0.0, 0.0, 0.0, 0.0, 0.0, 0.0, 0.0, 0.0, 0.0, 0.0, 0.0, 0.0, 0.0, 0.0, 0.0, 0.0, 0.0, 0.0, 0.0, 0.0, 0.0, 0.0, 1.0, 0.0, 0.0, 0.0, 0.0, 0.0, 0.0, 0.0, 0.0, 0.0, 0.0, 1.0, 0.0, 0.0, 3.0, 0.0, 0.0, 0.0, 0.0, 6.9, 0.0, 0.0, 0.0, 0.0, 0.0, 0.0, 0.0, 0.0, 1.0, 0.0, 0.0, 0.0, 0.0, 0.0, 0.0, 0.0, 0.0, 0.0, 0.0, 0.0, 0.0, 0.0, 0.0, 0.0, 0.0, 1.0, 0.0, 0.0, 0.0, 0.0, 0.0, 1.0, 0.0, 0.0, 1.0, 0.0, 0.0, 0.0, 0.0, 0.0, 0.0, 0.0, 0.0, 1.0, 0.0, 1.0, 0.0, 1.0, 0.0, 0.0, 0.0, 2.0, 0.0, 0.0, 0.0, 0.0, 0.0, 0.0, 0.0, 0.0, 1.0, 0.0, 0.0, 0.0, 0.0, 14.0, 1.0, 0.0, 1.0, 0.0, 0.0, 2.0, 0.0, 100.0, 0.0, 0.0, 0.0, 0.0, 0.0, 0.0, 0.0, 1.0, 1.0, 0.0, 1.0, 1.0, 0.0, 0.0, 0.0, 0.0, 0.0, 0.0, 0.0, 1.0, 0.0, 0.0, 0.0, 1.0, 0.0, 0.0, 0.0, 0.0, 0.0, 0.0, 0.0, 1.0, 0.0, 0.0, 0.0, 0.0, 0.0, 0.0, 0.0, 0.0, 0.0, 0.0, 0.0, 1.0, 0.0, 1.0, 0.0, 0.0, 0.0, 0.0, 0.0, 33.0, 0.0, 0.0, 1.0, 0.0, 0.0, 0.0, 0.0, 1.0, 0.0, 0.0, 0.0, 0.0, 0.0, 0.0, 0.0, 0.0, 1.0, 0.0, 0.0, 0.0, 0.0, 1.0, 0.0, 0.0, 0.0, 1.0, 0.0, 0.0, 0.0, 0.0, 0.0, 0.0, 0.0, 0.0, 0.0, 0.0, 0.0, 0.0, 0.0, 0.0, 0.0, 0.0, 0.0, 0.0, 1.0, 0.0, 0.0, 0.0, 0.0, 0.0, 0.0, 0.0, 0.0, 0.0, 0.0, 0.0, 0.0, 0.0, 1.0, 1.0, 0.0, 0.0, 0.0, 0.0, 0.0, 0.0, 0.0, 0.0, 0.0, 0.0, 0.0, 0.0, 0.0, 1.0, 0.0, 0.0, 0.0, 0.0, 0.0, 0.0, 0.0, 0.0, 0.0, 1.0]
2025-10-01 20:15:32,314 - INFO - Disk I/O:
2025-10-01 20:15:32,314 - INFO -   Read: 44.37 GB
2025-10-01 20:15:32,314 - INFO -   Write: 0.00 GB
2025-10-01 20:15:32,314 - INFO -   Read Rate: 445469 ops
2025-10-01 20:15:32,314 - INFO -   Write Rate: 0 ops
2025-10-01 20:15:32,314 - INFO - Network I/O:
2025-10-01 20:15:32,314 - INFO -   Sent: 545.99 GB
2025-10-01 20:15:32,314 - INFO -   Received: 317.65 GB
2025-10-01 20:15:32,314 - INFO - ==================================================
2025-10-01 20:15:32,355 - INFO - File 1 completed: 213,000 indexed, 0 failed
2025-10-01 20:15:34,488 - INFO - === ENHANCED HARDWARE METRICS AFTER FILE 1 ===
2025-10-01 20:15:34,488 - INFO - Process Memory:
2025-10-01 20:15:34,488 - INFO -   RSS: 2.55 GB
2025-10-01 20:15:34,488 - INFO -   VMS: 6.49 GB
2025-10-01 20:15:34,488 - INFO -   Percent: 0.3%
2025-10-01 20:15:34,488 - INFO - System Memory:
2025-10-01 20:15:34,489 - INFO -   Used: 14.5%
2025-10-01 20:15:34,489 - INFO -   Available: 730.17 GB
2025-10-01 20:15:34,489 - INFO -   Cached: 33.94 GB
2025-10-01 20:15:34,489 - INFO - CPU Usage:
2025-10-01 20:15:34,489 - INFO -   Process: 0.0%
2025-10-01 20:15:34,489 - INFO -   System: 0.4%
2025-10-01 20:15:34,489 - INFO -   Per Core: [1.0, 0.0, 0.0, 0.0, 0.0, 0.0, 0.0, 0.0, 0.0, 0.0, 0.0, 0.0, 0.0, 0.0, 0.0, 0.0, 0.0, 0.0, 0.0, 0.0, 0.0, 0.0, 0.0, 0.0, 0.0, 0.0, 0.0, 0.0, 0.0, 0.0, 0.0, 0.0, 0.0, 0.0, 0.0, 0.0, 0.0, 0.0, 0.0, 0.0, 0.0, 0.0, 0.0, 0.0, 0.0, 0.0, 0.0, 0.0, 0.0, 0.0, 0.0, 0.0, 0.0, 0.0, 0.0, 0.0, 0.0, 0.0, 0.0, 0.0, 0.0, 0.0, 0.0, 0.0, 0.0, 0.0, 0.0, 0.0, 0.0, 0.0, 0.0, 0.0, 1.0, 0.0, 0.0, 0.0, 0.0, 0.0, 0.0, 0.0, 0.0, 0.0, 0.0, 0.0, 0.0, 0.0, 0.0, 0.0, 0.0, 0.0, 0.0, 0.0, 0.0, 0.0, 0.0, 0.0, 0.0, 0.0, 0.0, 0.0, 0.0, 0.0, 0.0, 0.0, 1.0, 0.0, 0.0, 0.0, 0.0, 0.0, 0.0, 0.0, 0.0, 0.0, 0.0, 0.0, 0.0, 0.0, 0.0, 0.0, 0.0, 0.0, 0.0, 0.0, 0.0, 0.0, 0.0, 0.0, 0.0, 0.0, 0.0, 0.0, 0.0, 0.0, 0.0, 0.0, 0.0, 0.0, 0.0, 0.0, 0.0, 0.0, 0.0, 0.0, 0.0, 0.0, 0.0, 0.0, 0.0, 0.0, 0.0, 99.0, 0.0, 0.0, 0.0, 0.0, 0.0, 0.0, 0.0, 0.0, 0.0, 0.0, 0.0, 0.0, 0.0, 0.0, 1.0, 0.0, 0.0, 0.0, 0.0, 0.0, 0.0, 0.0, 0.0, 0.0, 0.0, 0.0, 0.0, 0.0, 0.0, 0.0, 0.0, 0.0, 0.0, 0.0, 0.0, 0.0, 0.0, 0.0, 0.0, 0.0, 0.0, 0.0, 0.0, 0.0, 0.0, 0.0, 0.0, 0.0, 0.0, 0.0, 0.0, 0.0, 0.0, 0.0, 0.0, 0.0, 0.0, 0.0, 0.0, 0.0, 0.0, 0.0, 0.0, 0.0, 0.0, 0.0, 0.0, 0.0, 0.0, 0.0, 0.0, 0.0, 0.0, 0.0, 0.0, 0.0, 0.0, 0.0, 0.0, 0.0, 0.0, 0.0, 0.0, 0.0, 0.0, 0.0, 0.0, 0.0, 0.0, 0.0, 0.0, 0.0, 0.0, 0.0, 0.0, 0.0, 0.0, 0.0, 0.0, 0.0, 0.0, 0.0, 0.0, 0.0, 0.0, 0.0, 0.0, 0.0, 0.0, 0.0, 0.0, 0.0, 0.0, 0.0, 0.0, 0.0, 0.0, 0.0, 0.0, 0.0, 0.0, 0.0, 0.0, 0.0, 0.0, 0.0, 1.0, 0.0, 0.0, 0.0, 0.0, 0.0, 0.0, 0.0, 0.0, 0.0]
2025-10-01 20:15:34,489 - INFO - Disk I/O:
2025-10-01 20:15:34,489 - INFO -   Read: 44.37 GB
2025-10-01 20:15:34,489 - INFO -   Write: 0.00 GB
2025-10-01 20:15:34,489 - INFO -   Read Rate: 445469 ops
2025-10-01 20:15:34,489 - INFO -   Write Rate: 0 ops
2025-10-01 20:15:34,489 - INFO - Network I/O:
2025-10-01 20:15:34,489 - INFO -   Sent: 546.08 GB
2025-10-01 20:15:34,489 - INFO -   Received: 317.65 GB
2025-10-01 20:15:34,489 - INFO - ==================================================
2025-10-01 20:15:36,588 - INFO - === ENHANCED HARDWARE METRICS AFTER INDEXING ===
2025-10-01 20:15:36,589 - INFO - Process Memory:
2025-10-01 20:15:36,589 - INFO -   RSS: 2.54 GB
2025-10-01 20:15:36,589 - INFO -   VMS: 6.49 GB
2025-10-01 20:15:36,589 - INFO -   Percent: 0.3%
2025-10-01 20:15:36,589 - INFO - System Memory:
2025-10-01 20:15:36,589 - INFO -   Used: 14.6%
2025-10-01 20:15:36,589 - INFO -   Available: 730.09 GB
2025-10-01 20:15:36,589 - INFO -   Cached: 33.66 GB
2025-10-01 20:15:36,589 - INFO - CPU Usage:
2025-10-01 20:15:36,589 - INFO -   Process: 0.0%
2025-10-01 20:15:36,589 - INFO -   System: 0.4%
2025-10-01 20:15:36,589 - INFO -   Per Core: [1.0, 0.0, 0.0, 0.0, 0.0, 0.0, 0.0, 0.0, 0.0, 0.0, 0.0, 0.0, 0.0, 0.0, 0.0, 0.0, 0.0, 0.0, 0.0, 0.0, 0.0, 0.0, 0.0, 0.0, 0.0, 0.0, 0.0, 0.0, 0.0, 0.0, 0.0, 0.0, 0.0, 0.0, 0.0, 0.0, 0.0, 0.0, 0.0, 0.0, 0.0, 0.0, 0.0, 0.0, 0.0, 0.0, 0.0, 0.0, 0.0, 0.0, 0.0, 0.0, 0.0, 0.0, 0.0, 0.0, 0.0, 0.0, 1.0, 0.0, 0.0, 0.0, 0.0, 0.0, 0.0, 0.0, 0.0, 0.0, 0.0, 0.0, 0.0, 0.0, 0.0, 0.0, 0.0, 0.0, 0.0, 0.0, 0.0, 0.0, 0.0, 0.0, 0.0, 0.0, 0.0, 0.0, 0.0, 0.0, 0.0, 0.0, 0.0, 0.0, 0.0, 0.0, 1.0, 0.0, 0.0, 0.0, 0.0, 0.0, 0.0, 0.0, 0.0, 0.0, 0.0, 0.0, 0.0, 0.0, 0.0, 0.0, 1.0, 0.0, 0.0, 0.0, 0.0, 0.0, 0.0, 0.0, 0.0, 0.0, 0.0, 0.0, 0.0, 0.0, 0.0, 0.0, 0.0, 0.0, 0.0, 0.0, 0.0, 0.0, 0.0, 0.0, 0.0, 0.0, 0.0, 0.0, 0.0, 0.0, 0.0, 0.0, 0.0, 0.0, 0.0, 0.0, 0.0, 0.0, 0.0, 0.0, 0.0, 99.0, 0.0, 1.0, 0.0, 0.0, 0.0, 0.0, 0.0, 0.0, 0.0, 0.0, 0.0, 0.0, 0.0, 0.0, 0.0, 0.0, 0.0, 0.0, 0.0, 0.0, 0.0, 0.0, 0.0, 0.0, 0.0, 0.0, 0.0, 0.0, 0.0, 0.0, 0.0, 0.0, 0.0, 0.0, 0.0, 0.0, 0.0, 0.0, 0.0, 0.0, 0.0, 0.0, 0.0, 0.0, 0.0, 0.0, 0.0, 0.0, 0.0, 0.0, 0.0, 0.0, 0.0, 0.0, 0.0, 0.0, 0.0, 0.0, 0.0, 0.0, 0.0, 0.0, 0.0, 0.0, 0.0, 0.0, 0.0, 0.0, 0.0, 0.0, 0.0, 0.0, 0.0, 0.0, 0.0, 0.0, 0.0, 0.0, 0.0, 0.0, 0.0, 0.0, 0.0, 0.0, 0.0, 0.0, 0.0, 0.0, 0.0, 0.0, 0.0, 0.0, 0.0, 0.0, 0.0, 0.0, 0.0, 0.0, 0.0, 0.0, 0.0, 0.0, 0.0, 0.0, 0.0, 0.0, 0.0, 0.0, 0.0, 0.0, 0.0, 0.0, 0.0, 0.0, 0.0, 0.0, 0.0, 0.0, 0.0, 0.0, 0.0, 0.0, 0.0, 0.0, 0.0, 0.0, 0.0, 0.0, 0.0, 0.0, 0.0, 0.0, 0.0, 0.0, 0.0, 0.0]
2025-10-01 20:15:36,589 - INFO - Disk I/O:
2025-10-01 20:15:36,590 - INFO -   Read: 44.37 GB
2025-10-01 20:15:36,590 - INFO -   Write: 0.00 GB
2025-10-01 20:15:36,590 - INFO -   Read Rate: 445469 ops
2025-10-01 20:15:36,590 - INFO -   Write Rate: 0 ops
2025-10-01 20:15:36,590 - INFO - Network I/O:
2025-10-01 20:15:36,590 - INFO -   Sent: 546.10 GB
2025-10-01 20:15:36,590 - INFO -   Received: 317.65 GB
2025-10-01 20:15:36,590 - INFO - ==================================================
2025-10-01 20:15:36,590 - INFO - === Indexing Completed ===
2025-10-01 20:15:36,590 - INFO - Total documents indexed: 213,000
2025-10-01 20:15:36,590 - INFO - Failed documents: 0
2025-10-01 20:15:36,590 - INFO - Files processed: 1
2025-10-01 20:15:36,590 - INFO - Indexing time: 163.57 seconds
2025-10-01 20:15:36,590 - INFO - Total execution time: 180.24 seconds
2025-10-01 20:15:36,590 - INFO - Average indexing rate: 1302.2 docs/sec
2025-10-01 20:15:38,692 - INFO - === ENHANCED HARDWARE METRICS FINAL ===
2025-10-01 20:15:38,693 - INFO - Process Memory:
2025-10-01 20:15:38,693 - INFO -   RSS: 2.54 GB
2025-10-01 20:15:38,693 - INFO -   VMS: 6.49 GB
2025-10-01 20:15:38,693 - INFO -   Percent: 0.3%
2025-10-01 20:15:38,693 - INFO - System Memory:
2025-10-01 20:15:38,693 - INFO -   Used: 14.6%
2025-10-01 20:15:38,693 - INFO -   Available: 730.08 GB
2025-10-01 20:15:38,693 - INFO -   Cached: 33.67 GB
2025-10-01 20:15:38,693 - INFO - CPU Usage:
2025-10-01 20:15:38,693 - INFO -   Process: 0.0%
2025-10-01 20:15:38,694 - INFO -   System: 0.4%
2025-10-01 20:15:38,694 - INFO -   Per Core: [1.0, 0.0, 0.0, 0.0, 0.0, 0.0, 0.0, 0.0, 0.0, 0.0, 0.0, 0.0, 0.0, 0.0, 0.0, 0.0, 0.0, 0.0, 0.0, 0.0, 0.0, 0.0, 0.0, 0.0, 0.0, 0.0, 0.0, 0.0, 0.0, 0.0, 0.0, 0.0, 0.0, 0.0, 0.0, 0.0, 0.0, 0.0, 0.0, 0.0, 0.0, 0.0, 0.0, 0.0, 0.0, 0.0, 0.0, 0.0, 0.0, 0.0, 0.0, 0.0, 0.0, 0.0, 0.0, 0.0, 0.0, 0.0, 1.0, 0.0, 0.0, 0.0, 0.0, 0.0, 0.0, 0.0, 0.0, 0.0, 0.0, 0.0, 0.0, 0.0, 1.0, 0.0, 0.0, 0.0, 0.0, 0.0, 0.0, 0.0, 0.0, 0.0, 0.0, 0.0, 0.0, 0.0, 0.0, 0.0, 0.0, 0.0, 0.0, 0.0, 0.0, 0.0, 0.0, 0.0, 0.0, 0.0, 0.0, 0.0, 0.0, 0.0, 0.0, 0.0, 0.0, 0.0, 0.0, 0.0, 0.0, 0.0, 0.0, 0.0, 0.0, 69.0, 0.0, 0.0, 0.0, 0.0, 0.0, 0.0, 0.0, 0.0, 0.0, 0.0, 0.0, 0.0, 0.0, 0.0, 0.0, 0.0, 0.0, 0.0, 0.0, 0.0, 0.0, 0.0, 0.0, 0.0, 0.0, 0.0, 0.0, 0.0, 0.0, 0.0, 0.0, 0.0, 0.0, 0.0, 0.0, 0.0, 0.0, 34.3, 0.0, 0.0, 0.0, 0.0, 0.0, 0.0, 0.0, 0.0, 0.0, 0.0, 0.0, 0.0, 0.0, 0.0, 0.0, 0.0, 0.0, 0.0, 0.0, 0.0, 0.0, 0.0, 0.0, 0.0, 0.0, 0.0, 0.0, 0.0, 0.0, 0.0, 0.0, 0.0, 0.0, 0.0, 0.0, 0.0, 0.0, 0.0, 0.0, 0.0, 0.0, 0.0, 0.0, 0.0, 0.0, 0.0, 0.0, 0.0, 0.0, 0.0, 0.0, 0.0, 0.0, 0.0, 0.0, 0.0, 0.0, 0.0, 0.0, 0.0, 0.0, 0.0, 0.0, 0.0, 0.0, 0.0, 0.0, 0.0, 0.0, 0.0, 0.0, 0.0, 0.0, 1.0, 0.0, 0.0, 0.0, 1.0, 0.0, 0.0, 0.0, 0.0, 0.0, 0.0, 0.0, 0.0, 0.0, 0.0, 0.0, 0.0, 0.0, 0.0, 0.0, 0.0, 0.0, 0.0, 1.0, 0.0, 0.0, 0.0, 0.0, 0.0, 0.0, 0.0, 0.0, 0.0, 0.0, 0.0, 0.0, 0.0, 0.0, 0.0, 0.0, 0.0, 0.0, 0.0, 0.0, 0.0, 0.0, 0.0, 0.0, 0.0, 0.0, 0.0, 0.0, 0.0, 0.0, 0.0, 0.0, 0.0, 0.0, 0.0, 0.0, 0.0, 0.0, 0.0]
2025-10-01 20:15:38,694 - INFO - Disk I/O:
2025-10-01 20:15:38,694 - INFO -   Read: 44.37 GB
2025-10-01 20:15:38,694 - INFO -   Write: 0.00 GB
2025-10-01 20:15:38,694 - INFO -   Read Rate: 445469 ops
2025-10-01 20:15:38,694 - INFO -   Write Rate: 0 ops
2025-10-01 20:15:38,694 - INFO - Network I/O:
2025-10-01 20:15:38,694 - INFO -   Sent: 546.11 GB
2025-10-01 20:15:38,694 - INFO -   Received: 317.65 GB
2025-10-01 20:15:38,694 - INFO - ==================================================
2025-10-01 20:15:38,694 - INFO - Peak memory usage during execution: 4.89 GB
2025-10-01 20:15:38,696 - INFO - Re-enabling index refresh for search queries...
{"type": "server", "timestamp": "2025-10-01T20:15:38,709+02:00", "level": "INFO", "component": "o.e.c.s.IndexScopedSettings", "cluster.name": "docker-cluster", "node.name": "nid007627", "message": " [gutenberg] updating [index.refresh_interval] from [-1] to [1s]", "cluster.uuid": "4a3Mtnw5RaiF2U2sFbQ8SA", "node.id": "hOnXr72RSN-CAYU_kbaKcA"  }
{"type": "server", "timestamp": "2025-10-01T20:15:38,782+02:00", "level": "INFO", "component": "o.e.c.s.IndexScopedSettings", "cluster.name": "docker-cluster", "node.name": "nid007627", "message": " [gutenberg] updating [index.refresh_interval] from [-1] to [1s]", "cluster.uuid": "4a3Mtnw5RaiF2U2sFbQ8SA", "node.id": "hOnXr72RSN-CAYU_kbaKcA"  }
2025-10-01 20:15:38,791 - INFO - PUT http://localhost:9200/gutenberg/_settings [status:200 request:0.095s]
2025-10-01 20:15:38,792 - INFO - Index refresh interval set to 1s - ready for search queries
2025-10-01 20:15:38,845 - INFO - POST http://localhost:9200/gutenberg/_refresh [status:200 request:0.054s]
2025-10-01 20:15:38,845 - INFO - Index refreshed - all documents are now searchable
2025-10-01 20:15:38,930 - INFO - GET http://localhost:9200/gutenberg/_stats [status:200 request:0.085s]
2025-10-01 20:15:38,930 - INFO - Final index document count: 213,000
2025-10-01 20:15:38,930 - INFO - Index size: 7722.65 MB
2025-10-01 20:15:38,930 - INFO - === Indexing Job Completed Successfully ===
/capstor/scratch/cscs/inesaltemir/scripts/indexing/index_detokenized.py:247: DeprecationWarning: The 'body' parameter is deprecated for the 'create' API and will be removed in a future version. Instead use API parameters directly. See https://github.com/elastic/elasticsearch-py/issues/1698 for more information
  es.indices.create(index=index_name, body=config)
[0;32m[SUCCESS][0m Indexing completed successfully in 188 seconds
[0;32m[SUCCESS][0m === Indexing process completed successfully ===
[0;34m[INFO][0m === Index Storage Information ===
Index data is stored in the container at: /usr/share/elasticsearch/data
This is mounted to your host directory: /iopsstor/scratch/cscs/inesaltemir/es-data
Index logs are stored at: /usr/share/elasticsearch/logs
This is mounted to your host directory: /iopsstor/scratch/cscs/inesaltemir/es-logs
Current index files:
============================
[0;34m[INFO][0m Final system resources:
[0;34m[INFO][0m System resource monitoring:
Memory usage:
              total        used        free      shared  buff/cache   available
Mem:          854Gi        59Gi       761Gi       5.9Gi        33Gi       732Gi
Swap:            0B          0B          0B
Disk usage:
Filesystem                                                                              Size  Used Avail Use% Mounted on
fuse-overlayfs-1.13                                                                     428G  4.3M  428G   1% /
devtmpfs                                                                                4.0M     0  4.0M   0% /dev
tmpfs                                                                                   405G  203M  405G   1% /dev/shm
tmpfs                                                                                   428G  4.3M  428G   1% /dev/shm/inesaltemir/enrootrun
tmpfs                                                                                   428G   80M  428G   1% /tmp
tmpfs                                                                                   428G     0  428G   0% /run
tmpfs                                                                                   428G     0  428G   0% /run/lock
none                                                                                    239G  5.4G  233G   3% /etc/hosts
none                                                                                    239G  5.4G  233G   3% /etc/motd
[0;34m[INFO][0m Cleaning up...
[0;34m[INFO][0m Stopping Elasticsearch (PID: 276922)...
{"type": "server", "timestamp": "2025-10-01T20:15:39,286+02:00", "level": "INFO", "component": "o.e.n.Node", "cluster.name": "docker-cluster", "node.name": "nid007627", "message": "stopping ...", "cluster.uuid": "4a3Mtnw5RaiF2U2sFbQ8SA", "node.id": "hOnXr72RSN-CAYU_kbaKcA"  }
{"type": "server", "timestamp": "2025-10-01T20:15:39,287+02:00", "level": "INFO", "component": "o.e.x.w.WatcherService", "cluster.name": "docker-cluster", "node.name": "nid007627", "message": "stopping watch service, reason [shutdown initiated]", "cluster.uuid": "4a3Mtnw5RaiF2U2sFbQ8SA", "node.id": "hOnXr72RSN-CAYU_kbaKcA"  }
{"type": "server", "timestamp": "2025-10-01T20:15:39,288+02:00", "level": "INFO", "component": "o.e.x.m.p.l.CppLogMessageHandler", "cluster.name": "docker-cluster", "node.name": "nid007627", "message": "[controller/277446] [Main.cc@174] ML controller exiting", "cluster.uuid": "4a3Mtnw5RaiF2U2sFbQ8SA", "node.id": "hOnXr72RSN-CAYU_kbaKcA"  }
{"type": "server", "timestamp": "2025-10-01T20:15:39,288+02:00", "level": "INFO", "component": "o.e.x.m.p.NativeController", "cluster.name": "docker-cluster", "node.name": "nid007627", "message": "Native controller process has stopped - no new native processes can be started", "cluster.uuid": "4a3Mtnw5RaiF2U2sFbQ8SA", "node.id": "hOnXr72RSN-CAYU_kbaKcA"  }
{"type": "server", "timestamp": "2025-10-01T20:15:39,288+02:00", "level": "INFO", "component": "o.e.x.w.WatcherLifeCycleService", "cluster.name": "docker-cluster", "node.name": "nid007627", "message": "watcher has stopped and shutdown", "cluster.uuid": "4a3Mtnw5RaiF2U2sFbQ8SA", "node.id": "hOnXr72RSN-CAYU_kbaKcA"  }
{"type": "server", "timestamp": "2025-10-01T20:15:39,845+02:00", "level": "INFO", "component": "o.e.n.Node", "cluster.name": "docker-cluster", "node.name": "nid007627", "message": "stopped", "cluster.uuid": "4a3Mtnw5RaiF2U2sFbQ8SA", "node.id": "hOnXr72RSN-CAYU_kbaKcA"  }
{"type": "server", "timestamp": "2025-10-01T20:15:39,845+02:00", "level": "INFO", "component": "o.e.n.Node", "cluster.name": "docker-cluster", "node.name": "nid007627", "message": "closing ...", "cluster.uuid": "4a3Mtnw5RaiF2U2sFbQ8SA", "node.id": "hOnXr72RSN-CAYU_kbaKcA"  }
{"type": "server", "timestamp": "2025-10-01T20:15:39,854+02:00", "level": "INFO", "component": "o.e.i.g.DatabaseReaderLazyLoader", "cluster.name": "docker-cluster", "node.name": "nid007627", "message": "evicted [0] entries from cache after reloading database [/tmp/elasticsearch-6107567031115454383/geoip-databases/hOnXr72RSN-CAYU_kbaKcA/GeoLite2-Country.mmdb]", "cluster.uuid": "4a3Mtnw5RaiF2U2sFbQ8SA", "node.id": "hOnXr72RSN-CAYU_kbaKcA"  }
{"type": "server", "timestamp": "2025-10-01T20:15:39,854+02:00", "level": "INFO", "component": "o.e.i.g.DatabaseReaderLazyLoader", "cluster.name": "docker-cluster", "node.name": "nid007627", "message": "evicted [0] entries from cache after reloading database [/tmp/elasticsearch-6107567031115454383/geoip-databases/hOnXr72RSN-CAYU_kbaKcA/GeoLite2-ASN.mmdb]", "cluster.uuid": "4a3Mtnw5RaiF2U2sFbQ8SA", "node.id": "hOnXr72RSN-CAYU_kbaKcA"  }
{"type": "server", "timestamp": "2025-10-01T20:15:39,854+02:00", "level": "INFO", "component": "o.e.i.g.DatabaseReaderLazyLoader", "cluster.name": "docker-cluster", "node.name": "nid007627", "message": "evicted [0] entries from cache after reloading database [/tmp/elasticsearch-6107567031115454383/geoip-databases/hOnXr72RSN-CAYU_kbaKcA/GeoLite2-City.mmdb]", "cluster.uuid": "4a3Mtnw5RaiF2U2sFbQ8SA", "node.id": "hOnXr72RSN-CAYU_kbaKcA"  }
{"type": "server", "timestamp": "2025-10-01T20:15:39,858+02:00", "level": "INFO", "component": "o.e.n.Node", "cluster.name": "docker-cluster", "node.name": "nid007627", "message": "closed", "cluster.uuid": "4a3Mtnw5RaiF2U2sFbQ8SA", "node.id": "hOnXr72RSN-CAYU_kbaKcA"  }
[0;34m[INFO][0m Elasticsearch stopped
[0;34m[INFO][0m === Index Storage Information ===
Index data is stored in the container at: /usr/share/elasticsearch/data
This is mounted to your host directory: /iopsstor/scratch/cscs/inesaltemir/es-data
Index logs are stored at: /usr/share/elasticsearch/logs
This is mounted to your host directory: /iopsstor/scratch/cscs/inesaltemir/es-logs
Current index files:
============================
