"council voting for it, the rest of us in the county will eventually be forced to use it, plus immediately pay more for the regular power since it will now require spinning reserve (the gas generator burns gas to keep the boilers hot, but produces no power with it because they have to have it ready to switch in when the clouds cover the solar farm). Big acreage wind farms in China have affected local weather... basically lower rainfall so lower crop production. One night, we were eating dinner with our son and his family. Our ten year old grandson was typically bored and not paying attention to the conversation. Then someone mentioned “windmills”! At the very word, he perked up and enthusiastically said, “Windmills? I love windmills!”! Pure indoctrination! Oh. I meant “bill” as in our electric bill! Yep!! “Would you like to pay $6.00 more to guarantee that at least 10% of your energy is from renewable Wind or Solar Power. If so, check the box below and add $6.00 to your check. Future invoices will include the $6.00 renewable energy rate.” But yes, I’m sure it will become mandatory at some point. And as I said, we already use renewable and clean hydroelectric power for most of the state. At the very word, he perked up and enthusiastically said, Windmills? I love windmills!! Pure indoctrination! Hopefully at the age of ten he can be untrained. My kids are pretty well in tune with what is B.S. put out by the schools. Most things environmental, sex, and politics. And math. Science too (global warming). Heck, they probably get a better education by being wary of what they are getting taught. And then asking questions and doing their own research. And a windmill up close is a"
"the fundamental truths. A goodly word like a goodly tree, whose root is firmly fixed, and its branches (reach) to the heavens,- of its Lord. This is to show the strength and extent of the ""Pure Word"". As the entire system of the universe hangs upon the Reality contained in this ""Pure Word"" which the believer Professes, the earth and its entire system cooperates with him and the heaven with its entire system welcomes him. There is, therefore, no conflict between him and the Law of nature, and everything in its very nature extends its help to him. It brings forth its fruit at all times, by the leave of its Lord. So God sets forth parables for men, in order that they may receive admonition. That is, the ""Pure Word"" is so fruitful that every person (or community) who bases his system of life on it, gets benefit from it. Every moment for it helps to produce clearness in thought, balance in temperament, strength in character, purity in morals, firmness in conduct, righteousness in talk, straightforwardness in conversation, good temperament in social behavior, nobility in culture, justice and equity in economy, honesty in politics, nobility in war, sincerity in peace; confidence in promises and pledges. In short, it is the elixir that changes everything into gold if one makes the proper use of it. ""Evil word"" is the opposite of ""Pure Word."" It may be applied to everything that is unreal and wrong but here it stands for any false creed that one might adopt as a basis of one's system of life, irrespective of whether it be atheism or heresy or disbelief or shirk or idol-worship or any other ""ism"" that has not been brought by a Messenger of God. And the parable of an evil Word"
"Both entered the University of Moscow in 1829, and Herzen joined the department of natural sciences. At the university, he also acquired a deep interest in history, philosophy, and politics. His circle of friends included Ogaryov, Nikolai Satin, Vadim Passek, Nikolai Kh. Ketscher, and Anton Savich. These friends reflected a popular mystical bent for politics, and they avidly read the works of Friedrich Schelling and Saint-Simon, espousing the radical democracy of brotherly love, idealism, and even socialism. In 1834, following a critical remark about the czar which was reported to the police, Herzen was arrested, jailed for nearly a year, and exiled to Perm and Viatka. In 1838, after three years in exile, he married Natalya Alexandrovna Zakharina in Vladimir, and the next year they had a son, Aleksandr, Herzen’s only surviving male heir. The czar pardoned Herzen in 1839, and he entered state service in Novgorod, partly to qualify for noble status and partly to acquire the rights of inheritance. His work caused him to travel often to St. Petersburg, where he quarreled with Vissarion Grigoryevich Belinsky over the ideas of Georg Wilhelm Friedrich Hegel. Ironically, Belinsky abandoned Hegelian thought shortly before Herzen’s own conversion to that system. Herzen won the admiration of Belinsky, however, when he published two installments of his early memoirs, Zapiski odnogo molodogo cheloveka (1840-1841; notebooks of a certain young man). In 1840, Herzen again ran afoul of the authorities and was arrested, only to be released owing to his wife’s illness. It was about this time that he rejected his wife’s religious inspiration for Hegel’s more radical thought, blaming police harassment for his wife’s new illness and the subsequent death of their second child. He abandoned the Idealism of Schelling for the realism of Hegel and a materialist worldview; hence, he was regarded"
"He is recognized as a leading researcher, educator, and author in operating systems, database systems, and distributed systems. His writings have appeared in numerous ACM and IEEE publications, as well as in other journals and proceedings of professional conferences. He is the coauthor of the textbook Database System Concepts (Third Edition, McGraw-Hill, 1997). Peter Baer Galvin is the Chief Technologist for Corporate Technologies, a systems-integration and consulting company. He is also Adjunct Systems Planner for Brown University's Computer Science Department. Mr. Galvin is on the Board of Directors for the Sun User Group and has presented talks and tutorials worldwide on the topics of system management, security, and performance. He is the security columnist for SunWorld Magazine. Although the virtual machine concept is useful, it is difficult to implement. Much effort is required to provide an exact duplicate of the underlying machine. Remember that the underlying machine has two modes: user mode and monitor mode. The virtual-machine software can run in monitor mode, since it is the operating system. The virtual machine itself can execute in only user mode. Just as the physical machine has two modes, however, so must the virtual machine. Consequently, we must have a virtual user mode and a virtual monitor mode, both of which run in a physical user mode. Those actions that cause a transfer from user mode to monitor mode on a real machine (such as a system call or an attempt to execute a privileged instruction) must also cause a transfer from virtual user mode to virtual monitor mode on a virtual machine. This transfer can generally be done fairly easily. When a system call, for example, is made by a program running on a virtual machine, in virtual user mode, it will cause a transfer to the virtual-machine monitor in"
"- Brigid - The Goddess of Imbolc and Celtic Europe - Celtic Myth | Ireland | Britain | Christianity | A Myth The Pagan goddess Brigid is perhaps one of the oldest goddesses of Celtic Europe still recognized and worshipped. In fact, until the mid-twentieth century in Scotland, she was still welcomed in at Imbolc... Deities & Heros >> Celtic, Welsh, Irish & Brittish - Spring Cleaning for Your Body - Spring is that time of year when most of us feel the need to throw open the windows, beat the rugs, roll up our sleeves and start scrubbing our living space. Fertility rites. Out with the stale old stuff, in with the fresh new things, bringing with it the... Earth Mysteries >> Herbalism - Have a Cuppa? [About Herbal Teas] - Through the ages, long before modern doctors prescribed a wonder drug to help us with almost every ailment, it was the witches, shamans and priests before them, that brewed up the various drinks, ointments and poultices that have kept the human race... Earth Mysteries >> Herbalism - The Rose - Love, Healing, Symbolism and Alchemy - When someone gives you red roses you know what it means: Love. Some say it means love and respect, but most of the times it means love and desire. The rose, this wondrous Lady of Flowers, is attributed to femininity. The red rose belongs with Aphrodite, the... Earth Mysteries >> Essential Oils - Basil - The Herb of Kings - Basil, from soil to seed To strong stems and beautiful leaves. I ask for blessings to have bestowed As I nurture and watch you grow. From mornings dew and sun of afternoon To rays of the stars and midnights moon Mother Earth watch over thee As I my will, So... Herbalism"
"It is known that Oliver Cowdery and his father were 'rodsmen' before Oliver joined the Church. From D. Michael Quinn's book Early Mormonism and the Magic World View: ... a religious group began using forked divining rods for revelatory purposes in Vermont about 1800. This was not far from the Smiths, or from William Cowdery (father of future Book of Mormon scribe Oliver Cowdery). At Middletown, Vermont, Nathaniel Wood was instructing his followers that ""they were descendants of the ancient Jews, and lawful inheritors of the whole country."" They believed in alchemy and used a ""cleft stick, or rod,"" to discover ""the hidden treasures of the earth"" and to receive instructions by""a nod of assent É from the rods,"" (emphasis in original) including a revelation ""that they must build a temple""... The Wood group's civil prominence, fervor, and open conflict with non-believers led to the so-called ""Wood Scrape,"" a sensational event known far beyond the Cowdery family's residence six miles away. The Wood group's ""Fraternity of Rodsmen"" boldly prophesied they would inherit that region of the country in an apocalyptic event on 14 January 1802.... This was happening six miles from the Cowderys' home.... From 1800 to 1802, Nathaniel Wood's ""use of the rod was mostly as a medium of revelation""... A connection between William Cowdery and the Wood Scrape would help to explain why his son Oliver had a rod through which he received revelations.... To read more on this from Quinn (about 1/3 of the way down): Also: Dan Vogel, ed., Early Mormon Documents (Salt Lake City: Signature Books, 1998), 1: 603-05, 619-20 This recent addition to LDS public documents, shows that the critics were correct in that Oliver Cowdery did in fact believe in and used a divining rod. It also states that God causes the"
"something of a struggle to come by. However, the motorcycle could be riding to the country’s rescue. This is a nation that lives in the saddle. It eats, sleeps, holds neighbourly conversations (at 70kph, with just a few inches separating interlocutors as they buzz down the street), reads newspapers, carries washing machines, walks the dog, transports pigs, chickens and ducks, and works on laptops, all on motorbikes. If you see a pile of furniture tottering down the street, that’ll be someone moving house on their motorbike. Crossing the road in Ho Chi Minh City requires faith. Step out and let the stream eddy miraculously around you, and be sure not to panic halfway across and change direction. That could be fatal. Paddles and pedals: fishing boats in the resort and market town of Nha Trang (Getty Images) Until crash helmets became mandatory earlier this year, motorcycles were notching up horrific casualties: one thousand motorcyclists a month, apparently. Now, crash helmets are bona fide fashion items. Even when not saddled up, young Vietnamese flaunt them about town, emblazoned as they are with colourful designs. Face masks, too. You find surgical white masks being worn, as well as coloured scarves wrapped around the face, Lone Ranger-style. The women complement the look with elbow-length silk gloves to prevent their arms getting sunburnt. The effect of the gloves, masks and helmets is to transform Vietnamese women into ninja Catherine Deneuves caught in a dash from operating theatre to movie premiere. The Caravelle Hotel is the place to shake off jet lag. Opened in 1959, with bullet-proof glass, it was the base for The New York Times, The Washington Post, NBC and CBS during the Vietnam War. Journalists and armchair strategists covered the closing exchanges from the top floor bar. The hotel overlooks the"
"compliance easy. One of the goals of your workforce compliance program should be to make the right thing to do also the easiest. When the path is clear and your workforce is both educated and supported, compliance comes naturally. The ideal path to compliance is filled with ease (that is, everyone simply follows the rules.) But when we look at why the rules were made it’s usually because someone didn’t follow the previous ones. With that in mind I set out to write an article about compliance wins. But we had a hard time finding articles that touted successes of compliance programs, so much is written about failure. Instead we gathered articles about working towards success. I want to join Nicole Rose in her plea for stories about compliance wins, or as she calls it “Chicken Soup for the Compliance Soul.” Nicole Rose: I Need Chicken Soup for the Compliance Soul Nicole Rose, CEO of Create Training, has put a call out for uplifting stories of people fighting the good fight and staying in compliance in the face of corruption. We hear so many stories of people that did wrong we could all use some examples of when corporate compliance training went right. These examples will serve as reminders of why we all do what we do and how doing right is worth it. Leonard McCarthy of the World Bank: Settling for Development with Integrity As World Bank works to deliver schools, roads, health services, clean water and emergency support in 75 countries along with a group of partners they have to also navigate corruption and violence. Leonard McCarthy, World Bank’s Integrity Vice President, is working to protect the integrity of World Bank-financed development projects. In this article on the FCPA blog he describes some of the corruption they"
"and if the editors of the journal that published the paper did not require those conclusions to be revised prior to publication. Hence, even an excellent trial such as the Heart Protection Study could be substantially diminished if the authors of that trial had chosen to make inappropriate conclusions and if the editors of the journal that published the paper did not require those conclusions to be revised prior to publication. Fortunately, the Heart Protection Study had excellent investigators, both in the formulation of their trial protocol and in the conclusions which they directly derived from the data. The ALLHAT hypertension trial--A large trial suboptimally interpreted The ALLHAT trial on the other hand, is a poster child for conclusions extending beyond the data in a large randomized trial. The ALLHAT trial failings result primarily from the overextended and inappropriate conclusions. The trial treatment protocol specified specific blood pressure treatment regimens which had serious limitations in regards to substantially differing from the way hypertensive patients are currently treated by physicians. Instead, the authors in their 2001 report made a sweeping statement that their trial results indicated that a diuretic should be the first drug used for the treatment of hypertension. The advantage of this being a very large trial is that if this trial protocol was repeated for these particular suboptimal combinations of medication for this particular patient population, the same results would occur. ALLHAT trial with a similar 100,000 patients rather than 30,000 patients would not make the specific blood pressure combinations studied more broadly applicable, though it would be expected to have the same patient outcome. A very large randomized trial only ensures reproducibility in that the same trial would have similar results if repeated in the same fashion. Hence, very large randomized clinical trials effectively deal with"
"-- Antoine de Saint-Exupery (1900-1944); aviator, writer Amazing the power of a few well-chosen words strung together in the right order: ""... the endless immensity of the sea."" Makes you want to get on a sailboat and head for the south Pacific. NPR''s Scott Simon the other day offered a tribute to Jack Layton, a Canadian politician who recently died from cancer at the age of 61. This from Simon''s report: Layton joined the liberal New Democratic Party, and lost several elections -- for Parliament, and mayor of Toronto--before winning his first seat in the House of Commons in 2004. He brought the New Democrats to their biggest victory in history in May. But by July, Jack Layton''s cancer returned. Two days before he died, he wrote a letter that his family released this week. It is graceful, blunt and personal. ""Unfortunately my treatment has not worked out,"" he writes, but tells others afflicted with cancer, ""please don''t be discouraged that my own journey hasn''t gone as well as I had hoped. You must not lose your own hope. Treatments and therapies have never been better. ... My only other advice is to cherish every moment with those you love at every stage of your journey, as I have done this summer."" And then, a man who gave his life to politics closes with what amounts to a personal credo: ""My friends, love is better than anger. Hope is better than fear. Optimism is better than despair. So let us be loving, hopeful and optimistic. And we''ll change the world. ""All my very best, Maybe I''ll use Jack Layton''s quote at the bottom of my e-mails: ""Let us be loving, hopeful and optimistic. And we''ll change the world."" Birney Imes III is the Editor and Publisher of The Dispatch."
"proper diagnosis and linkage to care are essential. This can be a particular challenge in low-resource settings where the majority of cases occur. Though effective treatment options now exist, three out of every four people with drug resistant-TB go undiagnosed and untreated and, as a result, can each infect up to 15 additional people over the course of a year, the EIU report noted. “It is critical to put the foot on the pedal, to save millions from illness, suffering and death,” said Dr. Tereza Kasaeva, Director of the WHO Global TB Programme. Nigeria currently has a cumulative TB diagnosis and treatment target of 1,179,600 cases including 57,000 multidrug-TB cases between 2018 and 2022. The WHO Director-General Dr. Tedros Adhanom Ghebreyesus recently alerted the governments of the highest-burden countries including and highlighted the need for strong and visionary leadership now more than ever.Dr Tedros, urged the Heads of State to use the indicative targets to plan their actions toward ending TB, in order to collectively achieve the targets of the High-Level Meeting. In Nigeria, TB is one of the top 10 causes of death and a leading cause from a single infectious agent. Millions of Nigerians fall sick with TB each year. In 2017, TB caused an estimated 1.3 million deaths among HIV-negative people and there were an additional 300,000 deaths from TB among HIV-positive people. Nigeria accounted for 4 percent of the global total. Drug-resistant TB continues to be a global public health crisis in which people affected by TB developed resistance to rifampicin which is the most effective firstline drug, and of these, 82 percent had multidrug-resistant. For several reasons, drug-resistant TB could be described as a time bomb. “One of the three targets of the End TB strategy is to ensure that no TB patients or"
"the Director-General and an account of how the web was born. Up-to-the-minute news of what's going on at the laboratory is also available, and for the intrepid, a trip into the working pages of physics experiments beckons. The World Wide web was invented at CERN by British scientist Tim Berners-Lee in 1989 and quickly became a working tool for communication between physicists around the world. CERN immediately recognised the web's value and, in keeping with Laboratory policy, made the work freely available and invited others to get involved. As more and more computer scientists started to work on the web, it was only a matter of time before it escaped from the academic world onto a wider stage. The crucial moment came in 1993 when the US National Center for Supercomputing Applications launched the Mosaic browser programmes, bringing web access to anyone with a Unix, Macintosh or PC computer. Few innovations have had such a massive and immediate impact on world culture. The reins of web power were soon passed to the World Wide Web consortium, set up for that purpose by CERN, France's INRIA, and the Massachusetts Institute of technology (MIT) in 1994 and directed by Berners-Lee. From then on, CERN could concentrate on developing the web as a tool for its everyday work. Those who venture into the CERN Users' web site might catch a glimpse where that has led, but for most visitors a colourful, entertaining, and informative introduction to the World's leading particle physics research laboratory is in store. 1. CERN, the European Laboratory for Particle Physics, has its headquarters in Geneva. At present, its Member States are Austria, Belgium, the Czech Republic, Denmark, Finland, France, Germany, Greece, Hungary, Italy, Netherlands, Norway, Poland, Portugal, Slovakia, Spain, Sweden, Switzerland and the United Kingdom. Israel, Japan, the"
"visual perception, and numerous chromophores in the retina or its blood supply absorb visible light. Yet, Optical Coherence Tomography currently uses near-infrared (NIR) light. While near-infrared light can delineate layers in the retina based on NIR light scattering, visible light offers new diagnostic avenues. Here we hypothesize that spectroscopic visible light OCT can assess chromophores in the outer retina of the human eye. A high-speed, fiber-based visible light spectral / Fourier domain OCT system was constructed for in vivo imaging of the human retina. For the data shown here, a sensitivity of 94 dB with an incident power of 100 microwatts and an axial scan rate of 10,000 axial scans per second was used, but 3D imaging speeds of up to 70,000 axial scans per second were also achieved. A maximal axial resolution of <2 microns (using the whole spectral bandwidth) and axial imaging range of ~1.6 mm were achieved in the retina. Spectroscopic imaging of the human retina is shown in the Figure. Images with ~4 micron resolution were generated by dividing the visible light spectrum into non-overlapping sub-bands centered at 560 nm and 620 nm, and are shown in true color. Axial signal profiles in each sub-band were normalized to the Inner Limiting Membrane (ILM) reflection. The inner retinal layers as well as the 6 major bands of the outer retina are clearly resolved. In general, signal from the inner retina is higher at shorter wavelengths, while signal from the more distal outer retinal layers is higher at longer wavelengths. Visible light OCT affords the unique opportunity to interrogate the outer retina with high resolution spectroscopically. Axial signal profiles are consistent with the chromophore distribution and optical properties of the retina. This is an abstract that was submitted for the 2017 ARVO Annual Meeting, held in Baltimore,"
"they might be of interest, if not valuable, to clergy."" said Dr. William Richards, a psychologist at Johns Hopkins University in Baltimore, Maryland, who is involved in the study. According to The Guardian, the experiment is aimed at assessing how a transcendental experience would alter the thinking of religious leaders and whether it would make them more confident and effective in their duties. The participants have already been given two powerful doses of psilocybin in two sessions, one month apart, after undergoing preliminary screening, including medical and psychological tests. The sessions take place in a living room-like setting at New York University and Johns Hopkins in Baltimore, where the participants are watched over by two ""guides."" After taking the drug, the participants spend time lying on a couch and listening to religious music on headphones to augment their ""inward spiritual journey."" ""Their instruction is to go within and collect experiences,"" said Richards. ""So far everyone incredibly values their experience. No one has been confused or upset or regrets doing it,"" he added. There will be a one-year follow-up with the participants before a full analysis of the outcomes could take place. ""It is too early to talk about results, but generally people seem to be getting a deeper appreciation of their own religious heritage,"" Richards noted. ""The dead dogma comes alive for them in a meaningful way. They discover they really believe this stuff they're talking about,"" he continued. It has also been suggested that the leaders' notions of religion shifted away from the sectarian towards something more universal after they went through their psychedelic journey. ""They get a greater appreciation for other world religions. Other ways up the mountain, if you will,"" said Richards. According to the U.S. Department of Justice, psilocybin is illegal and is classified as"
"formations arrived in a timely manner and surprise was complete. No Japanese aircraft were encountered, and anti-aircraft fire was ineffectual. Bombs were dropped on the harbor, warehouses and oil facility. All were seen to be burning fiercely. At the nearby Japanese airfields, 12 aircraft were caught on the ground. The FAA's raid on the Wonokromo oil refinery was effective, leaving it completely burnt-out. One ship was sunk in the docks and the harbour facilities hit. The raid was deemed a qualified success: Carrier Air Group 12 (CVG-12)'s official History (USN Air 1207 October 1945) reports: Ten per cent of the Japanese high octane gasoline supply was destroyed in one hour. British planes sank transport Shinrei Maru while the Saratoga’s damage Patrol Boat No.36, auxiliary submarine chasers Cha 107 and Cha 108, the cargo ships Ch_ka Maru and Tencho Maru, and the tanker Y_sei Maru. One Avenger, from Saratoga, was shot down. The crew was observed to have entered a life raft, but was never seen again. Both Task Force 65 and 66 withdrew together at 08.50. The operation proved to be another another harsh lesson in Pacific warfare for the FAA and RN. The British force commander (Somerville) was not aboard a carrier. He was in a more traditional flagship – the battleship HMS Queen Elizabeth. For this reason he was not quickly appraised of the success – or otherwise – of the air operations. Lieutenant Commander Norman Hanson, DSC, RNVR, is quoted in 'Illustrious', by Kenneth Poolman: 0100 hours. Haven't had a wink of sleep yet, just flying round the cabin doing bloody deck landings on the pillow. 'D'ye hear there! The fleet will be going into action at 0700 hours this morning. Close up for action stations at 0600!' Try to sleep once more, without much success."
"members into mission, leaving some to wonder: How has this tiny church produced so many leaders? Alan PreVatte has seen “the plaque” hanging in a hallway outside the pastor’s office since he joined Sandy Plains United Methodist Church in Pembroke, N.C., in the mid-1990s. But he still gets excited when he talks about it. “The plaque” is a wooden tablet no bigger than a shirt box that has been around so long that nobody remembers when it was installed or whose idea it was to put it up. The top -- a black metal plate with capital letters engraved in gold -- reads: “Sandy Plains/United Methodist Church/In Mission.” Under that is Isaiah 6:8: “Whom shall I send, and who will go for us? / Then said I, Here am I; send me.” And under that is a list of the names -- on individual black plates -- of those who have attended Sandy Plains during the past 50 years and gone on to work in missions. It includes missioners, church planters and denominational officials. In all, there are 19 names representing 19 Christian leaders -- 16 of them clergy -- who have come out of Sandy Plains. Nineteen might not seem so significant until you consider this: Sandy Plains averages about 85 people in worship each Sunday, and it’s located in a town of 2,800 where 39 percent of residents live below the poverty line, according to the U.S. Census Bureau. (Nationwide, the rate is 13.5 percent.) And though there are no hard data tracking how many ordained leaders come out of congregations, most Christian leaders tend to come from larger churches where there are often more programs and opportunities, said the Rev. Jeremy Troxler, director of Duke Divinity School’s Thriving Rural Communities initiative, of which Sandy Plains is"
"a distributed computing environment are typically not exclusively running ""group"" tasks, whereas clustered computers are usually much more tightly coupled. Distributed computing also often consists of machines which are widely separated geographically. Grid computing = uses the resources of many separate computers, loosely connected (needs little or no inter-node communication), by a network usually the Internet. Grid computing is optimized for workloads which consist of many independent jobs or packets of work, which do not have to share data between the jobs during the computation process. CPU-scavenging, creates a “grid” from the unused resources in a network of participants Computer cluster = a group of linked computers, working together closely so that in many respects they form a single computer. The components of a cluster are commonly, but not always, connected to each other through fast local area networks Parallel Virtual Machine = The Parallel Virtual Machine (PVM) is a software tool for parallel networking of computers. It is designed to allow a network of heterogeneous Unix and/or Windows machines to be used as a single distributed parallel processor. Message Passing Interface (MPI) is a specification for an API that allows many computers to communicate with one another. It is used in computer clusters and supercomputers. MPI's goals are high performance, scalability, and portability. MPI remains the dominant model used in high-performance computing today. Documentatie: Chapter 1. Introduction to Parallel Programming - http://www.redbooks.ibm.com/redbooks/pdfs/sg245380.pdf The speedup of a program using multiple processors in parallel computing is limited by the time needed for the sequential fraction of the program. For example, if a program needs 20 hours using a single processor core, and a particular portion of 1 hour cannot be parallelized, while the remaining promising portion of 19 hours (95%) can be parallelized, then regardless of how many processors we"
"just before I go to bed!) but it's hard to reprogram established patterns. I don't think I comfort eat as such (and when I am under stress I tend to eat less rather then more) but it can be hard to maintain the sense that I'm worth making the effort for. That can be a vicious cycle because if I start to let my weight get away from me I feel bad for allowing it to happen, which of course makes it harder to get back on top of things. What do you think about the media’s portrayal of body image? There's an increasing awareness I think of diversity in the media, including social media, which is a good thing. But there's also a long way to go. The same can be said regarding stigma surrounding mental health: progress is being made but there still a long way to go. And of course, body image and mental health go very much hand in hand. On social media, as in society generally, there can be a lot of shaming, bullying and other nastiness directed at anyone deemed to be different, whether that's focused on weight, shape, looks, race, colour, fashion, gender, sexuality, illness, disability - or pretty much anything else. I witnessed one case recently where a woman was called out on social media because a photo she shared included what appeared to be self-harm scars. Shaming of all kinds is horribly dangerous and frankly as a society we ought to have outgrown it long ago. I don't know what the answer is, except for all of us to be vigilant, and to lead by example. If you could say one thing (about body image) to people, what would it be? There is a great bit in the song ""Most"
"our gut bacteria may actually be playing an important role in our emotional responses. Dr. Kirsten Tillisch, associate professor at the Oppenheimer Family Center for Neurobiology of Stress, David Geffen School of Medicine at the University of California recently completed a study in which she performed functional brain imaging studies on 36 healthy women. The participants were divided into three groups. One group received a placebo while another received a milk product, with the third group receiving a milk product which was fermented and contained various probiotics species. At the beginning of the study each of the participants underwent an fMRI study of the brain which measured both resting brain activity as well as how the brain responded to an emotional event such as seeing pictures of angry or scared people. There was a dramatic difference after four weeks in how those individuals who received the probiotics milk product responded in terms of their brain activity when challenged by the emotion producing images in comparison to the group that received either the non-fermented milk product or the placebo. Dr. Tillisch, the lead author of the study stated: This study is unique because it is the first to show an interaction between a probiotic and the brain in humans. Dr. Cameron Meier, professor of medicine, physiology and psychiatry also at the David Geffen School of Medicine at UCLA commented on the study as reported in Medscape Medical News, stating: The knowledge that signals are sent from the intestine to the brain and that they can be modulated by dietary changes is likely to lead to an expansion of research aimed at finding new strategies to prevent or treat digestive, mental and neurological disorders. This is a very important study, revealing that indeed changes in gut bacteria can have a profound"
"the direct experience of working with coaching clients trumps every other source of influence. Training, the reading of books and observation of other coaches at work can’t compare with the influence of actually doing the coaching and learning from this practice of coaching. The spirit of John Dewey and Kurt Lewin lives on with their advocacy of action research and the learning that occurs when actively engaging the world (learning-by-doing). We also see this emphasis represented in the high rating of an item in question one concerning the influence of experiences in one’s personal life–though it is interesting to note that this item rates lower when respondents are considering the influence of personal life experiences in their current coaching practices. We might hypothesize that these experiences have had a greater impact in the earlier years of one’s life as a coach than in one’s current practices. Would we find a similar emphasis on direct experience among those working in other human service professions? Does the influence of personal life experiences tend to diminish over time among those working as clinical psychologists? Are they more likely to keep their personal lives isolated from their professional life? We will be able to provide a partial answer to this question in Phase Four when comparing results from these surveys with those reported by David Orlinsky and his colleagues in their study of clinical psychologists. Results from both surveys suggest that it’s not all about the influence of direct work with clients or one’s own personal life. There are many ways in which coaches are influenced by less immediate sources. For example, quite high mean scores and rankings are to be found in both questions with regard to “taking coaching specific courses, seminars or workshops.” This item yielded very little disagreement among the"
"general public rallied behind him. Military Advocate-General Brig.-Gen.Sharon Afek and the Jaffa Military Court have been subjected to heavy pressure and criticism for indicting and convicting Azaria, and yet they did. The conviction of Azaria is the strongest move Israel has made to date which could get the ICC to back off. But will it be enough? The Jerusalem Post has reported in the past that the ICC team probing Israel has closely followed the case. But the case is only one, and the ICC could view it as a sideshow compared to the hundreds of incidents it is probing from the 2014 Gaza war. That said, if the recent UN Security Council Resolution against Israeli settlements was an indecisive but possible major blow to Israel in its defense against any ICC charges relating to the settlement enterprise, the Azaria verdict is a major if indecisive blow to Israeli critics who argue that all IDF probes are a whitewash. One can already see critics having to tactically adjust to Israel’s legal reality in the aftermath of the Azaria verdict. They can still claim Israel whitewashes too often, or that senior officers get off and only rankand- file soldiers are prosecuted. But that is a world away from being able to claim that Israel never convicts its soldiers of serious crimes for shooting Palestinians. It says something that Azaria was convicted of manslaughter not for shooting a skinny teenage rock thrower, but for shooting a dangerous Palestinian attacker who had stabbed an IDF soldier with a knife. For critics of Israel, whether in the legal sphere or in the Boycott, Divestment and Sanctions movement, this conviction will stand as an inconvenient, immovable fact that diminishes their chance of convincing neutral parties. For the ICC, if it invalidates Israeli prosecutions, it"
"to 20/1000, this is considered profound visual impairment or profound low vision. Less than 20/1000, this is considered near-total visual impairment or near total low vision. Can u go blind overnight? Any damage to your retina, such as a detached retina or artery occlusion, is a possible cause of sudden blindness. A detached retina can cause total loss of vision in the affected eye, or it may only result in partial vision loss, making it seem as if a curtain is blocking part of your vision. How do you know if your eyesight is getting worse? Signs and Symptoms of Possible Vision ProblemsSevere, sudden eye pain.Recurrent pain in or around the eye.Hazy, blurred, or double vision.Seeing flashes of light or sudden bright floating spots.Seeing rainbows or halos around lights.Seeing floating “spider webs”Seeing a “curtain coming down” over one eye.More items… How can I improve my eyesight in 7 days? Top 8 ways to improve vision over 50Eat for your eyes. Eating carrots is good for your vision. … Exercise for your eyes. Since eyes have muscles, they could use some exercises to remain in good shape. … Full body exercise for vision. … Rest for your eyes. … Get enough sleep. … Create eye-friendly surroundings. … Avoid smoking. … Have regular eye exams. Can eyesight suddenly improve? If you have poor eyesight, a sudden improvement could be a warning sign of diabetes, the UK’s Daily Express reports. High blood sugar causes fluid levels in the eyes to change, and these fluctuations can impact eyesight. So if your eyesight suddenly seems to be getting better, you should consult a doctor. How can I stop my eyesight from getting worse? Remedies for Naturally Enhancing VisionEat a balanced and healthy diet rich in antioxidants and vitamin A. … Get enough sleep. …"
"and considered inconsistent with cultural and religious norms and values, anti-gay sentiments are a vote winner. As a result, many sitting African presidents have elected to remain silent on this issue and the few that do speak, do so only to condemn gays and reinforce prejudice. Recently however, it seems that former African presidents are feeling the need to speak out in defence of the LGBTI community. The trend began with Festus Mogae whose tenure as president of Botswana ended in 2008. While in office Mogae ensured that Botswana became the first sub-Saharan country to introduce free anti-retroviral to end mother-to-child Aids transmissions. After his tenure he joined the Aids Champions and also continues heads the government-supported Aids body, the National Aids Council Agency (NACA). Since leaving office, Mogae has however become very radical. He did so by saying, like he did in October 2011, that it is time to confront issues of gay rights and prostitution to fight HIV/Aids. It was radical because he said this in a country where the majority of population would prefer that homosexuality was not discussed and many choose to hide under the culture and religion banner. Most recently there was a report that former South Africa president Thabo Mbeki also spoke about the Ugandan anti-gay Bill, telling a public audience in Kampala that what two consenting adults do in private “is really not the matter of law.” Junior Molefe , a representative of the organisation, Lesbians Gays and Bisexuals of Botswana (LeGaBiBo) said of Mogae, “I think former president Mogae`s position on the issues of homosexuality came at the right time and as an influential leader it has came to give some people the light/better understanding of homosexuality.” He added, “This will lend a hand in recognizing homosexuals; it may take long"
"Provides proven strategies to help caregivers deal with Alzheimer's Disease Drawing on lessons learned during 15 years of empirical clinical treatment intervention, this manual is an invaluable resource for health care providers who work with families caring for and Alzheimer's Disease (AD) patient. Counseling the Alzheimer's Caregiver provides proven strategies to help caregivers deal with the enormous physical and emotional stress of caring for a loved one with AD and significantly improve the level of patient care. This resource outlines, in detail, the symptoms of AD at each stage and the roles of caregiver and counselor from the initial diagnosis to after the patient's death. It teaches health care providers how to create for caregivers individualized intervention plans that cover everything from managing behavioral and psychological symptoms of AD to maintaining their own well-being. The resource also provides information on formal support services for patients living at home, as well as guidance on making the decision to place the patient in a residential facility. More than 80 percent of AD patients receive care from family or other non-formal help 22 pages matching Ted's in this book Results 1-3 of 22 What people are saying - Write a review We haven't found any reviews in the usual places. Other editions - View all ability able activities advance directives aide Alzheimer's Association Alzheimer's disease appropriate assessment aware become behavior called her counselor Caregiver Experiences caregiver's Carol cause changes cognitive comfortable coun counseling session counselor asked Counselors can help decision dementia diagnosis difficult discuss doctor early stage end stage evaluation family caregivers family counseling family members formal friends functioning giver health care proxy help caregivers help the caregiver hoc counseling home health aide hospital husband illness impact impairment issues living Medicaid Medicare Millie moderate stage mother nursing home parent participants patient person"
"the Pig is committed. Real, committed leadership is about being the Pig, not the Chicken. Business owners should educate themselves on non-bank capital alternatives, such as high interest rate debt. Most businesses face adversity at some point. Understanding what options are available can be the difference between success and failure. Directors must protect their shareholders’ tangible and intangible assets, regardless of the form of the threat. Directors need to initiate protective actions and provide on-going oversight for cybersecurity. Conflicts between business partners are nearly inevitable. Thankfully, there are a number of ways for parties to negotiate up-front. Precautionary agreements give you space to resolve issues more easily or, at least, provide a picture of what the result will be when resolution is not possible. Even if your business does not have a line of credit—or another type of loan with a bank or other professional lender (e.g. credit unions, non-bank asset based lenders, etc.)—it nonetheless borrows every time it buys on credit, defers payables or pays its employees in arrears. A litigation finance company sues for fraud relating to fraudulent litigation. The Financial Accounting Standards Board (FASB) recently changed revenue recognition standards, introducing many new aspects that accountants need to understand as they advise their clients in 2017. In Episode 91, Chris Cahill and Jeff Pomerantz, President of the American Bankruptcy Institute and member of Pachulski Stang Ziehl & Jones LLP, discuss retail and Chapter 11 bankruptcy. AP can be broken down into two categories – trade payables and expense payables. Trade payables are generally for the purchase of goods that are included in inventory and subsequently sold (liquor and beer). Expense payables include goods or services that are expensed such as supplies, utilities and cleaning services. Episode 89 brings us Albert Periu, co-head of Capital Markets at Funding"
"edited a long-playing record drawn from earlier recordings in the Archive, which was published in 1971 as American Fiddle Tunes. With Carl Fleischhauer, he undertook a three-year project to research, record, and photograph the history and traditions of a single Appalachian family, from which came the 1973 Library of Congress double record album The Hammons Family: A Study of a West Virginia Family's Traditions. In 1974 he moved to the National Endowment for the Arts to become founding director of that agency's grant-giving program in folk arts. In 1976 Alan Jabbour became the founding director of the American Folklife Center in the Library of Congress, continuing in that position for twenty-three years before stepping down from the directorship and retiring from federal service in 1999. He has published widely on the subject of folklore and folklife, including a number of publications on American folksong and instrumental folk music. He has also been featured on recordings and in numerous festivals, is a repeat presenter and performer at Breakin' Up Winter and concerts as a performer on the fiddle. He has served on numerous panels and boards, including the D.C. Humanities Council (co-chair, 1987–88), the American Folklore Society (president, 1988), the Fund for Folk Culture (chair, 1991–94), the National Coalition for Heritage Areas (1993–97), the European Center for Traditional Culture (1996–98), and the Alliance for American Quilts (1996- ). To mark his retirement, Alan Jabbour established the Henry Reed Fund for Folk Artists, named for his mentor and dedicated to projects in support of folk artists, especially those represented in the collections of the American Folklife Center. (Folklorist Peggy Bulger replaced him as AFC director in 1999.) He died on January 13, 2017 at the age of 74. - ""Gatherer and Fiddler: Alan Jabbour (1942–2017)"". MetaFilter. January 14, 2017. Retrieved January"
"what looked like the reed fascine foundations of four small structures built within, and immediately against, the Limes wall. They measured about 13 feet from north to south and were separated from each other by intervals of about 18 feet. Could these mark the position of shelters erected at a point of the wall which seems to have required special watch and guard ? This need may have been occasioned by the proximity of a succession of swelling gravel ridges, which here stretch from the north to within fifty yards or so of the wall and threatened its security. It is evident that they greatly facilitated unobserved attack. On the most westerly of these ridges were found two massive stacks of tamarisk brushwood, at points about 5o and 6o yards to the north-west of the previously mentioned position on the wall, as shown by the plan (Pl. 15). They measured 13 feet square at the basè and still rose to over 7 feet in height. On a second ridge to the east and at about the same distance, we found a somewhat smaller stack of reeds, containing also horse-dung. It occurred to me, as I looked at these stacks, that by setting them on fire, the foreground would be well lit up at night and risks from sudden attack at this point much reduced. But, of course, the possibility of other explanations must be kept in view, e. g. the intention to use them for signal fires. Beyond T. x1.III. 1 the wall could be followed eastwards for half a mile. Then it became completely lost in a wide depression of soft eroded clay covered with closely packed tamarisk-cones. We continued our search over a distance of about three miles beyond the tower without coming upon traces of the"
"reasons for the falling-out, Margaret Pope. She worked as a speechwriter for Lange when he became Prime Minister in 1984, and subsequently became first his mistress and later his wife. Some accounts of the period have credited her with strengthening Lange's opposition to further economic reform, and helping to poison the Lange-Douglas working relationship. Pope argues that this view vastly overstates her role, and her influence on Lange's political views. It also, she says, seriously demeans Lange's undoubted intelligence and political skill. Serious rifts between prime ministers and their finance ministers are relatively common (witness Bob Hawkes and Paul Keating , John Howard and Peter Costello in Australia and Tony Blair and Gordon Brown in Britain) but the Douglas/Lange dispute was particularly bitter, and politically damaging. Lange was easily the sharpest and wittiest politician of the post-Muldoon era, and Pope reminds us just how clever he could be in parliamentary debate. She quotes Lange responding to an attack from Prime Minister Muldoon in the House: ""I wouldn't call the Prime Minister gutless,"" he called across the floor, ""That's all that is left of him."" Douglas was always a poor performer in the House, and on his feet. He preferred working behind the scenes with his Treasury officials, stitching up policy reforms that included the introduction of GST, the abolition of agricultural subsidies, removal of tariffs and the floating of the dollar. But after three years of economic turmoil, Lange began to have doubts about how far Douglas was moving to the right and bringing his neo-liberal economic thinking to bear on social policies. Lange became convinced that Douglas (and his acolyte, Richard Prebble) had to be reined in or else the party they all represented would be destroyed. In the end, the philosophical differences could not be healed, and"
"over-the-counter antidepressants be a way to get needed medicine to clinically depressed individuals?"" then you might have one kind of answer to it. And if your question is, ""Should antidepressants be available like other recreational drugs, like alcohol?"""" then you've got a slightly different question. The trouble, I guess, is there's a lot of concern that if you start providing needed medicine to clinically depressed individuals over the counter, it will pretty quickly become a drug that's used much more like alcohol or some other kind of what we might call recreational drugs. [But to answer the first question,] I think there's pretty wide consensus that antidepressants work best when they're used in conjunction with other kinds of treatment. If you use antidepressants under the supervision of a physician, you can also talk about how to address some of the [underlying] problems if the sadness is caused by life events, the death of a loved one or the breakup of a romantic relationship, or if the sadness is caused by a feeling that you don't have control over your work, or by being in an unhappy marriage. Now, if we think antidepressants work best coupled with other therapy, then to provide them over the counter, you're decoupling them from [an important part of the treatment]. [As for the second question, about taking antidepressants recreationally,] my understanding is it's not as if, if you're having a bad day, you can take an antidepressant and feel better for a few hours. The analogy of having a glass of wine on a Friday night, I don't think it really works. You have to be on antidepressants, taking them for a couple weeks, before you start feeling a bit better. But if you take the libertarian argument, ""Why shouldn't people be free to"
"e-mail: password Modern Expertise and Poverty essay. Probably the most sensitive components of technology are the theoretical or conceptual elements and technical elements. Bain proposed definition is still generally utilized by scholars at the moment, particularly those of social scientists. So, to make our world prosperous, we should always use the fashionable know-how within the good methods and find the efficient solutions to the bad consequence. For the plus aspect, we will get the quick ways of communication through fashionable technology, without it every thing will be the similar. At present’s youth is accustomed to know-how: they use mobile telephones to communicate, mp3 gamers to hearken to music, laptops to do their homework and the latest video game consuls for their leisure. Subsequently, I consider that if used appropriately and to a proper extent, modern technology can tremendously enhance the standard of individuals’s lives, however to not the extent of always enhancing it. But there are three positive things: I’ve already read two books and I’ve discovered that the college library is a great place to do research and be with pals. In lots of circumstances, specialists can lead in offering solutions to sure problems that could be affecting the folks. Our brains are beneath the affect of an ever- expanding world of new technology: multichannel tv, video games, MP3 players, the web, wi-fi networks, Bluetooth links – the listing goes on and on. While there isn’t any trade-wide definition of state-of-the-art care, it can be loosely defined as modern, slicing-edge, and infrequently beyond the norm” of conventional treatment. The RCR difference: Accurate Classic Bodies with Modern Know-how & Engineering backed by racing pedigree. Transhumanists usually consider that the point of know-how is to overcome obstacles, and that what we generally consult with as the human condition is simply"
"significance was not reached. Future studies of larger samples and containing a control group are needed to better address questions about the effect of the LCKD on serum lipids in patients with type 2 diabetes. The keto diet is so restrictive, it's difficult to sustain over time. Only people who are truly devoted can maintain that level of diligence when it comes to meal planning, nutrient tracking and eating out. So after losing the weight, most people go back to their old eating habits. Unfortunately, the vast majority of people who try fad diets end up gaining the weight back because they haven't really found a new way to live. Thanks for this inputs. 20 years ago I gain 17 pounds a year for 5 years. I was healthy but my dr told me start diet, any diet just come back in a month I want to see you start loosing… I started Atkins and lost 7 pound in a month. She was checking my progress every six months and checking my condition. I lost 64 pounds in 3 years. Now I started eating out of control. I am eating healthy but too much… I gain 40 pound back after 20 years. Now I will start again my Atkins to take off 30 pounds… Dirty keto diet: “Dirty” is the apt term, as these version of keto follows the same strict percentages (75/20/5 of fat/protein/carbs) but rather than focusing on healthy versions of fat like coconut oil and wild salmon, you’re free to eat naughty but still keto friendly foods like bacon, sausage, pork rinds, diet sodas and even keto fast food. I do NOT recommend this. I get many questions about intermittent fasting, the health benefits, the weight loss benefits, and the like. People normally use intermittent fasting"
"a straight line to create the slope Step 6: Cut along the slope line with a utility knife or metal cutting saw Step 7: Clean the surface of the window sill or ledge and apply a thin layer of silicone adhesive to the back of the slope Step 8: Place the slope on the window sill or ledge and press it firmly into place. Clamps can hold the slope in place while the adhesive dries Step 9: Repeat the process for any additional slopes required 13. Chemical Repellants Chemical repellents form a physical or sensory barrier that pigeons find unpleasant, if not painful, causing them to avoid the treated area. Chemical repellents come in various forms, including sprays, granules, and liquids. Here are other related questions. The frequency of reapplication is determined by the type of deterrent used. Chemical repellents may require reapplication every few months. No. Using pesticides to get rid of pigeons is not recommended because they can harm both pigeons and humans. Instead, use humane methods to keep pigeons away from your window sill or ledge, such as physical deterrents, natural remedies, or bird sounds. Yes. There are several natural remedies for keeping pigeons away from your window sill or ledge. Pigeons dislike the smell of vinegar or citrus peel, so it can be sprayed on the window sill or ledge to deter them from landing there. Similarly, herbs with strong scents, such as rosemary or mint, can be planted near the window sill or ledge to deter pigeons from landing there. Pigeons can be a nuisance when they land on your window sill or ledge, but there are several methods to keep them away. We have explained 13 tips on how to keep pigeons away from window sill/ledge. Options range from physical deterrents like pigeon"
"Little is known with certainty of Saint Benedict’s life. No contemporary preserved his essential details, as the great Saint Athanasius did for Saint Anthony of the Desert. Decades after Benedicts’s death, Pope Saint Gregory the Great recorded some precious few anecdotes of the great monk’s life, but the lack of hard facts and historical chronology leave room for speculation. What is known for certain is that he held in his hands what the world had to offer for a few short years and then dropped it like a murder weapon. He would live for Christ and Christ alone. He joined a primitive community of consecrated men for several years but departed after some unspecified intrigues to form his own small monasteries. Exercising spiritual and practical fatherhood over his brother monks, he was inspired to write a Rule. Benedict became famous, in time, not due to a wealth of biographical detail but because of his Rule. Saint Benedict is his Rule and his Rule is him. The Benedictine Rule came to dominate all of Europe. In a Christian age when monasteries dotted every low valley and high town, when the local abbot was as powerful as the bishop, and when schools and culture were synonymous with monastic learning, these communities almost always lived by the Rule of Saint Benedict. Benedict’s Rule became widespread because it was both deeply spiritual and imminently practical. It demanded uncompromising dedication to work and prayer but held individual and community goods in a careful balance. A Benedictine monastery was not just a place for penance or asceticism but a family. It was a finely tuned orchestra with the abbot waving his wand at the front, eliciting from the monks’ individual gifts a common harmony to soothe God and correctly order nature itself. The monastery’s structured"
"What to do when you need that perfect fit? “I don’t think I’ve ever had a tailor say ‘No, I can’t do that,’” Ms. Frater admitted. Through the years, people in New Orleans have depended on local tailors for their alterations. In 1927, the city directory listed 107 tailors in the city. Today, even counting Jefferson Parish, there are less than half that number. Being sure you get clothes that will fit well can begin at the point of purchase. “It all depends on who is doing the measuring,” said longtime salesman Patrick McCausland at Perlis Clothing. (At Perlis, in-house tailor Than Nguyen does the alterations. He also takes outside work.) “It’s the fit that matters. You want something that doesn’t cling.” Taking up or letting out a seam can make the difference, and “more expensive clothes usually have more let-out seam,” McCausland noted. “You also have to make sure the sleeves are the right length.” McCausland also believes in taking good care of clothing: “When I come home from work, I put things on a hanger. And, I rotate what I wear.” In another clothing care tip, McCausland warned against too much dry cleaning. “Once those chemicals touch the fabric it takes some of the life out of it.” (Dab off spots yourself, he advised.) Tailored clothes can also be intended for special events. Thimbelina Tailors often see wedding dresses come through the door. Formerly at Saks Fifth Avenue, Mrs. Hang Pham and Mrs. Khanh Tran took their nimble fingers and opened their own tailor shop twenty-one years ago. “Sometimes it’s the grandmother’s wedding dress made over for the granddaughter,” Mrs. Pham said. “We do a lot like that.” Did she sew her children’s clothes? Mrs. Pham, who began sewing at 14, admits that today it’s less expensive"
"Working Paper This paper presents a model to assess the socioeconomic resilience to natural disasters of an economy, defined as its capacity to mitigate the impact of disaster-related asset losses on welfare, and a tool to help decision makers identify the most promising policy options to reduce welfare losses due to floods. Calibrated with household surveys, the model suggests that welfare losses from the July 2005 floods in Mumbai were almost double the asset losses, because losses were concentrated on poor and vulnerable populations. Applied to river floods in 90 countries, the model provides estimates of country-level socioeconomic resilience. Because floods disproportionally affect poor people, each $1 of global flood asset loss is equivalent to a $1.6 reduction in the affected country’s national income, on average. The model also assesses and ranks policy levers to reduce flood losses in each country. It shows that considering asset losses is insufficient to assess disaster risk management policies. The same reduction in asset losses results in different welfare gains depending on who benefits. And some policies, such as adaptive social protection, do not reduce asset losses, but still reduce welfare losses. Asset and welfare losses can even move in opposite directions: increasing by one percentage point the share of income of the bottom 20 percent in the 90 countries would increase asset losses by 0.6 percent, since more wealth would be at risk. But it would also reduce the impact of income losses on wellbeing, and ultimately reduce welfare losses by 3.4 percent. This working paper is available on SSRN, Urban Research eJournal from the link provided to the right. Social Science Research Network (SSRN) is devoted to the rapid worldwide dissemination of social science research and is composed of a number of specialized research networks in each of the social sciences."
"of refugees are stranded, was beefed up on Tuesday in the wake of the Brussels terrorist attack, although, publicly at least, government officials stated there is no intelligence suggesting that attacks are imminent on Greek soil. Unofficially, however, Greek police sources said terror alert levels were being raised while security measures are being tightened at foreign targets in the country, such as embassies, diplomatic missions and international companies. In an interview with Kathimerini last month, the police chief at Athens International Airport, Michalis Sdoukos, revealed that after the Paris attacks last November, an emergency plan had been activated, while drills were conducted to prepare for bomb attacks at the airport’s main terminal. Tuesday, after a meeting between police, security firms and airline companies, it was decided that additional explosives detection teams will be activated, along with EKAM, the country’s special anti-terrorist unit, at the airport’s departures terminal. Policing will also be increased in areas where large numbers of people congregate, such as popular archaeological sites in Athens and shopping malls, as well as refugee camps and makeshift areas of worship as there is growing concern that some migrants could become radicalized. In addition, the extra security measures introduced at metro and ISAP electrical rail stations in response to a series of attacks by vandals last week, will be maintained. Officials insisted Tuesday that there is no evidence to suggest a link between the Brussels bombing and Athens. However, they did confirm reports in the British media that an accomplice of Salah Abdeslam, who was arrested last Friday for his part in the Paris attacks last November, had been registered on the southeastern Aegean island of Leros before he continued his journey to Western Europe. Along with other Greek political leaders, Prime Minister Alexis Tsipras, who was informed of the"
"some is the fact that it can manifest without too much warning. Individuals who are concerned about oral cancer can take some steps to fight against it. Express Concerns Early If you have a particular worry about oral cancer, you should let your dentist know right away. Good dentists should keep their eyes open for signs or disease in any case, but it doesn’t hurt to express your specific concern. For example, you might want to know if oral cancer is generic in the event that one of your parents had it. The two of you can discuss this topic together. Watch for Warning Signs Ask your dentist for a list of the warning signs associated with oral cancer. While constantly fretting about oral cancer is not necessarily the best approach for your health either, you can regularly monitor for the signs of it. In the event that you notice something is wrong with your mouth, you can speak to your dentist. Chart the Signs As you are looking for signs of oral cancer in your mouth, you may start to notice some of them. Keeping a clear and detailed list will help when you want to articulate what happened to your dentist. For example, the frequency of some signs may play a significant role in whether they are early warnings or oral cancer or benign issues. While you may feel overwhelmed with stress, staying calm so that you can take notes is a priority. Maintain Regular Dental Visits Once you know what to look for in terms of oral cancer, you might think that you can just skip going to the dentist from now on. However, the dentist can see signs that you cannot. Failure to continue going to the dentist on a regular basis could mean that"
"and who shows passion and excitement will be offered the job. This may sound obvious, but beyond the exchange of information and the validation of career facts are a lot of emotions that intrude themselves into the interview process. For example, a candidate’s natural tendency is to walk into the interview and start selling because the clock is ticking. My suggestion, however, is to hold off the selling and instead, start easy talk. Establish a relationship with the other party, and work on strengthening that relationship until the interviewer stops it when it’s time to move on with the interview. At that point, the interviewer will ask a guided, open-ended question such as, “Tell me about yourself” or “Why are you interested in this job?” because he wants to obtain a point of reference for how the candidate is positioning himself. A candidate who understands the interview process will give a very brief answer to the question and then turn the conversation so that the interviewer starts talking about his problems. After all, this is what the interview is really all about. The candidate should indeed bring up and interject facts from past professional experience to prove a history of dealing with similar issues and being able to resolve them to the satisfaction of customers, bosses, and others. Make sure you provide such facts, because otherwise, whatever you say is no more than anecdotal hearsay or your opinion. This phase is most likely the crux of the interview, since now, the interviewer is analyzing your candidacy for fit, skills, and character. This is when you have to project lots of confidence. This is what you’re selling, and this is what the interviewer wants to buy. If you can follow the foregoing guidelines, you’ll improve your chances to win the"
"entered the scene around the mid-nineteenth-century in the U.S. In 1849 Samuel D. Gross, a prominent Philadelphia surgeon, removed a testicle from a three-year-old girl whose parents had become concerned about her “boyish” behavior. He published an account of the surgery in 1852, claiming that he hoped it might serve as an example for other physicians if they were ever faced with similar cases. But physicians – even those trained specifically as surgeons – didn’t rush to offer, much less to perform, surgery to correct atypical anatomies. American medical journals published 41 reports of hermaphroditism between 1852 and 1879, but only three mentioned surgery: Gross’s report; one published in 1868 in which a woman requested the removal of a tumor that turned out to be a testicle; and a third from 1869 in which a physician attempted to correct hypospadias in a young child. The number of surgeries performed picked up a little after 1880. I’ve argued elsewhere that this was because homosexuality first appeared in medical literature as a medical (and moral!) problem, rather than a weird behavioral quirk. Physicians had always been interested in so-called hermaphrodites’ sexual behavior, but now the idea that patients might be engaged in homosexual behavior gave them something else to worry about. As a result, more physicians began to suggest surgery to patients as a means of curtailing their sexual behavior. Their reasoning was quite convoluted, but had to do with the assumption that no matter with whom their patients chose to express their sexuality, it was automatically a homosexual relationship. A patient with a predominantly female anatomy or appearance but male gonads having sex with a man? Homosexual, because of the male gonads. But a patient who was predominantly female and had male gonads having sex with a woman was also"
"on his close relationship with Usama Bin Laden and his reputation among the al-Qa’ida rank and file."" [reference omitted] After the September 11 attacks, KSM assumed ""the role of operations chief for al-Qa’ida around the world."" CIA Directorate of Intelligence, Khalid Shaykh Muhammed: Preeminent Source on Al-Qa’ida (July 13, 2004) Given the date, I believe this is one of the two documents Cheney is seeking. Bradbury later quotes the document saying, KSM and Abu Zubaydah have been pivotal sources because of their ability and willingness to provide their analysis and speculation about the capabilities, methodologies, and mindsets of terrorists. Such a claim, of course, seems to be contradicted by (and may be a response to) the IG Report’s assertion that lower-level detainees have been critical in developing an understanding of al-Qaeda. CTC frequently uses the information from one detainee, as well as other sources, to vet the information from another detainee. Although lower-level detainees provide less information than the high value detainees, information from these detainees has, on many occasions, supplied the information needed to probe the high value detainees further. … [T]he triangulation of intelligence provides a fuller knowledge of Al-Qa’ida activities than would be possible from a single detainee. As to the 2005 document, I’m a bit surprised that Cheney is not seeking the two documents created for Steven Bradbury to use as a prop for his memo, described as, - Memorandum for Steven G. Bradbury, Principal Deputy Assistant Attorney General, Office of Legal Counsel, from [redacted], DCI Counterterrorist Center, Re: Effectiveness of the CIA Counterintelligence Interrogation Techniques (March 2, 2005) [""Effectiveness Memo""] - Fax from [redacted], DCI Counterterrorist Center, Briefing Notes on the Value of Detainee Reporting (April 15, 2005) [""Briefing Notes""] I find it particularly surprising since one of the torture apologists, Mark Thiessen, appears"
"and between human beings and plants.” Hitoshi Shirata’s plant and bonsai store Neo Green is neither large nor ostentatious. Yet it frequently stops passing pedestrians in their tracks. Along an unremarkable grey stretch of Tokyo tarmac, his carefully pruned and beautifully potted selection of nature’s own designs is powerfully incongruous. “People in this city need more green in their lives,” says Shirata. Only three per cent of Tokyo is given over to public parks and other green spaces, compared with 38 per cent of London. The decision to open Neo Green in 2007 came when Shirata was forced to stop and reflect on his direction in life. He was a fashion entrepreneur whose businesses were turning over hundreds of millions of yen each year. He had reached a position that most would call success. But Shirata was less certain about what he had really achieved. Life, he felt, was slipping out of his control. “The little company I had started in 1993 with my father’s help had become too big,” he says. “When my father died, I had this yearning to do something new.” Not for the first time, family tragedy had impressed on Shirata the importance of regeneration. He remembered the moment when, as a 12-year-old boy, his grandfather passed away, leaving him the responsibility of caring for his beloved rooftop garden. “I think that was the first time I fell in love with plants,” he says. “Cut flowers are wonderful, but they are normally bought for an occasion and then thrown away. Plants live on.” Shirata is a skilled, self-taught bonsai artist whose lack of formal training allows him to take a fresh view on this tradition-bound art. On the shelves of Neo Green, a 30-year-old miniature zelkova sits alongside palm-sized pines fashioned to look like Christmas"
"long-time defender of marriage, author on marital topics and past democratic official of President Clinton’s administration. In a change of direction, Ms. Sawhill argues it is “high-time we stop trying to revive marriage and start figuring out what will replace it” to stem the rise of single parenting, which ultimately increases childhood poverty. Sawhill believes that the institution must evolve for the sake of the third of all American children now living in single parent households, who see poverty rates four times higher than those in two-parent families. What are the alternatives to marriage? Sawhill believes that rather than trying to back-peddle to a more traditional view of marriage, it is probably better to accept family diversity and provide better education, jobs, wages and support for single parents to alleviate poverty. According to Sawhill’s speculation, we may be entering a time when couples acknowledge a commitment to one another but reside separately or simply choose to co-habitate long-term in Scandinavia fashion. Or, perhaps, there will be ‘time limits’ to marriage, something along the line of a five year contract up front, rather than signing up for ‘forever’ – which, given the divorce rates, doesn’t always succeed. Although there are no easy solutions to the decline of marriage and its negative impact on kids, Sawhill notes that marriage must evolve one way or another. One sociologist who studies fragile, low-income families, said the fact that Sawhill is saying it’s time to move on from marriage might actually lead to a thaw between warring factions of traditionalists/conservatives and liberals, perhaps leading to a productive dialog. If you or a family member is considering divorce or separation, contact the Law Offices of Schlesinger & Strauss, LLC for help with child custody or support, spousal maintenance, visitation rights and property division. Source: msn.com,"
"no tap anyone can turn that will flood the market with new oil. The cost of living crisis Energy is an important input to transportation, manufacturing, food production, and many other things. So higher energy costs raise the cost of other products, including necessities like food. This problem has been exacerbated by the Russian blockade of Ukraine’s Black Sea ports, which prevents shipments of cooking oil, barley, wheat and corn to regions such as Africa and the Middle East that depend on Ukrainian food exports. Russia is also a major exporter of foodstuffs, and while no one directly punishes food, financial sanctions make it difficult for Russia to export almost everything. Sanctions are also affecting Russian exports of some fertilizer compounds, more than doubling the cost of fertilizers and adding to the cost of growing food away from Russia or Ukraine. The OECD calls it a “cost of living crisis” and says: “The war in Ukraine has dashed hopes for a quick end to the rising inflation from COVID-19-related supply bottlenecks seen throughout the global economy during 2021 and early 2022. Consumer prices will peak later and at higher levels than previously expected.” World Bank Recently warned of “global stagflation, with many countries entering a recession this year. The main reason is the war of Russia. Most economists see a slowdown in US growth, but not a recession, given that unemployment is still very low. Europe, which is more dependent on Russian energy, is likely to do worse, and developing countries may face direct crises. a May report from the Eurasia Group and Sustainable Strategies DevryBV It is estimated that the loss of food exports from Ukraine and Russia will boost the number of food insecure people by 101 million by the end of 2022, and the number living"
"after therapy. Metabolic reprogramming is a hallmark of cancer in which nutritional strategies might play a key role. Knowledge of the precise (molecular) mechanism of action of bioactive compounds present in foods, the metabolic profile and its impact in the personal susceptibility to develop cancer or to respond to specific treatments, as well as the development of personalized nutritional strategies for specific conditions, will result in highly effective products and strategies for an integrative precision approach for cancer patients. Dr. Ana Ramírez de Molina Deputy Director, Director of the Precision Nutrition Program and Group leader of the Molecular Oncology Group. Dr. Ana Ramírez de Molina has developed her scientific career in the field of lipid metabolism, molecular oncology, nutrition and cancer. She has worked as an associated researcher in the Traslational Oncology Unit CSIC-UAM-La Paz Hospital (Madrid), and has performed long postdoctoral stays at Cancer Research UK Centre for Therapeutics (London) and the Molecular Pathology Division of the Sloan Kettering Cancer Center (New York). She has published more than 60 scientific articles in her research field, is co-inventor of 6 patents in different phases of exploitation by a biotechnology company and has supervised 6 PhD Thesis. Several of her patents promoted the creation of a spin-off company from CSIC focused on the development of new tumour markers and therapies in Cancer in which she was former Director of Research, Development and Innovation for more than 3 years. She joined IMDEA Food Institute in 2010, where she leads the Programe of Precision Nutrition and Cancer. From 2011 she has been the Coordinator of Research, Development and Transfer, and in 2014 was promoted to Deputy Director of the Institute. In 2002 she was awarded with the prize Young Researchers MSD, in 2003 the extraordinary doctorate recognition as the best Thesis of"
"then what is? That’s not to say that cooler temperatures ‘prove’ that there’s no global warming, but that cooler temperatures must be evidence that ‘global warming is slowing’. The difference is between ‘evidence’ on the one hand, and ‘proof’ on the other. Evidence can support contradictory hypotheses. If this was mere journalistic oversight, that’s one thing – even though Randerson, one of the Guardian’s science correspondents, with a PhD in evolutionary genetics, really really ought to know the difference between evidence and proof, and what they stand for. But if the argument belongs to Peter Stott, then it surely raises questions about his partiality. ‘Absolutely not‘? Cooling temperatures absolutely are evidence for the hypothesis that there is no global warming underway, necessarily. Prof Myles Allen at Oxford University who runs the climateprediction.net website, said he feared climate sceptics would overinterpret the figure. “You can bet your life there will be a lot of fuss about what a cold year it is. Actually no, its not been that cold a year, but the human memory is not very long, we are used to warm years,” he said, “Even in the 80s [this year] would have felt like a warm year.” Allen is right to say that people have short memories, but he is wrong to think that it’s only sceptics who have them, and make a fuss about exceptional years. For example, Anderson continues, The Met Office predicted at the beginning of the year that 2008 would be cooler than recent years because of a La Niña event – characterised by unusually cold ocean temperatures in the equatorial Pacific Ocean. It is the mirror image of the El Niño climate cycle. The Met Office had forecast an annual global average of 14.37C. Anderson has a short memory. So does Allen."
"most flexible and spacious subcompacts on the market. The Fit carries a base price more than $3,000 cheaper than the Insight, and is rated at 31 mpg combined with a five-speed automatic. That means buyers really have to want a hybrid to choose the Insight over the more capacious, less expensive Fit. So far, relatively few have. The Insight is another hybrid that hasn't come close to its original sales goals. Honda is sticking with the car, making incremental improvements to its features and model mix. But the Prius remains larger inside and delivers better gas mileage--albeit at a higher base price--while the Fit is larger inside as well and considerably less expensive if you're comfortable with a subcompact hatchback. That puts the Honda Insight between a rock and a hard place. 2012 Lexus HS 250h Sometimes the market doesn't lie: Cars that sell in low volumes just aren't very good. That's the case with the Lexus HS 250h, now in the last of its three model years. It won't return to the U.S. market for 2013; instead, it's effectively being replaced by the all-new 2013 Lexus ES 300h mid-size luxury sedan. When it was introduced as a 2010 model, the HS 250h was the first ""dedicated"" Lexus hybrid, meaning one that had unique styling not shared with a conventional gasoline model. (The Toyota Prius is another example of a dedicated hybrid; there's no gasoline Prius either.) But the hybrid HS was awkwardly styled, with slab sides and lengthy overhangs. While it carried the more powerful 2.5-liter engine and powertrain from the Camry Hybrid, it also weighed 700 pounds more than a Prius--so managed only a 35-mpg EPA combined gas mileage rating, significantly less than the 50-mpg Prius. More than that, the Lexus HS just wasn't very pleasant to"
"1923 and 1928 real tax collections nearly doubled as the economy surged. The rest of the world languished as most other nations kept their World War I tax regime in place. As America’s tax rates were chopped by almost two-thirds, the share of taxes paid by those earning over $50,000 (the rich back then), rose from 44 percent in 1921 when the rate was 73 percent to 78 percent in 1925 when their rate was 25 percent. No tax increase in world history ever pried that much tax out of the wealthy. John F. Kennedy’s tax cuts had the same salutary effects. “It is a paradoxical truth,” Kennedy proclaimed in the 1962 commencement address at Yale to try to sell his tax cut program, “that tax rates are too high today, and tax revenues are too low, and the soundest way to raise the revenues in the long run is to cut the tax rates.” JFK’s tax plan cut the top tax rate from 91 to 70 percent. Here’s what happened, as described in a 1966 article in the US News and World Report. “Tax collections are beginning to astonish even those who pushed hardest for tax cuts in the first place.” Indeed, after the tax cuts took effect, income tax collections rose by more than 50 percent from 1963 to 1968. Even more shocking was the impact on the distribution of taxes paid. Americans earning over $50,000 per year (the equivalent of almost $200,000 today) increased their share of taxes paid from 12 percent of the total in 1963 to almost 15 percent in 1966. In 1981 Ronald Reagan proposed and signed into law a 30 percent across-the-board tax-rate reduction plan that was modelled after JFK’s successful tax cut 20 years earlier. It produced the very same positive"
"(thuellai), suggests that she was associated with the winds. Pausanias here mentions two statues of Apollo at Delphi, one dedicated by Epidaurus for the Persian Wars and the other by Megara for a victory over Athens at Nisaea. Epidaurus was given a place on the serpent column (no. 25) and on the statue of Zeus at Olympia (no. 26). Pausanias says that the dedication of a bronze statue of an ox by the Carystians represents freedom to plow the land, thus connecting the economy of the state with the victory over Persia. The ox, however, might also represent strength and power, or it might be symbolic of a sacrifice (Rouse 1907: 145). Pausanias compares this dedication to the simlar one made by Plataea (no. 84). Leonidas was buried on the battlefield at Thermopylae. Forty years later, according to Pausanias (See no. 36) his remains were reburied at Sparta. Herodotus speaks of a stone lion erected at Thermopylae in his honor and the phrase epi Leonidei should mean “over his grave”. The lion was, then, probably set up before Leonidas’ reburial at Sparta. The Panhellenic dedication at Delphi at salamis was the statue of apollo holding in his hand the beak of a ship (see no. 29). Because the Aigenetans received the prize for valor apollo required them to make a separate offering. Accordingly their deication was of a bronze mast with three golden stars. The stars and mast mat be interpreted as symbolic of nautical skill. Pausanias here relates a story in which Artemis befuddled Persian soldiers of the army of Mardonius in the region of Megara. For similar stories of the intervention of gods during the Persian Wars see nos. 14,16,19,23,55, and 72. There was a similar statue of Artemis the Saior in Pagae near Megara (no. 83)."
"the latest trends in software development and technology. The blog covers everything from Java to Windows 10, making it one of the most comprehensive sources of information on the web when it comes to software development and technology. In this post, we will take a look at how can help you in your day-to-day work as a software developer. We will explore some of the most popular posts on the blog, and how they can help you improve your skills as a developer. So if you’re looking for quality information on software development and technology, then J is the blog for you. What is jane 100m seriesburnstechcrunch? is a software for burning discs. It can create finalized DVD, Blu-ray and CD discs from your videos, photos and music files. With you can also create customized DVD menus and add special effects to your movies. What are the benefits of Jane 100m seriesburnstechcrunch? As a runner, one of the most important aspects of your training is ensuring you are getting the most out of your workouts. By using you can ensure that your runs are both challenging and effective. is an effective workout that helps improve endurance and cardiovascular fitness. The workouts are designed to help you achieve your fitness goals quickly and easily. This program also offers a variety of different exercises that will help you target different areas of your body. The workouts offer a high degree of resistance and intensity, which helps to burn calories quickly. Additionally, the program ensures that all exercises are properly supervised so that you receive expert guidance and support throughout your workout. By using , you can achieve better results in less time than traditional running programs. Additionally, these workouts are fun and challenging, which makes them enjoyable to complete. If you"
"a plant. The plant should also be well hydrated. Step 7 - Watch and Wait Propagating camellias from seeds requires a great deal of patience. Don't expect to see blooms from the growing plants for several years. Growing trees from cuttings is quite easy, but it takes a good few years before you can start shaping them. Be patient and let the cuttings grow before you start with pruning and repotting. Next steps · Cuttings - The new plant retains the genetic make-up and properties of the parent plant. Since the cutting can be quite long, the plant can have a head-start on a plant produced from seed. Unfortunately not all plants can be propagated by taking cuttings. Many shrubs are easy to grow from cuttings. Take the cutting with a sharp, clean knife or snippers, making sure to include at least one growth node that will be under the soil (about an inch from the bottom of the cutting). Although it depends on the plant, most cuttings should range from 2 to 6 or 8 inches. Trim the cutting of … Types of Stem Cuttings. The four main types of stem cuttings are herbaceous, softwood, semi-hardwood, and hardwood. These terms reflect the growth stage of the stock plant, which is one of the most important factors influencing whether or not cuttings will root. · If you want to make dozens of copies of your favourite plants then check out this quick, four minute guide to taking cuttings (aka clones) and discover just how easy it is to propagate plants … Either feel for roots or tug gently on the plant to feel for the resistance against the rooting medium. Do everything with newly rooted cuttings gently to prevent root damage. Plant the newly rooted cutting in potting soil"
"face of the earth. What about the climate change implications of such a wind harvesting machine? Since they are renewable energy source. When we chop them down do they grow back? If they can chop tornadoes down to feed the electric grid, it’s pretty sure there will be more where they came from. I suppose the mandated part will come to Washington. On a recent bill we had the “option” of having at least 10% or somesuch of our electricity be provided by wind power if we wanted to. At an additional cost of $6 a month or something. It was a good learning experience for my kids. Pay extra to “feel good about yourself”. (They all agreed it wasn’t worth it!) And how are they going to make sure OUR house has %10 windpower while the neighbor doesn’t if he didn’t pay the extra. And, hey Kids - most of our electicity here in Washington is ALREADY from renewable energy - hydroelectric! (Idiots!) And just last week I took a scenic backroad through the mountains that I hadn’t been on in awhile. It’s all ugly, gigantic windmills now. :( Actually, on their own the windmills are quite the engineering marvel! It’s just when they cover the landscape and for no real purpose that makes them ugly. It's good that you voted against that, but enough morons will vote for it that you will be stuck with it. In Virginia, there is no wind so we get hit with solar instead (which costs at least double the normal power). But instead of allowing voting on the electric bill, the solar scam artists forced the town near me to buy the power (the word forced is appropriate since one of the scam artists is a felon who would literally break"
"receive admonition. That is, the ""Pure Word"" is so fruitful that every person (or community) who bases his system of life on it, gets benefit from it. Every moment for it helps to produce clearness in thought, balance in temperament, strength in character, purity in morals, firmness in conduct, righteousness in talk, straightforwardness in conversation, good temperament in social behavior, nobility in culture, justice and equity in economy, honesty in politics, nobility in war, sincerity in peace; confidence in promises and pledges. In short, it is the elixir that changes everything into gold if one makes the proper use of it. ""Evil word"" is the opposite of ""Pure Word."" It may be applied to everything that is unreal and wrong but here it stands for any false creed that one might adopt as a basis of one's system of life, irrespective of whether it be atheism or heresy or disbelief or shirk or idol-worship or any other ""ism"" that has not been brought by a Messenger of God. And the parable of an evil Word is that of an evil tree: It is torn up by the root from the surface of the earth: it has no stability. And ""evil word"" (false creed) has no stability because it is against the Law of nature. Therefore, everything in the universe opposes it and refutes it, as if the earth hates it and is ready to spit out its seeds every time they are sown in it, and if some need succeeds in growing an evil tree, heaven suppresses down its branches. In fact, false creed could never have been allowed to develop, if man had not been given the freedom of choice and respite for work for the sake of his trial. That is why when same foolish people exert to"
"brother, Yegor Herzen. In the family home on Arbat Street in Moscow, young Herzen was isolated from many children, but he developed a close friendship with Nikolay Ogaryov, with whom he developed a lifelong partnership. Attracted to the Romanticism of Friedrich Schiller, the two boys took an oath to avenge the five Decembrist rebels executed by Czar Nicholas I after the abortive uprising of 1825. Both entered the University of Moscow in 1829, and Herzen joined the department of natural sciences. At the university, he also acquired a deep interest in history, philosophy, and politics. His circle of friends included Ogaryov, Nikolai Satin, Vadim Passek, Nikolai Kh. Ketscher, and Anton Savich. These friends reflected a popular mystical bent for politics, and they avidly read the works of Friedrich Schelling and Saint-Simon, espousing the radical democracy of brotherly love, idealism, and even socialism. In 1834, following a critical remark about the czar which was reported to the police, Herzen was arrested, jailed for nearly a year, and exiled to Perm and Viatka. In 1838, after three years in exile, he married Natalya Alexandrovna Zakharina in Vladimir, and the next year they had a son, Aleksandr, Herzen’s only surviving male heir. The czar pardoned Herzen in 1839, and he entered state service in Novgorod, partly to qualify for noble status and partly to acquire the rights of inheritance. His work caused him to travel often to St. Petersburg, where he quarreled with Vissarion Grigoryevich Belinsky over the ideas of Georg Wilhelm Friedrich Hegel. Ironically, Belinsky abandoned Hegelian thought shortly before Herzen’s own conversion to that system. Herzen won the admiration of Belinsky, however, when he published two installments of his early memoirs, Zapiski odnogo molodogo cheloveka (1840-1841; notebooks of a certain young man). In 1840, Herzen again ran afoul of the authorities"
"that were written for the older 68000-based Macintosh. Another example of the continued utility of virtual machines involves the Java language. Java is a very popular language designed by Sun Microsystems. Java is implemented by a compiler that generates bytecode output. These bytecodes are the instructions that run on the Java Virtual Machine (JVM). For Java programs to run on a platform, that platform must have a JVM running on it. The JVM runs on many types of computer, including IBM-Compatible PC, Macintosh, Unix workstation and server, and IBM minicomputer and mainframe. The JVM is also implemented within web browsers such as Microsoft Internet Explorer and Netscape Communicator. These browsers, in turn, run on top of varying hardware and operating systems. The JVM is also implemented on the small JavaOS, which implements the JVM directly on hardware to avoid the overhead imposed by running Java on general-purpose operating systems. Finally, single-purpose devices such as cellular phones can be implemented via Java through the use of microprocessors that execute Java bytecodes as native instructions. The Java Virtual Machine implements a stack-based instruction set that includes the expected arithmetic, logical, data movement, and flow control instructions. Because it is a virtual machine, it can also implement instructions that are too complex to be built in hardware, including object creation, manipulation, and method invocation instructions. Java compilers can simply emit these bytecode instructions, and the JVM must implement the necessary functionality on each platform. The design of Java takes advantage of the complete environment that a virtual machine implements. For instance, the bytecodes are checked for instructions that could compromise the security or reliability of the underlying machine. The Java program is not allowed to run if it fails this check. Through the implementation of Java as a language that executes on a"
"articles related to teas. Original articles from our library related to the Teas. See Table of Contents for further available material (downloadable resources) on Teas. - Brigid - The Goddess of Imbolc and Celtic Europe - Celtic Myth | Ireland | Britain | Christianity | A Myth The Pagan goddess Brigid is perhaps one of the oldest goddesses of Celtic Europe still recognized and worshipped. In fact, until the mid-twentieth century in Scotland, she was still welcomed in at Imbolc... Deities & Heros >> Celtic, Welsh, Irish & Brittish - Spring Cleaning for Your Body - Spring is that time of year when most of us feel the need to throw open the windows, beat the rugs, roll up our sleeves and start scrubbing our living space. Fertility rites. Out with the stale old stuff, in with the fresh new things, bringing with it the... Earth Mysteries >> Herbalism - Have a Cuppa? [About Herbal Teas] - Through the ages, long before modern doctors prescribed a wonder drug to help us with almost every ailment, it was the witches, shamans and priests before them, that brewed up the various drinks, ointments and poultices that have kept the human race... Earth Mysteries >> Herbalism - The Rose - Love, Healing, Symbolism and Alchemy - When someone gives you red roses you know what it means: Love. Some say it means love and respect, but most of the times it means love and desire. The rose, this wondrous Lady of Flowers, is attributed to femininity. The red rose belongs with Aphrodite, the... Earth Mysteries >> Essential Oils - Basil - The Herb of Kings - Basil, from soil to seed To strong stems and beautiful leaves. I ask for blessings to have bestowed As I nurture and watch you grow. From mornings"
"Robinson goes on to state: ""We soon learned that four of the leading men of the church had been to Salem, Massachusetts, in search of the hidden treasure spoken of by Brother Burgess, viz: Joseph Smith, Hyrum Smith, Sidney Rigdon and Oliver Cowdery. They left home on the 25th of July, and returned in September."" Joseph Smith's History tells of this trip: ""On Monday afternoon, July 25th, in company with Sidney Rigdon, Brother Hyrum Smith, and Oliver Cowdery, I left Kirtland, ...and arrived in Salem, Massachusetts, early in August, where we hired a house, and occupied the same during the month ..."" (History of the Church, vol. 2, p.464). On August 6, 1836, Joseph Smith received a revelation concerning this treasure hunt, which is still published in the Doctrine and Covenants. In this revelation we read the following: I, the Lord your God, am not displeased with your coming this journey, notwithstanding your follies. I have much treasure in this city for you,... and its wealth pertaining to gold and silver shall be yours. Concern not yourselves about your debts, for I will give you power to pay them. ...inquire diligently concerning the more ancient inhabitants and founders of this city; For there are more treasure than one for you in this city (Doctrine and Covenants, (111:1, 2, 4, 9, 10). Mr. Robinson stated that the treasure was never found, and Joseph Smith was unable to pay his debts as the revelation had promised. The Mormon historian B. H. Roberts admitted that the Mormon leaders went to Salem seeking ""an earthly treasure,"" but attempted to change the original meaning of the revelation to avoid embarrassing the church. Therefore he claimed that the other treasures spoken of in the revelation were of a spiritual nature (see Comprehensive History of the Church,"
"into tourist attractions or civic amenities. The War Remnants Museum is a refreshingly harrowing exhibition of the horrors of war, rendered in photographs, installations and military hardware. It makes the grisly Imperial War Museum in London look like Disneyland. For a people that saw off the French and the Americans within the space of 21 years, the Vietnamese are a remarkably friendly lot, and welcome visitors of all nations, including Americans and the French. If this was England, you’d never hear the end of it: the Vietnamese, in contrast, have a wonderful calm acceptance of the past and seem focused solely on the future. This is a quality that the West secretly admires. Ho Chi Minh is worth a day or two, but it is good to get out of the city. Two hundred miles to the north-east, you find Ninh Van Bay, the jewel of the 3,260km Vietnamese coastline. Arcs of honey-coloured sand, a warm sea studded with coral reefs, a fan-shaped cluster of islands to keep off tsunamis, a mountain rampart to guard against typhoons, and the sunniest climate in Vietnam… these are what make Ninh Van one of the most beautiful bays in the world. Nha Trang, the main town, spreads out behind the beachfront promenade, where every morning thousands of Vietnamese perform t’ai chi among the topiary. Hailing a trishaw, I plunged into the massing scooters of the rush-hour traffic to find the beating heart of the town, Nha Trang market. This must rank as among the culinary wonders of the world. There are more varieties of fruit, vegetables, herbs, spices and pulses here than you can shake a chopstick at, along with several things in the meat and fish section that would give a society for the ethical treatment of livestock a collective heart attack."
"Soup for the Compliance Soul Nicole Rose, CEO of Create Training, has put a call out for uplifting stories of people fighting the good fight and staying in compliance in the face of corruption. We hear so many stories of people that did wrong we could all use some examples of when corporate compliance training went right. These examples will serve as reminders of why we all do what we do and how doing right is worth it. Leonard McCarthy of the World Bank: Settling for Development with Integrity As World Bank works to deliver schools, roads, health services, clean water and emergency support in 75 countries along with a group of partners they have to also navigate corruption and violence. Leonard McCarthy, World Bank’s Integrity Vice President, is working to protect the integrity of World Bank-financed development projects. In this article on the FCPA blog he describes some of the corruption they have faced and how they dealt with it as well as the development they have helped other countries with. They truly are working towards a better future. Top Five Ethics and Compliance Failures of 2015 A look back at 2015’s corporate compliance failures. What can we learn from these? What new regulations have popped up because of these ethical failures? Our hope is that we as a society learn from these failures and put the right programs in place to create an easy path towards compliance for ourselves. What I learned: Compliance is not easy! But the stakes are high if we don’t take the time to make the right thing to do the easiest for our workforce. Brett scours the web daily to bring you the latest news and tips on how to keep cool, calm and compliant. Follow her on Twitter and LinkedIn to get"
"simvastin should be used to treat patients with coronary heart disease who have a normal or low pretreatment cholesterol levels. In addition, the authors could have inappropriately concluded in their reportís formal conclusions that their trial data proves that measuring cholesterol levels in this type of patients is not useful since all these patients should be treated with the cholesterol lowering medicine regardless. Though individual authors of this study may have thought the trial raises the question of whether follow-up blood tests are really needed, they did not inappropriately extend their conclusions beyond what the trial directly tested. Hence, even an excellent trial such as the Heart Protection Study could be substantially diminished if the authors of that trial had chosen to make inappropriate conclusions and if the editors of the journal that published the paper did not require those conclusions to be revised prior to publication. Hence, even an excellent trial such as the Heart Protection Study could be substantially diminished if the authors of that trial had chosen to make inappropriate conclusions and if the editors of the journal that published the paper did not require those conclusions to be revised prior to publication. Fortunately, the Heart Protection Study had excellent investigators, both in the formulation of their trial protocol and in the conclusions which they directly derived from the data. The ALLHAT hypertension trial--A large trial suboptimally interpreted The ALLHAT trial on the other hand, is a poster child for conclusions extending beyond the data in a large randomized trial. The ALLHAT trial failings result primarily from the overextended and inappropriate conclusions. The trial treatment protocol specified specific blood pressure treatment regimens which had serious limitations in regards to substantially differing from the way hypertensive patients are currently treated by physicians. Instead, the authors in their 2001"
"it''s all there for the patient and knowing observer. Standing amid the color, beauty and movement, a flower garden can be a meditation, a gentle way to ease into a stressful day. Most mornings a perky hummingbird -- think Rodgers and Hammerstein -- is usually the first actor to take the stage. Clad in an iridescent green coat, he hovers in front of the Turk''s cap, trumpet vine and the black and blue salvia. Most days he''s all business -- pausing between each flower to take stock; occasionally he will linger for a second at eye-level an arm''s length away, as if to say, ""What are you doing here? Friend or foe?"" In the South, gardening is one of the many distractions we have to help us endure our crazy hot summers. There are plenty of others -- among them, watermelon, ice cream, fireflies and America singing ""Ventura Highway."" I love to get emails with a quote at the bottom. Here''s one that accompanied a recent message from Allison Barnette, a Caledonia 8th Grade Social Studies teacher: ""If you want to build a ship, don''t drum up people to collect wood, and don''t assign them tasks and work, but rather teach them to long for the endless immensity of the sea."" -- Antoine de Saint-Exupery (1900-1944); aviator, writer Amazing the power of a few well-chosen words strung together in the right order: ""... the endless immensity of the sea."" Makes you want to get on a sailboat and head for the south Pacific. NPR''s Scott Simon the other day offered a tribute to Jack Layton, a Canadian politician who recently died from cancer at the age of 61. This from Simon''s report: Layton joined the liberal New Democratic Party, and lost several elections -- for Parliament, and mayor of Toronto--before"
"programmes. “To address drug resistant-TB proper diagnosis and linkage to care are essential. This can be a particular challenge in low-resource settings where the majority of cases occur. Though effective treatment options now exist, three out of every four people with drug resistant-TB go undiagnosed and untreated and, as a result, can each infect up to 15 additional people over the course of a year, the EIU report noted. “It is critical to put the foot on the pedal, to save millions from illness, suffering and death,” said Dr. Tereza Kasaeva, Director of the WHO Global TB Programme. Nigeria currently has a cumulative TB diagnosis and treatment target of 1,179,600 cases including 57,000 multidrug-TB cases between 2018 and 2022. The WHO Director-General Dr. Tedros Adhanom Ghebreyesus recently alerted the governments of the highest-burden countries including and highlighted the need for strong and visionary leadership now more than ever.Dr Tedros, urged the Heads of State to use the indicative targets to plan their actions toward ending TB, in order to collectively achieve the targets of the High-Level Meeting. In Nigeria, TB is one of the top 10 causes of death and a leading cause from a single infectious agent. Millions of Nigerians fall sick with TB each year. In 2017, TB caused an estimated 1.3 million deaths among HIV-negative people and there were an additional 300,000 deaths from TB among HIV-positive people. Nigeria accounted for 4 percent of the global total. Drug-resistant TB continues to be a global public health crisis in which people affected by TB developed resistance to rifampicin which is the most effective firstline drug, and of these, 82 percent had multidrug-resistant. For several reasons, drug-resistant TB could be described as a time bomb. “One of the three targets of the End TB strategy is to ensure that"
"around the web only allows a short stop, there's the ""CERN in two minutes"" page. Others with more time on their hands can browse to their heart's content through pages describing every aspect of CERN and it's work from the most esoteric physics to medical applications and the World Wide web itself. There's an introduction from the Director-General and an account of how the web was born. Up-to-the-minute news of what's going on at the laboratory is also available, and for the intrepid, a trip into the working pages of physics experiments beckons. The World Wide web was invented at CERN by British scientist Tim Berners-Lee in 1989 and quickly became a working tool for communication between physicists around the world. CERN immediately recognised the web's value and, in keeping with Laboratory policy, made the work freely available and invited others to get involved. As more and more computer scientists started to work on the web, it was only a matter of time before it escaped from the academic world onto a wider stage. The crucial moment came in 1993 when the US National Center for Supercomputing Applications launched the Mosaic browser programmes, bringing web access to anyone with a Unix, Macintosh or PC computer. Few innovations have had such a massive and immediate impact on world culture. The reins of web power were soon passed to the World Wide Web consortium, set up for that purpose by CERN, France's INRIA, and the Massachusetts Institute of technology (MIT) in 1994 and directed by Berners-Lee. From then on, CERN could concentrate on developing the web as a tool for its everyday work. Those who venture into the CERN Users' web site might catch a glimpse where that has led, but for most visitors a colourful, entertaining, and informative introduction to the"
"of the human eye. A high-speed, fiber-based visible light spectral / Fourier domain OCT system was constructed for in vivo imaging of the human retina. For the data shown here, a sensitivity of 94 dB with an incident power of 100 microwatts and an axial scan rate of 10,000 axial scans per second was used, but 3D imaging speeds of up to 70,000 axial scans per second were also achieved. A maximal axial resolution of <2 microns (using the whole spectral bandwidth) and axial imaging range of ~1.6 mm were achieved in the retina. Spectroscopic imaging of the human retina is shown in the Figure. Images with ~4 micron resolution were generated by dividing the visible light spectrum into non-overlapping sub-bands centered at 560 nm and 620 nm, and are shown in true color. Axial signal profiles in each sub-band were normalized to the Inner Limiting Membrane (ILM) reflection. The inner retinal layers as well as the 6 major bands of the outer retina are clearly resolved. In general, signal from the inner retina is higher at shorter wavelengths, while signal from the more distal outer retinal layers is higher at longer wavelengths. Visible light OCT affords the unique opportunity to interrogate the outer retina with high resolution spectroscopically. Axial signal profiles are consistent with the chromophore distribution and optical properties of the retina. This is an abstract that was submitted for the 2017 ARVO Annual Meeting, held in Baltimore, MD, May 7-11, 2017. Split-spectrum analysis of OCT retinal morphology. (A) Axial signal profiles in each sub-band were normalized to the ILM reflection and averaged across a region of interest, before plotting on a logarithmic scale. (B) Axial signal profiles of the outer retina, plotted on a linear scale, show that distinctive outer retinal layers can be visualized. This PDF"
"would make them more confident and effective in their duties. The participants have already been given two powerful doses of psilocybin in two sessions, one month apart, after undergoing preliminary screening, including medical and psychological tests. The sessions take place in a living room-like setting at New York University and Johns Hopkins in Baltimore, where the participants are watched over by two ""guides."" After taking the drug, the participants spend time lying on a couch and listening to religious music on headphones to augment their ""inward spiritual journey."" ""Their instruction is to go within and collect experiences,"" said Richards. ""So far everyone incredibly values their experience. No one has been confused or upset or regrets doing it,"" he added. There will be a one-year follow-up with the participants before a full analysis of the outcomes could take place. ""It is too early to talk about results, but generally people seem to be getting a deeper appreciation of their own religious heritage,"" Richards noted. ""The dead dogma comes alive for them in a meaningful way. They discover they really believe this stuff they're talking about,"" he continued. It has also been suggested that the leaders' notions of religion shifted away from the sectarian towards something more universal after they went through their psychedelic journey. ""They get a greater appreciation for other world religions. Other ways up the mountain, if you will,"" said Richards. According to the U.S. Department of Justice, psilocybin is illegal and is classified as a Schedule I substance under the Controlled Substance Act. The effects of consuming the drug include ""nausea, vomiting, muscle weakness, drowsiness, and lack of coordination ... hallucinations and an inability to discern fantasy from reality."" There have been reports that psilocybin has been effective in lifting acute anxiety in cancer patients at the end"
"facilities. Close escort was 12 Hellcats. Once again, the formations arrived in a timely manner and surprise was complete. No Japanese aircraft were encountered, and anti-aircraft fire was ineffectual. Bombs were dropped on the harbor, warehouses and oil facility. All were seen to be burning fiercely. At the nearby Japanese airfields, 12 aircraft were caught on the ground. The FAA's raid on the Wonokromo oil refinery was effective, leaving it completely burnt-out. One ship was sunk in the docks and the harbour facilities hit. The raid was deemed a qualified success: Carrier Air Group 12 (CVG-12)'s official History (USN Air 1207 October 1945) reports: Ten per cent of the Japanese high octane gasoline supply was destroyed in one hour. British planes sank transport Shinrei Maru while the Saratoga’s damage Patrol Boat No.36, auxiliary submarine chasers Cha 107 and Cha 108, the cargo ships Ch_ka Maru and Tencho Maru, and the tanker Y_sei Maru. One Avenger, from Saratoga, was shot down. The crew was observed to have entered a life raft, but was never seen again. Both Task Force 65 and 66 withdrew together at 08.50. The operation proved to be another another harsh lesson in Pacific warfare for the FAA and RN. The British force commander (Somerville) was not aboard a carrier. He was in a more traditional flagship – the battleship HMS Queen Elizabeth. For this reason he was not quickly appraised of the success – or otherwise – of the air operations. Lieutenant Commander Norman Hanson, DSC, RNVR, is quoted in 'Illustrious', by Kenneth Poolman: 0100 hours. Haven't had a wink of sleep yet, just flying round the cabin doing bloody deck landings on the pillow. 'D'ye hear there! The fleet will be going into action at 0700 hours this morning. Close up for action stations at 0600!'"
"civil rights era, Mangum sponsored voter registration drives. He also helped establish nonprofits such as the Robeson County Church and Community Center to provide food, clothes, shelter and other services to Native Americans. And he worked with Cummings to ensure the Lumbee churches had a voice in the UMC. Notably, they decried that Native Americans had no representation among the conference-level leadership, and they rallied the UMC to appoint three lay people from Lumbee churches to committees, paving the way for Cummings to become the first Native American conference staff member in 1973. “That was pioneering -- to now have three lay people on conference committees,” Mangum said. “It gave entry to hearing the call to missions … and to opening up the doors for Native Americans to the idea that we have a place in church leadership … and that we intend … to be a partner in ministry, not an object of ministry.” Sandy Plains leadership also places a broad emphasis on education. This starts at the youngest ages: In 1997, under the guidance of the pastor at the time, the Rev. Kong Suk Namkung, the church built a childcare center to serve the local community. Just a few years ago, with assistance from a Duke Endowment grant, Sandy Plains built a new facility for the center on its grounds, creating new jobs in an economically depressed area. Larger than the church itself, the childcare center is self-sustaining and has an average enrollment of 93. For older children, the church brings in school counselors and journalism teachers to help coach high school students in how to find and apply for college scholarships and loans. And for adults, they give to special offerings that provide scholarships for Native Americans entering ministry. In addition, the Sandy Plains congregation regularly supports"
"computations. It is a system which usually consists of one server node, and one or more client nodes connected together via Ethernet or some other network. It is a system built using commodity hardware components, like any PC capable of running a Unix-like operating system, with standard Ethernet adapters, and switches. It does not contain any custom hardware components and is trivially reproducible. Beowulf also uses commodity software like the Linux or Solaris operating system, Parallel Virtual Machine (PVM) and Message Passing Interface (MPI). The server node controls the whole cluster and serves files to the client nodes. It is also the cluster's console and gateway to the outside world. Large Beowulf machines might have more than one server node, and possibly other nodes dedicated to particular tasks, for example consoles or monitoring stations. In most cases client nodes in a Beowulf system are dumb, the dumber the better. Nodes are configured and controlled by the server node, and do only what they are told to do. In a disk-less client configuration, client nodes don't even know their IP address or name until the server tells them what it is. The typical setup of a beowulf cluster One of the main differences between Beowulf and a Cluster of Workstations (COW) is the fact that Beowulf behaves more like a single machine rather than many workstations. In most cases client nodes do not have keyboards or monitors, and are accessed only via remote login or possibly serial terminal. Beowulf nodes can be thought of as a CPU + memory package which can be plugged in to the cluster, just like a CPU or memory module can be plugged into a motherboard. Beowulf is not a special software package, new network topology or the latest kernel hack. Beowulf is a technology of"
"I brought it down from 200 lbs to around 175 lbs in about a year. I maintained it there for another year or so, but somehow took my eye off things and by the middle of 2016 I was almost back where I started. After several attempts I got it down to my interim target of 180 lbs last year but I've struggled to hold it there or reduce any further. It's something I'm still actively working with. In what way do you think your thoughts on your body image impact your mental health? All this has taught me a lot about how complex the relationship can be between our emotional and physical well-being. It's not that I thought losing weight was simply a matter of ""eat less, move more"" but I hadn't appreciated the impact on our bodies of such things as trauma, abuse, eating disorders, body dysmorphia, and the fact that many medications tend to increase weight. I've learned a lot from various friends, especially my best friend (and weight loss buddy!) Fran, who lives with bipolar disorder, chronic fatigue syndrome, and fibromyalgia. I know what I need to do regarding what to eat and what not to eat (my biggest challenge is NOT having two rounds of cheese sandwiches at one in the morning just before I go to bed!) but it's hard to reprogram established patterns. I don't think I comfort eat as such (and when I am under stress I tend to eat less rather then more) but it can be hard to maintain the sense that I'm worth making the effort for. That can be a vicious cycle because if I start to let my weight get away from me I feel bad for allowing it to happen, which of course makes it harder"
"third group receiving a milk product which was fermented and contained various probiotics species. At the beginning of the study each of the participants underwent an fMRI study of the brain which measured both resting brain activity as well as how the brain responded to an emotional event such as seeing pictures of angry or scared people. There was a dramatic difference after four weeks in how those individuals who received the probiotics milk product responded in terms of their brain activity when challenged by the emotion producing images in comparison to the group that received either the non-fermented milk product or the placebo. Dr. Tillisch, the lead author of the study stated: This study is unique because it is the first to show an interaction between a probiotic and the brain in humans. Dr. Cameron Meier, professor of medicine, physiology and psychiatry also at the David Geffen School of Medicine at UCLA commented on the study as reported in Medscape Medical News, stating: The knowledge that signals are sent from the intestine to the brain and that they can be modulated by dietary changes is likely to lead to an expansion of research aimed at finding new strategies to prevent or treat digestive, mental and neurological disorders. This is a very important study, revealing that indeed changes in gut bacteria can have a profound role in determining how the brain interprets the environment. It is noted that the gut microorganisms of a laboratory rats can be manipulated, causing that animal to become either timid or aggressive. This line of information has profound implications in terms of our modern diet as well as our generally aggressive over usage of antibiotics. Dietary changes and other events that lead to alterations in the gut bacteria may explain, for example, the increased rates"
"trumps every other source of influence. Training, the reading of books and observation of other coaches at work can’t compare with the influence of actually doing the coaching and learning from this practice of coaching. The spirit of John Dewey and Kurt Lewin lives on with their advocacy of action research and the learning that occurs when actively engaging the world (learning-by-doing). We also see this emphasis represented in the high rating of an item in question one concerning the influence of experiences in one’s personal life–though it is interesting to note that this item rates lower when respondents are considering the influence of personal life experiences in their current coaching practices. We might hypothesize that these experiences have had a greater impact in the earlier years of one’s life as a coach than in one’s current practices. Would we find a similar emphasis on direct experience among those working in other human service professions? Does the influence of personal life experiences tend to diminish over time among those working as clinical psychologists? Are they more likely to keep their personal lives isolated from their professional life? We will be able to provide a partial answer to this question in Phase Four when comparing results from these surveys with those reported by David Orlinsky and his colleagues in their study of clinical psychologists. Results from both surveys suggest that it’s not all about the influence of direct work with clients or one’s own personal life. There are many ways in which coaches are influenced by less immediate sources. For example, quite high mean scores and rankings are to be found in both questions with regard to “taking coaching specific courses, seminars or workshops.” This item yielded very little disagreement among the respondents to the second question (current development), but somewhat"
"Criminal Court and Israel’s legitimacy are concerned. At the ICC, Hebron shooter Elor Azaria’s manslaughter conviction may affirm the credibility of Israel’s apparatus for prosecuting its own soldiers. This is important because it is the decisive issue affecting whether the ICC will dive deeper into the Israeli- Palestinian conflict. If Chief Prosecutor Fatou Bensouda finds that the IDF properly prosecutes its own for alleged war crimes, then she is barred from intervening, as the ICC is only a court of last resort when a country fails to prosecute its own. (IDF soldier shoots dead subdued Palestinian terrorist in Hebron, part of Elor Azaria case) If she finds that the IDF does not properly prosecute its own, she can decide to move to a full criminal investigation. Many countries have failed to seriously prosecute their own, especially when politicians and the general public rally around the accused soldier. In the Azaria case, many politicians and the general public rallied behind him. Military Advocate-General Brig.-Gen.Sharon Afek and the Jaffa Military Court have been subjected to heavy pressure and criticism for indicting and convicting Azaria, and yet they did. The conviction of Azaria is the strongest move Israel has made to date which could get the ICC to back off. But will it be enough? The Jerusalem Post has reported in the past that the ICC team probing Israel has closely followed the case. But the case is only one, and the ICC could view it as a sideshow compared to the hundreds of incidents it is probing from the 2014 Gaza war. That said, if the recent UN Security Council Resolution against Israeli settlements was an indecisive but possible major blow to Israel in its defense against any ICC charges relating to the settlement enterprise, the Azaria verdict is a major if"
"profound visual impairment or profound low vision. Less than 20/1000, this is considered near-total visual impairment or near total low vision. Can u go blind overnight? Any damage to your retina, such as a detached retina or artery occlusion, is a possible cause of sudden blindness. A detached retina can cause total loss of vision in the affected eye, or it may only result in partial vision loss, making it seem as if a curtain is blocking part of your vision. How do you know if your eyesight is getting worse? Signs and Symptoms of Possible Vision ProblemsSevere, sudden eye pain.Recurrent pain in or around the eye.Hazy, blurred, or double vision.Seeing flashes of light or sudden bright floating spots.Seeing rainbows or halos around lights.Seeing floating “spider webs”Seeing a “curtain coming down” over one eye.More items… How can I improve my eyesight in 7 days? Top 8 ways to improve vision over 50Eat for your eyes. Eating carrots is good for your vision. … Exercise for your eyes. Since eyes have muscles, they could use some exercises to remain in good shape. … Full body exercise for vision. … Rest for your eyes. … Get enough sleep. … Create eye-friendly surroundings. … Avoid smoking. … Have regular eye exams. Can eyesight suddenly improve? If you have poor eyesight, a sudden improvement could be a warning sign of diabetes, the UK’s Daily Express reports. High blood sugar causes fluid levels in the eyes to change, and these fluctuations can impact eyesight. So if your eyesight suddenly seems to be getting better, you should consult a doctor. How can I stop my eyesight from getting worse? Remedies for Naturally Enhancing VisionEat a balanced and healthy diet rich in antioxidants and vitamin A. … Get enough sleep. … Exercise regularly. … Protect your eyes"
"in defence of the LGBTI community. The trend began with Festus Mogae whose tenure as president of Botswana ended in 2008. While in office Mogae ensured that Botswana became the first sub-Saharan country to introduce free anti-retroviral to end mother-to-child Aids transmissions. After his tenure he joined the Aids Champions and also continues heads the government-supported Aids body, the National Aids Council Agency (NACA). Since leaving office, Mogae has however become very radical. He did so by saying, like he did in October 2011, that it is time to confront issues of gay rights and prostitution to fight HIV/Aids. It was radical because he said this in a country where the majority of population would prefer that homosexuality was not discussed and many choose to hide under the culture and religion banner. Most recently there was a report that former South Africa president Thabo Mbeki also spoke about the Ugandan anti-gay Bill, telling a public audience in Kampala that what two consenting adults do in private “is really not the matter of law.” Junior Molefe , a representative of the organisation, Lesbians Gays and Bisexuals of Botswana (LeGaBiBo) said of Mogae, “I think former president Mogae`s position on the issues of homosexuality came at the right time and as an influential leader it has came to give some people the light/better understanding of homosexuality.” He added, “This will lend a hand in recognizing homosexuals; it may take long time but at the end of each tunnel there is light.” Molefe said that in 2012 LeGaBiBo intends to continue to advocate for the rights of LGBTI and see itself as registered organization. He added, “This year LeGaBiBo will undertake the needs assessment which will guide the advocacy strategy.” Molefe said of Mbeki’s recent comments, “As much as some might say this"
"at home, nursing home and other residential care information and finally end-of-life topics. Provides proven strategies to help caregivers deal with Alzheimer's Disease Drawing on lessons learned during 15 years of empirical clinical treatment intervention, this manual is an invaluable resource for health care providers who work with families caring for and Alzheimer's Disease (AD) patient. Counseling the Alzheimer's Caregiver provides proven strategies to help caregivers deal with the enormous physical and emotional stress of caring for a loved one with AD and significantly improve the level of patient care. This resource outlines, in detail, the symptoms of AD at each stage and the roles of caregiver and counselor from the initial diagnosis to after the patient's death. It teaches health care providers how to create for caregivers individualized intervention plans that cover everything from managing behavioral and psychological symptoms of AD to maintaining their own well-being. The resource also provides information on formal support services for patients living at home, as well as guidance on making the decision to place the patient in a residential facility. More than 80 percent of AD patients receive care from family or other non-formal help 22 pages matching Ted's in this book Results 1-3 of 22 What people are saying - Write a review We haven't found any reviews in the usual places. Other editions - View all ability able activities advance directives aide Alzheimer's Association Alzheimer's disease appropriate assessment aware become behavior called her counselor Caregiver Experiences caregiver's Carol cause changes cognitive comfortable coun counseling session counselor asked Counselors can help decision dementia diagnosis difficult discuss doctor early stage end stage evaluation family caregivers family counseling family members formal friends functioning giver health care proxy help caregivers help the caregiver hoc counseling home health aide hospital husband illness impact impairment issues living"
"leadership is about being the Pig, not the Chicken. Business owners should educate themselves on non-bank capital alternatives, such as high interest rate debt. Most businesses face adversity at some point. Understanding what options are available can be the difference between success and failure. Directors must protect their shareholders’ tangible and intangible assets, regardless of the form of the threat. Directors need to initiate protective actions and provide on-going oversight for cybersecurity. Conflicts between business partners are nearly inevitable. Thankfully, there are a number of ways for parties to negotiate up-front. Precautionary agreements give you space to resolve issues more easily or, at least, provide a picture of what the result will be when resolution is not possible. Even if your business does not have a line of credit—or another type of loan with a bank or other professional lender (e.g. credit unions, non-bank asset based lenders, etc.)—it nonetheless borrows every time it buys on credit, defers payables or pays its employees in arrears. A litigation finance company sues for fraud relating to fraudulent litigation. The Financial Accounting Standards Board (FASB) recently changed revenue recognition standards, introducing many new aspects that accountants need to understand as they advise their clients in 2017. In Episode 91, Chris Cahill and Jeff Pomerantz, President of the American Bankruptcy Institute and member of Pachulski Stang Ziehl & Jones LLP, discuss retail and Chapter 11 bankruptcy. AP can be broken down into two categories – trade payables and expense payables. Trade payables are generally for the purchase of goods that are included in inventory and subsequently sold (liquor and beer). Expense payables include goods or services that are expensed such as supplies, utilities and cleaning services. Episode 89 brings us Albert Periu, co-head of Capital Markets at Funding Circle, which provides secured loans to small"
"in Jacksonville, Florida. His grandfather had immigrated to the United States from Syria, and his father later joined him. He was educated in the Jacksonville public schools and at the Bolles School, where he graduated from high school in 1959. He graduated magna cum laude from the University of Miami in 1963 and received his M.A. (1966) and Ph.D. (1968) from Duke University. A violinist from the age of seven, Alan Jabbour was a member of the Jacksonville Symphony, the Brevard Music Festival Orchestra, the Miami Symphony, and the University of Miami String Quartet. While a graduate student, he became interested in American fiddle styles and traveled in North Carolina, Virginia, and West Virginia to record instrumental folk music, folksong, and folklore on tape. This collection, particularly rich in traditional fiddle tunes from the Upper South, is now in the Archive of Folk Culture at the Library of Congress. The documentation trips merged into a process of apprenticeship, and he began playing the fiddle under the influence of new masters, particularly Henry Reed, who was then in his eighties. Out of this interaction arose a band of young musicians, the Hollow Rock String Band, which became the core of the old-time music scene that blossomed in Durham and Chapel Hill in the later 1960s. In 1968, the year that Henry Reed died, the band released a long-playing record, The Hollow Rock String Band: Traditional Dance Tunes. In 1968 Alan Jabbour became an assistant professor of English and folklore at the University of California, Los Angeles. In 1969 he was appointed head of the Archive of Folk Song (now the Archive of Folk Culture) at the Library of Congress. He edited a long-playing record drawn from earlier recordings in the Archive, which was published in 1971 as American Fiddle Tunes. With"
"westerly of these ridges were found two massive stacks of tamarisk brushwood, at points about 5o and 6o yards to the north-west of the previously mentioned position on the wall, as shown by the plan (Pl. 15). They measured 13 feet square at the basè and still rose to over 7 feet in height. On a second ridge to the east and at about the same distance, we found a somewhat smaller stack of reeds, containing also horse-dung. It occurred to me, as I looked at these stacks, that by setting them on fire, the foreground would be well lit up at night and risks from sudden attack at this point much reduced. But, of course, the possibility of other explanations must be kept in view, e. g. the intention to use them for signal fires. Beyond T. x1.III. 1 the wall could be followed eastwards for half a mile. Then it became completely lost in a wide depression of soft eroded clay covered with closely packed tamarisk-cones. We continued our search over a distance of about three miles beyond the tower without coming upon traces of the wall. Nor had Lai Singh been able to find any when he pushed an independent reconnaissance north-eastwards, to within sight of the Sai marking the foot of the Pei-shan. This and my previous experience of the very deceptive nature of such ground decided me to seek a fresh base to the east from which we might endeavour to locate the continuation of the line of the Limes. Practical considerations as regards water, doubly important now with the advance of the season, and the necessity of husbanding time in our move towards Su-chou and the Etsin-gol, indicated as a suitable place for this purpose the next halting-place with a well on the route"
"to further economic reform, and helping to poison the Lange-Douglas working relationship. Pope argues that this view vastly overstates her role, and her influence on Lange's political views. It also, she says, seriously demeans Lange's undoubted intelligence and political skill. Serious rifts between prime ministers and their finance ministers are relatively common (witness Bob Hawkes and Paul Keating , John Howard and Peter Costello in Australia and Tony Blair and Gordon Brown in Britain) but the Douglas/Lange dispute was particularly bitter, and politically damaging. Lange was easily the sharpest and wittiest politician of the post-Muldoon era, and Pope reminds us just how clever he could be in parliamentary debate. She quotes Lange responding to an attack from Prime Minister Muldoon in the House: ""I wouldn't call the Prime Minister gutless,"" he called across the floor, ""That's all that is left of him."" Douglas was always a poor performer in the House, and on his feet. He preferred working behind the scenes with his Treasury officials, stitching up policy reforms that included the introduction of GST, the abolition of agricultural subsidies, removal of tariffs and the floating of the dollar. But after three years of economic turmoil, Lange began to have doubts about how far Douglas was moving to the right and bringing his neo-liberal economic thinking to bear on social policies. Lange became convinced that Douglas (and his acolyte, Richard Prebble) had to be reined in or else the party they all represented would be destroyed. In the end, the philosophical differences could not be healed, and it took a new generation of politicians to return Labour to the Treasury benches. Douglas left Labour and formed the Act Party, and has only just retired after his second stint in Parliament. Lange spent six years as an opposition backbencher before retiring"
"put safety aside altogether. Let's say we had a really safe antidepressant, or an antidepressant that's as risky as aspirin or Tylenol. Why shouldn't people be allowed to assist themselves and be in charge or their own lives? In a way when you put it like that it's hard to argue. In some sense in America, certainly an argument about autonomy and people making their own choices can end up trumping anything else. Still, people are concerned about making these things freely available. I think there are some rational concerns, and I think they're about the message we send to people about the best ways to deal with their problems. If you take a painkiller, it's hard to ignore the cause of the pain if it's something like toothache or appendicitis because eventually [the condition] is going to get really serious. I guess the worry is that, with antidepressants, you could actually, in the long term, avoid dealing with underlying problems and that we would do a disservice to our citizens if we gave them that option. [By providing antidepressants for sale over the counter,] you're inadvertently promoting a particular path of dealing with these issues an easier and cheaper path so of course people will choose it. How much of a choice is it when you say, ""Well you could spend thousands of dollars getting proper treatment, or you could pay $5 on antidepressants. It's up to you!"" Some people won't [take that path], but a lot of people will. Then you also risk undermining or taking valuable resources away from more intensive treatment that involves therapy or communication. Overall I can sort of see both sides, but, in the end, it's hard for me to go completely with free choice. I think the interesting thing about this thought"
"burden of people, and hopefully deliver to the table the realization of the nice life. Additionally, you will want to debate with college students, What’s technology?” You will then be able to build upon these ideas by taking a look at different kinds of farms and the roles technology performs on every of these farms. Know-how essay topics : Buyer space Toll free #1(954)745-0227; e-mail: password Modern Expertise and Poverty essay. Probably the most sensitive components of technology are the theoretical or conceptual elements and technical elements. Bain proposed definition is still generally utilized by scholars at the moment, particularly those of social scientists. So, to make our world prosperous, we should always use the fashionable know-how within the good methods and find the efficient solutions to the bad consequence. For the plus aspect, we will get the quick ways of communication through fashionable technology, without it every thing will be the similar. At present’s youth is accustomed to know-how: they use mobile telephones to communicate, mp3 gamers to hearken to music, laptops to do their homework and the latest video game consuls for their leisure. Subsequently, I consider that if used appropriately and to a proper extent, modern technology can tremendously enhance the standard of individuals’s lives, however to not the extent of always enhancing it. But there are three positive things: I’ve already read two books and I’ve discovered that the college library is a great place to do research and be with pals. In lots of circumstances, specialists can lead in offering solutions to sure problems that could be affecting the folks. Our brains are beneath the affect of an ever- expanding world of new technology: multichannel tv, video games, MP3 players, the web, wi-fi networks, Bluetooth links – the listing goes on and on. While there"
"to meal planning, nutrient tracking and eating out. So after losing the weight, most people go back to their old eating habits. Unfortunately, the vast majority of people who try fad diets end up gaining the weight back because they haven't really found a new way to live. Thanks for this inputs. 20 years ago I gain 17 pounds a year for 5 years. I was healthy but my dr told me start diet, any diet just come back in a month I want to see you start loosing… I started Atkins and lost 7 pound in a month. She was checking my progress every six months and checking my condition. I lost 64 pounds in 3 years. Now I started eating out of control. I am eating healthy but too much… I gain 40 pound back after 20 years. Now I will start again my Atkins to take off 30 pounds… Dirty keto diet: “Dirty” is the apt term, as these version of keto follows the same strict percentages (75/20/5 of fat/protein/carbs) but rather than focusing on healthy versions of fat like coconut oil and wild salmon, you’re free to eat naughty but still keto friendly foods like bacon, sausage, pork rinds, diet sodas and even keto fast food. I do NOT recommend this. I get many questions about intermittent fasting, the health benefits, the weight loss benefits, and the like. People normally use intermittent fasting for both the energy and mental clarity it can offer. But it’s not just good for that. It can offer breakthroughs of plateaus and even benefits in nutrient uptake in exercise. We go more in depth to intermittent fasting in Week 3 and 4, so keep your eyes peeled! While you’re focusing on fat, protein, and carbs, you should also make sure you’re"
"small pieces, such as a lemon or orange Step 2: Place the citrus pieces in a saucepan and cover with water Step 3: Bring the mixture to a boil for 10-15 minutes Step 4: Allow the mixture to cool after straining it Step 5: Pour the citrus mixture into a spray bottle Step 6: Spray the mixture in the area where you want pigeons to stay away Step 7: Repeat as needed, especially after the rain 11. Ultrasonic Devices Ultrasonic devices produce high-frequency sounds that deter pigeons from landing or roosting on window sills and ledges. These devices generate an unpleasant sound that pigeons dislike and can be powered by batteries or electricity. 12. Window Slides Bird slides are angled surfaces that make perching difficult for pigeons and work by discouraging birds from landing or roosting on the surface. They are typically made of a smooth material, such as plastic or metal, and are intended to be simple to install and maintain. Here are the steps to make bird slopes or bird slides for your windows: Step 1: Measure the length and width of your window sill or ledge to determine the slope size you’ll need to create Step 2: Cut the PVC or metal sheet to the desired size using a utility knife or metal cutting saw Step 3: Mark a straight line across the sheet parallel to one of the shorter sides and use a ruler or straight edge to ensure the line is straight Step 4: Measure the desired slope angle, usually around 45 degrees, and mark the start and end points of the slope Step 5: Connect the start and end points with a straight line to create the slope Step 6: Cut along the slope line with a utility knife or metal cutting saw Step"
"of today’s saint, to be a monk meant to wander into the Syrian desert and never come back, to climb a rocky summit in the Sinai and never descend, to sit cross-legged atop a pillar, to fast to emaciation, or to remain wordless as a hermit in a damp cave in Lebanon. Saint Benedict changed all of this. This revolutionary introduced evolutionary change, a new way for monks to be radically committed to Christ. No more would a monk have to perch like a hawk in its eyrie, alone, gazing over the valley below. When Benedict opened his mouth and called the monk out of his desert, down from his mountain, off of his pillar, and out of his cave, monks answered. Benedict founded Western monasticism, the communities of monks who pray, eat, work, and socialize together in a common chapel, refectory, field, and workshop. Benedictine monks created Europe out of the vacuum of blackness and disorder which enveloped the land after Roman order disintegrated. So many centuries later, the pioneering path that Benedict cut for Western civilization is difficult to appreciate. What was fresh is now ancient. What was revolutionary is now just the way things are. Little is known with certainty of Saint Benedict’s life. No contemporary preserved his essential details, as the great Saint Athanasius did for Saint Anthony of the Desert. Decades after Benedicts’s death, Pope Saint Gregory the Great recorded some precious few anecdotes of the great monk’s life, but the lack of hard facts and historical chronology leave room for speculation. What is known for certain is that he held in his hands what the world had to offer for a few short years and then dropped it like a murder weapon. He would live for Christ and Christ alone. He joined a primitive"
"New Orleans tailor was Henry Galler. He operated Mr. Henry Custom Tailor for many years. Galler had first worked at Rubinstein’s downtown, then went on his own, eventually at his Jackson Avenue location. He and his wife Eva were holocaust survivors and were tireless in educating young people on that subject. The business is now run by Annie Tran. “I used to work for him and I took over the business about fifteen years ago,” she said. Her customers include men and ladies as well. “Everything, even children.” “I can make a $10 garage sale suit look like something James Bond would wear,” Peter Santos proudly announced. Now at Mr. Santos Custom Tailor, Santos learned his trade from his father. “We started out learning how to fit the person with tailor chalk, marking, how to cut, how to hold a scissors, how to work with a thimble and needle – he just taught me how the body works on the clothing, how the customer likes it to feel,” Santos explained. Santos has altered military uniforms, priests’ cassocks, even outfits for pets. And, he does upholstery. One happy customer, Graci Rickerfor, came to him for a plastic cover for a large table. “He did it! A sort of square sleeve to protect the wood,” she said. “And, he made a custom tablecloth, too.” Santos’ family also works in his shop, so the enterprise will continue. “Every August we get men coming for fittings for the Red Dress Run,” Ana Caldcleugh said, describing unusual requests for her mother, Ana Caballero, at her business, Lil’ Dave’s Tailoring. Ms. Caballero, self-taught as a seamstress, had worked for the former owner (known as Lil’ Dave) whose father (Dave) had started the business on South Rampart before moving to Oak Street. Ms. Caballero bought the business"
"This paper presents a model to assess the socioeconomic resilience to natural disasters of an economy, defined as its capacity to mitigate the impact of disaster-related asset losses on welfare, and a tool to help decision makers identify the most promising policy options to reduce welfare losses due to floods. Calibrated with household surveys, the model suggests that welfare losses from the July 2005 floods in Mumbai were almost double the asset losses, because losses were concentrated on poor and vulnerable populations. Applied to river floods in 90 countries, the model provides estimates of country-level socioeconomic resilience. Because floods disproportionally affect poor people, each $1 of global flood asset loss is equivalent to a $1.6 reduction in the affected country’s national income, on average. The model also assesses and ranks policy levers to reduce flood losses in each country. It shows that considering asset losses is insufficient to assess disaster risk management policies. The same reduction in asset losses results in different welfare gains depending on who benefits. And some policies, such as adaptive social protection, do not reduce asset losses, but still reduce welfare losses. Asset and welfare losses can even move in opposite directions: increasing by one percentage point the share of income of the bottom 20 percent in the 90 countries would increase asset losses by 0.6 percent, since more wealth would be at risk. But it would also reduce the impact of income losses on wellbeing, and ultimately reduce welfare losses by 3.4 percent. This working paper is available on SSRN, Urban Research eJournal from the link provided to the right. Social Science Research Network (SSRN) is devoted to the rapid worldwide dissemination of social science research and is composed of a number of specialized research networks in each of the social sciences. - Research Paper"
"as popular archaeological sites in Athens and shopping malls, as well as refugee camps and makeshift areas of worship as there is growing concern that some migrants could become radicalized. In addition, the extra security measures introduced at metro and ISAP electrical rail stations in response to a series of attacks by vandals last week, will be maintained. Officials insisted Tuesday that there is no evidence to suggest a link between the Brussels bombing and Athens. However, they did confirm reports in the British media that an accomplice of Salah Abdeslam, who was arrested last Friday for his part in the Paris attacks last November, had been registered on the southeastern Aegean island of Leros before he continued his journey to Western Europe. Along with other Greek political leaders, Prime Minister Alexis Tsipras, who was informed of the attacks while on the phone with Angela Merkel discussing the refugee crisis, expressed “Greece’s solidarity with the Belgian people” and tweeted that “fear, religious hatred and racism must not beat Europe.” However, Tuesday’s events raised some concern in Athens that it could trigger “conservative reflexes” in several EU countries regarding last week’s deal with Turkey to stem the flow of refugees into Greece. Although, officials said, they do not fear the deal will unravel, the Brussels attacks may possibly lead some countries to unilaterally suspend its implementation. You may be interested Mitsotakis to Bild newspaper: “We will open tourism to countries with similar epidemiological data as Greece”makis - May 26, 2020 The safe comeback of tourism flows in Greece and economic recovery from the coronavirus pandemic were the focal point of… 5 Greek “Caribbean” beaches that are heaven on earthPanos - May 26, 2020 The Caribbean may be famous for its crystal clear waters, but Greece can easily compare with its own"
"Even more jarring for some is the fact that it can manifest without too much warning. Individuals who are concerned about oral cancer can take some steps to fight against it. Express Concerns Early If you have a particular worry about oral cancer, you should let your dentist know right away. Good dentists should keep their eyes open for signs or disease in any case, but it doesn’t hurt to express your specific concern. For example, you might want to know if oral cancer is generic in the event that one of your parents had it. The two of you can discuss this topic together. Watch for Warning Signs Ask your dentist for a list of the warning signs associated with oral cancer. While constantly fretting about oral cancer is not necessarily the best approach for your health either, you can regularly monitor for the signs of it. In the event that you notice something is wrong with your mouth, you can speak to your dentist. Chart the Signs As you are looking for signs of oral cancer in your mouth, you may start to notice some of them. Keeping a clear and detailed list will help when you want to articulate what happened to your dentist. For example, the frequency of some signs may play a significant role in whether they are early warnings or oral cancer or benign issues. While you may feel overwhelmed with stress, staying calm so that you can take notes is a priority. Maintain Regular Dental Visits Once you know what to look for in terms of oral cancer, you might think that you can just skip going to the dentist from now on. However, the dentist can see signs that you cannot. Failure to continue going to the dentist on a regular basis"
"This may sound obvious, but beyond the exchange of information and the validation of career facts are a lot of emotions that intrude themselves into the interview process. For example, a candidate’s natural tendency is to walk into the interview and start selling because the clock is ticking. My suggestion, however, is to hold off the selling and instead, start easy talk. Establish a relationship with the other party, and work on strengthening that relationship until the interviewer stops it when it’s time to move on with the interview. At that point, the interviewer will ask a guided, open-ended question such as, “Tell me about yourself” or “Why are you interested in this job?” because he wants to obtain a point of reference for how the candidate is positioning himself. A candidate who understands the interview process will give a very brief answer to the question and then turn the conversation so that the interviewer starts talking about his problems. After all, this is what the interview is really all about. The candidate should indeed bring up and interject facts from past professional experience to prove a history of dealing with similar issues and being able to resolve them to the satisfaction of customers, bosses, and others. Make sure you provide such facts, because otherwise, whatever you say is no more than anecdotal hearsay or your opinion. This phase is most likely the crux of the interview, since now, the interviewer is analyzing your candidacy for fit, skills, and character. This is when you have to project lots of confidence. This is what you’re selling, and this is what the interviewer wants to buy. If you can follow the foregoing guidelines, you’ll improve your chances to win the competition. The last step before you formally accept an offer involves learning"
"she “refused to have any operation performed,” – claming that “she suffered no inconvenience” from their presence. The woman was obviously content with her body. I do not mean to suggest that intersex patients never chose surgery, but rather when given the choice, adult patients declined far more often than they accepted. There was one notable exception to this: in 1904 a young woman identified only as E.C. approached a New York gynecologist, for an examination. E.C. she had facial hair and a vagina - though the doctor could find no ovaries or uterus - and a clitoris that resembled a penis in size and shape. She claimed that she wanted this structure removed because it was, in her words, “annoying.” The doctor obliged by removing her clitoris and using its skin to expand her vagina. Eight months later, he examined her again, and marveled at her physical recovery and her buoyant mood. This case was controversial for other reasons (mostly having to do with E.C.’s sexual behavior, and I’ve described this in my paper, cited above), but it stands out against both late nineteenth- and twentieth-century medical responses to intersex because E.C. requested surgery of her own volition. Furthermore, her doctor asked her which sex she would prefer to be before performing the surgery. This was no more common in the nineteenth century than it has been in the twentieth, but this example – and the broader historical context in which it sits - provides three striking lessons from which today’s medical practitioners should learn: • first, that many individuals with atypical bodies have lived perfectly happy, fulfilling lives without any need for surgical intervention; • second, that it is possible for adult patients to make decisions about their bodies based upon their lived experience and how they perceive"
"critical to interdicting specific imminent attacks""–really don’t help his case. By not FOIAing this document, though, Cheney makes it clear that he is just trying to get two documents that do prove his case, while leaving the counterarguments buried as still-classified documents. Just like he did, you’ll recall, with the intelligence that disproved the aluminum tubes and uranium acquisition claims he used to drag us into the Iraq War. (He’s consistent, I’ll give him that.) It appears that one of the documents–the July 13, 2004 document–is referenced in detail in the May 30, 2005 Memo. Bradbury writes: Prior to his capture, the CIA considered KSM to be one of al Qaeda’s ""most important operational leaders … based on his close relationship with Usama Bin Laden and his reputation among the al-Qa’ida rank and file."" [reference omitted] After the September 11 attacks, KSM assumed ""the role of operations chief for al-Qa’ida around the world."" CIA Directorate of Intelligence, Khalid Shaykh Muhammed: Preeminent Source on Al-Qa’ida (July 13, 2004) Given the date, I believe this is one of the two documents Cheney is seeking. Bradbury later quotes the document saying, KSM and Abu Zubaydah have been pivotal sources because of their ability and willingness to provide their analysis and speculation about the capabilities, methodologies, and mindsets of terrorists. Such a claim, of course, seems to be contradicted by (and may be a response to) the IG Report’s assertion that lower-level detainees have been critical in developing an understanding of al-Qaeda. CTC frequently uses the information from one detainee, as well as other sources, to vet the information from another detainee. Although lower-level detainees provide less information than the high value detainees, information from these detainees has, on many occasions, supplied the information needed to probe the high value detainees further. … [T]he"
"city need more green in their lives,” says Shirata. Only three per cent of Tokyo is given over to public parks and other green spaces, compared with 38 per cent of London. The decision to open Neo Green in 2007 came when Shirata was forced to stop and reflect on his direction in life. He was a fashion entrepreneur whose businesses were turning over hundreds of millions of yen each year. He had reached a position that most would call success. But Shirata was less certain about what he had really achieved. Life, he felt, was slipping out of his control. “The little company I had started in 1993 with my father’s help had become too big,” he says. “When my father died, I had this yearning to do something new.” Not for the first time, family tragedy had impressed on Shirata the importance of regeneration. He remembered the moment when, as a 12-year-old boy, his grandfather passed away, leaving him the responsibility of caring for his beloved rooftop garden. “I think that was the first time I fell in love with plants,” he says. “Cut flowers are wonderful, but they are normally bought for an occasion and then thrown away. Plants live on.” Shirata is a skilled, self-taught bonsai artist whose lack of formal training allows him to take a fresh view on this tradition-bound art. On the shelves of Neo Green, a 30-year-old miniature zelkova sits alongside palm-sized pines fashioned to look like Christmas trees. Traditionalists would balk at this, but to Shirata such innovations are the bridges that can connect bonsai with younger generations. Ever the tech-savvy entrepreneur, Shirata maintains a database of every customer and what they have purchased. If a plant, separated from his masterful touch, starts to show signs of fading, he can instantly"
"77-year-old Isabel V. Sawhill, a long-time defender of marriage, author on marital topics and past democratic official of President Clinton’s administration. In a change of direction, Ms. Sawhill argues it is “high-time we stop trying to revive marriage and start figuring out what will replace it” to stem the rise of single parenting, which ultimately increases childhood poverty. Sawhill believes that the institution must evolve for the sake of the third of all American children now living in single parent households, who see poverty rates four times higher than those in two-parent families. What are the alternatives to marriage? Sawhill believes that rather than trying to back-peddle to a more traditional view of marriage, it is probably better to accept family diversity and provide better education, jobs, wages and support for single parents to alleviate poverty. According to Sawhill’s speculation, we may be entering a time when couples acknowledge a commitment to one another but reside separately or simply choose to co-habitate long-term in Scandinavia fashion. Or, perhaps, there will be ‘time limits’ to marriage, something along the line of a five year contract up front, rather than signing up for ‘forever’ – which, given the divorce rates, doesn’t always succeed. Although there are no easy solutions to the decline of marriage and its negative impact on kids, Sawhill notes that marriage must evolve one way or another. One sociologist who studies fragile, low-income families, said the fact that Sawhill is saying it’s time to move on from marriage might actually lead to a thaw between warring factions of traditionalists/conservatives and liberals, perhaps leading to a productive dialog. If you or a family member is considering divorce or separation, contact the Law Offices of Schlesinger & Strauss, LLC for help with child custody or support, spousal maintenance, visitation rights and"
"the entire global economy. The effect is stark and likely to get worse rather than better. Pre-war year-on-year inflation expectations for the 38 OECD members were 4.4%. It’s now double that, at 8.8%. The United States, which is struggling with an inflation rate of 8.3%, is actually doing better than many other countries. Eastern European countries close to the war zone, such as Poland, Latvia and Estonia, are on the right track for double-digit inflation. UK inflation forecast is 8.8%. in Turkey, Already suffering from monetary policy slipsInflation has risen from 24% before the war to 72% now. War in a country causes economic pain almost everywhere for a number of reasons. The United States and many countries in Europe and elsewhere have imposed severe sanctions on the Russian economy, to punish Russia for its brutality, which is causing great collateral damage. Russia is the world’s largest oil and gas producer, and while Russia continues to export energy, sanctions have slashed Russian sales, leaving supplies short as the global economy recovers from the Covid pandemic, boosting energy demand. “We were really into a tightening market last year,” says Raoul LeBlanc, vice president of energy practice at S&P Global. “The COVID pandemic has used up a lot of capacity and the recovery has happened quickly. It’s hard to restart the system, and at the same time people want to get back on planes and drive for vacations.” Oil markets could get tighter, driving up prices. Europe plans to phase out 90% of its purchases of Russian oil by the end of the year, switching to different suppliers or other types of energy. Russia will be able to sell some of this product, at a discount, to other buyers, such as China and India. But Standard & Poor’s Global estimates that Russia’s"
"of action of bioactive compounds present in foods, the metabolic profile and its impact in the personal susceptibility to develop cancer or to respond to specific treatments, as well as the development of personalized nutritional strategies for specific conditions, will result in highly effective products and strategies for an integrative precision approach for cancer patients. Dr. Ana Ramírez de Molina Deputy Director, Director of the Precision Nutrition Program and Group leader of the Molecular Oncology Group. Dr. Ana Ramírez de Molina has developed her scientific career in the field of lipid metabolism, molecular oncology, nutrition and cancer. She has worked as an associated researcher in the Traslational Oncology Unit CSIC-UAM-La Paz Hospital (Madrid), and has performed long postdoctoral stays at Cancer Research UK Centre for Therapeutics (London) and the Molecular Pathology Division of the Sloan Kettering Cancer Center (New York). She has published more than 60 scientific articles in her research field, is co-inventor of 6 patents in different phases of exploitation by a biotechnology company and has supervised 6 PhD Thesis. Several of her patents promoted the creation of a spin-off company from CSIC focused on the development of new tumour markers and therapies in Cancer in which she was former Director of Research, Development and Innovation for more than 3 years. She joined IMDEA Food Institute in 2010, where she leads the Programe of Precision Nutrition and Cancer. From 2011 she has been the Coordinator of Research, Development and Transfer, and in 2014 was promoted to Deputy Director of the Institute. In 2002 she was awarded with the prize Young Researchers MSD, in 2003 the extraordinary doctorate recognition as the best Thesis of her promotion in Molecular Biology, and in 2016 the 8th March distinction from the Community of Madrid as an outstanding woman in Science. Phone: +34"
"world that “The world is likely to experience the warmest year on record in 2007, the UK’s Met Office says.” The global surface temperature is projected to be 0.54C (0.97F) above the long-term average of 14C (57F), beating the current record of 0.52C (0.94F), which was set in 1998. The annual projection was compiled by the UK Met Office’s Hadley Centre, in conjunction with the University of East Anglia. Such ‘a fuss about what a hot year it is’… (even though it hadn’t happened yet). We have actually run this forecast three times, updating it every month… and it is completely stable.” But didn’t the Hadley Centre’s own Peter Stott just tell us that we ought to be looking at long-term trends? And yet, a forecast of a short term trend is considered newsworthy. Double standards are rife in climate science activism. The Hadley Centre has been issuing the annual forecast for the past seven years and says it has just a 0.06C margin of error. Eight months later, and the Met Office’s confident prediction was shown to be utter bunk. Temperatures were falling. They revised their predictions, saying that they had created a new, more powerful computer model for predicting the future. Powerful computer simulations used to create the world’s first global warming forecast suggests temperature rises will stall in the next two years, before rising sharply at the end of the decade. But as we suggested earlier in the year, the incautious statements issued by Met Office scientists looked less like the work of scientific enquiry, and more like post-hoc speculation about which way the weather would turn. In January 2007, the Met Office backed the wrong horse – El Niño. When La Niña emerged as the favourite, they changed their bets. This wasn’t sophisticated computer modelling. This"
"as a 2010 model, the HS 250h was the first ""dedicated"" Lexus hybrid, meaning one that had unique styling not shared with a conventional gasoline model. (The Toyota Prius is another example of a dedicated hybrid; there's no gasoline Prius either.) But the hybrid HS was awkwardly styled, with slab sides and lengthy overhangs. While it carried the more powerful 2.5-liter engine and powertrain from the Camry Hybrid, it also weighed 700 pounds more than a Prius--so managed only a 35-mpg EPA combined gas mileage rating, significantly less than the 50-mpg Prius. More than that, the Lexus HS just wasn't very pleasant to drive. It felt slow and heavy, and although it was quiet inside under most circumstances, the engine howled under full acceleration--not what you wanted to hear in a mid-size luxury sedan starting at about $37,000. Sales of the HS 250h never came close to Lexus targets its first year, and have fallen dramatically since then. Though it's leaving the U.S., it will remain on sale in other markets. 2012 Lexus RX 450h This last one is a judgment call. The Lexus RX luxury crossover is by far the most popular model from Toyota's luxury make, comprising almost half of all Lexus sales in the U.S. last year. The hybrid RX 450h model is often found in wealthy, progressive neighborhoods where its quiet, comfortable ride, the luxury appointments and features, and the subtle ""Hybrid Synergy Drive"" badge add up to discreet green-tinged luxury. The problem is that quite a few RX hybrid owners report that they just don't get close to the combined EPA gas-mileage rating of 29 mpg. We recently tested a brand-new 2013 Lexus RX 450h crossover--with a breathtaking, options-heavy sticker price of $58,060--and, indeed, got just 26.8 mpg over a 750-mile test drive. The bulk"
"tax reform, the Buffett rule–that the secretary should pay the same tax rate as the boss–is totally insufficient. We should be debating whether to go back to the Eisenhower tax rates of 91 percent, the Nixon tax rate of 70 percent or the Reagan tax rate of 50 percent for the top income earners–not whether secretaries and CEOs should be taxed at the same rate! Notice that he refers to the “Nixon tax rate of 70 percent.” He seems blissfully unaware that this was President Kennedy’s innovation. Like most of the Left, he has selective Alzheimer’s. Here is summary of the three great tax cuts in twentieth-century America. The Harding-Coolidge tax rate reductions brought the top income tax rate down in stages from the wartime high of 73 percent in 1921 to 25 percent in 1925. This was a very large and unprecedented reduction in rates on the wealthy. Coolidge confidently predicted that his plan “would actually yield more revenues to the government if the basis of taxation were revised downward.”He was right. Between 1923 and 1928 real tax collections nearly doubled as the economy surged. The rest of the world languished as most other nations kept their World War I tax regime in place. As America’s tax rates were chopped by almost two-thirds, the share of taxes paid by those earning over $50,000 (the rich back then), rose from 44 percent in 1921 when the rate was 73 percent to 78 percent in 1925 when their rate was 25 percent. No tax increase in world history ever pried that much tax out of the wealthy. John F. Kennedy’s tax cuts had the same salutary effects. “It is a paradoxical truth,” Kennedy proclaimed in the 1962 commencement address at Yale to try to sell his tax cut program, “that tax"
"their market place to commemorate the valor of their countrymen who died in the Persian Wars. For the valor of the Megarians at Artemisium and Salamis see Herodotus 8.1,45. At Plataea, however, the Megarian and Phliasian foot were routed by the Theban cavalry (Hdt. 9.69). Pausanias remarks on the graves of these heroes within the city but this memorial is probably a cenotaph for warriors buried on the battlefield (Frazer 1013,2: 533-534). Pausanias is the only authority for the altar of Helios Eleutherios at Troezen. He suggests that the Troezenians set it up for their deliverance from the invasion of Xerxes (cf. no. 33) and he probably bases his suggestion (eikoti logo) on the epithet Eleutherios. Pausanias speaks of a special stoa in the agora of Troezen, in which there were statues of women and children. The statues were designated, possibly by an inscription, as those of the Athenians whom the Troezenians sheltered during the invasion of Xerxes (cf. Hdt. 8.41). They commemorate the significant contribution Troezen made to the defense of Attica. Pausanias’ phraseology (eklipein sphisin aresan ten polin) may be a modification of the official language of the Themistocles decree (edoksen . . . ta tekna kai tas gunaikas eis Troizena katathesai). See Jameson 1960:198-223 and 1962 (cf. Doubtful Monuments, no. 1). A cult of the winds was practiced at Thyia before the Persian Wars. The establishment of an altar there by the Delphians was probably an attempt to give Panhellenic significance to worship of the winds (Macan 1907,1: 265 and How and Wells 1912,2: 209). Thyia was the mother of Delphus by Apollo according to local legend (cf. Paus. 10.6.4; Preisendanz 1936); her name, meaning “stormy” (thuellai), suggests that she was associated with the winds. Pausanias here mentions two statues of Apollo at Delphi, one dedicated by"
"the most out of your workouts. By using you can ensure that your runs are both challenging and effective. is an effective workout that helps improve endurance and cardiovascular fitness. The workouts are designed to help you achieve your fitness goals quickly and easily. This program also offers a variety of different exercises that will help you target different areas of your body. The workouts offer a high degree of resistance and intensity, which helps to burn calories quickly. Additionally, the program ensures that all exercises are properly supervised so that you receive expert guidance and support throughout your workout. By using , you can achieve better results in less time than traditional running programs. Additionally, these workouts are fun and challenging, which makes them enjoyable to complete. If you want to enjoy running while achieving great results, then the is the perfect option for you! How does Jane 100m seriesburnstechcrunch work? Jane is a new technology that helps you lose weight and tone your body. Jane uses a training technique called “burning” that helps you to burn calories and fat. This process causes your body to use energy to create heat, which burns the calories stored in your body. How does work? The machine uses infrared technology to help you burn more calories. The infrared lights break down the food particles, releasing energy that is then used to heat up the muscles. This process causes the muscles to work harder and burn more calories. Where to buy Jane 100m seriesburnstechcrunch? Choosing the right product can be confusing, especially if you’re not familiar with all of the different types and features available. Here are some places you can buy : Online: Many people purchase online because there are many convenient features and options available. You can compare prices and reviews"
"the parent plant in leaf, flower, growth etc. Cuttings Parts of a plant that are taken from it to be used for vegetative propagation are called cuttings. With hibiscus, parts of the stem are taken, and classified according to the type of wood as tip cuttings, medium wood cuttings and ... cheaply, and fuchsias definitely fall into that category. There are plenty of fuchsia books and web sites telling you how to take cuttings and the basic method shown on this page is the way I take cuttings, as do many other fuchsia growers. Rooting Plant Cuttings: Now that it's spring, it's time to propagate plants. A cheap and fun way to expand your garden! ... Step 7: Dip Cutting in Rooting Hormone. ... It will make some plants grow two more stems out of the spot where it was pinched and very soon the plant is fuller. People pick flowers off of public plants anyway. They stick ... The first thing you should do in order to grow blue roses is to obtain this genetically modified flower, which you can find in garden centers, florists or online. It doesn't matter from where you obtain these flowers, as long as they are healthy; only then will they be able to grow in your home garden. Cuttings. Many types of plants, both woody and herbaceous, are frequently propagated by cuttings. A cutting is a vegetative plant part which is severed from the parent plant in order to regenerate itself, thereby forming a whole new plant. Take cuttings with a sharp blade to reduce injury to the parent plant. · Remove the cuttings from the mother plant when the shoots are fully turgid, that is, in the morning, before the temperature warms up. Take 2-4in-long, non-flowering shoots (if … · Learn how"
"forward & long term, planetary impact incumbent upon fabrication and implementation of the machine for sucking all usable wind off the face of the earth. What about the climate change implications of such a wind harvesting machine? Since they are renewable energy source. When we chop them down do they grow back? If they can chop tornadoes down to feed the electric grid, it’s pretty sure there will be more where they came from. I suppose the mandated part will come to Washington. On a recent bill we had the “option” of having at least 10% or somesuch of our electricity be provided by wind power if we wanted to. At an additional cost of $6 a month or something. It was a good learning experience for my kids. Pay extra to “feel good about yourself”. (They all agreed it wasn’t worth it!) And how are they going to make sure OUR house has %10 windpower while the neighbor doesn’t if he didn’t pay the extra. And, hey Kids - most of our electicity here in Washington is ALREADY from renewable energy - hydroelectric! (Idiots!) And just last week I took a scenic backroad through the mountains that I hadn’t been on in awhile. It’s all ugly, gigantic windmills now. :( Actually, on their own the windmills are quite the engineering marvel! It’s just when they cover the landscape and for no real purpose that makes them ugly. It's good that you voted against that, but enough morons will vote for it that you will be stuck with it. In Virginia, there is no wind so we get hit with solar instead (which costs at least double the normal power). But instead of allowing voting on the electric bill, the solar scam artists forced the town near me to buy"
